master_record_number,agency,agency_tracking_number,county,city,collision_date,vehicles_involved,number_injured,number_dead,latitude,longitude,roadway_name,roadway_suffix,roadway_number,roadway_local_id,distance_from_reference,miles-feet_indicator,direction_from_reference,intersection_road_name,intersection_road_name_suffix,intersection_road_number,intersection_local_id,mile_marker,intersection_indicator,intersect_type,interchange_related_indicator,relation_to_junction,work_zone_type,construction_maintenance_zone,construction_maintenance_zone_location,fatal_case_number,officer_first_name,officer_last_name,weather_condition(s),manner_of_crash,pedestrian,bicycle,scooter,parking,hitrun,mou
102265009,METROPOLITAN NASHVILLE POLICE DEPT,20190006445,Davidson,Nashville,1/3/2019 11:03:00 AM,2,0,0,36.091060,-86.825400,HARDING PL,,,,20.00,Feet,West,TWINMONT CT,,,,0.00,N,Not at Intersection,N,Non-Junction,None,,,         ,Jon,Mcvey,Cloudy,Front to Rear,no,no,no,no,no,False
102265028,METROPOLITAN NASHVILLE POLICE DEPT,20190006370,Davidson,Nashville,1/3/2019 10:37:00 AM,2,1,0,36.081050,-86.696840,I 24,,,,0.00,,,,,,,56.10,N,Not at Intersection,N,Non-Junction,None,,,         ,Jessie,Meadows,Clear,"Sideswipe, Same Direction",no,no,no,no,no,False
102265029,METROPOLITAN NASHVILLE POLICE DEPT,20190006580,Davidson,Nashville,1/3/2019 12:11:00 PM,2,0,0,36.142200,-86.666600,I40 W EXT RAMP,,,,0.00,,,I 40,,,,0.00,Y,Four-Way, ,Entrance/Exit Ramp Related,None,,,         ,Tien,Nguyen,Cloudy,Front to Rear,no,no,no,no,no,False
102265053,METROPOLITAN NASHVILLE POLICE DEPT,20190006592,Davidson,Nashville,1/3/2019 12:00:00 PM,2,0,0,36.139140,-86.828980,WESTBROOK AV,,,,262.00,Feet,East,CRAIGHEAD AV,,,,0.00,N,Not at Intersection, ,Non-Junction,None,,,         ,Curtis,Rich,Cloudy,"Sideswipe, Same Direction",no,no,no,no,yes,False
102265069,METROPOLITAN NASHVILLE POLICE DEPT,20190006546,Davidson,Nashville,1/3/2019 11:58:00 AM,2,0,0,36.158520,-86.782960,BROADWAY,,,,50.00,Feet,West,9TH AVN,,,,0.00,N,Not at Intersection, ,,None,,,         ,Michael,Schlegel,,,no,no,no,no,no,False
102265083,BERRY HILL POLICE DEPT,19-0030,Davidson,Berry Hill,1/2/2019 7:20:00 PM,2,0,0,36.126560,-86.777210,FRANKLIN PKE,,,,140.00,Feet,North,CRAIGHEAD ST,,,,0.00,N,Not at Intersection, ,Non-Junction,None,,,         ,John,Gleixner,Rain,Front to Rear,no,no,no,no,no,False
102265091,METROPOLITAN NASHVILLE POLICE DEPT,2019-0001123,Davidson,Nashville,1/1/2019 1:04:00 PM,2,1,0,36.178410,-86.774420,N 1ST ST,,,,162.00,Feet,South,I24 E EXT RAMP,,,,0.00,N,Not at Intersection,N,Non-Junction,None,,,         ,Cory,West,Clear,Angle,no,no,no,no,no,False
102265169,METROPOLITAN NASHVILLE POLICE DEPT,20190003291,Davidson,Nashville,1/2/2019 9:48:00 AM,2,1,0,36.173270,-86.791400,ROSA L PARKS BLVD,,,,0.00,,,JEFFERSON ST,,,,0.00,Y,Four-Way,Y,Intersection,None,,,         ,Cory,West,Clear,Angle,no,no,no,no,no,False
102265213,METROPOLITAN NASHVILLE POLICE DEPT,20190006744,Davidson,Nashville,1/3/2019 1:16:00 PM,1,1,0,36.122950,-86.717470,EAST THOMPSON LN,,,,229.00,Feet,North,LAWNDALE DR,,,,0.00,N,Not at Intersection,N,Non-Junction,None,,,         ,Jessie,Meadows,Cloudy,Not Collision with Motor Vehicle in Transport,no,no,no,no,no,False
102265219,METROPOLITAN NASHVILLE POLICE DEPT,20190006833,Davidson,Nashville,1/3/2019 2:00:00 PM,2,0,0,36.138920,-86.665730,DONELSON PKE,,,,36.00,Feet,South,I40 E ENT RAMP,,,,0.00,N,Not at Intersection, ,Non-Junction,None,,,         ,Tien,Nguyen,Cloudy,"Sideswipe, Same Direction",no,no,no,no,no,False
102265234,METROPOLITAN NASHVILLE POLICE DEPT,20190006753,Davidson,Nashville,1/3/2019 1:20:00 PM,2,2,0,36.030180,-86.638350,I 24,,,,0.00,,,,,,,61.00,N,Not at Intersection,N,Non-Junction,None,,,         ,Steven,Williams,Cloudy,Angle,no,no,no,no,no,False
102265246,METROPOLITAN NASHVILLE POLICE DEPT,20190006874,Davidson,Nashville,1/3/2019 2:11:00 PM,2,0,0,36.146720,-86.743760,FESSLERS LN,,,,0.00,,,RUNDLE AV,,,,0.00,Y,T-Intersection, ,,None,,,         ,Michael,Dance,,,no,no,no,no,no,False
102265250,METROPOLITAN NASHVILLE POLICE DEPT,20190006773,Davidson,Nashville,1/3/2019 1:23:00 PM,2,0,0,36.028170,-86.635730,I 24,,,,0.00,,,,,,,61.20,N,Not at Intersection, ,,None,,,         ,Amy,Hirschmann,,,no,no,no,no,no,False
102265251,METROPOLITAN NASHVILLE POLICE DEPT,20190006750,Davidson,Nashville,1/3/2019 1:10:00 PM,2,0,0,36.195010,-86.767310,MERIDIAN ST,,,,13.00,Feet,South,EASTMORELAND ST,,,,0.00,N,Not at Intersection,N,Non-Junction,None,,,         ,Erik,Nash,Clear,Other,no,no,no,no,no,False
102265252,METROPOLITAN NASHVILLE POLICE DEPT,20190006821,Davidson,Nashville,1/3/2019 1:50:00 PM,1,0,0,36.234430,-86.803840,BRILEY PKWYW,,,,98.00,Feet,West,KNIGHT DR,,,,0.00,N,Not at Intersection,N,Non-Junction,None,,,         ,Zachary,Goodall,Cloudy,Not Collision with Motor Vehicle in Transport,no,no,no,no,yes,False
102265257,METROPOLITAN NASHVILLE POLICE DEPT,20190006462,Davidson,Goodlettsville,1/3/2019 11:22:00 AM,1,0,0,36.293140,-86.702350,RIVERGATE STATION PVTDR,,,,0.00,,,GALLATIN PKEN,,,,0.00,Y,Four-Way,N,Intersection-Related,None,,,         ,Blake,McKay,Cloudy,Not Collision with Motor Vehicle in Transport,no,no,no,no,no,False
102265325,METROPOLITAN NASHVILLE POLICE DEPT,20190006817,Davidson,Nashville,1/3/2019 2:00:00 PM,2,0,0,36.025790,-86.633100,I 24,,,,0.00,,,,,,,61.40,N,Not at Intersection, ,Entrance/Exit Ramp Related,None,,,         ,Jeremy,Spears,Clear,Front to Rear,no,no,no,no,no,False
102265344,METROPOLITAN NASHVILLE POLICE DEPT,20190006912,Davidson,Not in City Limit,1/3/2019 2:13:00 PM,2,0,0,36.262210,-86.712210,GALLATIN PKES,,,,0.00,,,E OLD HICKORY BLVD,,,,0.00,Y,Four-Way, ,Intersection,None,,,         ,Christopher,Littles,Cloudy,"Sideswipe, Same Direction",no,no,no,no,no,False
102265345,METROPOLITAN NASHVILLE POLICE DEPT,20190006730,Davidson,Nashville,1/3/2019 12:00:00 PM,1,0,0,36.255850,-86.704300,FOREST PARK RD,,,,155.00,Feet,North,NEELYS BEND RD,,,,0.00,N,Not at Intersection, ,Non-Junction,None,,,         ,Christopher,Littles,Cloudy,Not Collision with Motor Vehicle in Transport,no,no,no,no,no,False
102265347,METROPOLITAN NASHVILLE POLICE DEPT,20190006954,Davidson,Nashville,1/3/2019 2:49:00 PM,2,1,0,36.157380,-86.792700,15TH AVN,,,,0.00,,,CHURCH ST,,,,0.00,Y,Four-Way,Y,Intersection,None,,,         ,Gary,Peters,Cloudy,Angle,no,no,no,no,yes,False
102265353,METROPOLITAN NASHVILLE POLICE DEPT,20190007090,Davidson,Nashville,1/3/2019 3:50:00 PM,2,0,0,36.173590,-86.602150,OLD HICKORY BLVD,,,,0.00,Feet,West,CENTRAL PKE,,,,0.00,N,Not at Intersection,N,Non-Junction,None,,,         ,Tyler,Hall,Clear,Front to Rear,no,no,no,no,yes,False
102265354,METROPOLITAN NASHVILLE POLICE DEPT,20190006990,Davidson,Nashville,1/3/2019 1:30:00 PM,1,0,0,36.028410,-86.590540,MURFREESBORO PKE,,,,27.00,Feet,North,LAVERGNE COUCHVILLE PKE,,,,0.00,N,Not at Intersection, ,Non-Junction,None,,,         ,Arend,Groeneweg,Clear,Not Collision with Motor Vehicle in Transport,no,no,no,no,no,False
102265360,METROPOLITAN NASHVILLE POLICE DEPT,20190006992,Davidson,Nashville,1/3/2019 3:19:00 PM,2,2,0,36.045620,-86.719900,OLD HICKORY BLVD,,,,39.00,Feet,West,ZERMATT AV,,,,0.00,N,Not at Intersection,Y,Unknown,None,,,         ,Citlaly,Juarez,Clear,Front to Rear,no,no,no,no,no,False
102265378,METROPOLITAN NASHVILLE POLICE DEPT,20190006962,Davidson,Nashville,1/3/2019 3:10:00 PM,2,1,0,36.081550,-86.758320,TROUSDALE DR,,,,163.00,Feet,North,HARDING PL,,,,0.00,N,Not at Intersection,N,Non-Junction,None,,,         ,FELIKS,ABRAHAMYAN,Clear,Front to Rear,no,no,no,no,no,False
102265404,METROPOLITAN NASHVILLE POLICE DEPT,20190007030,Davidson,Antioch,1/3/2019 1:50:00 PM,2,0,0,35.997040,-86.690130,NOLENSVILLE PKE,,,,94.00,Feet,West,CONCORD RD,,,,0.00,N,Not at Intersection, ,Non-Junction,None,,,         ,Nathaniel,Myers,Cloudy,Angle,no,no,no,no,no,False
102265405,METROPOLITAN NASHVILLE POLICE DEPT,20190007097,Davidson,Antioch,1/3/2019 5:00:00 AM,2,0,0,36.015630,-86.691970,KIRKFIELD DR,,,,305.00,Feet,East,TARMAC WAY,,,,0.00,N,Not at Intersection,N,Non-Junction,None,,,         ,Nathaniel,Myers,Cloudy,"Sideswipe, Same Direction",no,no,no,no,yes,False
102265410,METROPOLITAN NASHVILLE POLICE DEPT,20190007235,Davidson,Nashville,1/3/2019 4:45:00 PM,2,0,0,36.210920,-86.733110,GREENFIELD AV,,,,0.00,,,GALLATIN PKE,,,,0.00,Y,T-Intersection, ,Non-Junction,None,,,         ,Joseph,Maeser,Clear,Front to Rear,no,no,no,no,no,False
102265413,METROPOLITAN NASHVILLE POLICE DEPT,20190006931,Davidson,Nashville,1/3/2019 2:29:00 PM,2,0,0,36.044650,-86.780440,I 65,,,,0.00,,,,,,,75.00,N,Not at Intersection,N,Non-Junction,None,,,         ,FELIKS,ABRAHAMYAN,Clear,Front to Rear,no,no,no,no,yes,False
102265424,METROPOLITAN NASHVILLE POLICE DEPT,20190007267,Davidson,Nashville,1/3/2019 4:54:00 PM,2,0,0,36.081970,-86.712670,HARDING PL,,,,313.00,Feet,East,WHISPERING OAKS PL,,,,0.00,N,Not at Intersection, ,Non-Junction,None,,,         ,Taylor,Hurley,Cloudy,Front to Rear,no,no,no,no,no,False
102265425,METROPOLITAN NASHVILLE POLICE DEPT,20190007033,Davidson,Nashville,1/3/2019 3:30:00 PM,2,1,0,36.200010,-86.825280,BUENA VISTA PKE,,,,372.00,Feet,East,MATTIE ST,,,,0.00,N,Not at Intersection,N,Non-Junction,None,,,         ,Gardiner,Bradley,Clear,Angle,no,no,no,no,no,False
102265444,METROPOLITAN NASHVILLE POLICE DEPT,20190007355,Davidson,Nashville,1/3/2019 4:49:00 PM,2,0,0,36.151160,-86.750620,I 40,,,,0.00,,,,,,,211.55,N,Not at Intersection,N,Non-Junction,None,,,         ,Barrett,Teague,Clear,"Sideswipe, Same Direction",no,no,no,no,yes,False
102265450,METROPOLITAN NASHVILLE POLICE DEPT,20190007397,Davidson,Nashville,1/3/2019 5:59:00 PM,2,0,0,36.253140,-86.739250,I 65,,,,0.00,,,,,,,91.45,N,Not at Intersection, ,,None,,,         ,Christopher,Littles,,,no,no,no,no,no,False
102265451,METROPOLITAN NASHVILLE POLICE DEPT,20190007260,Davidson,Nashville,1/3/2019 4:45:00 PM,2,0,0,36.045450,-86.703970,OLD HICKORY BLVD,,,,107.00,Feet,West,EULALA DR,,,,0.00,N,Not at Intersection,N,Non-Junction,None,,,         ,Laura,Williams,Clear,Front to Rear,no,no,no,no,no,False
102265465,METROPOLITAN NASHVILLE POLICE DEPT,20190007438,Davidson,Nashville,1/3/2019 6:13:00 PM,2,0,0,36.155650,-86.789720,14TH AVS,,,,0.00,,,BROADWAY,,,,0.00,Y,Four-Way, ,Non-Junction,None,,,         ,Eric,Burford,Clear,"Sideswipe, Same Direction",no,no,no,no,no,False
102265473,METROPOLITAN NASHVILLE POLICE DEPT,20190007473,Davidson,Nashville,1/3/2019 6:20:00 PM,2,0,0,36.100990,-86.660240,OLD MURFREESBORO PKE,,,,2080.00,Feet,East,FAIRCLOTH LN,,,,0.00,N,Not at Intersection, ,Non-Junction,None,,,         ,Seth,Vaughn,Clear,Front to Rear,no,no,no,no,no,False
102265478,METROPOLITAN NASHVILLE POLICE DEPT,20180007339,Davidson,Nashville,1/3/2019 5:51:00 PM,2,1,0,36.169360,-86.774630,JAMES ROBERTSON PKWY,,,,611.00,Feet,West,MAIN ST,,,,0.00,N,Not at Intersection, ,Non-Junction,None,,,         ,Brandon,O'Guin,Clear,Front to Rear,no,no,no,no,no,False
102265479,VANDERBILT UNIVERSITY POLICE,20190006965,Davidson,Nashville,1/3/2019 2:50:00 PM,2,0,0,36.151040,-86.811200,CENTENNIAL PARK PVTDR,,,,0.00,,,PATTERSON ST,,,,0.00,Y,T-Intersection, ,Intersection,None,,,         ,William,West,Clear,Angle,no,no,no,no,no,False
102265480,METROPOLITAN NASHVILLE POLICE DEPT,20190007433,Davidson,Nashville,1/3/2019 5:00:00 PM,2,0,0,36.079600,-86.726320,NOLENSVILLE PKE,,,,0.00,,,HARDING PL,,,,0.00,Y,Four-Way, ,Intersection,None,,,         ,Taylor,Hurley,Cloudy,Angle,no,no,no,no,no,False
102265487,METROPOLITAN NASHVILLE POLICE DEPT,20190007442,Davidson,Nashville,1/3/2019 6:15:00 PM,2,0,0,36.152590,-86.683530,MCGAVOCK PKE,,,,89.00,Feet,South,ELM HILL PKE,,,,0.00,N,Not at Intersection, ,,None,,,         ,Allyson,Reis,,,no,no,no,no,no,False
102265503,METROPOLITAN NASHVILLE POLICE DEPT,20190006922,Davidson,Nashville,1/3/2019 2:54:00 PM,2,1,0,36.041950,-86.712900,NOLENSVILLE PKE,,,,167.00,Feet,South,MILL CREEK WHITTLEMORE GRNWY,,,,0.00,N,Not at Intersection,N,Non-Junction,None,,,         ,Andrew,Brazee,Cloudy,Front to Rear,no,no,no,no,no,False
102265504,METROPOLITAN NASHVILLE POLICE DEPT,20190007241,Davidson,Nashville,1/3/2019 4:41:00 PM,2,0,0,36.124050,-86.744590,I 440,,,,0.00,,,,,,,6.60,N,Not at Intersection, ,Non-Junction,None,,,         ,Andrew,Brazee,Cloudy,Front to Rear,no,no,no,no,no,False
102265506,METROPOLITAN NASHVILLE POLICE DEPT,20190007474,Davidson,Nashville,1/3/2019 5:49:00 PM,2,0,0,36.180020,-86.809510,BUCHANAN ST,,,,0.00,,,16TH AVN,,,,0.00,Y,T-Intersection, ,Intersection-Related,None,,,         ,Russell,Jones,Cloudy,Front to Rear,no,no,no,no,yes,False
102265517,METROPOLITAN NASHVILLE POLICE DEPT,20190007316,Davidson,Nashville,1/3/2019 5:17:00 PM,2,0,0,36.164230,-86.777730,CHURCH ST,,,,0.00,,,3RD AVN,,,,0.00,Y,Four-Way,N,Intersection,None,,,         ,Michael,Douglas,Cloudy,HeadOn,no,no,no,no,no,False
102265519,Nashville Airport Police,19-00056,Davidson,Nashville,1/3/2019 12:00:00 AM,2,0,0,36.108080,-86.672050,DONELSON PKE,,,,743.00,Feet,North,MURFREESBORO PKE,,,,0.00,N,Not at Intersection, ,Non-Junction,None,,,         ,Nathan,Holt,Clear,"Sideswipe, Same Direction",no,no,no,no,no,False
102265555,METROPOLITAN NASHVILLE POLICE DEPT,20190007634,Davidson,Nashville,1/3/2019 7:40:00 PM,2,0,0,36.075910,-86.639990,MURFREESBORO PKE,,,,624.00,Feet,South,LAKEVILLA DR,,,,0.00,N,Not at Intersection,N,Non-Junction,None,,,         ,Andrew,Brazee,Cloudy,"Sideswipe, Same Direction",no,no,no,no,yes,False
102265557,METROPOLITAN NASHVILLE POLICE DEPT,20190007354,Davidson,Nashville,1/3/2019 5:37:00 PM,3,0,0,36.116020,-86.789620,I 440,,,,0.00,,,,,,,4.00,N,Not at Intersection,N,Non-Junction,None,,,         ,FELIKS,ABRAHAMYAN,Clear,Front to Rear,no,no,no,no,no,False
102265577,METROPOLITAN NASHVILLE POLICE DEPT,20190007641,Davidson,Nashville,1/3/2019 7:57:00 PM,2,0,0,36.148110,-86.744990,I 40,,,,0.00,,,,,,,211.95,N,Not at Intersection,N,Non-Junction,None,,,         ,Samuel,Sundra,Clear,Front to Rear,no,no,no,no,no,False
102265594,METROPOLITAN NASHVILLE POLICE DEPT,20190007402,Davidson,Nashville,1/3/2019 5:55:00 PM,1,1,0,36.158290,-86.771890,HERMITAGE AV,,,,0.00,,,KOREAN VETERANS BLVD,,,,0.00,Y,Four-Way,N,Intersection,None,,,         ,Timothy,Mead,Clear,Not Collision with Motor Vehicle in Transport,yes,no,no,no,no,False
102265598,METROPOLITAN NASHVILLE POLICE DEPT,20190001104,Davidson,Nashville,1/1/2019 12:50:00 PM,1,4,1,36.043170,-86.646840,CROSSINGS BLVD,,,,452.00,Feet,South,CROSSINGS PL,,,,0.00,N,Not at Intersection,N,Non-Junction,None,,,19-0003  ,Christopher,Augustin,Cloudy,Not Collision with Motor Vehicle in Transport,no,no,no,no,no,False
102265599,METROPOLITAN NASHVILLE POLICE DEPT,20190007595,Davidson,Nashville,1/3/2019 7:40:00 PM,2,1,0,36.030250,-86.612610,LOGISTICS WAY,,,,0.00,Feet,West,OLD HICKORY BLVD,,,,0.00,N,Not at Intersection,N,Non-Junction,None,,,         ,Melissa,Flores,Clear,Front to Rear,no,no,no,no,no,False
102265600,METROPOLITAN NASHVILLE POLICE DEPT,20190007465,Davidson,Nashville,1/3/2019 6:05:00 PM,2,0,0,36.150710,-86.666560,ALLEN RD,,,,0.00,,,DONELSON PKE,,,,0.00,Y,Four-Way, ,Intersection,None,,,         ,Allyson,Reis,Clear,Angle,no,no,no,no,no,False
102265621,METROPOLITAN NASHVILLE POLICE DEPT,20190006935,Davidson,Nashville,1/3/2019 2:46:00 PM,2,0,0,36.138670,-86.801020,CHILDRENS WAY,,,,116.00,Feet,West,21ST AVS,,,,0.00,N,Not at Intersection, ,Non-Junction,None,,,         ,Akira,McSwain,Clear,Angle,no,no,no,no,no,Campus
102265622,METROPOLITAN NASHVILLE POLICE DEPT,20190007136,Davidson,Nashville,1/3/2019 4:14:00 PM,2,1,0,36.154270,-86.792890,16TH AVS,,,,0.00,,,BROADWAY,,,,0.00,Y,Four-Way,N,Non-Junction,None,,,         ,Akira,McSwain,Clear,Angle,no,no,no,no,no,False
102265623,METROPOLITAN NASHVILLE POLICE DEPT,20190007407,Davidson,Nashville,1/3/2019 5:36:00 PM,3,0,0,36.143150,-86.777170,I 65,,,,0.00,,,,,,,82.00,N,Not at Intersection,N,Non-Junction,None,,,         ,Akira,McSwain,Clear,Front to Rear,no,no,no,no,no,False
102265665,METROPOLITAN NASHVILLE POLICE DEPT,20190007517,Davidson,Nashville,1/3/2019 7:00:00 PM,2,1,0,36.132250,-86.700870,MASSMAN DR,,,,0.00,,,MASSMAN MANOR DR,,,,0.00,Y,T-Intersection,N,Intersection-Related,None,,,         ,Dontaveous,Eubanks,Clear,Angle,no,no,no,no,no,False
102265691,METROPOLITAN NASHVILLE POLICE DEPT,20190007328,Davidson,Nashville,1/3/2019 5:18:00 PM,2,0,0,36.148080,-86.744630,I40 W ENT RAMP,,,,347.00,Feet,West,I 40,,,,0.00,N,Not at Intersection,N,Non-Junction,None,,,         ,Tony,Mingsing,Clear,Front to Rear,no,no,no,no,no,False
102265692,METROPOLITAN NASHVILLE POLICE DEPT,20190007559,Davidson,Nashville,1/3/2019 7:21:00 PM,3,3,0,36.152780,-86.754700,I 40,,,,0.00,,,,,,,211.30,N,Not at Intersection,N,Non-Junction,None,,,         ,Tony,Mingsing,Clear,Angle,no,no,no,no,no,False
102265695,METROPOLITAN NASHVILLE POLICE DEPT,20190007547,Davidson,Antioch,1/3/2019 6:48:00 PM,2,0,0,36.050190,-86.607310,PIN HOOK RD,,,,345.00,Feet,West,GROVEDALE TRC,,,,0.00,N,Not at Intersection,N,Non-Junction,None,,,         ,Nathaniel,Myers,Cloudy,Angle,no,no,no,no,no,False
102265703,METROPOLITAN NASHVILLE POLICE DEPT,20190007757,Davidson,Nashville,1/3/2019 9:19:00 PM,2,0,0,36.204640,-86.749680,E TRINITY LN,,,,0.00,Feet,,ELLINGTON PKWY N ENT RAMP,,,,0.00,Y,Four-Way,N,Intersection,None,,,         ,Kevin,Clausius,Clear,Front to Rear,no,no,no,no,no,False
102265721,METROPOLITAN NASHVILLE POLICE DEPT,20190007040,Davidson,Nashville,1/3/2019 3:10:00 PM,2,0,0,36.190150,-86.626560,LEBANON PKE,,,,770.00,Feet,South,BONNABROOK DR,,,,0.00,N,Not at Intersection,N,Non-Junction,None,,,         ,Marvis,Malone,Cloudy,Angle,no,no,no,no,no,False
102265735,METROPOLITAN NASHVILLE POLICE DEPT,20190007608,Davidson,Nashville,1/3/2019 6:34:00 PM,4,3,0,36.170430,-86.754870,SHELBY AV,,,,191.00,Feet,West,S 9TH ST,,,,0.00,N,Not at Intersection,N,Non-Junction,None,,,         ,Barrett,Teague,Clear,"Sideswipe, Same Direction",no,no,no,no,yes,False
102265747,METROPOLITAN NASHVILLE POLICE DEPT,20190008134,Davidson,Nashville,1/4/2019 12:40:00 AM,2,0,0,36.155820,-86.795920,17TH AVN,,,,0.00,,,CHURCH ST,,,,0.00,Y,Four-Way,Y,Intersection,None,,,         ,Dakota,Vermillion,Rain,Angle,no,no,no,no,no,False
102265761,METROPOLITAN NASHVILLE POLICE DEPT,20190008085,Davidson,Not in City Limit,1/3/2019 11:01:00 PM,2,0,0,35.997330,-86.690520,NOLENSVILLE PKE,,,,251.00,Feet,West,CONCORD RD,,,,0.00,N,Not at Intersection,N,Non-Junction,None,,,         ,Douglas,Meringer,Rain,"Sideswipe, Opposite Direction",no,no,no,yes,yes,False
102265763,METROPOLITAN NASHVILLE POLICE DEPT,20190007867,Davidson,Not in City Limit,1/3/2019 10:54:00 PM,1,1,0,36.283190,-86.806370,I 24,,,,0.00,,,,,,,40.00,N,Not at Intersection,N,Non-Junction,None,,,         ,Nicholas,MacDougall,Clear,Not Collision with Motor Vehicle in Transport,no,no,no,no,no,False
102265778,Nashville Airport Police,2019-00047,Davidson,Nashville,1/3/2019 12:00:00 AM,1,0,0,36.105640,-86.666020,FAIRCLOTH LN,,,,0.00,,,,,,,0.00,,Not at Intersection,N,Non-Junction,None,,,         ,Ahscari,Valencia,Rain,Not Collision with Motor Vehicle in Transport,no,no,no,no,no,False
102265780,METROPOLITAN NASHVILLE POLICE DEPT,20190007885,Davidson,Nashville,1/3/2019 11:00:00 PM,3,0,0,36.193160,-86.738610,STRAIGHTWAY AV,,,,163.00,Feet,East,LITTLE AV,,,,0.00,N,Not at Intersection,N,Non-Junction,None,,,         ,Andrew,Richey,Clear,Front to Rear,no,no,no,no,yes,False
102265794,METROPOLITAN NASHVILLE POLICE DEPT,20190008450,Davidson,Nashville,1/4/2019 3:21:00 AM,1,1,0,36.077030,-86.671980,FRANKLIN LIMESTONE RD,,,,687.00,Feet,West,BILLINGSGATE RD,,,,0.00,N,Not at Intersection,N,Non-Junction,None,,,         ,Kaleb,Stella,Rain,Not Collision with Motor Vehicle in Transport,no,no,no,no,no,False
102265800,METROPOLITAN NASHVILLE POLICE DEPT,20190000071,Davidson,Nashville,1/1/2019 12:05:00 AM,2,0,0,36.079490,-86.644600,EDGE O LAKE DR,,,,0.00,,,MURFREESBORO PKE,,,,0.00,Y,Four-Way, ,Intersection,None,,,         ,Michael,Griggs,Cloudy,Front to Rear,no,no,no,no,no,False
102265825,METROPOLITAN NASHVILLE POLICE DEPT,20190008523,Davidson,Nashville,1/4/2019 4:10:00 AM,2,0,0,36.253220,-86.716800,GALLATIN PKES,,,,0.00,,,EMMITT AV,,,,0.00,Y,T-Intersection,Y,Intersection,None,,,         ,Reuben,Hewit,Rain,Angle,no,no,no,no,yes,False
102265843,Metro Park Police,20190003987,Davidson,Nashville,1/2/2019 2:37:00 PM,2,0,0,36.106550,-86.672860,DONELSON PKE,,,,139.00,Feet,North,MURFREESBORO PKE,,,,0.00,N,Not at Intersection,N,Non-Junction,None,,,         ,Elgrine,"Kirby, Jr.",Cloudy,Front to Rear,no,no,no,no,no,False
102265845,METROPOLITAN NASHVILLE POLICE DEPT,20190008681,Davidson,Nashville,1/4/2019 5:40:00 AM,1,0,0,36.092700,-86.678120,HARDING PL,,,,222.00,Feet,East,DONELSON PKE,,,,0.00,N,Not at Intersection,N,Non-Junction,None,,,         ,Douglas,Meringer,Rain,Not Collision with Motor Vehicle in Transport,no,no,no,no,no,False
102265846,METROPOLITAN NASHVILLE POLICE DEPT,20190008579,Davidson,Not in City Limit,1/4/2019 4:45:00 AM,3,0,0,36.331870,-86.902060,I 24,,,,0.00,,,,,,,33.00,N,Not at Intersection,N,Non-Junction,None,,,         ,Daniel,Kallman,Rain,Front to Rear,no,no,no,no,no,False
102265854,METROPOLITAN NASHVILLE POLICE DEPT,20190008700,Davidson,Nashville,1/4/2019 5:48:00 AM,2,0,0,36.084560,-86.744520,ELYSIAN FIELDS RD,,,,0.00,,,DANBY DR,,,,0.00,Y,Four-Way,N,Intersection,None,,,         ,William,Hamblen,Rain,Angle,no,no,no,no,no,False
102265858,METROPOLITAN NASHVILLE POLICE DEPT,20190008753,Davidson,Nashville,1/4/2019 6:16:00 AM,2,0,0,36.152000,-86.792860,DIVISION ST,,,,0.00,Feet,,MUSIC SQW,,,,0.00,Y,OTHER, ,Intersection,None,,,         ,Dakota,Vermillion,Rain,Angle,no,no,no,no,no,False
102265860,BERRY HILL POLICE DEPT,19-0039,Davidson,Berry Hill,1/3/2019 2:13:00 PM,2,0,0,36.127470,-86.777510,FRANKLIN PKE,,,,0.00,,,MELPARK DR,,,,0.00,Y,T-Intersection, ,Intersection,None,,,         ,Larry,Carter,Cloudy,"Sideswipe, Same Direction",no,no,no,no,no,False
102265885,METROPOLITAN NASHVILLE POLICE DEPT,2019-0008725,Davidson,Nashville,1/4/2019 5:56:00 AM,2,0,0,36.078070,-86.607340,ANDERSON,RD,,,0.00,,,COUNTRY WAY,RD,SR,,0.00,Y,Four-Way, ,Intersection,None,,,         ,Michael,Griggs,Rain,Angle,no,no,no,no,no,False
102265892,METROPOLITAN NASHVILLE POLICE DEPT,20190008845,Davidson,Nashville,1/4/2019 7:36:00 AM,2,0,0,36.141120,-86.721830,I40 W EXT RAMP,,,,0.00,,,I 40,,,,0.00,Y,T-Intersection, ,Intersection-Related,None,,,         ,Tien,Nguyen,Rain,Front to Rear,no,no,no,no,no,False
102265906,METROPOLITAN NASHVILLE POLICE DEPT,20190008863,Davidson,Nashville,1/4/2019 7:55:00 AM,2,2,0,36.063130,-86.916930,OLD HICKORY BLVD,,,,0.00,,,BELLEVUE RD,,,,0.00,Y,Four-Way,N,Intersection,None,,,         ,Curtis,Rich,Rain,Angle,no,no,no,no,no,False
102265910,METROPOLITAN NASHVILLE POLICE DEPT,20190008902,Davidson,Nashville,1/4/2019 8:06:00 AM,2,0,0,36.192140,-86.618600,JUAREZ DR,,,,256.00,Feet,West,LOPEZ LN,,,,0.00,N,Not at Intersection,N,Non-Junction,None,,,         ,Michael,Dance,Rain,"Sideswipe, Opposite Direction",no,no,no,no,no,False
102265921,METROPOLITAN NASHVILLE POLICE DEPT,20190006591,Davidson,Nashville,1/3/2019 12:20:00 PM,3,2,0,36.185160,-86.773650,DICKERSON PKE,,,,271.00,Feet,North,HANCOCK ST,,,,0.00,N,Not at Intersection,N,Non-Junction,None,,,         ,Donald,Davidson,Cloudy,Front to Rear,no,no,no,no,no,False