master_record_number,agency,agency_tracking_number,county,city,collision_date,vehicles_involved,number_injured,number_dead,latitude,longitude,roadway_name,roadway_suffix,roadway_number,roadway_local_id,distance_from_reference,miles-feet_indicator,direction_from_reference,intersection_road_name,intersection_road_name_suffix,intersection_road_number,intersection_local_id,mile_marker,intersection_indicator,intersect_type,interchange_related_indicator,relation_to_junction,work_zone_type,construction_maintenance_zone,construction_maintenance_zone_location,fatal_case_number,officer_first_name,officer_last_name,weather_condition(s),manner_of_crash,pedestrian,bicycle,scooter,parking,hitrun,mou
102265923,METROPOLITAN NASHVILLE POLICE DEPT,20190008779,Davidson,Nashville,1/4/2019 6:24:00 AM,2,0,0,36.108940,-86.721310,I 24,,,,0.00,,,,,,,53.75,N,Not at Intersection, ,Non-Junction,None,,,         ,Jessie,Meadows,Rain,"Sideswipe, Same Direction",no,no,no,no,no,False
102265926,METROPOLITAN NASHVILLE POLICE DEPT,20190008851,Davidson,Nashville,1/4/2019 7:39:00 AM,2,0,0,36.071470,-86.690960,I 24,,,,0.00,,,,,,,56.85,N,Not at Intersection, ,Non-Junction,None,,,         ,Jessie,Meadows,Rain,Front to Rear,no,no,no,no,no,False
102265940,METROPOLITAN NASHVILLE POLICE DEPT,20190008909,Davidson,Nashville,1/4/2019 12:00:00 AM,3,0,0,36.241960,-86.757080,DICKERSON PKE,,,,0.00,,,DICKERSON PKE ENT RAMP,,,,0.00,Y,OTHER,N,Intersection,None,,,         ,William,Monaghan,Rain,Angle,no,no,no,no,no,False
102265942,METROPOLITAN NASHVILLE POLICE DEPT,20190008984,Davidson,Nashville,1/4/2019 8:30:00 AM,2,0,0,36.081200,-86.758810,HARDING PL,,,,139.00,Feet,West,TROUSDALE DR,,,,0.00,N,Not at Intersection, ,Non-Junction,None,,,         ,Gary,Sneed,Rain,Angle,no,no,no,no,no,False
102265954,METROPOLITAN NASHVILLE POLICE DEPT,20190009033,Davidson,Nashville,1/4/2019 9:05:00 AM,2,0,0,36.118200,-86.801020,I 440,,,,0.00,,,,,,,3.15,N,Not at Intersection, ,,None,,,         ,Justin,Pinkelton,,,no,no,no,no,no,False
102265960,METROPOLITAN NASHVILLE POLICE DEPT,20190008971,Davidson,Not in City Limit,1/4/2019 8:35:00 AM,2,0,0,36.320840,-86.852720,I 24,,,,0.00,,,,,,,35.85,N,Not at Intersection,N,Non-Junction,None,,,         ,Jeanine,Sarno,Rain,Front to Rear,no,no,no,no,no,False
102265965,METROPOLITAN NASHVILLE POLICE DEPT,20190009060,Davidson,Antioch,1/4/2019 9:35:00 AM,2,0,0,36.013580,-86.620650,OLD HICKORY BLVD,,,,54.00,Feet,North,I24 E EXT RAMP,,,,0.00,N,Not at Intersection, ,Non-Junction,None,,,         ,Jessie,Meadows,Rain,"Sideswipe, Same Direction",no,no,no,no,no,False
102265968,METROPOLITAN NASHVILLE POLICE DEPT,20190009128,Davidson,Nashville,1/4/2019 8:50:00 AM,2,0,0,36.137860,-86.820640,WEST END AV,,,,0.00,,,I440 W EXT RAMP,,,,0.00,Y,Y-Intersection, ,Entrance/Exit Ramp Related,None,,,         ,William,Caillouette,Rain,Front to Rear,no,no,no,no,no,False
102265978,METROPOLITAN NASHVILLE POLICE DEPT,20180009081,Davidson,Nashville,1/4/2019 9:17:00 AM,2,0,0,36.212090,-86.775770,I 65,,,,0.00,,,,,,,87.75,N,Not at Intersection, ,Non-Junction,None,,,         ,Wesley,Young,Rain,Front to Rear,no,no,no,no,no,False
102265980,METROPOLITAN NASHVILLE POLICE DEPT,20190009193,Davidson,Nashville,1/4/2019 10:19:00 AM,2,0,0,36.182710,-86.761610,ELLINGTON PKWYS,,,,53.00,Feet,South,ELLINGTON PKWY S ENT RAMP,,,,0.00,N,Not at Intersection, ,Non-Junction,None,,,         ,Nicholas,Smith,Rain,Front to Rear,no,no,no,no,no,False
102265988,METROPOLITAN NASHVILLE POLICE DEPT,20190009240,Davidson,Nashville,1/4/2019 10:38:00 AM,1,0,0,36.146380,-86.694270,I40 W EXT RAMP,,,,0.00,Feet,East,BRILEY PKWYN,,,,0.00,N,Not at Intersection,N,Entrance/Exit Ramp Related,None,,,         ,Michael,Dance,Rain,Not Collision with Motor Vehicle in Transport,no,no,no,no,no,False
102265991,METROPOLITAN NASHVILLE POLICE DEPT,20190009177,Davidson,Nashville,1/4/2019 10:13:00 AM,2,0,0,36.149310,-86.774510,I 40,,,,0.00,,,,,,,210.15,N,Not at Intersection, ,Non-Junction,None,,,         ,Destiny,Zunic,Rain,Front to Rear,no,no,no,no,no,False
102265992,METROPOLITAN NASHVILLE POLICE DEPT,20190009152,Davidson,Nashville,1/4/2019 10:03:00 AM,2,0,0,36.159070,-86.624110,I 40,,,,0.00,,,,,,,219.35,N,Not at Intersection,N,Non-Junction,None,,,         ,Tien,Nguyen,Cloudy,Front to Rear,no,no,no,no,no,False
102265997,METROPOLITAN NASHVILLE POLICE DEPT,20190009315,Davidson,Nashville,1/4/2019 11:10:00 AM,2,0,0,36.207410,-86.839850,CLARKSVILLE PKE,,,,0.00,,,W HAMILTON AV,,,,0.00,Y,T-Intersection, ,Non-Junction,None,,,         ,Wesley,Young,Rain,Front to Rear,no,no,no,no,no,False
102266005,METROPOLITAN NASHVILLE POLICE DEPT,20190009336,Davidson,Nashville,1/4/2019 10:39:00 AM,2,0,0,36.218800,-86.694840,MUSIC VALLEY DR,,,,567.00,Feet,South,RUDY CIR,,,,0.00,N,Not at Intersection,N,"Driveway, Alley Access, etc",None,,,         ,Michael,Dance,Rain,Angle,no,no,no,no,yes,False
102266006,METROPOLITAN NASHVILLE POLICE DEPT,20190008775,Davidson,Nashville,1/4/2019 5:45:00 AM,1,0,0,36.119400,-86.766920,I 440,,,,0.00,,,,,,,5.35,N,Not at Intersection, ,Non-Junction,None,,,         ,Jon,Mcvey,Rain,Not Collision with Motor Vehicle in Transport,no,no,no,no,no,False
102266017,METROPOLITAN NASHVILLE POLICE DEPT,20190009356,Davidson,Nashville,1/4/2019 11:21:00 AM,2,0,0,36.145390,-86.766970,4TH AVS,,,,200.00,Feet,North,CHESTNUT ST,,,,0.00,N,Not at Intersection,N,Non-Junction,None,,,         ,Nathan,Kemp,Clear,"Sideswipe, Same Direction",no,no,no,no,no,False
102266023,METROPOLITAN NASHVILLE POLICE DEPT,20190009390,Davidson,Nashville,1/4/2019 11:53:00 AM,2,0,0,36.202710,-86.776860,I 65,,,,0.00,,,,,,,87.05,N,Not at Intersection,N,Non-Junction,None,,,         ,Wesley,Young,Rain,Front to Rear,no,no,no,no,no,False
102266033,METROPOLITAN NASHVILLE POLICE DEPT,20190009303,Davidson,Nashville,1/4/2019 11:05:00 AM,3,1,0,36.134840,-86.726910,I24E,,,,623.00,Feet,West,I24 W ENT RAMP,,,,0.00,N,Not at Intersection,N,Non-Junction,None,,,         ,Jessie,Meadows,Rain,Front to Rear,no,no,no,no,no,False
102266034,METROPOLITAN NASHVILLE POLICE DEPT,20190009210,Davidson,Nashville,1/4/2019 10:00:00 AM,2,0,0,36.164240,-86.615780,I 40,,,,0.00,,,,,,,220.00,N,Not at Intersection, ,Non-Junction,None,,,         ,Tien,Nguyen,Cloudy,Front to Rear,no,no,no,no,no,False
102266045,METROPOLITAN NASHVILLE POLICE DEPT,20190009289,Davidson,Nashville,1/4/2019 11:00:00 AM,3,0,0,36.145320,-86.740610,I 40,,,,0.00,,,,,,,212.25,N,Not at Intersection, ,Non-Junction,None,,,         ,Jeremy,Spoonemore,Rain,Angle,no,no,no,no,no,False
102266062,METROPOLITAN NASHVILLE POLICE DEPT,20190009400,Davidson,Nashville,1/4/2019 11:55:00 AM,2,0,0,36.167410,-86.762110,S 5TH ST,,,,80.00,Feet,South,SHELBY AV,,,,0.00,N,Not at Intersection, ,,None,,,         ,Russell,Freeman,,,no,no,no,no,no,False
102266096,METROPOLITAN NASHVILLE POLICE DEPT,20190009464,Davidson,Nashville,1/4/2019 12:44:00 PM,1,0,0,36.121310,-86.826690,BOWLING AV,,,,251.00,Feet,North,CHALMETTE CT,,,,0.00,N,Not at Intersection, ,Non-Junction,None,,,         ,Curtis,Rich,Rain,Not Collision with Motor Vehicle in Transport,no,no,no,no,no,False
102266097,METROPOLITAN NASHVILLE POLICE DEPT,20190009467,Davidson,Nashville,1/4/2019 12:46:00 PM,2,0,0,36.160760,-86.793690,14TH AVN,,,,0.00,,,CHARLOTTE AV,,,,0.00,Y,Four-Way, ,Intersection,None,,,         ,Wesley,Young,Rain,Angle,no,no,no,no,no,False
102266123,METROPOLITAN NASHVILLE POLICE DEPT,20190009519,Davidson,Nashville,1/4/2019 1:12:00 PM,2,0,0,36.168740,-86.664840,OLD LEBANON PKE,,,,290.00,Feet,South,LEBANON PKE,,,,0.00,N,Not at Intersection, ,Non-Junction,None,,,         ,Tien,Nguyen,Cloudy,Angle,no,no,no,no,no,False
102266177,METROPOLITAN NASHVILLE POLICE DEPT,20190009522,Davidson,Nashville,1/4/2019 12:30:00 PM,2,0,0,36.175110,-86.748840,RUSSELL ST,,,,0.00,,,S 12TH ST,,,,0.00,Y,T-Intersection,N,Intersection-Related,None,,,         ,Russell,Freeman,Unknown,Unknown,no,no,no,no,yes,False
102266181,METROPOLITAN NASHVILLE POLICE DEPT,20190009409,Davidson,Nashville,1/4/2019 12:20:00 PM,2,0,0,36.044770,-86.661120,BELL RD,,,,120.00,Feet,East,CANE RIDGE RD,,,,0.00,N,Not at Intersection, ,Non-Junction,None,,,         ,Jessie,Meadows,Rain,"Sideswipe, Same Direction",no,no,no,no,no,False
102266182,METROPOLITAN NASHVILLE POLICE DEPT,20190009470,Davidson,Nashville,1/4/2019 12:49:00 PM,2,0,0,36.046130,-86.657790,BELL RD,,,,57.00,Feet,East,COLLINS PARK DR,,,,0.00,N,Not at Intersection, ,Non-Junction,None,,,         ,Jessie,Meadows,Rain,Front to Rear,no,no,no,no,no,False
102266190,METROPOLITAN NASHVILLE POLICE DEPT,20190009547,Davidson,Nashville,1/4/2019 12:50:00 PM,2,0,0,36.079600,-86.726320,NOLENSVILLE PKE,,,,0.00,,,HARDING PL,,,,0.00,Y,Four-Way, ,Non-Junction,None,,,         ,Ryan,Howard,Rain,Front to Rear,no,no,no,no,yes,False
102266217,METROPOLITAN NASHVILLE POLICE DEPT,20190008848,Davidson,Nashville,1/4/2019 7:35:00 AM,2,0,0,36.088770,-86.702020,I24 W ENT RAMP,,,,0.00,,,I 24,,,,0.00,Y,Y-Intersection, ,Entrance/Exit Ramp Related,None,,,         ,Troy,Loewen,Rain,Front to Rear,no,no,no,no,no,False
102266219,METROPOLITAN NASHVILLE POLICE DEPT,20190009548,Davidson,Nashville,1/4/2019 1:30:00 PM,3,0,0,36.200370,-86.620870,OLD HICKORY BLVD,,,,68.00,Feet,South,PLANTATION DR,,,,0.00,N,Not at Intersection, ,Non-Junction,None,,,         ,Michael,Dance,Rain,Front to Rear,no,no,no,no,no,False
102266223,METROPOLITAN NASHVILLE POLICE DEPT,20190009488,Davidson,Nashville,1/4/2019 1:00:00 PM,2,0,0,36.119540,-86.766760,I 440,,,,0.00,,,,,,,5.35,N,Not at Intersection, ,Non-Junction,None,,,         ,Jon,Mcvey,Rain,Angle,no,no,no,no,no,False
102266224,METROPOLITAN NASHVILLE POLICE DEPT,20190009568,Davidson,Nashville,1/4/2019 1:41:00 PM,2,1,0,36.077060,-86.736640,HARDING PL,,,,0.00,,,SHADESCREST DR,,,,0.00,Y,T-Intersection,N,Intersection-Related,None,,,         ,Jon,Mcvey,Cloudy,Angle,no,no,no,no,no,False
102266232,METROPOLITAN NASHVILLE POLICE DEPT,20190009569,Davidson,Nashville,1/4/2019 12:00:00 PM,2,0,0,36.199320,-86.828770,CURTIS ST,,,,0.00,,,ALPINE AV,,,,0.00,Y,T-Intersection,N,Non-Junction,None,,,         ,Thomas,Broatch,Rain,Other,no,no,no,yes,yes,False
102266256,METROPOLITAN NASHVILLE POLICE DEPT,20190009602,Davidson,Nashville,1/4/2019 1:32:00 PM,2,1,0,36.155450,-86.811290,CHARLOTTE AV,,,,237.00,Feet,East,25TH AVN,,,,0.00,N,Not at Intersection,N,Non-Junction,None,,,         ,William,Caillouette,Rain,Front to Rear,no,no,no,no,no,False
102266257,METROPOLITAN NASHVILLE POLICE DEPT,20190009596,Davidson,Nashville,1/4/2019 12:43:00 PM,2,0,0,36.206620,-86.777900,W TRINITY LN,,,,0.00,,,BRICK CHURCH PKE,,,,0.00,Y,Four-Way,N,Intersection,None,,,         ,Royce,McLester,Rain,Front to Rear,no,no,no,no,yes,False
102266283,METROPOLITAN NASHVILLE POLICE DEPT,20190009604,Davidson,Nashville,1/4/2019 2:20:00 PM,2,1,0,36.084270,-86.647460,MURFREESBORO PKE,,,,235.00,Feet,North,BROOKSBORO PL,,,,0.00,N,Not at Intersection,N,Non-Junction,None,,,         ,Jessie,Meadows,Rain,Front to Rear,no,no,no,no,no,False
102266399,METROPOLITAN NASHVILLE POLICE DEPT,20190009700,Davidson,Nashville,1/4/2019 12:00:00 AM,2,0,0,36.160570,-86.778210,BROADWAY,,,,76.00,Feet,East,5TH AVS,,,,0.00,N,Not at Intersection, ,Non-Junction,None,,,         ,Trevor,Taylor,Cloudy,"Sideswipe, Same Direction",no,no,no,no,no,False
102266401,METROPOLITAN NASHVILLE POLICE DEPT,20190009722,Davidson,Nashville,1/4/2019 3:04:00 PM,2,0,0,36.120430,-86.750610,MELROSE AV,,,,0.00,,,GRANDVIEW AV,,,,0.00,Y,T-Intersection, ,,None,,,         ,FELIKS,ABRAHAMYAN,,,no,no,no,no,no,False
102266478,METROPOLITAN NASHVILLE POLICE DEPT,20190009689,Davidson,Nashville,1/4/2019 3:07:00 PM,2,0,0,36.152410,-86.766320,I 40,,,,0.00,,,,,,,210.60,N,Not at Intersection, ,Non-Junction,None,,,         ,Seth,Vaughn,Rain,Front to Rear,no,no,no,no,no,False
102266482,METROPOLITAN NASHVILLE POLICE DEPT,20190009872,Davidson,Nashville,1/4/2019 4:25:00 PM,3,0,0,36.163180,-86.761660,I 24,,,,0.00,,,,,,,49.25,N,Not at Intersection,N,Non-Junction,None,,,         ,Riley,Brewer,Rain,Front to Rear,no,no,no,no,yes,False
102266483,METROPOLITAN NASHVILLE POLICE DEPT,20190009795,Davidson,Nashville,1/4/2019 3:56:00 PM,2,1,0,36.084830,-86.728190,NOLENSVILLE PKE,,,,0.00,,,PARAGON MILLS RD,,,,0.00,Y,Four-Way,N,Intersection,None,,,         ,Johnathon,Birdwell,Cloudy,Angle,no,no,no,no,no,False
102266484,METROPOLITAN NASHVILLE POLICE DEPT,20190009820,Davidson,Nashville,1/4/2019 4:00:00 PM,1,0,0,36.249360,-86.719230,E PALESTINE AV,,,,50.00,Feet,East,GALLATIN PKES,,,,0.00,N,Not at Intersection, ,Non-Junction,None,,,         ,Jacob,Krispin,Cloudy,Not Collision with Motor Vehicle in Transport,no,no,no,no,no,False
102266500,METROPOLITAN NASHVILLE POLICE DEPT,20190009878,Davidson,Nashville,1/4/2019 4:00:00 PM,2,0,0,36.226950,-86.759840,DICKERSON PKE,,,,408.00,Feet,North,HILLHURST DR,,,,0.00,N,Not at Intersection,N,Non-Junction,None,,,         ,Marc,Kozen,Rain,"Sideswipe, Opposite Direction",no,no,no,no,yes,False
102266501,METROPOLITAN NASHVILLE POLICE DEPT,20190009584,Davidson,Not in City Limit,1/4/2019 1:54:00 PM,2,0,0,36.080430,-86.955270,I40 E EXT RAMP,,,,50.00,Feet,South,I 40,,,,0.00,N,Not at Intersection, ,Non-Junction,None,,,         ,Walter,Gray II,Rain,Front to Rear,no,no,no,no,no,False
102266502,METROPOLITAN NASHVILLE POLICE DEPT,20190009643,Davidson,Nashville,1/4/2019 2:30:00 PM,2,0,0,36.126590,-86.845350,HARDING PKE,,,,50.00,Feet,East,RIDGEFIELD WAY,,,,0.00,N,Not at Intersection,N,Non-Junction,None,,,         ,Walter,Gray II,Rain,Angle,no,no,no,no,no,False
102266503,METROPOLITAN NASHVILLE POLICE DEPT,20190009817,Davidson,Nashville,1/4/2019 4:00:00 PM,2,0,0,36.205950,-86.769350,W TRINITY LN,,,,217.00,Feet,West,E TRINITY LN,,,,0.00,N,Not at Intersection,N,Non-Junction,None,,,         ,Kevin,Clausius,Cloudy,Angle,no,no,no,no,no,False
102266512,METROPOLITAN NASHVILLE POLICE DEPT,20190009988,Davidson,Nashville,1/4/2019 3:53:00 PM,1,0,0,36.228580,-86.844260,BRILEY PKWYE,,,,1408.00,Feet,West,BRILEY PKWYW,,,,0.00,N,Not at Intersection, ,Non-Junction,None,,,         ,Fabjan,Llukaj,Rain,Not Collision with Motor Vehicle in Transport,no,no,no,no,no,False
102266514,METROPOLITAN NASHVILLE POLICE DEPT,20190009736,Davidson,Nashville,1/4/2019 2:42:00 PM,2,0,0,36.120370,-86.826680,BOWLING AV,,,,90.00,Feet,South,CHALMETTE CT,,,,0.00,N,Not at Intersection, ,Non-Junction,None,,,         ,Walter,Gray II,Rain,Front to Rear,no,no,no,no,no,False
102266517,METROPOLITAN NASHVILLE POLICE DEPT,20190009965,Davidson,Nashville,1/4/2019 4:53:00 PM,2,0,0,36.256190,-86.714390,GALLATIN PKES,,,,0.00,,,NEELYS BEND RD,,,,0.00,Y,T-Intersection,N,Intersection-Related,None,,,         ,Robert,Fondren,Rain,"Sideswipe, Same Direction",no,no,no,no,yes,False
102266530,METROPOLITAN NASHVILLE POLICE DEPT,20190009959,Davidson,Nashville,1/4/2019 5:09:00 PM,2,0,0,36.091690,-86.630350,SMITH SPRINGS RD,,,,155.00,Feet,East,OLD SMITH SPRINGS RD,,,,0.00,N,Not at Intersection,N,Non-Junction,None,,,         ,Deandera,Payne,Rain,Front to Rear,no,no,no,no,no,False
102266545,METROPOLITAN NASHVILLE POLICE DEPT,20190009891,Davidson,Nashville,1/4/2019 4:15:00 PM,2,0,0,36.169870,-86.673930,LEBANON PKE,,,,86.00,Feet,West,SHADY GROVE RD,,,,0.00,N,Not at Intersection,N,Non-Junction,None,,,         ,Tyler,Hall,Clear,Rear to Rear,no,no,no,yes,yes,False
102266551,METROPOLITAN NASHVILLE POLICE DEPT,20190009876,Davidson,Nashville,1/4/2019 4:25:00 PM,2,0,0,36.183750,-86.747770,EASTLAND AV,,,,180.00,Feet,East,GALLATIN AV,,,,0.00,N,Not at Intersection, ,Non-Junction,None,,,         ,Brynn,Cellan,Rain,Angle,no,no,no,no,no,False
102266560,METROPOLITAN NASHVILLE POLICE DEPT,20190009902,Davidson,Nashville,1/4/2019 12:00:00 AM,2,0,0,36.141940,-86.762230,2ND AVS,,,,108.00,Feet,South,HART ST,,,,0.00,N,Not at Intersection, ,Non-Junction,None,,,         ,Ryan,Sherry,Rain,Angle,no,no,no,no,no,False
102266562,METROPOLITAN NASHVILLE POLICE DEPT,20190009811,Davidson,Nashville,1/4/2019 3:34:00 PM,2,0,0,36.135170,-86.820460,I 440,,,,0.00,,,,,,,1.60,N,Not at Intersection, ,Non-Junction,None,,,         ,Walter,Gray II,Rain,Front to Rear,no,no,no,no,no,False
102266563,METROPOLITAN NASHVILLE POLICE DEPT,20190009937,Davidson,Nashville,1/4/2019 12:00:00 AM,2,0,0,36.169360,-86.679890,LEBANON PKE,,,,0.00,,,MCGAVOCK PKE,,,,0.00,Y,OTHER,N,Non-Junction,None,,,         ,Alexander,Spradling,Cloudy,Other,no,no,no,yes,yes,False
102266581,METROPOLITAN NASHVILLE POLICE DEPT,20190010133,Davidson,Nashville,1/4/2019 5:19:00 PM,2,0,0,36.145580,-86.777520,I 65,,,,0.00,,,,,,,82.20,N,Not at Intersection, ,,None,,,         ,FELIKS,ABRAHAMYAN,,,no,no,no,no,no,False
102266590,METROPOLITAN NASHVILLE POLICE DEPT,20190009966,Davidson,Nashville,1/4/2019 5:28:00 PM,2,1,0,36.170800,-86.601690,I40 W ENT RAMP,,,,0.00,Feet,East,I 40,,,,0.00,N,Not at Intersection,N,Entrance/Exit Ramp Related,None,,,         ,David,Stanley,Rain,Angle,no,no,no,no,no,False
102266596,METROPOLITAN NASHVILLE POLICE DEPT,20190009997,Davidson,Nashville,1/4/2019 5:25:00 PM,3,1,0,36.153760,-86.788060,DEMONBREUN ST,,,,30.00,Feet,South,I40 E ENT RAMP,,,,0.00,N,Not at Intersection,N,Non-Junction,None,,,         ,Gary,Peters,Cloudy,Front to Rear,no,no,no,no,no,False
102266599,METROPOLITAN NASHVILLE POLICE DEPT,20190010174,Davidson,Nashville,1/4/2019 5:37:00 PM,3,0,0,36.130490,-86.778550,8TH AVS,,,,0.00,,,PRENTICE AV,,,,0.00,Y,T-Intersection, ,,None,,,         ,FELIKS,ABRAHAMYAN,,,no,no,no,no,no,False
102266603,METROPOLITAN NASHVILLE POLICE DEPT,20190009647,Davidson,Nashville,1/4/2019 2:40:00 PM,3,0,0,36.126570,-86.814840,I 440,,,,0.00,,,,,,,2.25,N,Not at Intersection, ,Non-Junction,None,,,         ,Kelby,Dumond,Cloudy,Front to Rear,no,no,no,no,no,False
102266606,METROPOLITAN NASHVILLE POLICE DEPT,20190010125,Davidson,Nashville,1/4/2019 6:10:00 PM,2,1,0,36.199720,-86.742890,DELMAS AV,,,,612.00,Feet,East,FAIRWIN AV,,,,0.00,N,Not at Intersection,N,Non-Junction,None,,,         ,Gregory,Cenicola,Rain,Angle,no,no,no,no,yes,False
102266622,METROPOLITAN NASHVILLE POLICE DEPT,20190010198,Davidson,Nashville,1/4/2019 6:33:00 PM,2,0,0,36.055810,-86.675550,I 24,,,,0.00,,,,,,,58.20,N,Not at Intersection, ,Non-Junction,None,,,         ,Taylor,Hurley,Rain,Front to Rear,no,no,no,no,yes,False
102266626,METROPOLITAN NASHVILLE POLICE DEPT,20190010162,Davidson,Nashville,1/4/2019 6:35:00 PM,3,0,0,36.058470,-86.678310,I 24,,,,0.00,,,,,,,58.00,N,Not at Intersection,N,Non-Junction,None,,,         ,Eric,Wegener,Rain,Front to Rear,no,no,no,no,no,False
102266630,METROPOLITAN NASHVILLE POLICE DEPT,20190010208,Davidson,Nashville,1/4/2019 7:00:00 PM,2,0,0,36.161090,-86.792630,GEORGE L DAVIS BLVD,,,,40.00,Feet,South,CHARLOTTE AV,,,,0.00,N,Not at Intersection, ,Non-Junction,None,,,         ,Brent,Morris,Rain,Front to Rear,no,no,no,no,no,False
102266631,METROPOLITAN NASHVILLE POLICE DEPT,20190010203,Davidson,Nashville,1/4/2019 7:01:00 PM,2,0,0,36.049490,-86.666410,I 24,,,,0.00,,,,,,,58.90,N,Not at Intersection, ,Non-Junction,None,,,         ,Wesley,Carver,Cloudy,"Sideswipe, Same Direction",no,no,no,no,no,False
102266632,METROPOLITAN NASHVILLE POLICE DEPT,20190009812,Davidson,Nashville,1/4/2019 4:00:00 PM,2,0,0,36.155540,-86.789950,BROADWAY,,,,76.00,Feet,West,14TH AVS,,,,0.00,N,Not at Intersection, ,Non-Junction,None,,,         ,John,Roberson,Cloudy,"Sideswipe, Same Direction",no,no,no,no,no,False
102266633,METROPOLITAN NASHVILLE POLICE DEPT,20190010076,Davidson,Nashville,1/4/2019 6:00:00 PM,2,0,0,36.176960,-86.751430,WOODLAND ST,,,,0.00,,,S 10TH ST,,,,0.00,Y,Four-Way, ,Intersection,None,,,         ,Christopher,Butner,Rain,"Sideswipe, Same Direction",no,no,no,no,no,False
102266641,METROPOLITAN NASHVILLE POLICE DEPT,20190010004,Davidson,Nashville,1/4/2019 5:30:00 PM,2,0,0,36.064790,-86.628480,HAMILTON CHURCH RD,,,,0.00,,,MURFREESBORO PKE,,,,0.00,Y,Four-Way,N,Intersection,None,,,         ,Nathaniel,Myers,Rain,Angle,no,no,no,no,no,False
102266642,METROPOLITAN NASHVILLE POLICE DEPT,20190010151,Davidson,Antioch,1/4/2019 6:36:00 PM,2,2,0,36.047840,-86.612050,MURFREESBORO PKE,,,,1284.00,Feet,North,MOUNTAIN SPRINGS RD,,,,0.00,N,Not at Intersection,N,Non-Junction,None,,,         ,Nathaniel,Myers,Cloudy,Angle,no,no,no,yes,no,False
102266644,METROPOLITAN NASHVILLE POLICE DEPT,20190010117,Davidson,Nashville,1/4/2019 5:57:00 PM,1,0,0,36.070280,-86.722080,NOLENSVILLE PKE,,,,0.00,,,COTTON LN,,,,0.00,Y,OTHER,N,Non-Junction,None,,,         ,Citlaly,Juarez,Clear,Not Collision with Motor Vehicle in Transport,no,no,no,no,no,False
102266657,METROPOLITAN NASHVILLE POLICE DEPT,20190010158,Davidson,Nashville,1/4/2019 12:00:00 AM,1,0,0,36.154080,-86.713300,LEBANON PKE,,,,0.00,,,LEBANON PIKE CIR,,,,0.00,Y,T-Intersection, ,Intersection,None,,,         ,Alexander,Spradling,Cloudy,Not Collision with Motor Vehicle in Transport,no,no,no,no,no,False
102266667,Metro Park Police,20190009993,Davidson,Nashville,1/4/2019 5:25:00 PM,2,0,0,36.139590,-86.881160,ANNEX AV,,,,260.00,Feet,North,CHARLOTTE PKE,,,,0.00,N,Not at Intersection,N,Non-Junction,None,,,         ,Jerry,"Moore, Jr.",Rain,Angle,no,no,no,no,no,False
102266670,METROPOLITAN NASHVILLE POLICE DEPT,20190010096,Davidson,Nashville,1/4/2019 6:05:00 PM,2,2,0,36.150900,-86.770640,4TH AVS,,,,0.00,,,I40 W EXT RAMP,,,,0.00,Y,Four-Way,N,Intersection,None,,,         ,Gabriel,Hamilton,Clear,Angle,no,no,no,no,no,False
102266674,METROPOLITAN NASHVILLE POLICE DEPT,20190010223,Davidson,Nashville,1/4/2019 6:30:00 PM,2,0,0,36.048890,-86.648250,MT VIEW RD,,,,540.00,Feet,South,BELL RD,,,,0.00,N,Not at Intersection, ,"Driveway, Alley Access, etc",None,,,         ,Arend,Groeneweg,Clear,"Sideswipe, Same Direction",no,no,no,yes,yes,False
102266675,VANDERBILT UNIVERSITY POLICE,20190009644,Davidson,Nashville,1/4/2019 1:50:00 PM,2,0,0,36.147470,-86.806160,24TH AVS,,,,17.00,Feet,North,WEST SIDE ROW,,,,0.00,N,Not at Intersection, ,Non-Junction,Construction Zone,,,         ,Christopher,Dion,Rain,Rear to Side,no,no,no,no,no,Campus
102266678,METROPOLITAN NASHVILLE POLICE DEPT,20190010085,Davidson,Nashville,1/4/2019 6:10:00 AM,2,0,0,36.130050,-86.900830,CHARLOTTE PKE,,,,16.00,Feet,West,CABOT DR,,,,0.00,N,Not at Intersection,N,Non-Junction,None,,,         ,Alexander,Donald,Rain,Angle,no,no,no,no,no,False
102266679,METROPOLITAN NASHVILLE POLICE DEPT,20190010228,Davidson,Nashville,1/4/2019 12:00:00 AM,2,1,0,36.167150,-86.779610,3RD AVN,,,,0.00,,,JAMES ROBERTSON PKWY,,,,0.00,Y,Four-Way,Y,Intersection,None,,,         ,Trevor,Taylor,Clear,Angle,no,no,no,no,yes,False
102266688,METROPOLITAN NASHVILLE POLICE DEPT,20190010273,Davidson,Nashville,1/4/2019 7:45:00 PM,2,1,0,36.183660,-86.748440,GALLATIN AV,,,,63.00,Feet,South,EASTLAND AV,,,,0.00,N,Not at Intersection,N,Non-Junction,None,,,         ,Gregory,Cenicola,Cloudy,Front to Rear,no,no,no,no,yes,False
102266699,METROPOLITAN NASHVILLE POLICE DEPT,20190010393,Davidson,Nashville,1/4/2019 8:33:00 PM,2,2,0,36.166160,-86.765760,I24 E EXT RAMP,,,,0.00,,,SHELBY AV,,,,0.00,Y,Four-Way,N,Intersection,None,,,         ,Derek,Betty,Rain,Front to Rear,no,no,no,no,yes,False
102266700,METROPOLITAN NASHVILLE POLICE DEPT,20190010254,Davidson,Nashville,1/4/2019 7:35:00 PM,1,1,0,36.163160,-86.654910,MCCAMPBELL AV,,,,962.00,Feet,East,COLONIAL CIR,,,,0.00,N,Not at Intersection,N,Non-Junction,None,,,         ,Allyson,Reis,Rain,Not Collision with Motor Vehicle in Transport,no,no,no,no,no,False