master_record_number,agency,agency_tracking_number,county,city,collision_date,vehicles_involved,number_injured,number_dead,latitude,longitude,roadway_name,roadway_suffix,roadway_number,roadway_local_id,distance_from_reference,miles-feet_indicator,direction_from_reference,intersection_road_name,intersection_road_name_suffix,intersection_road_number,intersection_local_id,mile_marker,intersection_indicator,intersect_type,interchange_related_indicator,relation_to_junction,work_zone_type,construction_maintenance_zone,construction_maintenance_zone_location,fatal_case_number,officer_first_name,officer_last_name,weather_condition(s),manner_of_crash,pedestrian,bicycle,scooter,parking,hitrun,mou
102268778,METROPOLITAN NASHVILLE POLICE DEPT,20190014239,Davidson,Nashville,1/6/2019 4:05:00 PM,2,0,0,36.133120,-86.799990,PORTLAND AV,,,,0.00,,,20TH AVS,,,,0.00,Y,Four-Way, ,Intersection,None,,,         ,John,Roberson,Cloudy,Angle,no,no,no,no,no,False
102268784,VANDERBILT UNIVERSITY POLICE,20190014377,Davidson,Nashville,1/6/2019 5:45:00 PM,1,0,0,36.139510,-86.801210,PIERCE AVE,,,,0.00,,,,,,,0.00,,, ,Non-Junction,None,,,         ,Charles,Stevens,Clear,Unknown,no,no,no,yes,no,Campus
102268785,METROPOLITAN NASHVILLE POLICE DEPT,20190014328,Davidson,Nashville,1/6/2019 5:25:00 PM,2,1,0,36.115630,-86.776070,I 440,,,,0.00,,,,,,,4.75,N,Not at Intersection,Y,Non-Junction,None,,,         ,Heather,Fox,Clear,Front to Rear,no,no,no,no,no,False
102268850,METROPOLITAN NASHVILLE POLICE DEPT,20190014460,Davidson,Not in City Limit,1/6/2019 7:21:00 PM,2,0,0,36.272370,-86.719290,PEWTER CT,,,,161.00,Feet,South,HERITAGE DR,,,,0.00,N,Not at Intersection, ,Non-Junction,None,,,         ,Peter,Vaught,Clear,Rear to Side,no,no,no,no,no,False
102268900,METROPOLITAN NASHVILLE POLICE DEPT,20190014548,Davidson,Nashville,1/6/2019 8:33:00 PM,2,0,0,36.200530,-86.833650,COURTNEY AV,,,,235.00,Feet,South,CURTIS ST,,,,0.00,N,Not at Intersection,N,Non-Junction,None,,,         ,Corey,Oakley,Clear,Angle,no,no,no,no,yes,False
102268947,METROPOLITAN NASHVILLE POLICE DEPT,20190014436,Davidson,Nashville,1/6/2019 6:52:00 PM,2,0,0,36.063640,-86.717060,NOLENSVILLE PKE,,,,270.00,Feet,North,FAIRLANE DR,,,,0.00,N,Not at Intersection, ,Non-Junction,None,,,         ,Taylor,Hurley,Clear,Angle,no,no,no,no,no,False
102268955,METROPOLITAN NASHVILLE POLICE DEPT,20190014281,Davidson,Nashville,1/6/2019 5:01:00 PM,3,2,0,36.156870,-86.780840,8TH AVS,,,,0.00,,,DEMONBREUN ST,,,,0.00,Y,Four-Way,N,Intersection,None,,,         ,Jonathan,Nicholson,Clear,HeadOn,no,no,no,no,no,False
102268958,METROPOLITAN NASHVILLE POLICE DEPT,20190014636,Davidson,Nashville,1/6/2019 9:34:00 PM,1,0,0,36.168630,-86.806300,DR D B TODD JR BLVD,,,,117.00,Feet,North,MEHARRY BLVD,,,,0.00,N,Not at Intersection,N,Non-Junction,None,,,         ,Gene,McCollum,Clear,Not Collision with Motor Vehicle in Transport,no,no,no,no,no,False
102268959,METROPOLITAN NASHVILLE POLICE DEPT,20190014464,Davidson,Nashville,1/6/2019 7:29:00 PM,3,1,0,36.191750,-86.628030,PACIFICA DR,,,,175.00,Feet,West,ALOHA CT,,,,0.00,N,Not at Intersection,N,Non-Junction,None,,,         ,Terence,Mitchell,Clear,Angle,no,no,no,yes,no,False
102268961,METROPOLITAN NASHVILLE POLICE DEPT,20190014595,Davidson,Nashville,1/6/2019 9:12:00 PM,2,1,0,36.075660,-86.647800,DOVER GLEN DR,,,,0.00,,,EDGE O LAKE DR,,,,0.00,Y,Four-Way,N,Intersection,None,,,         ,Devonte,Coleman,Clear,Angle,no,no,no,no,no,False
102269002,METROPOLITAN NASHVILLE POLICE DEPT,20190014627,Davidson,Nashville,1/6/2019 9:30:00 PM,2,1,0,36.155190,-86.759120,I24 W ENT RAMP,,,,0.00,Feet,East,I 40,,,,0.00,N,Not at Intersection,N,Entrance/Exit Ramp Related,None,,,         ,Torry,Hill,Clear,"Sideswipe, Same Direction",no,no,no,no,no,False
102269008,METROPOLITAN NASHVILLE POLICE DEPT,20190014802,Davidson,Nashville,1/6/2019 11:15:00 PM,2,0,0,36.174920,-86.756650,WOODLAND ST,,,,6.00,Feet,West,S 9TH ST,,,,0.00,N,Not at Intersection,N,Crossover-Related,None,,,         ,Eric,Hall,Clear,Front to Rear,no,no,no,no,yes,False
102269024,METROPOLITAN NASHVILLE POLICE DEPT,20190014752,Davidson,Nashville,1/6/2019 10:30:00 PM,2,0,0,36.072070,-86.665500,APOLLO DR,,,,177.00,Feet,East,BARCLAY SQUARE DR,,,,0.00,N,Not at Intersection,N,"Driveway, Alley Access, etc",None,,,         ,Sharissa,Perez,Clear,HeadOn,no,no,no,yes,no,False
102269031,METROPOLITAN NASHVILLE POLICE DEPT,20190014905,Davidson,Nashville,1/7/2019 12:00:00 AM,5,0,0,36.058030,-86.740540,EDMONDSON PKE,,,,0.00,,,,,,,0.00,,,N,OtherLocation,None,,,         ,Brandon,Rardin,Clear,Other,no,no,no,yes,yes,False
102269051,METROPOLITAN NASHVILLE POLICE DEPT,20190014918,Davidson,Nashville,1/7/2019 12:18:00 AM,3,2,0,36.074020,-86.692800,I 24,,,,0.00,,,,,,,56.65,N,Not at Intersection,N,Non-Junction,None,,,         ,Kurt,Lewton,Clear,Front to Rear,no,no,no,no,no,False
102269054,METROPOLITAN NASHVILLE POLICE DEPT,20190015279,Davidson,Nashville,1/7/2019 3:40:00 AM,1,0,0,36.121820,-86.704830,MURFREESBORO PKE,,,,0.00,,,KERMIT DR,,,,0.00,Y,T-Intersection,N,Intersection,None,,,         ,Ralph,Smith IV,Clear,Not Collision with Motor Vehicle in Transport,no,no,no,no,yes,False
102269084,METROPOLITAN NASHVILLE POLICE DEPT,20190015421,Davidson,Nashville,1/7/2019 4:40:00 AM,1,0,0,36.252160,-86.843190,CLARKSVILLE PKE,,,,302.00,Feet,West,LLOYD RD,,,,0.00,N,Not at Intersection, ,,None,,,         ,Daniel,Kallman,,,no,no,no,no,no,False
102269111,METROPOLITAN NASHVILLE POLICE DEPT,20190015344,Davidson,Nashville,1/7/2019 4:00:00 AM,2,1,0,36.206270,-86.773480,W TRINITY LN,,,,0.00,,,I65 N ENT RAMP,,,,0.00,Y,T-Intersection,N,Intersection,None,,,         ,Lindsey,Anderson,Clear,Front to Rear,no,no,no,no,no,False
102269119,METROPOLITAN NASHVILLE POLICE DEPT,20190015457,Davidson,Madison,1/7/2019 5:10:00 AM,2,0,0,36.246530,-86.680590,NEELYS BEND RD,,,,360.00,Feet,North,CANDLEWOOD DR,,,,0.00,N,Not at Intersection,N,Non-Junction,None,,,         ,Wallis,Massey,Clear,"Sideswipe, Same Direction",no,no,no,no,yes,False
102269136,METROPOLITAN NASHVILLE POLICE DEPT,20190015584,Davidson,Nashville,1/7/2019 6:55:00 AM,2,0,0,36.140690,-86.720620,I 40,,,,0.00,,,,,,,213.60,N,Not at Intersection, ,Non-Junction,None,,,         ,Tien,Nguyen,Clear,Front to Rear,no,no,no,no,no,False
102269145,METROPOLITAN NASHVILLE POLICE DEPT,20190015529,Davidson,Nashville,1/7/2019 6:10:00 AM,2,0,0,36.157440,-86.770530,HERMITAGE AV,,,,0.00,,,PEABODY ST,,,,0.00,Y,Four-Way, ,Intersection,None,,,         ,Daniel,Russett,Clear,"Sideswipe, Same Direction",no,no,no,no,no,False
102269146,METROPOLITAN NASHVILLE POLICE DEPT,20190015537,Davidson,Nashville,1/7/2019 6:20:00 AM,2,1,0,36.105730,-86.629080,BELL RD,,,,571.00,Feet,South,NED SHELTON RD,,,,0.00,N,Not at Intersection,N,Non-Junction,None,,,         ,Gerry,Hutcheson,Clear,"Sideswipe, Opposite Direction",no,no,no,no,no,False
102269168,METROPOLITAN NASHVILLE POLICE DEPT,20190015493,Davidson,Nashville,1/7/2019 5:45:00 AM,4,0,0,36.045430,-86.703700,OLD HICKORY BLVD,,,,27.00,Feet,West,EULALA DR,,,,0.00,N,Not at Intersection,N,Non-Junction,None,,,         ,Jefferson,Hughes,Clear,Front to Rear,no,no,no,no,no,False
102269175,METROPOLITAN NASHVILLE POLICE DEPT,20190015573,Davidson,Not in City Limit,1/7/2019 6:21:00 AM,2,0,0,36.322530,-86.860400,I 24,,,,0.00,,,,,,,35.40,N,Not at Intersection, ,Non-Junction,None,,,         ,Steven,Smith,Clear,"Sideswipe, Same Direction",no,no,no,no,no,False
102269178,METROPOLITAN NASHVILLE POLICE DEPT,20190015635,Davidson,Nashville,1/7/2019 6:23:00 AM,2,0,0,36.047730,-86.656180,HICKORY HOLLOW PKWY,,,,98.00,Feet,West,BELL RD,,,,0.00,N,Not at Intersection,N,Non-Junction,None,,,         ,Jessie,Meadows,Clear,Front to Rear,no,no,no,no,yes,False
102269179,METROPOLITAN NASHVILLE POLICE DEPT,20190015685,Davidson,Antioch,1/7/2019 7:10:00 AM,2,0,0,36.012530,-86.602280,J P HENNESSY DR,,,,1309.00,Feet,South,CORPORATE PL,,,,0.00,N,Not at Intersection, ,Non-Junction,None,,,         ,Jessie,Meadows,Clear,"Sideswipe, Same Direction",no,no,no,no,no,False
102269184,METROPOLITAN NASHVILLE POLICE DEPT,20190015633,Davidson,Nashville,1/7/2019 7:20:00 AM,1,0,0,36.160700,-86.777920,BROADWAY,,,,174.00,Feet,East,5TH AVS,,,,0.00,N,Not at Intersection, ,Non-Junction,None,,,         ,Tony,Folad,Clear,Not Collision with Motor Vehicle in Transport,no,no,no,no,no,False
102269189,METROPOLITAN NASHVILLE POLICE DEPT,20190015712,Davidson,Nashville,1/7/2019 8:15:00 AM,2,0,0,36.168570,-86.813360,I40 E EXT RAMP,,,,0.00,,,I 40,,,,0.00,Y,T-Intersection, ,Intersection,None,,,         ,Wesley,Young,Clear,Front to Rear,no,no,no,no,no,False
102269218,METROPOLITAN NASHVILLE POLICE DEPT,20190015909,Davidson,Nashville,1/7/2019 9:32:00 AM,2,0,0,36.109450,-86.728050,BRILEY PKWYN,,,,0.00,Feet,,EAST THOMPSON LN,,,,0.00,Y,Four-Way, ,Intersection,None,,,         ,Adam,Warren,Cloudy,Front to Rear,no,no,no,no,no,False
102269227,METROPOLITAN NASHVILLE POLICE DEPT,20190015829,Davidson,Nashville,1/7/2019 9:02:00 AM,2,1,0,36.116160,-86.794720,I 440,,,,0.00,,,,,,,3.70,N,Not at Intersection,N,Non-Junction,None,,,         ,Jon,Mcvey,Clear,Front to Rear,no,no,no,no,no,False
102269228,METROPOLITAN NASHVILLE POLICE DEPT,20190015921,Davidson,Nashville,1/7/2019 9:25:00 AM,2,0,0,36.116270,-86.789670,I 440,,,,0.00,,,,,,,4.00,N,Not at Intersection, ,,None,,,         ,Jon,Mcvey,,,no,no,no,no,no,False
102269233,METROPOLITAN NASHVILLE POLICE DEPT,20190015861,Davidson,Nashville,1/7/2019 9:09:00 AM,2,0,0,36.045410,-86.703320,OLD HICKORY BLVD,,,,85.00,Feet,East,EULALA DR,,,,0.00,N,Not at Intersection, ,Non-Junction,None,,,         ,Jessie,Meadows,Clear,Front to Rear,no,no,no,no,no,False
102269242,METROPOLITAN NASHVILLE POLICE DEPT,2019-0016018,Davidson,Nashville,1/7/2019 10:18:00 AM,2,1,0,36.156140,-86.802860,20TH AVN,,,,43.00,Feet,South,MURPHY AV,,,,0.00,N,Not at Intersection, ,Non-Junction,None,,,         ,Timothy,Edwards,Clear,"Sideswipe, Same Direction",no,no,no,no,no,False
102269251,METROPOLITAN NASHVILLE POLICE DEPT,20190015835,Davidson,Nashville,1/7/2019 6:44:00 AM,3,0,0,36.151140,-86.769640,I 40,,,,0.00,,,,,,,210.45,N,Not at Intersection,N,Non-Junction,None,,,         ,Destiny,Zunic,Clear,Front to Rear,no,no,no,no,yes,False
102269253,METROPOLITAN NASHVILLE POLICE DEPT,20190016078,Davidson,Nashville,1/7/2019 8:54:00 AM,2,0,0,36.157970,-86.791530,CHURCH ST,,,,29.00,Feet,East,14TH AVN,,,,0.00,N,Not at Intersection,N,Non-Junction,None,,,         ,Jon,Mcvey,Clear,Angle,no,no,no,no,yes,False
102269255,METROPOLITAN NASHVILLE POLICE DEPT,20190016081,Davidson,Nashville,1/7/2019 11:00:00 AM,2,0,0,36.151410,-86.853690,RICHLAND CREEK SHOPPING CENTER,,,,87.00,Feet,North,CHARLOTTE AV,,,,0.00,N,Not at Intersection, ,Non-Junction,None,,,         ,Curtis,Rich,Clear,Angle,no,no,no,yes,no,False
102269256,BELLE MEADE POLICE DEPT,19-0012,Davidson,Belle Meade,1/7/2019 7:38:00 AM,2,0,0,36.122170,-86.851500,HARDING PKE,,,,74.00,Feet,West,HILLWOOD BLVD,,,,0.00,N,Not at Intersection, ,Non-Junction,None,,,         ,Katelyn,Cloxton,Clear,Front to Rear,no,no,no,no,no,False
102269267,METROPOLITAN NASHVILLE POLICE DEPT,20190015990,Davidson,Nashville,1/7/2019 11:15:00 AM,2,0,0,36.157070,-86.630530,I40 W EXT RAMP,,,,298.00,Feet,East,STEWARTS FERRY PKWY,,,,0.00,N,Not at Intersection, ,Non-Junction,None,,,         ,Thomas,Odom,Clear,Front to Rear,no,no,no,no,no,False
102269272,METROPOLITAN NASHVILLE POLICE DEPT,20190015925,Davidson,Nashville,1/7/2019 9:26:00 AM,2,1,0,36.184360,-86.610200,ANDREW JACKSON PKWY,,,,291.00,Feet,North,OLD HICKORY BLVD,,,,0.00,N,Not at Intersection,N,Non-Junction,None,,,         ,Tien,Nguyen,Clear,Front to Rear,no,no,no,no,yes,False
102269278,METROPOLITAN NASHVILLE POLICE DEPT,20190016171,Davidson,Not in City Limit,1/7/2019 11:40:00 AM,1,0,0,36.088150,-86.942720,I 40,,,,0.00,,,,,,,197.25,N,Not at Intersection,N,Non-Junction,None,,,         ,Douglas,Atwood,Clear,Not Collision with Motor Vehicle in Transport,no,no,no,no,no,False
102269280,METROPOLITAN NASHVILLE POLICE DEPT,20190015920,Davidson,Nashville,1/7/2019 9:50:00 AM,3,1,0,36.052430,-86.644690,BELL RD,,,,104.00,Feet,North,EAGLE VIEW BLVD,,,,0.00,N,Not at Intersection,N,Non-Junction,None,,,         ,Jessie,Meadows,Clear,Angle,no,no,no,no,no,False
102269281,METROPOLITAN NASHVILLE POLICE DEPT,20190016222,Davidson,Nashville,1/7/2019 11:44:00 AM,2,0,0,36.125880,-86.814380,I 440,,,,0.00,,,,,,,2.30,N,Not at Intersection, ,Non-Junction,Construction Zone,,,         ,Curtis,Rich,Cloudy,Front to Rear,no,no,no,no,no,False
102269284,METROPOLITAN NASHVILLE POLICE DEPT,20190016170,Davidson,Nashville,1/7/2019 11:54:00 AM,2,0,0,36.140080,-86.776310,I 65,,,,0.00,,,,,,,81.80,N,Not at Intersection, ,Non-Junction,None,,,         ,John,Chambers,Cloudy,Angle,no,no,no,no,no,False
102269285,METROPOLITAN NASHVILLE POLICE DEPT,20190016203,Davidson,Nashville,1/7/2019 12:00:00 PM,2,0,0,36.074480,-86.920940,OLD HICKORY BLVD,,,,0.00,,,HIGHWAY 70S,,,,0.00,Y,Four-Way, ,Intersection,None,,,         ,Benjamin,Cantrell,Cloudy,Angle,no,no,no,no,no,False
102269309,METROPOLITAN NASHVILLE POLICE DEPT,20190016188,Davidson,Nashville,1/7/2019 11:40:00 AM,2,0,0,36.136100,-86.800940,21ST AVS,,,,174.00,Feet,North,ACKLEN AV,,,,0.00,N,Not at Intersection, ,Non-Junction,None,,,         ,David,Lang,Clear,Front to Rear,no,no,no,no,no,Campus
102269315,METROPOLITAN NASHVILLE POLICE DEPT,20190016183,Davidson,Nashville,1/7/2019 12:02:00 PM,2,0,0,36.086970,-86.648490,NASHBORO BLVD,,,,59.00,Feet,East,MURFREESBORO PKE,,,,0.00,N,Not at Intersection,N,Non-Junction,None,,,         ,Jessie,Meadows,Clear,"Sideswipe, Same Direction",no,no,no,no,yes,False
102269364,METROPOLITAN NASHVILLE POLICE DEPT,20190016396,Davidson,Nashville,1/7/2019 9:15:00 AM,1,0,0,36.153470,-86.852060,I 40,,,,0.00,,,,,,,204.30,N,Not at Intersection, ,Non-Junction,None,,,         ,Donald,Davidson,Clear,Not Collision with Motor Vehicle in Transport,no,no,no,no,no,False
102269379,METROPOLITAN NASHVILLE POLICE DEPT,20190016357,Davidson,Nashville,1/7/2019 12:50:00 PM,2,0,0,36.111090,-86.754600,THOMPSON LN,,,,38.00,Feet,West,EUGENIA AV,,,,0.00,N,Not at Intersection, ,Non-Junction,None,,,         ,Jon,Mcvey,Cloudy,Front to Rear,no,no,no,no,no,False
102269412,METROPOLITAN NASHVILLE POLICE DEPT,2019-0015751,Davidson,Nashville,1/7/2019 8:15:00 AM,2,0,0,36.157020,-86.789800,I40 W EXT RAMP,,,,0.00,,,I 40,,,,0.00,Y,OTHER,N,Non-Junction,None,,,         ,Gregory,Julia,Clear,Front to Rear,no,no,no,no,no,False
102269418,METROPOLITAN NASHVILLE POLICE DEPT,20190016186,Davidson,Nashville,1/7/2019 12:00:00 PM,2,1,0,36.128490,-86.842150,HARDING PKE,,,,611.00,Feet,East,BRIXWORTH LN,,,,0.00,N,Not at Intersection,N,Non-Junction,None,,,         ,Brian,Myatt,Cloudy,Front to Rear,no,no,no,no,no,False
102269424,METROPOLITAN NASHVILLE POLICE DEPT,20190016403,Davidson,Nashville,1/7/2019 12:54:00 PM,2,0,0,36.080490,-86.726610,NOLENSVILLE PKE,,,,334.00,Feet,North,HARDING PL,,,,0.00,N,Not at Intersection,N,Non-Junction,None,,,         ,Gary,Sneed,Cloudy,"Sideswipe, Same Direction",no,no,no,no,yes,False
102269443,METROPOLITAN NASHVILLE POLICE DEPT,20190016423,Davidson,Nashville,1/7/2019 1:24:00 PM,2,1,0,36.068940,-86.680480,RICHARDS RD,,,,193.00,Feet,West,DELIA DR,,,,0.00,N,Not at Intersection,N,Non-Junction,None,,,         ,Jessie,Meadows,Clear,"Sideswipe, Same Direction",no,no,no,no,yes,False
102269457,METROPOLITAN NASHVILLE POLICE DEPT,20190016401,Davidson,Not in City Limit,1/7/2019 1:16:00 PM,2,0,0,36.262420,-86.712140,GALLATIN PKES,,,,78.00,Feet,North,E OLD HICKORY BLVD,,,,0.00,N,Not at Intersection, ,Non-Junction,None,,,         ,Michelle,Steidl,Cloudy,Front to Rear,no,no,no,no,no,False
102269534,METROPOLITAN NASHVILLE POLICE DEPT,20190016516,Davidson,Not in City Limit,1/7/2019 1:00:00 PM,1,0,0,36.326700,-86.904530,DOUGLAS RD,,,,1811.00,Feet,North,CLARKSVILLE PKE,,,,0.00,N,Not at Intersection,N,Non-Junction,None,,,         ,Jeanine,Sarno,Cloudy,Not Collision with Motor Vehicle in Transport,no,no,no,no,no,False
102269572,METROPOLITAN NASHVILLE POLICE DEPT,20190016493,Davidson,Nashville,1/7/2019 1:53:00 PM,3,1,0,36.182270,-86.607960,OLD HICKORY BLVD,,,,0.00,,,ANDREW JACKSON WAY,,,,0.00,Y,Four-Way,N,Intersection,None,,,         ,Thomas,Odom,Clear,Angle,no,no,no,no,no,False
102269574,METROPOLITAN NASHVILLE POLICE DEPT,2019-0016376,Davidson,Nashville,1/7/2019 1:07:00 PM,2,0,0,36.084560,-86.744520,ELYSIAN FIELDS RD,,,,0.00,Feet,East,DANBY DR,,,,0.00,N,Not at Intersection, ,Non-Junction,None,,,         ,Sean,Williams,Clear,Front to Rear,no,no,no,no,no,False
102269596,METROPOLITAN NASHVILLE POLICE DEPT,20190016609,Davidson,Nashville,1/7/2019 2:52:00 PM,2,0,0,36.116280,-86.798520,I 440,,,,0.00,,,,,,,3.35,N,Not at Intersection, ,Non-Junction,None,,,         ,FELIKS,ABRAHAMYAN,Clear,Front to Rear,no,no,no,no,no,False
102269605,METROPOLITAN NASHVILLE POLICE DEPT,20190016459,Davidson,Nashville,1/7/2019 1:37:00 PM,1,0,0,36.252710,-86.715270,E MEADE AV,,,,67.00,Feet,North,EMMITT AV,,,,0.00,N,Not at Intersection,N,Non-Junction,None,,,         ,Samuel,Kersten,Cloudy,Not Collision with Motor Vehicle in Transport,no,no,no,no,yes,False
102269606,VANDERBILT UNIVERSITY POLICE,20190016681,Davidson,Nashville,1/7/2019 3:00:00 PM,1,0,0,36.139970,-86.803970,PIERCE AV,,,,349.00,Feet,East,24TH AVS,,,,0.00,N,Not at Intersection, ,Non-Junction,None,,,         ,Charles,Stevens,Clear,Not Collision with Motor Vehicle in Transport,no,no,no,no,no,Campus
102269608,THP District 3 - Nashville,319000459,Davidson,Goodlettsville,1/3/2019 6:45:00 AM,2,0,0,36.308550,-86.691610,VIETNAM VETERANS BLVDS,,,,150.00,Feet,West,LIBERTY LN,,,,0.00,N,Not at Intersection,N,Non-Junction,None,,,         ,Matthew,Priest,Rain,Front to Rear,no,no,no,no,no,False
102269638,METROPOLITAN NASHVILLE POLICE DEPT,20190016772,Davidson,Nashville,1/7/2019 3:45:00 PM,2,0,0,36.173590,-86.602150,OLD HICKORY BLVD,,,,0.00,,,CENTRAL PKE,,,,0.00,Y,Four-Way,N,Intersection-Related,None,,,         ,David,Stanley,Cloudy,Angle,no,no,no,no,yes,False
102269645,METROPOLITAN NASHVILLE POLICE DEPT,20190016834,Davidson,Nashville,1/7/2019 12:00:00 AM,2,1,0,36.148620,-86.857900,WHITE BRIDGE PKE,,,,73.00,Feet,North,LENOX AV,,,,0.00,N,Not at Intersection,N,Non-Junction,None,,,         ,Kelby,Dumond,Clear,"Sideswipe, Opposite Direction",no,no,no,no,no,False
102269668,METROPOLITAN NASHVILLE POLICE DEPT,20190016891,Davidson,Nashville,1/7/2019 4:12:00 PM,2,0,0,36.104230,-86.691750,MCGAVOCK PKE,,,,0.00,Feet,East,CURREY RD,,,,0.00,N,Not at Intersection, ,Non-Junction,None,,,         ,Andrew,Brazee,Cloudy,"Sideswipe, Opposite Direction",no,no,no,no,no,False
102269676,METROPOLITAN NASHVILLE POLICE DEPT,20190016941,Davidson,Nashville,1/7/2019 4:49:00 PM,2,0,0,36.109130,-86.769690,I 65,,,,0.00,,,,,,,79.70,N,Not at Intersection,N,Non-Junction,None,,,         ,FELIKS,ABRAHAMYAN,Clear,Front to Rear,no,no,no,no,yes,False
102269687,METROPOLITAN NASHVILLE POLICE DEPT,20190016828,Davidson,Nashville,1/7/2019 4:05:00 PM,2,0,0,36.131020,-86.834210,WILSON BLVDS,,,,151.00,Feet,South,WEST END AV,,,,0.00,N,Not at Intersection, ,Non-Junction,None,,,         ,Torian,Cox,Clear,"Sideswipe, Same Direction",no,no,no,no,no,False
102269706,METROPOLITAN NASHVILLE POLICE DEPT,20190016963,Davidson,Nashville,1/7/2019 5:04:00 PM,3,0,0,36.144050,-86.822590,I 440,,,,0.00,,,,,,,1.00,N,Not at Intersection,N,Non-Junction,None,,,         ,Ty,Cummings,Clear,Front to Rear,no,no,no,no,yes,False
102269709,METROPOLITAN NASHVILLE POLICE DEPT,20190016971,Davidson,Nashville,1/7/2019 5:19:00 PM,2,0,0,36.182580,-86.761420,ELLINGTON PKWYN,,,,97.00,Feet,South,ELLINGTON PKWYS,,,,0.00,N,Not at Intersection,N,Non-Junction,None,,,         ,Marc,Kozen,Clear,Front to Rear,no,no,no,no,no,False
102269710,METROPOLITAN NASHVILLE POLICE DEPT,20190017044,Davidson,Nashville,1/7/2019 5:48:00 PM,5,0,0,36.240510,-86.723520,GALLATIN PKES,,,,629.00,Feet,North,GALLATIN PKE,,,,0.00,N,Not at Intersection,N,Non-Junction,None,,,         ,Christopher,Littles,Cloudy,Front to Rear,no,no,no,no,no,False
102269711,METROPOLITAN NASHVILLE POLICE DEPT,20190017005,Davidson,Not in City Limit,1/7/2019 5:30:00 PM,2,0,0,36.261240,-86.712530,GALLATIN PKES,,,,0.00,,,MAPLE ST,,,,0.00,Y,T-Intersection, ,Non-Junction,None,,,         ,Christopher,Littles,Cloudy,Angle,no,no,no,no,no,False
102269714,METROPOLITAN NASHVILLE POLICE DEPT,20190017132,Davidson,Nashville,1/7/2019 6:25:00 PM,2,2,0,36.035450,-86.638360,CROSSINGS BLVD,,,,0.00,Feet,East,OLD FRANKLIN RD,,,,0.00,N,Not at Intersection,N,Non-Junction,None,,,         ,Jesse,Cox,Clear,Angle,no,no,no,no,no,False
102269715,METROPOLITAN NASHVILLE POLICE DEPT,20190016987,Davidson,Nashville,1/7/2019 5:25:00 PM,2,1,0,36.109140,-86.726570,BRILEY PKWYN,,,,351.00,Feet,West,BRILEY PKWYS,,,,0.00,N,Not at Intersection,N,Non-Junction,None,,,         ,Devonte,Coleman,Clear,Front to Rear,no,no,no,no,no,False
102269717,METROPOLITAN NASHVILLE POLICE DEPT,20190017189,Davidson,Nashville,1/7/2019 12:00:00 AM,1,1,0,36.167790,-86.820750,JEFFERSON ST,,,,0.00,Feet,,ED TEMPLE BLVD,,,,0.00,Y,Four-Way,N,Intersection-Related,None,,,         ,Jessica,Johann,Clear,Not Collision with Motor Vehicle in Transport,yes,no,no,no,yes,False
102269719,METROPOLITAN NASHVILLE POLICE DEPT,20190017146,Davidson,Nashville,1/7/2019 5:39:00 PM,2,0,0,36.238180,-86.782080,BRILEY PKWYE,,,,281.00,Feet,East,I24 W EXT RAMP,,,,0.00,N,Not at Intersection, ,,None,,,         ,Michael,Quinn,,,no,no,no,no,no,False
102269732,METROPOLITAN NASHVILLE POLICE DEPT,20190017122,Davidson,Nashville,1/7/2019 6:27:00 PM,4,1,0,36.192430,-86.616160,JUAREZ DR,,,,0.00,,,HERMITAGE MARKETPLACE PVTDR,,,,0.00,Y,Four-Way,N,Intersection,None,,,         ,Deandera,Payne,Clear,Front to Rear,no,no,no,no,yes,False
102269739,METROPOLITAN NASHVILLE POLICE DEPT,20190017286,Davidson,Not in City Limit,1/7/2019 7:33:00 PM,2,0,0,36.264210,-86.733860,HEAD DR,,,,0.00,,,OLD HICKORY BLVDW,,,,0.00,Y,T-Intersection,N,Intersection,None,,,         ,Christopher,Littles,Cloudy,Rear to Side,no,no,no,no,yes,False
102269740,METROPOLITAN NASHVILLE POLICE DEPT,20190017147,Davidson,Nashville,1/7/2019 6:00:00 PM,3,1,0,36.070880,-86.769700,I 65,,,,0.00,,,,,,,77.00,N,Not at Intersection,N,Non-Junction,None,,,         ,FELIKS,ABRAHAMYAN,Clear,Front to Rear,no,no,no,no,no,False
102269746,METROPOLITAN NASHVILLE POLICE DEPT,20190016973,Davidson,Nashville,1/7/2019 5:10:00 PM,2,0,0,36.151100,-86.769390,I 40,,,,0.00,,,,,,,210.45,N,Not at Intersection,Y,Entrance/Exit Ramp Related,None,,,         ,Jonathan,Sharp,Cloudy,Front to Rear,no,no,no,no,no,False
102269755,METROPOLITAN NASHVILLE POLICE DEPT,20190016919,Davidson,Not in City Limit,1/7/2019 4:56:00 PM,1,0,0,36.077310,-87.011780,I 40,,,,0.00,,,,,,,193.00,N,Not at Intersection,N,Non-Junction,None,,,         ,Jeremy,Huffine,Clear,Not Collision with Motor Vehicle in Transport,no,no,no,no,no,False
102269757,METROPOLITAN NASHVILLE POLICE DEPT,20190017106,Davidson,Not in City Limit,1/7/2019 6:16:00 PM,3,2,0,36.078880,-86.948720,BELLEVUE CTR PVTDR,,,,0.00,,,HIGHWAY 70S,,,,0.00,Y,Four-Way,N,Intersection-Related,None,,,         ,Jeffrey,Mullins,Clear,Angle,no,no,no,no,no,False
102269784,METROPOLITAN NASHVILLE POLICE DEPT,20190016841,Davidson,Nashville,1/7/2019 4:11:00 PM,2,0,0,36.040010,-86.743470,OLD HICKORY BLVD,,,,0.00,,,EDMONDSON PKE,,,,0.00,Y,Four-Way,N,Intersection,None,,,         ,Akira,McSwain,Clear,Front to Rear,no,no,no,no,no,False