master_record_number,agency,agency_tracking_number,county,city,collision_date,vehicles_involved,number_injured,number_dead,latitude,longitude,roadway_name,roadway_suffix,roadway_number,roadway_local_id,distance_from_reference,miles-feet_indicator,direction_from_reference,intersection_road_name,intersection_road_name_suffix,intersection_road_number,intersection_local_id,mile_marker,intersection_indicator,intersect_type,interchange_related_indicator,relation_to_junction,work_zone_type,construction_maintenance_zone,construction_maintenance_zone_location,fatal_case_number,officer_first_name,officer_last_name,weather_condition(s),manner_of_crash,pedestrian,bicycle,scooter,parking,hitrun,mou
102269785,METROPOLITAN NASHVILLE POLICE DEPT,20190017025,Davidson,Nashville,1/7/2019 5:29:00 PM,2,0,0,36.112810,-86.773080,I65 S ENT RAMP,,,,0.00,Feet,East,I 65,,,,0.00,N,Not at Intersection, ,,None,,,         ,Akira,McSwain,,,no,no,no,no,no,False
102269786,METROPOLITAN NASHVILLE POLICE DEPT,20190017150,Davidson,Nashville,1/7/2019 6:13:00 PM,2,0,0,36.141240,-86.814470,31ST AVS,,,,0.00,,,VANDERBILT PL,,,,0.00,Y,T-Intersection, ,Non-Junction,None,,,         ,Akira,McSwain,Clear,Angle,no,no,no,no,no,Campus
102269792,METROPOLITAN NASHVILLE POLICE DEPT,20190017304,Davidson,Nashville,1/7/2019 6:00:00 PM,2,0,0,36.124420,-86.833310,WOODLAWN DR,,,,0.00,,,WILSON BLVDS,,,,0.00,Y,Four-Way,N,Intersection-Related,None,,,         ,Torian,Cox,Clear,Other,no,no,no,no,no,False
102269795,METROPOLITAN NASHVILLE POLICE DEPT,20190017194,Davidson,Not in City Limit,1/7/2019 5:56:00 PM,2,0,0,35.998630,-86.692340,NOLENSVILLE PKE,,,,439.00,Feet,East,CONCORD HILLS DR,,,,0.00,N,Not at Intersection, ,Non-Junction,None,,,         ,Andrew,Brazee,Clear,Front to Rear,no,no,no,no,no,False
102269812,METROPOLITAN NASHVILLE POLICE DEPT,20190017350,Davidson,Not in City Limit,1/7/2019 7:00:00 PM,2,0,0,36.095160,-86.937460,I 40,,,,0.00,,,,,,,197.80,N,Not at Intersection, ,Non-Junction,None,,,         ,Brandon,Pedigo,Cloudy,Front to Rear,no,no,no,no,no,False
102269813,METROPOLITAN NASHVILLE POLICE DEPT,2019-0017309,Davidson,Nashville,1/7/2019 6:35:00 PM,2,0,0,36.039850,-86.781130,OLD HICKORY BLVD,,,,150.00,Feet,West,I65 N ENT RAMP,,,,0.00,N,Not at Intersection, ,,None,,,         ,William,King,,,no,no,no,no,no,False
102269823,METROPOLITAN NASHVILLE POLICE DEPT,20190017048,Davidson,Nashville,1/7/2019 5:45:00 PM,2,0,0,36.144370,-86.647370,I 40,,,,0.00,,,,,,,217.25,N,Not at Intersection, ,Non-Junction,None,,,         ,Dontaveous,Eubanks,Clear,Front to Rear,no,no,no,no,no,False
102269843,METROPOLITAN NASHVILLE POLICE DEPT,20190016836,Davidson,Nashville,1/7/2019 12:00:00 AM,2,0,0,36.153840,-86.756080,HERMITAGE AV,,,,0.00,,,FAIRFIELD AV,,,,0.00,Y,Four-Way, ,Intersection-Related,None,,,         ,Alexander,Spradling,Clear,"Sideswipe, Same Direction",no,no,no,no,no,False
102269844,METROPOLITAN NASHVILLE POLICE DEPT,20190017269,Davidson,Nashville,1/7/2019 6:36:00 PM,2,0,0,36.043620,-86.661620,CANE RIDGE RD,,,,53.00,Feet,North,CANEWOOD DR,,,,0.00,N,Not at Intersection, ,Non-Junction,None,,,         ,Andrew,Brazee,Clear,"Sideswipe, Same Direction",no,no,no,no,no,False
102269870,METROPOLITAN NASHVILLE POLICE DEPT,20190017369,Davidson,Nashville,1/7/2019 8:49:00 PM,2,0,0,36.046310,-86.657560,BELL RD,,,,153.00,Feet,East,COLLINS PARK DR,,,,0.00,N,Not at Intersection, ,Non-Junction,None,,,         ,Jesse,Cox,Clear,Front to Rear,no,no,no,no,no,False
102269873,METROPOLITAN NASHVILLE POLICE DEPT,20190017328,Davidson,Nashville,1/7/2019 5:31:00 PM,2,0,0,36.150550,-86.767530,LAFAYETTE ST,,,,93.00,Feet,East,2ND AVS,,,,0.00,N,Not at Intersection, ,Non-Junction,None,,,         ,Andrew,Brazee,Clear,"Sideswipe, Same Direction",no,no,no,no,no,False
102269875,METROPOLITAN NASHVILLE POLICE DEPT,20190017440,Davidson,Nashville,1/7/2019 8:50:00 PM,2,0,0,36.041400,-86.779850,FRANKLIN PIKE CIR,,,,229.00,Feet,North,OLD HICKORY BLVD,,,,0.00,N,Not at Intersection,N,Non-Junction,None,,,         ,Akira,McSwain,Clear,"Sideswipe, Same Direction",no,no,no,yes,yes,False
102269942,METROPOLITAN NASHVILLE POLICE DEPT,20190016819,Davidson,Nashville,1/7/2019 3:07:00 PM,2,0,0,36.207190,-86.605470,ANDREW JACKSON PKWY,,,,133.00,Feet,North,HIGHLAND VIEW DR,,,,0.00,N,Not at Intersection, ,,Maintenance Zone,,,         ,Terence,Mitchell,,,no,no,no,no,no,False
102269968,METROPOLITAN NASHVILLE POLICE DEPT,20190017075,Davidson,Nashville,1/7/2019 6:02:00 PM,2,3,0,36.089460,-86.719570,PARAGON MILLS RD,,,,355.00,Feet,West,ASTER DR,,,,0.00,N,Not at Intersection,N,Non-Junction,None,,,         ,Devonte,Coleman,Clear,HeadOn,no,no,no,no,yes,False
102269991,METROPOLITAN NASHVILLE POLICE DEPT,20190017731,Davidson,Not in City Limit,1/8/2019 12:00:00 AM,1,0,0,36.281450,-86.707850,GALLATIN PKEN,,,,11.00,Feet,South,MCKINLEY ST,,,,0.00,N,Not at Intersection,N,Non-Junction,None,,,         ,Brandon,Wood,Clear,Not Collision with Motor Vehicle in Transport,no,no,no,no,yes,False
102269996,METROPOLITAN NASHVILLE POLICE DEPT,20190017727,Davidson,Nashville,1/8/2019 12:31:00 AM,1,0,0,36.228500,-86.690100,PENNINGTON BEND RD,,,,1953.00,Feet,North,VALLEY BEND DR,,,,0.00,N,Not at Intersection,N,Non-Junction,None,,,         ,Ralph,Smith IV,Clear,Not Collision with Motor Vehicle in Transport,no,no,no,no,no,False
102270011,METROPOLITAN NASHVILLE POLICE DEPT,20190017699,Davidson,Nashville,1/8/2019 12:14:00 AM,2,2,0,36.174730,-86.614260,DODSON CHAPEL RD,,,,0.00,,,CENTRAL PKE,,,,0.00,Y,Four-Way,N,Non-Junction,None,,,         ,Joao,Pinho,Clear,Angle,no,no,no,no,no,False
102270044,METROPOLITAN NASHVILLE POLICE DEPT,20190017951,Davidson,Lakewood,1/8/2019 2:50:00 AM,1,0,0,36.241880,-86.634050,OLD HICKORY BLVD,,,,190.00,Feet,West,IRIS AV,,,,0.00,N,Not at Intersection,N,Non-Junction,None,,,         ,Michael,Griggs,Clear,Not Collision with Motor Vehicle in Transport,no,no,no,no,no,False
102270059,METROPOLITAN NASHVILLE POLICE DEPT,20190018108,Davidson,Nashville,1/8/2019 4:50:00 AM,2,0,0,36.233630,-86.724800,GALLATIN PKE SB EXT RAMP,,,,0.00,,,GALLATIN PKE,,,,0.00,Y,Four-Way, ,Intersection,None,,,         ,Douglas,Smith,Clear,"Sideswipe, Same Direction",no,no,no,no,no,False
102270098,METROPOLITAN NASHVILLE POLICE DEPT,20190018169,Davidson,Nashville,1/8/2019 12:00:00 AM,2,0,0,36.154050,-86.757560,I 40,,,,0.00,,,,,,,211.10,N,Not at Intersection, ,Entrance/Exit Ramp Related,None,,,         ,Frederick,Ware,Clear,"Sideswipe, Same Direction",no,no,no,no,no,False
102270129,METROPOLITAN NASHVILLE POLICE DEPT,20190018243,Davidson,Nashville,1/8/2019 6:17:00 AM,2,0,0,36.150500,-86.749190,I 40,,,,0.00,,,,,,,211.65,N,Not at Intersection,N,Non-Junction,None,,,         ,Jeremy,Spoonemore,Clear,"Sideswipe, Same Direction",no,no,no,no,yes,False
102270134,METROPOLITAN NASHVILLE POLICE DEPT,20190018252,Davidson,Nashville,1/8/2019 6:36:00 AM,3,0,0,36.141010,-86.719260,I40 W EXT RAMP,,,,0.00,Feet,East,I 40,,,,0.00,N,Not at Intersection, ,Non-Junction,None,,,         ,Tien,Nguyen,Clear,Front to Rear,no,no,no,no,no,False
102270138,METROPOLITAN NASHVILLE POLICE DEPT,20190018238,Davidson,Nashville,1/8/2019 5:45:00 AM,2,0,0,36.110790,-86.742960,THOMPSON LN,,,,0.00,,,FOSTER AV,,,,0.00,Y,T-Intersection,N,Intersection,None,,,         ,Todd,Watson,Cloudy,Angle,no,no,no,no,yes,False
102270139,METROPOLITAN NASHVILLE POLICE DEPT,20190018295,Davidson,Nashville,1/8/2019 7:15:00 AM,2,0,0,36.086820,-86.775880,BATTERY LN,,,,590.00,Feet,East,CHURCHWOOD DR,,,,0.00,N,Not at Intersection,N,Non-Junction,None,,,         ,Justin,Pinkelton,Clear,Front to Rear,no,no,no,no,yes,False
102270147,METROPOLITAN NASHVILLE POLICE DEPT,20190018329,Davidson,Nashville,1/8/2019 6:40:00 AM,2,1,0,36.232330,-86.783980,I 24,,,,0.00,,,,,,,44.00,N,Not at Intersection,N,Non-Junction,None,,,         ,Jeanine,Sarno,Cloudy,"Sideswipe, Same Direction",no,no,no,no,no,False
102270153,METROPOLITAN NASHVILLE POLICE DEPT,20190018357,Davidson,Nashville,1/8/2019 7:45:00 AM,2,0,0,36.115880,-86.796240,I 440,,,,0.00,,,,,,,3.60,N,Not at Intersection,N,Non-Junction,None,,,         ,David,Lang,Clear,Front to Rear,no,no,no,no,no,False
102270157,METROPOLITAN NASHVILLE POLICE DEPT,20190018315,Davidson,Nashville,1/8/2019 7:20:00 AM,2,0,0,36.109380,-86.727780,BRILEY PKWYN,,,,80.00,Feet,East,BRILEY PKWYS,,,,0.00,N,Not at Intersection, ,Non-Junction,None,,,         ,James,Thomas,Cloudy,Front to Rear,no,no,no,no,no,False
102270158,METROPOLITAN NASHVILLE POLICE DEPT,20190018289,Davidson,Nashville,1/8/2019 6:52:00 AM,2,0,0,36.155350,-86.626680,I40 E ENT RAMP,,,,0.00,Feet,East,I 40,,,,0.00,N,Not at Intersection, ,Entrance/Exit Ramp Related,None,,,         ,MIchael,Mihajlov,Clear,Front to Rear,no,no,no,no,no,False
102270167,METROPOLITAN NASHVILLE POLICE DEPT,2019-0018383,Davidson,Nashville,1/8/2019 7:50:00 AM,2,0,0,36.232660,-86.769060,I 65,,,,0.00,,,,,,,89.20,N,Not at Intersection, ,Non-Junction,None,,,         ,Travis,Baxter,Clear,"Sideswipe, Same Direction",no,no,no,no,no,False
102270169,METROPOLITAN NASHVILLE POLICE DEPT,20190018468,Davidson,Nashville,1/8/2019 8:33:00 AM,2,0,0,36.154420,-86.832480,I 40,,,,0.00,,,,,,,205.35,N,Not at Intersection,N,Non-Junction,None,,,         ,Curtis,Rich,Clear,Front to Rear,no,no,no,no,no,False
102270182,METROPOLITAN NASHVILLE POLICE DEPT,2019-0018270,Davidson,Nashville,1/8/2019 7:10:00 AM,2,0,0,36.120820,-86.779280,VAULX LN,,,,0.00,,,KIRKWOOD AV,,,,0.00,Y,OTHER, ,Intersection,None,,,         ,Timothy,Edwards,Clear,Angle,no,no,no,no,no,False
102270190,METROPOLITAN NASHVILLE POLICE DEPT,20190018260,Davidson,Nashville,1/8/2019 7:03:00 AM,2,0,0,36.134340,-86.780980,WEDGEWOOD AV,,,,0.00,Feet,,ACKLEN AV,,,,0.00,Y,T-Intersection,N,Intersection-Related,None,,,         ,Jon,Mcvey,Cloudy,Front to Rear,no,no,no,no,no,False
102270191,METROPOLITAN NASHVILLE POLICE DEPT,20190018388,Davidson,Nashville,1/8/2019 7:56:00 AM,1,1,0,36.119730,-86.787280,LEALAND LN,,,,0.00,,,KIRKWOOD AV,,,,0.00,Y,Four-Way,N,Intersection,None,,,         ,Jon,Mcvey,Cloudy,Not Collision with Motor Vehicle in Transport,no,yes,no,no,no,False
102270196,METROPOLITAN NASHVILLE POLICE DEPT,20190018286,Davidson,Nashville,1/8/2019 12:00:00 AM,1,0,0,36.156310,-86.584080,JOHN HAGAR RD,,,,675.00,Feet,East,WINDCHASE RUN,,,,0.00,N,Not at Intersection,N,Non-Junction,None,,,         ,Phillip,Burke,Unknown,Not Collision with Motor Vehicle in Transport,no,no,no,no,yes,False
102270219,METROPOLITAN NASHVILLE POLICE DEPT,20190018338,Davidson,Nashville,1/8/2019 7:38:00 AM,2,0,0,36.249340,-86.736090,DUE WEST AVW,,,,168.00,Feet,West,BRIARVILLE RD,,,,0.00,N,Not at Intersection, ,Non-Junction,None,,,         ,Gabriel,Centeno,Cloudy,Front to Rear,no,no,no,no,no,False
102270221,METROPOLITAN NASHVILLE POLICE DEPT,20190018482,Davidson,Nashville,1/8/2019 8:41:00 AM,2,1,0,36.120530,-86.750020,MELROSE AV,,,,0.00,,,I440 E ENT RAMP,,,,0.00,Y,Four-Way,N,Intersection,None,,,         ,Justin,Pinkelton,Cloudy,Angle,no,no,no,no,no,False
102270223,METROPOLITAN NASHVILLE POLICE DEPT,20190018236,Davidson,Nashville,1/8/2019 6:00:00 AM,2,0,0,36.134860,-86.725410,I24 W EXT RAMP,,,,0.00,Feet,East,I 24,,,,0.00,N,Not at Intersection,N,Non-Junction,None,,,         ,Jessie,Meadows,Clear,Front to Rear,no,no,no,no,no,False
102270235,VANDERBILT UNIVERSITY POLICE,20190016352,Davidson,Nashville,1/7/2019 12:50:00 PM,2,0,0,36.147430,-86.806140,24TH AVS,,,,0.00,,,WEST SIDE ROW,,,,0.00,Y,OTHER, ,,Construction Zone,,,         ,Linda,Jennings,,,no,no,no,no,no,Campus
102270237,METROPOLITAN NASHVILLE POLICE DEPT,20190018499,Davidson,Nashville,1/8/2019 8:50:00 AM,2,0,0,36.125980,-86.814130,I 440,,,,0.00,,,,,,,2.30,N,Not at Intersection,N,Non-Junction,None,,,         ,Evan,Grace,Cloudy,Front to Rear,no,no,no,no,no,False
102270244,METROPOLITAN NASHVILLE POLICE DEPT,2018-0018608,Davidson,Nashville,1/8/2019 9:25:00 AM,2,0,0,36.243350,-86.758120,DOVERSIDE DR,,,,486.00,Feet,West,DICKERSON PKE,,,,0.00,N,Not at Intersection,N,"Driveway, Alley Access, etc",None,,,         ,Travis,Baxter,Clear,Angle,no,no,no,no,no,False
102270245,METROPOLITAN NASHVILLE POLICE DEPT,20190018280,Davidson,Not in City Limit,1/8/2019 7:32:00 AM,3,2,0,36.300570,-86.812210,I 24,,,,0.00,,,,,,,38.75,N,Not at Intersection,N,Non-Junction,None,,,         ,Wesley,Young,Cloudy,Front to Rear,no,no,no,no,no,False
102270246,METROPOLITAN NASHVILLE POLICE DEPT,20190018654,Davidson,Nashville,1/8/2019 9:55:00 AM,2,0,0,36.153070,-86.848610,51ST AVN,,,,0.00,,,ALABAMA AV,,,,0.00,Y,Four-Way, ,Intersection-Related,None,,,         ,Curtis,Rich,Cloudy,Front to Rear,no,no,no,no,no,False
102270250,METROPOLITAN NASHVILLE POLICE DEPT,20190018326,Davidson,Not in City Limit,1/8/2019 7:11:00 AM,2,0,0,36.305700,-86.816040,I 24,,,,0.00,,,,,,,38.35,N,Not at Intersection, ,Non-Junction,None,,,         ,Wesley,Young,Cloudy,Front to Rear,no,no,no,no,no,False
102270269,METROPOLITAN NASHVILLE POLICE DEPT,20190018789,Davidson,Not in City Limit,1/8/2019 10:50:00 AM,1,1,0,36.271520,-86.725600,RONNIE RD,,,,369.00,Feet,South,NESBITT LN,,,,0.00,N,Not at Intersection,N,Non-Junction,None,,,         ,Cyretha,Frazier,Cloudy,Not Collision with Motor Vehicle in Transport,no,no,no,no,no,False
102270277,METROPOLITAN NASHVILLE POLICE DEPT,20190018744,Davidson,Not in City Limit,1/8/2019 9:58:00 AM,2,0,0,36.274860,-86.690570,MYATT DR,,,,0.00,,,,,,,0.00,,,N,OtherLocation,None,,,         ,Michelle,Steidl,Cloudy,Angle,no,no,no,yes,no,False
102270278,METROPOLITAN NASHVILLE POLICE DEPT,20190018373,Davidson,Nashville,1/8/2019 7:55:00 AM,1,1,0,36.187230,-86.798440,ROSA L PARKS BLVD,,,,250.00,Feet,South,DOMINICAN DR,,,,0.00,N,Not at Intersection,N,Non-Junction,None,,,         ,Wesley,Young,Cloudy,Not Collision with Motor Vehicle in Transport,no,no,no,no,no,False
102270283,METROPOLITAN NASHVILLE POLICE DEPT,20190018860,Davidson,Nashville,1/8/2019 11:30:00 AM,2,0,0,36.134320,-86.780860,ACKLEN AV,,,,38.00,Feet,East,WEDGEWOOD AV,,,,0.00,N,Not at Intersection, ,Non-Junction,None,,,         ,Jon,Mcvey,Cloudy,Front to Rear,no,no,no,no,no,False
102270288,METROPOLITAN NASHVILLE POLICE DEPT,2019018883,Davidson,Nashville,1/8/2019 11:38:00 AM,2,0,0,36.147960,-86.799300,21ST AVS,,,,0.00,,,BROADWAY,,,,0.00,Y,Y-Intersection,N,Intersection,None,,,         ,William,Caillouette,Clear,Front to Rear,no,no,no,no,yes,Campus
102270292,METROPOLITAN NASHVILLE POLICE DEPT,20190018871,Davidson,Nashville,1/8/2019 11:33:00 AM,2,0,0,36.170320,-86.597940,I40 W EXT RAMP,,,,0.00,,,I 40,,,,0.00,Y,OTHER, ,Entrance/Exit Ramp Related,None,,,         ,Tien,Nguyen,Clear,"Sideswipe, Same Direction",no,no,no,no,no,False
102270293,METROPOLITAN NASHVILLE POLICE DEPT,20190018844,Davidson,Nashville,1/8/2019 11:15:00 AM,2,0,0,36.150690,-86.767950,LAFAYETTE ST,,,,0.00,,,2ND AVS,,,,0.00,Y,Four-Way, ,Intersection-Related,None,,,         ,Thomas,Odom,Clear,Front to Rear,no,no,no,no,no,False
102270338,METROPOLITAN NASHVILLE POLICE DEPT,20190019031,Davidson,Nashville,1/8/2019 11:19:00 AM,2,0,0,36.218000,-86.851210,SHADY DALE RD,,,,0.00,,,HOME HAVEN DR,,,,0.00,Y,T-Intersection, ,Intersection,None,,,         ,Wesley,Young,Clear,"Sideswipe, Opposite Direction",no,no,no,no,no,False
102270347,METROPOLITAN NASHVILLE POLICE DEPT,20190018961,Davidson,Goodlettsville,1/8/2019 11:11:00 AM,2,0,0,36.306840,-86.694360,CONFERENCE DR,,,,0.00,,,VIETNAM VETERANS BLVD NB ENT R,,,,0.00,Y,T-Intersection, ,Entrance/Exit Ramp Related,None,,,         ,Arthur,Hipp,Clear,Front to Rear,no,no,no,no,no,False
102270356,METROPOLITAN NASHVILLE POLICE DEPT,20190019067,Davidson,Nashville,1/8/2019 12:54:00 PM,2,0,0,36.130430,-86.899480,I40 W ENT RAMP,,,,0.00,,,I 40,,,,0.00,Y,T-Intersection,N,Intersection-Related,None,,,         ,Curtis,Rich,Clear,Front to Rear,no,no,no,no,no,False
102270373,METROPOLITAN NASHVILLE POLICE DEPT,20190019004,Davidson,Nashville,1/8/2019 12:20:00 PM,2,0,0,36.158660,-86.792210,14TH AVN,,,,124.00,Feet,South,I40 E EXT RAMP,,,,0.00,N,Not at Intersection,N,Non-Junction,None,,,         ,Jon,Mcvey,Clear,Angle,no,no,no,no,no,False
102270398,METROPOLITAN NASHVILLE POLICE DEPT,20190019038,Davidson,Nashville,1/8/2019 12:45:00 PM,2,0,0,36.139950,-86.818440,WEST END AV,,,,293.00,Feet,North,ORLEANS DR,,,,0.00,N,Not at Intersection, ,Non-Junction,None,,,         ,Evan,Grace,Clear,Front to Rear,no,no,no,no,no,False
102270426,METROPOLITAN NASHVILLE POLICE DEPT,20190019135,Davidson,Nashville,1/8/2019 1:00:00 PM,2,0,0,36.110710,-86.785510,WOODMONT BLVD,,,,602.00,Feet,East,LEALAND LN,,,,0.00,N,Not at Intersection,N,Non-Junction,None,,,         ,Justin,Pinkelton,Clear,"Sideswipe, Opposite Direction",no,no,no,no,yes,False
102270484,METROPOLITAN NASHVILLE POLICE DEPT,20190019176,Davidson,Nashville,1/8/2019 1:33:00 PM,2,0,0,36.150020,-86.675830,ROYAL PKWY,,,,28.00,Feet,East,PERIMETER PLACE DR,,,,0.00,N,Not at Intersection,N,Non-Junction,None,,,         ,Tien,Nguyen,Clear,Front to Rear,no,no,no,no,no,False
102270486,METROPOLITAN NASHVILLE POLICE DEPT,20190019023,Davidson,Nashville,1/8/2019 12:35:00 PM,3,1,0,36.197230,-86.776200,I 65,,,,0.00,,,,,,,86.70,N,Not at Intersection,N,Non-Junction,None,,,         ,James,Wray,Clear,Front to Rear,no,no,no,no,no,False
102270508,GOODLETTSVILLE POLICE DEPT,19-00902,Davidson,Goodlettsville,1/7/2019 6:15:00 PM,2,0,0,36.310320,-86.696680,VIETMAN VETERANS,BLVD,SR386,,0.00,,,,,,,2.00,N,Not at Intersection,N,Non-Junction,None,,,         ,William,Hunter,Cloudy,Front to Rear,no,no,no,no,no,False
102270626,METROPOLITAN NASHVILLE POLICE DEPT,20190019361,Davidson,Nashville,1/8/2019 3:00:00 PM,2,0,0,36.163320,-86.613120,BELL RD,,,,0.00,,,DODSON CHAPEL RD,,,,0.00,Y,T-Intersection, ,,None,,,         ,David,Stanley,,,no,no,no,no,no,False
102270628,METROPOLITAN NASHVILLE POLICE DEPT,20190019324,Davidson,Nashville,1/8/2019 2:44:00 PM,2,0,0,36.084920,-86.703440,TRAVELERS INN DR,,,,0.00,,,HARDING PL,,,,0.00,Y,T-Intersection,N,Intersection,None,,,         ,Je-Marc,Sears,Clear,Angle,no,no,no,no,no,False
102270646,METROPOLITAN NASHVILLE POLICE DEPT,20190019449,Davidson,Nashville,1/8/2019 12:00:00 AM,2,1,0,36.176910,-86.774580,SPRING ST,,,,0.00,,,N 1ST ST,,,,0.00,Y,Four-Way, ,Intersection-Related,None,,,         ,Trevor,Taylor,Clear,Front to Rear,no,no,no,no,no,False
102270660,BERRY HILL POLICE DEPT,19-0100,Davidson,Berry Hill,1/8/2019 12:00:00 AM,2,0,0,36.115970,-86.767760,AZALEA PL,,,,281.00,Feet,South,W IRIS DR,,,,0.00,N,Not at Intersection, ,,None,,,         ,John,Gleixner,,,no,no,no,no,no,False
102270668,METROPOLITAN NASHVILLE POLICE DEPT,20190019443,Davidson,Nashville,1/8/2019 3:02:00 PM,2,0,0,36.152090,-86.634900,I 40,,,,0.00,,,,,,,218.55,N,Not at Intersection, ,,None,,,         ,Seth,Vaughn,,,no,no,no,no,no,False
102270687,BERRY HILL POLICE DEPT,19-0088,Davidson,Berry Hill,1/7/2019 10:13:00 PM,2,0,0,36.113220,-86.768490,W IRIS DR,,,,0.00,,,AZALEA PL,,,,0.00,Y,OTHER,N,Non-Junction,None,,,         ,Roy,Morris,Clear,Not Collision with Motor Vehicle in Transport,no,no,no,no,yes,False
102270696,METROPOLITAN NASHVILLE POLICE DEPT,20190019335,Davidson,Not in City Limit,1/8/2019 2:40:00 PM,2,0,0,36.080430,-86.955270,I40 E EXT RAMP,,,,0.00,Feet,East,HIGHWAY 70S,,,,0.00,N,Not at Intersection, ,Non-Junction,None,,,         ,Walter,Gray II,Clear,Front to Rear,no,no,no,no,no,False
102270697,METROPOLITAN NASHVILLE POLICE DEPT,20190019492,Davidson,Nashville,1/8/2019 3:22:00 PM,2,0,0,36.125960,-86.846280,HARDING PKE,,,,75.00,Feet,East,KENNER AV,,,,0.00,N,Not at Intersection, ,Non-Junction,None,,,         ,Walter,Gray II,Clear,Front to Rear,no,no,no,no,no,False
102270708,METROPOLITAN NASHVILLE POLICE DEPT,20190019494,Davidson,Not in City Limit,1/8/2019 3:41:00 PM,3,1,0,36.346420,-86.873850,WHITES CREEK PKE,,,,331.00,Feet,East,GREENBRIER RD,,,,0.00,N,Not at Intersection,N,Non-Junction,None,,,         ,Brian,Woodard,Clear,Front to Rear,no,no,no,no,no,False
102270712,METROPOLITAN NASHVILLE POLICE DEPT,20190019097,Davidson,Nashville,1/8/2019 1:00:00 PM,2,0,0,36.166520,-86.803350,JACKSON ST,,,,17.00,Feet,West,17TH AVN,,,,0.00,N,Not at Intersection,N,Non-Junction,None,,,         ,Isaac,Wood,Clear,Front to Rear,no,no,no,no,no,False
102270742,METROPOLITAN NASHVILLE POLICE DEPT,20190019482,Davidson,Nashville,1/8/2019 3:36:00 PM,1,0,0,36.224020,-86.774250,I24 W ENT RAMP,,,,0.00,Feet,East,I 65,,,,0.00,N,Not at Intersection,N,Non-Junction,None,,,         ,Michael,Moss,Clear,Not Collision with Motor Vehicle in Transport,no,no,no,no,no,False
102270748,METROPOLITAN NASHVILLE POLICE DEPT,20190019569,Davidson,Not in City Limit,1/8/2019 4:20:00 PM,3,3,0,36.265440,-86.739730,OLD HICKORY BLVDW,,,,0.00,,,I65 S ENT RAMP,,,,0.00,Y,T-Intersection,N,Entrance/Exit Ramp Related,None,,,         ,Christopher,Littles,Clear,HeadOn,no,no,no,no,no,False
102270754,METROPOLITAN NASHVILLE POLICE DEPT,20190019435,Davidson,Nashville,1/8/2019 3:17:00 PM,2,0,0,36.180930,-86.800060,I 65,,,,0.00,,,,,,,85.05,N,Not at Intersection, ,Non-Junction,None,,,         ,Bryan,Musgrave,Clear,Front to Rear,no,no,no,no,no,False
102270759,METROPOLITAN NASHVILLE POLICE DEPT,20190019680,Davidson,Nashville,1/8/2019 4:43:00 PM,2,0,0,36.124050,-86.696370,BRILEY PKWY,,,,88.00,Feet,South,VULTEE BLVD,,,,0.00,N,Not at Intersection,N,Non-Junction,None,,,         ,Samuel,Sundra,Clear,Front to Rear,no,no,no,no,yes,False
102270760,METROPOLITAN NASHVILLE POLICE DEPT,20190019523,Davidson,Nashville,1/8/2019 3:50:00 PM,2,0,0,36.152830,-86.783060,PINE ST,,,,197.00,Feet,East,11TH AVS,,,,0.00,N,Not at Intersection,N,Non-Junction,None,,,         ,Derek,Betty,Clear,"Sideswipe, Same Direction",no,no,no,no,yes,False
102270775,METROPOLITAN NASHVILLE POLICE DEPT,20190019657,Davidson,Nashville,1/8/2019 4:18:00 PM,2,1,0,36.082920,-86.761590,SIDCO DR,,,,303.00,Feet,North,HARDING PL,,,,0.00,N,Not at Intersection,N,Non-Junction,None,,,         ,FELIKS,ABRAHAMYAN,Clear,Angle,no,no,no,no,no,False
102270793,METROPOLITAN NASHVILLE POLICE DEPT,20190019762,Davidson,Not in City Limit,1/8/2019 5:42:00 PM,2,1,0,36.276850,-86.797600,I24 W EXT RAMP,,,,0.00,,,I 24,,,,0.00,Y,T-Intersection, ,Entrance/Exit Ramp Related,None,,,         ,Christopher,Littles,Clear,Front to Rear,no,no,no,no,no,False
102270800,METROPOLITAN NASHVILLE POLICE DEPT,20190019642,Davidson,Nashville,1/8/2019 4:30:00 PM,2,0,0,36.152670,-86.793540,17TH AVS,,,,0.00,,,MCGAVOCK ST,,,,0.00,Y,T-Intersection, ,Non-Junction,None,,,         ,Jed,Baldoni,Clear,Angle,no,no,no,no,no,False
102270802,METROPOLITAN NASHVILLE POLICE DEPT,20190019742,Davidson,Nashville,1/8/2019 4:20:00 PM,2,0,0,36.205910,-86.768950,W TRINITY LN,,,,103.00,Feet,West,E TRINITY LN,,,,0.00,N,Not at Intersection,N,Non-Junction,None,,,         ,Gregory,Cenicola,Clear,Front to Rear,no,no,no,no,no,False
102270803,METROPOLITAN NASHVILLE POLICE DEPT,20190019698,Davidson,Nashville,1/8/2019 5:21:00 PM,2,0,0,36.100030,-86.739650,NOLENSVILLE PKE,,,,63.00,Feet,North,ELGIN ST,,,,0.00,N,Not at Intersection, ,Non-Junction,None,,,         ,Devonte,Coleman,Clear,Not Collision with Motor Vehicle in Transport,no,no,no,no,no,False
102270809,METROPOLITAN NASHVILLE POLICE DEPT,20190019726,Davidson,Nashville,1/8/2019 5:28:00 PM,2,0,0,36.048740,-86.665130,I 24,,,,0.00,,,,,,,59.00,N,Not at Intersection,N,Non-Junction,None,,,         ,Devonte,Coleman,Clear,Front to Rear,no,no,no,no,no,False