master_record_number,agency,agency_tracking_number,county,city,collision_date,vehicles_involved,number_injured,number_dead,latitude,longitude,roadway_name,roadway_suffix,roadway_number,roadway_local_id,distance_from_reference,miles-feet_indicator,direction_from_reference,intersection_road_name,intersection_road_name_suffix,intersection_road_number,intersection_local_id,mile_marker,intersection_indicator,intersect_type,interchange_related_indicator,relation_to_junction,work_zone_type,construction_maintenance_zone,construction_maintenance_zone_location,fatal_case_number,officer_first_name,officer_last_name,weather_condition(s),manner_of_crash,pedestrian,bicycle,scooter,parking,hitrun,mou
102276593,METROPOLITAN NASHVILLE POLICE DEPT,20190034422,Davidson,Nashville,1/14/2019 8:39:00 AM,2,0,0,36.124990,-86.752200,ROSEDALE AV,,,,0.00,,,NOLENSVILLE PKE,,,,0.00,Y,T-Intersection, ,Intersection,None,,,         ,Randy,Puckett,Cloudy,Angle,no,no,no,no,no,False
102276594,METROPOLITAN NASHVILLE POLICE DEPT,20190034387,Davidson,Not in City Limit,1/14/2019 8:00:00 AM,1,1,0,36.074290,-86.972170,I 40,,,,0.00,,,,,,,195.30,N,Not at Intersection,N,Non-Junction,None,,,         ,Curtis,Rich,Cloudy,Not Collision with Motor Vehicle in Transport,no,no,no,no,no,False
102276610,METROPOLITAN NASHVILLE POLICE DEPT,20190034560,Davidson,Nashville,1/14/2019 8:00:00 AM,2,0,0,36.149940,-86.858850,CHARLOTTE PKE,,,,169.00,Feet,East,MIDLAND AV,,,,0.00,N,Not at Intersection,N,Non-Junction,None,,,         ,Curtis,Rich,Cloudy,Angle,no,no,no,no,yes,False
102276613,Nashville Airport Police,2019-0203,Davidson,Nashville,1/14/2019 7:10:00 AM,2,0,0,36.109690,-86.671460,KNAPP BLVD,,,,0.00,,,DONELSON PKE,,,,0.00,Y,Four-Way,N,Intersection-Related,None,,,         ,Cody,Travis,Cloudy,Front to Rear,no,no,no,no,no,False
102276623,METROPOLITAN NASHVILLE POLICE DEPT,20190034455,Davidson,Nashville,1/14/2019 9:05:00 AM,2,0,0,36.153650,-86.753810,HERMITAGE AV,,,,50.00,Feet,West,DECATUR AV,,,,0.00,N,Not at Intersection,N,Non-Junction,None,,,         ,Richard,Luellen,Cloudy,Front to Rear,no,no,no,no,yes,False
102276637,METROPOLITAN NASHVILLE POLICE DEPT,20190034361,Davidson,Nashville,1/14/2019 8:15:00 AM,2,1,0,36.037160,-86.783080,I65 S EXT RAMP,,,,0.00,Feet,East,I 65,,,,0.00,N,Not at Intersection,N,Non-Junction,None,,,         ,Gregory,Scott,Clear,Front to Rear,no,no,no,no,no,False
102276641,METROPOLITAN NASHVILLE POLICE DEPT,20190034612,Davidson,Nashville,1/14/2019 10:22:00 AM,2,0,0,36.126380,-86.777140,FRANKLIN PKE,,,,72.00,Feet,North,CRAIGHEAD ST,,,,0.00,N,Not at Intersection, ,Non-Junction,None,,,         ,Jon,Mcvey,Cloudy,Front to Rear,no,no,no,no,no,False
102276644,METROPOLITAN NASHVILLE POLICE DEPT,2019-0034286,Davidson,Not in City Limit,1/14/2019 7:40:00 AM,2,0,0,36.279540,-86.750070,DICKERSON PKE,,,,773.00,Feet,North,NESBITT DR,,,,0.00,N,Not at Intersection, ,Non-Junction,None,,,         ,Arthur,Hipp,Rain,Front to Rear,no,no,no,no,no,False
102276650,THP District 9 - Administrative,319000617,Davidson,Not in City Limit,1/3/2019 6:01:00 PM,2,0,0,36.318880,-86.841910,I 24,,,,0.00,,,,,,,36.60,N,Not at Intersection, ,Non-Junction,None,,,         ,Aussie,Thaxter,Clear,Angle,no,no,no,no,no,False
102276692,METROPOLITAN NASHVILLE POLICE DEPT,20190034801,Davidson,Nashville,1/14/2019 11:48:00 AM,2,0,0,36.045460,-86.712320,OLD HICKORY BLVD,,,,281.00,Feet,East,NOLENSVILLE PKE,,,,0.00,N,Not at Intersection, ,Non-Junction,None,,,         ,Thomas,White,Clear,Front to Rear,no,no,no,no,no,False
102276694,METROPOLITAN NASHVILLE POLICE DEPT,20190034731,Davidson,Not in City Limit,1/14/2019 11:16:00 AM,1,1,0,36.318370,-86.842010,I 24,,,,0.00,,,,,,,36.60,N,Not at Intersection,N,Non-Junction,None,,,         ,James,Wray,Cloudy,Not Collision with Motor Vehicle in Transport,no,no,no,no,no,False
102276704,VANDERBILT UNIVERSITY POLICE,20190034762,Davidson,Nashville,1/14/2019 1:15:00 AM,1,0,0,36.138860,-86.806260,CHILDRENS WAY,,,,0.00,,,,,,,0.00,,,N,Non-Junction,None,,,         ,Linda,Jennings,Cloudy,Not Collision with Motor Vehicle in Transport,no,no,no,yes,yes,Campus
102276706,METROPOLITAN NASHVILLE POLICE DEPT,20190034585,Davidson,Nashville,1/14/2019 10:00:00 AM,3,0,0,36.149820,-86.859400,CHARLOTTE PKE,,,,0.00,,,MIDLAND AV,,,,0.00,Y,T-Intersection, ,Intersection,None,,,         ,Donald,Davidson,Clear,Angle,no,no,no,no,no,False
102276738,METROPOLITAN NASHVILLE POLICE DEPT,20190034841,Davidson,Nashville,1/14/2019 12:11:00 PM,2,1,0,36.117770,-86.748590,LUTIE ST,,,,25.00,Feet,East,NOLENSVILLE PKE,,,,0.00,N,Not at Intersection,N,Non-Junction,None,,,         ,Jessie,Meadows,Clear,Angle,no,no,no,no,yes,False
102276768,METROPOLITAN NASHVILLE POLICE DEPT,20190035001,Davidson,Nashville,1/14/2019 1:15:00 PM,3,2,0,36.150930,-86.692390,ELM HILL PKE,,,,73.00,Feet,East,SANBORN DR,,,,0.00,N,Not at Intersection,N,Non-Junction,None,,,         ,Michael,Dance,Cloudy,Front to Rear,no,no,no,no,no,False
102276829,METROPOLITAN NASHVILLE POLICE DEPT,20190034459,Davidson,Nashville,1/14/2019 7:45:00 AM,2,0,0,36.153920,-86.842300,46TH AVN,,,,39.00,Feet,West,BRILEY PKWY N ENT RAMP,,,,0.00,N,Not at Intersection, ,Non-Junction,None,,,         ,George,Spencer,Cloudy,"Sideswipe, Same Direction",no,no,no,no,yes,False
102276882,METROPOLITAN NASHVILLE POLICE DEPT,20190035224,Davidson,Not in City Limit,1/14/2019 1:34:00 PM,2,0,0,36.264450,-86.732280,OLD HICKORY BLVDW,,,,0.00,,,N GRAYCROFT AV,,,,0.00,Y,Four-Way, ,,None,,,         ,Christopher,Littles,,,no,no,no,no,no,False
102276895,METROPOLITAN NASHVILLE POLICE DEPT,20190035101,Davidson,Nashville,1/14/2019 1:45:00 PM,2,0,0,36.116290,-86.743610,JOYNER AV,,,,33.00,Feet,West,FOSTER AV,,,,0.00,N,Not at Intersection,N,Non-Junction,None,,,         ,Jessie,Meadows,Clear,Angle,no,no,no,no,no,False
102276901,METROPOLITAN NASHVILLE POLICE DEPT,2019-0035142,Davidson,Nashville,1/14/2019 1:33:00 PM,2,0,0,36.080530,-86.751800,WAUFORD DR,,,,160.00,Feet,South,HARDING PL,,,,0.00,N,Not at Intersection,N,Non-Junction,None,,,         ,Sean,Williams,Cloudy,Front to Rear,no,no,no,no,no,False
102276911,METROPOLITAN NASHVILLE POLICE DEPT,20190034997,Davidson,Nashville,1/14/2019 1:06:00 PM,2,0,0,36.108570,-86.812190,HILLSBORO PKE,,,,42.00,Feet,South,GLEN ECHO RD,,,,0.00,N,Not at Intersection,N,Non-Junction,None,,,         ,Jon,Mcvey,Cloudy,Front to Rear,no,no,no,no,no,False
102276936,METROPOLITAN NASHVILLE POLICE DEPT,20190035268,Davidson,Nashville,1/14/2019 2:54:00 PM,2,0,0,36.214610,-86.604660,LEBANON PKE,,,,0.00,,,SHUTE LN,,,,0.00,Y,T-Intersection, ,Intersection-Related,None,,,         ,Thomas,Odom,Clear,Front to Rear,no,no,no,no,no,False
102276940,METROPOLITAN NASHVILLE POLICE DEPT,20190031594,Davidson,Nashville,1/14/2019 2:34:00 PM,2,0,0,36.135310,-86.823550,WEST END AV,,,,0.00,,,ELMINGTON AV,,,,0.00,Y,T-Intersection, ,Intersection,None,,,         ,Walter,Gray II,Cloudy,Angle,no,no,no,no,no,False
102276951,METROPOLITAN NASHVILLE POLICE DEPT,20190032669,Davidson,Nashville,1/13/2019 3:35:00 PM,2,0,0,36.044770,-86.661530,BELL RD,,,,0.00,,,,,,,0.00,,, ,OtherLocation,None,,,         ,Jedidayah,Merriweather,Cloudy,Front to Rear,no,no,no,yes,no,False
102276954,METROPOLITAN NASHVILLE POLICE DEPT,2019-0035364,Davidson,Nashville,1/14/2019 3:45:00 PM,3,3,0,36.048880,-86.861400,HILLSBORO PKE,,,,695.00,Feet,North,OLD HICKORY BLVD,,,,0.00,N,Not at Intersection,N,Non-Junction,None,,,         ,William,King,Cloudy,Front to Rear,no,no,no,no,no,False
102276962,METROPOLITAN NASHVILLE POLICE DEPT,20190035286,Davidson,Nashville,1/14/2019 3:15:00 PM,2,2,0,36.238810,-86.723860,GALLATIN PKES,,,,0.00,,,GALLATIN PKE,,,,0.00,Y,T-Intersection,N,Intersection-Related,None,,,         ,Christopher,Littles,Cloudy,"Sideswipe, Same Direction",no,no,no,no,no,False
102276963,METROPOLITAN NASHVILLE POLICE DEPT,20190035439,Davidson,Nashville,1/14/2019 4:10:00 PM,2,0,0,36.252060,-86.717590,GALLATIN PKES,,,,61.00,Feet,North,W WEBSTER ST,,,,0.00,N,Not at Intersection, ,Non-Junction,None,,,         ,Christopher,Littles,Cloudy,"Sideswipe, Same Direction",no,no,no,no,no,False
102276967,METROPOLITAN NASHVILLE POLICE DEPT,20190035421,Davidson,Nashville,1/14/2019 4:03:00 PM,1,0,0,36.207850,-86.858890,ASHLAND CITY HWY,,,,263.00,Feet,West,DRAKES BRANCH RD,,,,0.00,N,Not at Intersection,N,Non-Junction,None,,,         ,Andrey,Volfson,Clear,Not Collision with Motor Vehicle in Transport,no,no,no,no,yes,False
102276973,METROPOLITAN NASHVILLE POLICE DEPT,20190035290,Davidson,Nashville,1/14/2019 3:15:00 PM,2,0,0,36.121220,-86.751740,GRANDVIEW AV,,,,357.00,Feet,North,MELROSE AV,,,,0.00,N,Not at Intersection, ,,None,,,         ,FELIKS,ABRAHAMYAN,,,no,no,no,no,no,False
102276976,METROPOLITAN NASHVILLE POLICE DEPT,20190035470,Davidson,Nashville,1/14/2019 4:26:00 PM,2,0,0,36.150000,-86.858600,CHARLOTTE PKE,,,,200.00,Feet,West,WHITE BRIDGE PKE,,,,0.00,N,Not at Intersection, ,Non-Junction,None,,,         ,Walter,Gray II,Cloudy,"Sideswipe, Same Direction",no,no,no,no,no,False
102276978,BERRY HILL POLICE DEPT,19-0176,Davidson,Berry Hill,1/14/2019 12:00:00 AM,2,0,0,36.118860,-86.774590,FRANKLIN PKE,,,,0.00,,,BERRY RD,,,,0.00,Y,Four-Way, ,,None,,,         ,John,Gleixner,,,no,no,no,no,no,False
102276985,METROPOLITAN NASHVILLE POLICE DEPT,20190035458,Davidson,Not in City Limit,1/14/2019 4:17:00 PM,2,0,0,36.077210,-86.945050,SAWYER BROWN RD,,,,128.00,Feet,North,HIGHWAY 70S,,,,0.00,N,Not at Intersection,N,Non-Junction,None,,,         ,Jeffrey,Mullins,Clear,"Sideswipe, Same Direction",no,no,no,no,no,False
102276994,METROPOLITAN NASHVILLE POLICE DEPT,20190035345,Davidson,Antioch,1/14/2019 12:00:00 AM,2,0,0,36.018270,-86.619590,OLD HICKORY BLVD,,,,0.00,Feet,East,OWEN DR,,,,0.00,N,Not at Intersection, ,Non-Junction,None,,,         ,Wesley,Carver,Cloudy,Front to Rear,no,no,no,no,no,False
102276996,METROPOLITAN NASHVILLE POLICE DEPT,20190035324,Davidson,Nashville,1/14/2019 3:28:00 PM,2,0,0,36.096840,-86.653760,SMITH SPRINGS RD,,,,131.00,Feet,West,REYNOLDS RD,,,,0.00,N,Not at Intersection,N,Non-Junction,None,,,         ,Tony,Mingsing,Clear,Front to Rear,no,no,no,no,no,False
102277000,METROPOLITAN NASHVILLE POLICE DEPT,20190035483,Davidson,Nashville,1/14/2019 4:30:00 PM,2,0,0,36.198930,-86.867650,BRILEY PKWYN,,,,2379.00,Feet,North,BRILEY PKWYS,,,,0.00,N,Not at Intersection,N,Non-Junction,None,,,         ,Corey,Oakley,Fog,Front to Rear,no,no,no,no,no,False
102277007,METROPOLITAN NASHVILLE POLICE DEPT,20190035610,Davidson,Nashville,1/14/2019 5:44:00 PM,2,0,0,36.101770,-86.765170,I 65,,,,0.00,,,,,,,79.20,N,Not at Intersection, ,,None,,,         ,FELIKS,ABRAHAMYAN,,,no,no,no,no,no,False
102277008,METROPOLITAN NASHVILLE POLICE DEPT,20190035518,Davidson,Antioch,1/14/2019 4:45:00 PM,2,0,0,36.068190,-86.585050,SMITH SPRINGS PKWY,,,,112.00,Feet,South,HOBSON PKE,,,,0.00,N,Not at Intersection, ,Non-Junction,None,,,         ,Wesley,Carver,Cloudy,Front to Rear,no,no,no,no,no,False
102277043,METROPOLITAN NASHVILLE POLICE DEPT,20190035553,Davidson,Nashville,1/14/2019 4:39:00 PM,3,2,0,36.168600,-86.686440,LEBANON PKE,,,,322.00,Feet,West,THE CROSSINGS PVTDR,,,,0.00,N,Not at Intersection,N,Non-Junction,None,,,         ,Samuel,Sundra,Clear,Front to Rear,no,no,no,no,no,False
102277052,METROPOLITAN NASHVILLE POLICE DEPT,20190035573,Davidson,Nashville,1/14/2019 4:29:00 PM,2,0,0,36.037920,-86.797210,OLD HICKORY BLVD,,,,164.00,Feet,East,CREEKSIDE CRSG,,,,0.00,N,Not at Intersection,N,Non-Junction,None,,,         ,FELIKS,ABRAHAMYAN,Clear,Front to Rear,no,no,no,no,yes,False
102277053,METROPOLITAN NASHVILLE POLICE DEPT,20190035317,Davidson,Nashville,1/14/2019 3:20:00 PM,2,0,0,36.148880,-86.782410,I 40,,,,0.00,,,,,,,209.70,N,Not at Intersection,N,Non-Junction,None,,,         ,Akira,McSwain,Clear,Front to Rear,no,no,no,no,no,False
102277054,METROPOLITAN NASHVILLE POLICE DEPT,20190035478,Davidson,Nashville,1/14/2019 4:28:00 PM,2,0,0,36.111520,-86.791770,WOODMONT BLVD,,,,244.00,Feet,East,GRANNY WHITE PKE,,,,0.00,N,Not at Intersection, ,,None,,,         ,Akira,McSwain,,,no,no,no,no,no,False
102277055,METROPOLITAN NASHVILLE POLICE DEPT,20190035577,Davidson,Nashville,1/14/2019 4:30:00 PM,2,0,0,36.154000,-86.822910,I 440,,,,0.00,,,,,,,0.70,N,Not at Intersection,N,Non-Junction,None,,,         ,Akira,McSwain,Clear,"Sideswipe, Same Direction",no,no,no,no,yes,False
102277061,THP District 3 - Nashville,319003185,Davidson,Nashville,1/14/2019 4:50:00 PM,2,0,0,36.030640,-86.783830,I 65,,,,0.00,,,,,,,74.00,N,Not at Intersection,N,Non-Junction,None,,,         ,Daniel,Nieuwenhuis,Cloudy,Front to Rear,no,no,no,no,no,False
102277066,METROPOLITAN NASHVILLE POLICE DEPT,20190035589,Davidson,Nashville,1/14/2019 5:25:00 PM,3,0,0,36.126460,-86.814770,I 440,,,,0.00,,,,,,,2.30,N,Not at Intersection, ,Non-Junction,None,,,         ,Walter,Gray II,Cloudy,Front to Rear,no,no,no,no,no,False
102277068,METROPOLITAN NASHVILLE POLICE DEPT,2019-0035735,Davidson,Nashville,1/14/2019 6:35:00 PM,2,0,0,36.198440,-86.620270,LEBANON PKE,,,,0.00,Feet,West,OLD HICKORY BLVD,,,,0.00,N,Not at Intersection,N,Non-Junction,None,,,         ,Tyler,Hall,Clear,"Sideswipe, Opposite Direction",no,no,no,no,no,False
102277092,METROPOLITAN NASHVILLE POLICE DEPT,20190035694,Davidson,Nashville,1/14/2019 6:10:00 PM,2,0,0,36.078540,-86.950810,HIGHWAY 70S,,,,0.00,,,BELLEVUE CTR PVTDR,,,,0.00,Y,Four-Way, ,Intersection,None,,,         ,Walter,Gray II,Cloudy,Angle,no,no,no,no,no,False
102277093,METROPOLITAN NASHVILLE POLICE DEPT,20190035800,Davidson,Not in City Limit,1/14/2019 7:20:00 PM,2,6,0,36.305720,-86.687480,NORTHSIDE DR,,,,0.00,Feet,East,GALLATIN PKEN,,,,0.00,N,Not at Intersection,N,Non-Junction,None,,,         ,Peter,Vaught,Clear,Front to Rear,no,no,no,no,no,False
102277112,METROPOLITAN NASHVILLE POLICE DEPT,20190035841,Davidson,Not in City Limit,1/14/2019 7:41:00 PM,1,2,0,36.263250,-86.692650,E OLD HICKORY BLVD,,,,305.00,Feet,West,MCARTHUR DR,,,,0.00,N,Not at Intersection,N,Non-Junction,None,,,         ,Christopher,Littles,Cloudy,Not Collision with Motor Vehicle in Transport,no,no,no,no,no,False
102277126,METROPOLITAN NASHVILLE POLICE DEPT,20190035751,Davidson,Nashville,1/14/2019 6:19:00 PM,2,0,0,36.115890,-86.725230,I 24,,,,0.00,,,,,,,53.20,N,Not at Intersection,N,Non-Junction,None,,,         ,Devonte,Coleman,Clear,Front to Rear,no,no,no,no,no,False
102277145,METROPOLITAN NASHVILLE POLICE DEPT,20190035652,Davidson,Nashville,1/14/2019 6:01:00 PM,2,1,0,36.151800,-86.771250,4TH AVS,,,,0.00,,,LAFAYETTE ST,,,,0.00,Y,Four-Way,N,Intersection,None,,,         ,Timothy,Mead,Clear,Front to Rear,no,no,no,no,no,False
102277146,METROPOLITAN NASHVILLE POLICE DEPT,20190035472,Davidson,Nashville,1/14/2019 4:25:00 PM,2,0,0,36.149690,-86.779180,DIVISION ST,,,,0.00,,,8TH AVS,,,,0.00,Y,Four-Way, ,,None,,,         ,Timothy,Mead,,,no,no,no,no,no,False
102277155,METROPOLITAN NASHVILLE POLICE DEPT,20190035983,Davidson,Nashville,1/14/2019 8:50:00 PM,2,0,0,36.190550,-86.615220,OLD HICKORY BLVD,,,,113.00,Feet,South,OLD LEBANON DIRT RD,,,,0.00,N,Not at Intersection,N,Non-Junction,None,,,         ,Tyler,Hall,Clear,Front to Rear,no,no,no,no,yes,False
102277156,METROPOLITAN NASHVILLE POLICE DEPT,20190035779,Davidson,Nashville,1/14/2019 6:59:00 PM,2,0,0,36.071280,-86.636400,BELL RD,,,,225.00,Feet,South,MURFREESBORO PKE,,,,0.00,N,Not at Intersection, ,Non-Junction,None,,,         ,Wesley,Carver,Cloudy,Angle,no,no,no,no,no,False
102277185,METROPOLITAN NASHVILLE POLICE DEPT,20190035409,Davidson,Nashville,1/14/2019 3:55:00 PM,2,0,0,36.171830,-86.797200,JEFFERSON ST,,,,45.00,Feet,West,11TH AVN,,,,0.00,N,Not at Intersection,N,Non-Junction,None,,,         ,Amery,Milligan,Clear,Front to Rear,no,no,no,no,yes,False
102277206,METROPOLITAN NASHVILLE POLICE DEPT,20190036019,Davidson,Nashville,1/14/2019 9:05:00 PM,2,0,0,36.166280,-86.612490,I 40,,,,0.00,,,,,,,220.20,N,Not at Intersection, ,Non-Junction,None,,,         ,Ricki,Armstrong,Clear,"Sideswipe, Same Direction",no,no,no,no,no,False
102277216,METROPOLITAN NASHVILLE POLICE DEPT,20190035809,Davidson,Nashville,1/14/2019 7:25:00 PM,1,3,0,36.041690,-86.649340,HICKORY HOLLOW PKWY,,,,46.00,Feet,South,I24 W ENT RAMP,,,,0.00,N,Not at Intersection,N,Non-Junction,None,,,         ,Sean,Weaver,Clear,Not Collision with Motor Vehicle in Transport,no,no,no,no,no,False
102277217,METROPOLITAN NASHVILLE POLICE DEPT,20190036008,Davidson,Not in City Limit,1/14/2019 4:49:00 PM,2,0,0,36.319100,-86.892190,OLD CLARKSVILLE PKE,,,,1.00,Feet,North,CLARKSVILLE PKE,,,,0.00,N,Not at Intersection, ,,None,,,         ,Corey,Oakley,,,no,no,no,no,no,False
102277228,METROPOLITAN NASHVILLE POLICE DEPT,20190035676,Davidson,Nashville,1/14/2019 5:31:00 PM,2,0,0,36.154590,-86.823080,I40 E EXT RAMP,,,,0.00,Feet,East,I 440,,,,0.00,N,Not at Intersection, ,Non-Junction,None,,,         ,Alexander,Donald,Clear,Front to Rear,no,no,no,no,no,False
102277240,METROPOLITAN NASHVILLE POLICE DEPT,20190035822,Davidson,Nashville,1/14/2019 7:27:00 PM,2,0,0,36.224960,-86.773070,I 65,,,,0.00,,,,,,,88.60,N,Not at Intersection,N,Non-Junction,None,,,         ,Trevor,Jones,Clear,Angle,no,no,no,no,no,False
102277286,METROPOLITAN NASHVILLE POLICE DEPT,2019005306,Davidson,Nashville,1/3/2019 12:50:00 AM,1,1,0,36.074660,-86.769180,FARRELL PKWY,,,,0.00,,,LAMBERT DR,,,,0.00,Y,T-Intersection,Y,Intersection-Related,None,,,         ,Randall,Atkinson,Rain,Not Collision with Motor Vehicle in Transport,no,no,no,no,no,False
102277305,METROPOLITAN NASHVILLE POLICE DEPT,20190036156,Davidson,Nashville,1/14/2019 8:00:00 PM,2,0,0,36.186790,-86.757170,ELLINGTON PKWYN,,,,113.00,Feet,East,ELLINGTON PKWYS,,,,0.00,N,Not at Intersection,N,Non-Junction,None,,,         ,Tyler,Geiger,Clear,Front to Rear,no,no,no,no,no,False
102277319,METROPOLITAN NASHVILLE POLICE DEPT,20190036193,Davidson,Nashville,1/14/2019 7:11:00 PM,2,0,0,36.089070,-86.649990,RANSOM PL,,,,0.00,Feet,,MURFREESBORO PKE,,,,0.00,Y,T-Intersection,N,Intersection-Related,None,,,         ,Douglas,Meringer,Clear,"Sideswipe, Opposite Direction",no,no,no,no,yes,False
102277324,METROPOLITAN NASHVILLE POLICE DEPT,20190036249,Davidson,Nashville,1/14/2019 11:02:00 PM,2,2,0,36.037390,-86.586390,MAXWELL RD,,,,0.00,,,LAVERGNE COUCHVILLE PKE,,,,0.00,Y,Four-Way,N,Intersection-Related,None,,,         ,Douglas,Meringer,Clear,Angle,no,no,no,no,no,False
102277358,METROPOLITAN NASHVILLE POLICE DEPT,20190036984,Davidson,Nashville,1/15/2019 4:44:00 AM,1,0,0,36.153090,-86.684110,ELM HILL PKE,,,,231.00,Feet,West,MCGAVOCK PKE,,,,0.00,N,Not at Intersection, ,Non-Junction,None,,,         ,Tyler,Manivong,Clear,Not Collision with Motor Vehicle in Transport,no,no,no,no,no,False
102277409,METROPOLITAN NASHVILLE POLICE DEPT,20190037133,Davidson,Nashville,1/15/2019 6:50:00 AM,2,0,0,36.155020,-86.830200,I 40,,,,0.00,,,,,,,205.50,N,Not at Intersection,N,Non-Junction,None,,,         ,Curtis,Rich,Cloudy,Front to Rear,no,no,no,no,no,False
102277421,METROPOLITAN NASHVILLE POLICE DEPT,20190037130,Davidson,Nashville,1/15/2019 6:45:00 AM,3,0,0,36.156450,-86.631310,STEWARTS FERRY PKE,,,,0.00,Feet,,I40 W EXT RAMP,,,,0.00,Y,Four-Way,N,Intersection-Related,None,,,         ,Tien,Nguyen,Cloudy,Front to Rear,no,no,no,no,no,False
102277423,METROPOLITAN NASHVILLE POLICE DEPT,20190037213,Davidson,Nashville,1/15/2019 7:30:00 AM,2,0,0,36.205540,-86.776580,I 65,,,,0.00,,,,,,,87.25,N,Not at Intersection,N,Non-Junction,None,,,         ,Wesley,Young,Cloudy,"Sideswipe, Same Direction",no,no,no,no,no,False
102277429,METROPOLITAN NASHVILLE POLICE DEPT,20190037187,Davidson,Nashville,1/15/2019 7:21:00 AM,2,0,0,36.071460,-86.690950,I 24,,,,0.00,,,,,,,56.85,N,Not at Intersection,N,Non-Junction,None,,,         ,Jessie,Meadows,Clear,"Sideswipe, Same Direction",no,no,no,no,no,False
102277432,METROPOLITAN NASHVILLE POLICE DEPT,20190037134,Davidson,Nashville,1/15/2019 6:30:00 AM,2,0,0,36.053890,-86.715090,NOLENSVILLE PKE,,,,87.00,Feet,North,BREWER DR,,,,0.00,N,Not at Intersection,N,Non-Junction,None,,,         ,Jon,Mcvey,Cloudy,Front to Rear,no,no,no,no,yes,False
102277433,METROPOLITAN NASHVILLE POLICE DEPT,20190037151,Davidson,Nashville,1/15/2019 6:50:00 AM,2,0,0,36.082320,-86.762320,HARDING PL,,,,0.00,,,I65 N ENT RAMP,,,,0.00,Y,OTHER,N,Non-Junction,None,,,         ,Jon,Mcvey,Cloudy,Front to Rear,no,no,no,no,no,False
102277438,METROPOLITAN NASHVILLE POLICE DEPT,20190037251,Davidson,Nashville,1/15/2019 7:55:00 AM,2,0,0,36.057740,-86.922620,HIGHWAY 100,,,,538.00,Feet,South,HAMPSHIRE PL,,,,0.00,N,Not at Intersection, ,Non-Junction,None,,,         ,Curtis,Rich,Cloudy,Front to Rear,no,no,no,no,no,False
102277447,METROPOLITAN NASHVILLE POLICE DEPT,2019037176,Davidson,Nashville,1/15/2019 12:00:00 AM,2,0,0,36.167560,-86.869620,BRILEY PKWYS,,,,272.00,Feet,South,BRILEY PKWY N EXT RAMP,,,,0.00,N,Not at Intersection, ,Non-Junction,None,,,         ,William,Caillouette,Cloudy,Not Collision with Motor Vehicle in Transport,no,no,no,no,no,False
102277459,METROPOLITAN NASHVILLE POLICE DEPT,20190037286,Davidson,Nashville,1/15/2019 7:47:00 AM,2,0,0,36.154380,-86.712860,LEBANON PKE,,,,169.00,Feet,East,LEBANON PIKE CIR,,,,0.00,N,Not at Intersection,N,Non-Junction,None,,,         ,Tien,Nguyen,Cloudy,Front to Rear,no,no,no,no,yes,False
102277467,METROPOLITAN NASHVILLE POLICE DEPT,2019-0037310,Davidson,Goodlettsville,1/15/2019 7:58:00 AM,2,0,0,36.293140,-86.702350,RIVERGATE STATION PVTDR,,,,0.00,Feet,East,GALLATIN PKEN,,,,0.00,N,Not at Intersection, ,Non-Junction,None,,,         ,Arthur,Hipp,Cloudy,Front to Rear,no,no,no,no,no,False
102277470,METROPOLITAN NASHVILLE POLICE DEPT,20190037161,Davidson,Nashville,1/15/2019 7:03:00 AM,2,0,0,36.169090,-86.809600,21ST AVN,,,,0.00,,,JEFFERSON ST,,,,0.00,Y,Four-Way,N,Intersection,None,,,         ,Patrick,Taylor,Cloudy,Angle,no,no,no,no,no,False
102277496,METROPOLITAN NASHVILLE POLICE DEPT,20190037271,Davidson,Nashville,1/15/2019 7:48:00 AM,2,0,0,36.239670,-86.780780,BRILEY PKWY W EXT RAMP,,,,0.00,,,BRICK CHURCH PKE,,,,0.00,Y,T-Intersection, ,Intersection,None,,,         ,Samuel,Kersten,Cloudy,Front to Rear,no,no,no,no,no,False
102277503,METROPOLITAN NASHVILLE POLICE DEPT,20190037141,Davidson,Nashville,1/15/2019 6:54:00 AM,2,0,0,36.154890,-86.788570,I40 W EXT RAMP,,,,0.00,,,I 40,,,,0.00,Y,OTHER,N,Entrance/Exit Ramp Related,None,,,         ,Frank,Campbell,Cloudy,Front to Rear,no,no,no,no,no,False
102277510,METROPOLITAN NASHVILLE POLICE DEPT,20190037440,Davidson,Nashville,1/15/2019 8:45:00 AM,2,0,0,36.124980,-86.847640,WOODMONT BLVD,,,,0.00,,,HARDING PKE,,,,0.00,Y,Four-Way, ,Intersection,None,,,         ,Curtis,Rich,Cloudy,Angle,no,no,no,no,no,False
102277512,METROPOLITAN NASHVILLE POLICE DEPT,20190037438,Davidson,Nashville,1/15/2019 8:16:00 AM,2,0,0,36.124780,-86.806000,HILLSBORO PKE,,,,0.00,,,I440 W EXT RAMP,,,,0.00,Y,Four-Way, ,,None,,,         ,William,Caillouette,,,no,no,no,no,no,False
102277515,METROPOLITAN NASHVILLE POLICE DEPT,20190037417,Davidson,Nashville,1/15/2019 8:40:00 AM,2,1,0,36.102490,-86.760290,ARMORY DR,,,,23.00,Feet,West,POWELL AV RAMP,,,,0.00,N,Not at Intersection,N,Non-Junction,None,,,         ,Gary,Sneed,Cloudy,Front to Rear,no,no,no,no,no,False
102277524,METROPOLITAN NASHVILLE POLICE DEPT,20190037336,Davidson,Not in City Limit,1/15/2019 8:00:00 AM,2,0,0,36.054650,-86.928470,HIGHWAY 100,,,,158.00,Feet,West,EXCHANGE CLUB GRNWY,,,,0.00,N,Not at Intersection,N,Non-Junction,None,,,         ,Corey,Reed,Cloudy,Front to Rear,no,no,no,no,no,False