master_record_number,agency,agency_tracking_number,county,city,collision_date,vehicles_involved,number_injured,number_dead,latitude,longitude,roadway_name,roadway_suffix,roadway_number,roadway_local_id,distance_from_reference,miles-feet_indicator,direction_from_reference,intersection_road_name,intersection_road_name_suffix,intersection_road_number,intersection_local_id,mile_marker,intersection_indicator,intersect_type,interchange_related_indicator,relation_to_junction,work_zone_type,construction_maintenance_zone,construction_maintenance_zone_location,fatal_case_number,officer_first_name,officer_last_name,weather_condition(s),manner_of_crash,pedestrian,bicycle,scooter,parking,hitrun,mou
102277529,METROPOLITAN NASHVILLE POLICE DEPT,20190037173,Davidson,Nashville,1/15/2019 7:07:00 AM,2,0,0,36.210620,-86.734590,HOME RD,,,,0.00,,,BAXTER ST,,,,0.00,Y,T-Intersection,N,Intersection,None,,,         ,Russell,Freeman,Cloudy,Angle,no,no,no,no,no,False
102277539,METROPOLITAN NASHVILLE POLICE DEPT,20190037426,Davidson,Nashville,1/15/2019 8:46:00 AM,2,0,0,36.227630,-86.773330,I 65,,,,0.00,,,,,,,88.80,N,Not at Intersection, ,Non-Junction,None,,,         ,Samuel,Kersten,Cloudy,Front to Rear,no,no,no,no,no,False
102277563,VANDERBILT UNIVERSITY POLICE,20190037230,Davidson,Nashville,1/15/2019 7:05:00 AM,2,0,0,36.146510,-86.805480,24TH AVS,,,,150.00,Feet,South,KENSINGTON PL,,,,0.00,N,Not at Intersection, ,Non-Junction,Construction Zone,,,         ,Anthony,Jones,Cloudy,Other,no,no,no,yes,no,Campus
102277569,METROPOLITAN NASHVILLE POLICE DEPT,20190037736,Davidson,Nashville,1/15/2019 10:55:00 AM,2,0,0,36.107050,-86.813130,HILLSBORO PKE,,,,305.00,Feet,South,GREEN HILLS VILLAGE DR,,,,0.00,N,Not at Intersection, ,Non-Junction,None,,,         ,Curtis,Rich,Cloudy,Front to Rear,no,no,no,no,no,False
102277584,METROPOLITAN NASHVILLE POLICE DEPT,20190037751,Davidson,Goodlettsville,1/15/2019 10:30:00 AM,2,0,0,36.301410,-86.692680,THE GALLERY AT RIVERGATE PVTDR,,,,238.00,Feet,East,TWIN HILLS DR,,,,0.00,N,Not at Intersection,N,Non-Junction,None,,,         ,Spencer,Pittman,,Unknown,no,no,no,yes,yes,False
102277585,METROPOLITAN NASHVILLE POLICE DEPT,20190037693,Davidson,Nashville,1/15/2019 10:46:00 AM,2,0,0,36.143390,-86.744250,FESSLERS LN,,,,220.00,Feet,North,MURFREESBORO PKE,,,,0.00,N,Not at Intersection,N,Non-Junction,None,,,         ,Jessie,Meadows,Cloudy,"Sideswipe, Same Direction",no,no,no,no,no,False
102277588,METROPOLITAN NASHVILLE POLICE DEPT,20190037353,Davidson,Nashville,1/15/2019 8:15:00 AM,2,1,0,36.105620,-86.795540,GRANNY WHITE PKE,,,,39.00,Feet,North,MORROW AV,,,,0.00,N,Not at Intersection,N,Non-Junction,None,,,         ,Jon,Mcvey,Cloudy,"Sideswipe, Opposite Direction",no,no,no,no,no,False
102277589,METROPOLITAN NASHVILLE POLICE DEPT,20190037658,Davidson,Nashville,1/15/2019 10:30:00 AM,4,0,0,36.116070,-86.791610,I 440,,,,0.00,,,,,,,3.90,N,Not at Intersection, ,Non-Junction,None,,,         ,Jon,Mcvey,Cloudy,Front to Rear,no,no,no,no,yes,False
102277590,METROPOLITAN NASHVILLE POLICE DEPT,20190037691,Davidson,Nashville,1/15/2019 10:35:00 AM,2,1,0,36.116060,-86.792270,I 440,,,,0.00,,,,,,,3.85,N,Not at Intersection, ,Non-Junction,None,,,         ,Jon,Mcvey,Cloudy,Front to Rear,no,no,no,no,no,False
102277595,METROPOLITAN NASHVILLE POLICE DEPT,20190037858,Davidson,Nashville,1/15/2019 12:00:00 PM,2,0,0,36.106580,-86.821230,ABBOTT MARTIN RD,,,,0.00,Feet,,BEDFORD AV,,,,0.00,Y,T-Intersection, ,Intersection,None,,,         ,Curtis,Rich,Cloudy,Angle,no,no,no,no,no,False
102277604,VANDERBILT UNIVERSITY POLICE,20190037511,Davidson,Nashville,1/15/2019 9:21:00 AM,1,1,0,36.143360,-86.806430,GARLAND AV,,,,0.00,,,25TH AVS,,,,0.00,Y,T-Intersection,N,Intersection,None,,,         ,Casey,Clark,Cloudy,Not Collision with Motor Vehicle in Transport,yes,no,no,no,no,Campus
102277606,METROPOLITAN NASHVILLE POLICE DEPT,20190037744,Davidson,Nashville,1/15/2019 11:11:00 AM,3,1,0,36.153020,-86.755790,I 40,,,,0.00,,,,,,,211.25,N,Not at Intersection,N,Non-Junction,None,,,         ,Michael,Dance,Cloudy,"Sideswipe, Same Direction",no,no,no,no,no,False
102277609,METROPOLITAN NASHVILLE POLICE DEPT,20190037774,Davidson,Nashville,1/15/2019 11:00:00 AM,2,0,0,36.208430,-86.767270,DICKERSON PKE,,,,0.00,,,QUEEN AV,,,,0.00,Y,T-Intersection,N,Intersection,None,,,         ,Russell,Freeman,Cloudy,Angle,no,no,no,no,no,False
102277611,METROPOLITAN NASHVILLE POLICE DEPT,20190037876,Davidson,Nashville,1/15/2019 12:13:00 PM,2,0,0,36.226310,-86.603190,SAUNDERSVILLE RD,,,,0.00,,,SHUTE LN,,,,0.00,Y,Four-Way, ,Intersection-Related,None,,,         ,Tien,Nguyen,Cloudy,Front to Rear,no,no,no,no,no,False
102277616,METROPOLITAN NASHVILLE POLICE DEPT,20190037801,Davidson,Nashville,1/15/2019 11:30:00 AM,2,0,0,36.148430,-86.780710,I 40,,,,0.00,,,,,,,209.80,N,Not at Intersection,N,Non-Junction,None,,,         ,David,Lang,Cloudy,"Sideswipe, Same Direction",no,no,no,no,no,False
102277650,METROPOLITAN NASHVILLE POLICE DEPT,20190037937,Davidson,Nashville,1/15/2019 12:34:00 PM,2,0,0,36.136120,-86.793040,WEDGEWOOD AV,,,,64.00,Feet,East,VILLA PL,,,,0.00,N,Not at Intersection,N,Non-Junction,None,,,         ,Jon,Mcvey,Cloudy,Angle,no,no,no,no,yes,False
102277691,METROPOLITAN NASHVILLE POLICE DEPT,20190037973,Davidson,Nashville,1/15/2019 12:52:00 PM,2,0,0,36.123780,-86.703840,VULTEE BLVD,,,,0.00,,,KERMIT DR,,,,0.00,Y,Four-Way, ,Intersection,None,,,         ,Michael,Dance,Cloudy,Angle,no,no,no,no,no,False
102277695,METROPOLITAN NASHVILLE POLICE DEPT,20190037730,Davidson,Nashville,1/15/2019 11:04:00 AM,1,1,0,36.048530,-86.775540,I 65,,,,0.00,,,,,,,75.40,N,Not at Intersection,N,Non-Junction,None,,,         ,Raymond,Flaherty,Cloudy,Not Collision with Motor Vehicle in Transport,no,no,no,no,no,False
102277732,METROPOLITAN NASHVILLE POLICE DEPT,20190038023,Davidson,Nashville,1/15/2019 1:13:00 PM,3,3,0,36.235130,-86.712580,BRILEY PKWYE,,,,601.00,Feet,West,BRILEY PKWYW,,,,0.00,N,Not at Intersection,N,Non-Junction,None,,,         ,Tien,Nguyen,Cloudy,"Sideswipe, Same Direction",no,no,no,no,yes,False
102277761,METROPOLITAN NASHVILLE POLICE DEPT,20190037881,Davidson,Nashville,1/15/2019 12:17:00 PM,2,0,0,36.175680,-86.744170,HOLLY ST,,,,0.00,,,S 15TH ST,,,,0.00,Y,Four-Way,N,Non-Junction,None,,,         ,Joel,Bennett,Clear,Angle,no,no,no,no,no,False
102277777,METROPOLITAN NASHVILLE POLICE DEPT,20190038127,Davidson,Nashville,1/15/2019 1:55:00 PM,2,0,0,36.137830,-86.822530,I440 E EXT RAMP,,,,0.00,,,I 440,,,,0.00,Y,Y-Intersection, ,Entrance/Exit Ramp Related,None,,,         ,Curtis,Rich,Cloudy,Front to Rear,no,no,no,no,no,False
102277826,METROPOLITAN NASHVILLE POLICE DEPT,20190038150,Davidson,Nashville,1/15/2019 2:02:00 PM,2,0,0,36.081420,-86.699850,LINBAR DR,,,,624.00,Feet,East,WALLACE RD,,,,0.00,N,Not at Intersection,N,Non-Junction,None,,,         ,Jessie,Meadows,Clear,Angle,no,no,no,no,yes,False
102277849,METROPOLITAN NASHVILLE POLICE DEPT,20190038119,Davidson,Nashville,1/15/2019 1:50:00 PM,3,0,0,36.090400,-86.771510,FRANKLIN PKE,,,,0.00,,,N CURTISWOOD LN,,,,0.00,Y,T-Intersection, ,Non-Junction,None,,,         ,Jon,Mcvey,Cloudy,Front to Rear,no,no,no,no,no,False
102277857,METROPOLITAN NASHVILLE POLICE DEPT,20190036712,Davidson,Nashville,1/15/2019 2:37:00 AM,1,1,0,36.235450,-86.707710,MUSIC VALLEY DR,,,,859.00,Feet,East,PENNINGTON BEND RD,,,,0.00,N,Not at Intersection,N,Non-Junction,None,,,         ,Russell,Ward,Clear,Not Collision with Motor Vehicle in Transport,no,no,no,no,no,False
102277881,METROPOLITAN NASHVILLE POLICE DEPT,20190038288,Davidson,Nashville,1/15/2019 2:33:00 PM,2,0,0,36.191120,-86.797300,VANTAGE WAY,,,,31.00,Feet,West,FRENCH LANDING DR,,,,0.00,N,Not at Intersection, ,Non-Junction,None,,,         ,Melvin,Taylor,Clear,Front to Rear,no,no,no,no,no,False
102277891,METROPOLITAN NASHVILLE POLICE DEPT,20190038201,Davidson,Nashville,1/15/2019 2:30:00 PM,2,0,0,36.072540,-86.636820,MURFREESBORO PKE,,,,306.00,Feet,North,BELL RD,,,,0.00,N,Not at Intersection, ,Non-Junction,None,,,         ,Thomas,Odom,Clear,Front to Rear,no,no,no,no,no,False
102277893,METROPOLITAN NASHVILLE POLICE DEPT,20190038229,Davidson,Nashville,1/15/2019 2:45:00 PM,2,0,0,36.080620,-86.900440,HIGHWAY 70S,,,,0.00,,,BROOKMONT TER,,,,0.00,Y,T-Intersection, ,Intersection-Related,None,,,         ,Brandon,Pedigo,Cloudy,Angle,no,no,no,no,no,False
102277955,METROPOLITAN NASHVILLE POLICE DEPT,20190038435,Davidson,Nashville,1/15/2019 4:10:00 PM,2,0,0,36.160590,-86.760530,I 24,,,,0.00,,,,,,,49.40,N,Not at Intersection,N,Non-Junction,None,,,         ,David,Snowden,Cloudy,Front to Rear,no,no,no,no,no,False
102277958,METROPOLITAN NASHVILLE POLICE DEPT,20190038409,Davidson,Nashville,1/15/2019 4:00:00 PM,2,0,0,36.040500,-86.745480,OLD HICKORY BLVD,,,,595.00,Feet,North,COZY CREEK LN,,,,0.00,N,Not at Intersection, ,Non-Junction,None,,,         ,FELIKS,ABRAHAMYAN,Clear,Angle,no,no,no,no,no,False
102277968,METROPOLITAN NASHVILLE POLICE DEPT,20190038551,Davidson,Nashville,1/15/2019 4:55:00 PM,2,0,0,36.130460,-86.726970,I 24,,,,0.00,,,,,,,52.15,N,Not at Intersection,N,Non-Junction,None,,,         ,Devonte,Coleman,Clear,Front to Rear,no,no,no,no,no,False
102277974,METROPOLITAN NASHVILLE POLICE DEPT,20190038440,Davidson,Nashville,1/15/2019 4:12:00 PM,2,0,0,36.239670,-86.780780,BRILEY PKWY W EXT RAMP,,,,0.00,,,BRICK CHURCH PKE,,,,0.00,Y,T-Intersection, ,Intersection-Related,None,,,         ,Christopher,Littles,Cloudy,Angle,no,no,no,no,no,False
102277975,METROPOLITAN NASHVILLE POLICE DEPT,20190038550,Davidson,Not in City Limit,1/15/2019 4:53:00 PM,2,1,0,36.264450,-86.732280,OLD HICKORY BLVDW,,,,0.00,,,N GRAYCROFT AV,,,,0.00,Y,Four-Way, ,Intersection,None,,,         ,Christopher,Littles,Cloudy,Front to Rear,no,no,no,no,no,False
102277976,METROPOLITAN NASHVILLE POLICE DEPT,20190038586,Davidson,Nashville,1/15/2019 4:43:00 PM,2,0,0,36.176960,-86.751430,S 10TH ST,,,,0.00,,,WOODLAND ST,,,,0.00,Y,Four-Way, ,,None,,,         ,Barrett,Teague,,,no,no,no,no,no,False
102277979,METROPOLITAN NASHVILLE POLICE DEPT,20190038476,Davidson,Nashville,1/15/2019 4:24:00 PM,2,1,0,36.176180,-86.756660,MAIN ST,,,,189.00,Feet,East,S 9TH ST,,,,0.00,N,Not at Intersection,N,Non-Junction,None,,,         ,Gordon,Stovall,Cloudy,Angle,no,no,no,no,no,False
102277980,METROPOLITAN NASHVILLE POLICE DEPT,20190038376,Davidson,Nashville,1/15/2019 1:26:00 PM,1,0,0,36.176080,-86.649040,JENRY DR,,,,297.00,Feet,North,WALCOTT DR,,,,0.00,N,Not at Intersection,N,Non-Junction,None,,,         ,Tony,Mingsing,Clear,Not Collision with Motor Vehicle in Transport,yes,no,no,no,no,False
102277983,METROPOLITAN NASHVILLE POLICE DEPT,20190038605,Davidson,Nashville,1/15/2019 5:00:00 PM,2,0,0,36.167400,-86.795700,I 40,,,,0.00,,,,,,,208.25,N,Not at Intersection, ,Non-Junction,None,,,         ,Brent,Morris,Clear,Front to Rear,no,no,no,no,no,False
102277984,METROPOLITAN NASHVILLE POLICE DEPT,20190038675,Davidson,Nashville,1/15/2019 4:33:00 PM,2,0,0,36.137270,-86.797560,WEDGEWOOD AV,,,,172.00,Feet,East,19TH AVS,,,,0.00,N,Not at Intersection, ,Non-Junction,None,,,         ,Jed,Baldoni,Clear,Front to Rear,no,no,no,no,no,Campus
102277989,METROPOLITAN NASHVILLE POLICE DEPT,20190038591,Davidson,Nashville,1/15/2019 5:05:00 PM,1,1,0,36.185340,-86.668830,FERNBROOK LN,,,,326.00,Feet,West,HEARTLAND DR,,,,0.00,N,Not at Intersection,N,Non-Junction,None,,,         ,Timothy,Ward,Clear,Not Collision with Motor Vehicle in Transport,yes,no,no,yes,no,False
102277998,METROPOLITAN NASHVILLE POLICE DEPT,20190038584,Davidson,Nashville,1/15/2019 4:07:00 PM,2,0,0,36.157870,-86.759870,I 24,,,,0.00,,,,,,,49.60,N,Not at Intersection,N,Non-Junction,None,,,         ,Michael,Moss,Clear,"Sideswipe, Same Direction",no,no,no,no,yes,False
102277999,TENNESSEE STATE UNIVERSITY ,19-TSU-02364,Davidson,Nashville,1/15/2019 3:53:00 PM,2,1,0,36.173240,-86.819160,W H DAVIS DR,,,,1261.00,Feet,North,W HEIMAN ST,,,,0.00,N,Not at Intersection, ,Non-Junction,None,,,         ,Melanie,Washington,Cloudy,Angle,no,no,no,yes,no,False
102278005,METROPOLITAN NASHVILLE POLICE DEPT,20190038643,Davidson,Nashville,1/15/2019 5:20:00 PM,4,0,0,36.080490,-86.835370,HILLSBORO PKE,,,,353.00,Feet,North,HEMINGWAY DR,,,,0.00,N,Not at Intersection,N,Non-Junction,None,,,         ,Reagan,Heath,Clear,Front to Rear,no,no,no,no,no,False
102278012,METROPOLITAN NASHVILLE POLICE DEPT,20190038548,Davidson,Nashville,1/15/2019 4:30:00 PM,2,0,0,36.086570,-86.771590,HARDING PL,,,,110.00,Feet,East,FRANKLIN PKE,,,,0.00,N,Not at Intersection, ,Non-Junction,None,,,         ,David,Robberson,Clear,Front to Rear,no,no,no,no,no,False
102278013,METROPOLITAN NASHVILLE POLICE DEPT,20190038575,Davidson,Nashville,1/15/2019 4:53:00 PM,2,0,0,36.070220,-86.684490,ANTIOCH PKE,,,,28.00,Feet,South,HAYWOOD LN,,,,0.00,N,Not at Intersection, ,Non-Junction,None,,,         ,Andrew,Brazee,Clear,Front to Rear,no,no,no,no,no,False
102278023,METROPOLITAN NASHVILLE POLICE DEPT,20190038231,Davidson,Nashville,1/15/2019 2:35:00 PM,2,2,0,36.160800,-86.781800,7TH AVN,,,,0.00,,,COMMERCE ST,,,,0.00,Y,Four-Way,N,Intersection,None,,,         ,Joshua,Reece,Clear,Angle,no,no,no,no,yes,False
102278036,METROPOLITAN NASHVILLE POLICE DEPT,20190038630,Davidson,Nashville,1/15/2019 5:50:00 PM,2,1,0,36.128450,-86.727440,I 24,,,,0.00,,,,,,,51.30,N,Not at Intersection,N,Non-Junction,None,,,         ,Aimee,Ortiz,Clear,Front to Rear,no,no,no,no,no,False
102278045,METROPOLITAN NASHVILLE POLICE DEPT,20190038722,Davidson,Nashville,1/15/2019 5:47:00 PM,2,0,0,36.059120,-86.678980,I 24,,,,0.00,,,,,,,57.90,N,Not at Intersection,N,Non-Junction,None,,,         ,William,Durham,Clear,"Sideswipe, Same Direction",no,no,no,no,yes,False
102278056,GOODLETTSVILLE POLICE DEPT,19-01977,Davidson,Goodlettsville,1/15/2019 1:02:00 PM,2,0,0,36.315490,-86.713510,RIVERGATE PKWY,,,,0.00,,,S MAIN ST,,,,0.00,Y,Four-Way, ,Non-Junction,None,,,         ,Daniel,Knalls,Clear,Front to Rear,no,no,no,no,no,False
102278067,METROPOLITAN NASHVILLE POLICE DEPT,20190038848,Davidson,Nashville,1/15/2019 6:31:00 PM,2,0,0,36.135750,-86.788850,12TH AVS,,,,158.00,Feet,South,WEDGEWOOD AV,,,,0.00,N,Not at Intersection,N,Non-Junction,None,,,         ,FELIKS,ABRAHAMYAN,Clear,Angle,no,no,no,no,yes,False
102278068,METROPOLITAN NASHVILLE POLICE DEPT,20190038992,Davidson,Not in City Limit,1/15/2019 7:46:00 PM,2,0,0,36.262000,-86.699540,EAST MAPLE SUITES PVTDR,,,,499.00,Feet,South,E OLD HICKORY BLVD,,,,0.00,N,Not at Intersection,N,Non-Junction,None,,,         ,Christopher,Littles,Cloudy,Rear to Rear,no,no,no,yes,yes,False
102278079,METROPOLITAN NASHVILLE POLICE DEPT,20190038905,Davidson,Nashville,1/15/2019 6:30:00 PM,2,0,0,36.133480,-86.790880,CALDWELL AV,,,,363.00,Feet,East,15TH AVS,,,,0.00,N,Not at Intersection, ,Non-Junction,None,,,         ,Jonathan,Sharp,Cloudy,"Sideswipe, Same Direction",no,no,no,no,no,False
102278080,METROPOLITAN NASHVILLE POLICE DEPT,20190038972,Davidson,Nashville,1/15/2019 7:40:00 PM,2,0,0,36.044950,-86.664900,BELL RD,,,,522.00,Feet,North,CEDAR POINTE PKWY,,,,0.00,N,Not at Intersection,N,Non-Junction,None,,,         ,Matthew,Turppa,Clear,Angle,no,no,no,no,no,False
102278082,METROPOLITAN NASHVILLE POLICE DEPT,20190038977,Davidson,Nashville,1/15/2019 7:00:00 PM,2,0,0,36.150110,-86.784910,I 40,,,,0.00,,,,,,,209.55,N,Not at Intersection,N,Non-Junction,None,,,         ,Allyson,Reis,Clear,"Sideswipe, Same Direction",no,no,no,no,yes,False
102278090,METROPOLITAN NASHVILLE POLICE DEPT,20190039102,Davidson,Antioch,1/15/2019 8:23:00 PM,2,0,0,36.042780,-86.606490,MURFREESBORO PKE,,,,33.00,Feet,South,HOBSON PKE,,,,0.00,N,Not at Intersection,N,Non-Junction,None,,,         ,YUNUS,ADAK,Clear,Angle,no,no,no,no,yes,False
102278166,METROPOLITAN NASHVILLE POLICE DEPT,20190038694,Davidson,Nashville,1/15/2019 5:42:00 PM,1,1,0,36.215580,-86.597660,ANDREW JACKSON PKWY,,,,167.00,Feet,North,LEBANON PKE,,,,0.00,N,Not at Intersection,N,Non-Junction,None,,,         ,Marvis,Malone,Clear,Not Collision with Motor Vehicle in Transport,yes,no,no,no,no,False
102278226,METROPOLITAN NASHVILLE POLICE DEPT,20190038384,Davidson,Nashville,1/15/2019 3:50:00 PM,3,1,0,36.155820,-86.795920,17TH AVN,,,,0.00,,,CHURCH ST,,,,0.00,Y,Four-Way,N,Intersection,None,,,         ,Akira,McSwain,Clear,Angle,no,no,no,no,no,False
102278227,METROPOLITAN NASHVILLE POLICE DEPT,20190038619,Davidson,Nashville,1/15/2019 5:21:00 PM,2,0,0,36.118180,-86.767950,I 440,,,,0.00,,,,,,,5.25,N,Not at Intersection, ,,None,,,         ,Akira,McSwain,,,no,no,no,no,no,False
102278228,METROPOLITAN NASHVILLE POLICE DEPT,20190038819,Davidson,Nashville,1/15/2019 5:55:00 PM,2,0,0,36.074190,-86.737770,BLACKMAN RD,,,,0.00,,,SHADESCREST DR,,,,0.00,Y,T-Intersection, ,Non-Junction,None,,,         ,Akira,McSwain,Clear,Angle,no,no,no,no,no,False
102278229,METROPOLITAN NASHVILLE POLICE DEPT,20190039080,Davidson,Nashville,1/15/2019 7:40:00 PM,2,0,0,36.153880,-86.818580,CHARLOTTE AV,,,,109.00,Feet,West,28TH AVN,,,,0.00,N,Not at Intersection, ,Non-Junction,None,,,         ,Akira,McSwain,Clear,Front to Rear,no,no,no,no,no,False
102278231,METROPOLITAN NASHVILLE POLICE DEPT,20190039169,Davidson,Nashville,1/15/2019 8:12:00 PM,3,0,0,36.087610,-86.695830,METROPLEX DR,,,,274.00,Feet,North,HARDING PL,,,,0.00,N,Not at Intersection,N,"Driveway, Alley Access, etc",None,,,         ,Andrew,Brazee,Clear,Angle,no,no,no,yes,yes,False
102278232,METROPOLITAN NASHVILLE POLICE DEPT,20190039058,Davidson,Nashville,1/15/2019 5:26:00 PM,2,0,0,36.187160,-86.630870,LEBANON PKE,,,,69.00,Feet,East,CENTRAL PKE,,,,0.00,N,Not at Intersection,N,Non-Junction,None,,,         ,Terence,Mitchell,Clear,Front to Rear,no,no,no,no,no,False
102278268,METROPOLITAN NASHVILLE POLICE DEPT,20190039182,Davidson,Nashville,1/15/2019 9:00:00 PM,2,0,0,36.056760,-86.742160,EDMONDSON PKE,,,,624.00,Feet,North,MCMURRAY DR,,,,0.00,N,Not at Intersection, ,Non-Junction,None,,,         ,John,Stanfield,Clear,"Sideswipe, Same Direction",no,no,no,no,no,False
102278269,METROPOLITAN NASHVILLE POLICE DEPT,20190039309,Davidson,Nashville,1/15/2019 10:00:00 PM,1,0,0,36.120970,-86.718010,EAST THOMPSON LN,,,,1.00,Feet,North,BROWNING RD,,,,0.00,N,Not at Intersection,N,Non-Junction,None,,,         ,Aimee,Ortiz,Clear,Not Collision with Motor Vehicle in Transport,no,no,no,no,no,False
102278274,METROPOLITAN NASHVILLE POLICE DEPT,20190039321,Davidson,Nashville,1/15/2019 10:22:00 PM,2,1,0,36.046920,-86.662020,I 24,,,,0.00,,,,,,,59.20,N,Not at Intersection,N,Non-Junction,None,,,         ,Devonte,Coleman,Clear,Front to Rear,no,no,no,no,no,False
102278289,METROPOLITAN NASHVILLE POLICE DEPT,20190039054,Davidson,Nashville,1/15/2019 7:58:00 PM,2,0,0,36.183500,-86.610760,OLD HICKORY BLVD,,,,0.00,,,DODSON CHAPEL RD,,,,0.00,Y,Four-Way,N,Intersection,None,,,         ,David,Stanley,Cloudy,Angle,no,no,no,no,no,False
102278301,METROPOLITAN NASHVILLE POLICE DEPT,20190039378,Davidson,Not in City Limit,1/15/2019 10:50:00 PM,1,0,0,36.077120,-87.030740,I 40,,,,0.00,,,,,,,192.00,N,Not at Intersection, ,,None,,,         ,Jackson,Smythe,,,no,no,no,no,no,False
102278316,METROPOLITAN NASHVILLE POLICE DEPT,20190039385,Davidson,Not in City Limit,1/15/2019 10:50:00 PM,1,0,0,36.265300,-86.680650,RIO VISTA DR,,,,185.00,Feet,South,N DUPONT AV,,,,0.00,N,Not at Intersection,N,Non-Junction,None,,,         ,Nicholas,Diamond,Clear,Not Collision with Motor Vehicle in Transport,no,no,no,yes,yes,False
102278318,METROPOLITAN NASHVILLE POLICE DEPT,20190039529,Davidson,Nashville,1/15/2019 11:00:00 PM,2,0,0,36.189690,-86.739410,GREENWOOD AV,,,,238.00,Feet,West,CHAPEL AV,,,,0.00,N,Not at Intersection,N,Non-Junction,None,,,         ,Ryan,Worstall,Clear,"Sideswipe, Same Direction",no,no,no,no,yes,False
102278320,METROPOLITAN NASHVILLE POLICE DEPT,20190033090,Davidson,Nashville,1/13/2019 7:30:00 PM,2,0,0,36.130390,-86.801960,21ST AVS,,,,0.00,,,BLAIR BLVD,,,,0.00,Y,Four-Way, ,Intersection,None,,,         ,John,Roberson,Cloudy,Front to Rear,no,no,no,no,no,False
102278327,METROPOLITAN NASHVILLE POLICE DEPT,20190039362,Davidson,Nashville,1/15/2019 7:22:00 PM,2,0,0,36.215120,-86.597540,LEBANON PKE,,,,39.00,Feet,East,ANDREW JACKSON PKWY,,,,0.00,N,Not at Intersection,N,Non-Junction,None,,,         ,Joao,Pinho,Cloudy,Front to Rear,no,no,no,no,yes,False
102278329,METROPOLITAN NASHVILLE POLICE DEPT,20190039508,Davidson,Antioch,1/16/2019 12:06:00 AM,2,0,0,36.069680,-86.592560,PARK ROYAL LN,,,,224.00,Feet,North,MOOREGATE DR,,,,0.00,N,Not at Intersection,N,Non-Junction,None,,,         ,Robert,Erickson,Clear,HeadOn,no,no,no,no,yes,False
102278332,METROPOLITAN NASHVILLE POLICE DEPT,20190039667,Davidson,Nashville,1/16/2019 1:15:00 AM,1,0,0,36.166160,-86.777420,UNION ST,,,,117.00,Feet,East,UNION ST EXT RAMP,,,,0.00,N,Not at Intersection,N,Non-Junction,None,,,         ,Daniel,Caruth,Clear,Not Collision with Motor Vehicle in Transport,no,no,no,no,no,False
102278339,METROPOLITAN NASHVILLE POLICE DEPT,20190039738,Davidson,Nashville,1/16/2019 1:30:00 AM,1,1,0,36.086890,-86.701150,I24 E EXT RAMP,,,,0.00,,East,I 24,,,,0.00,N,Not at Intersection,Y,Entrance/Exit Ramp Related,None,,,         ,William,Williams,Clear,Not Collision with Motor Vehicle in Transport,no,no,no,no,no,False
102278342,METROPOLITAN NASHVILLE POLICE DEPT,20190039816,Davidson,Nashville,1/16/2019 12:00:00 AM,1,0,0,36.242210,-86.638090,PITTS AV,,,,203.00,Feet,South,RAY AV,,,,0.00,N,Not at Intersection,N,Non-Junction,None,,,         ,Jacob,West,Clear,Not Collision with Motor Vehicle in Transport,no,no,no,no,yes,False
102278358,METROPOLITAN NASHVILLE POLICE DEPT,20190039744,Davidson,Nashville,1/16/2019 1:27:00 AM,1,3,0,36.155660,-86.761230,I40 W ENT RAMP,,,,0.00,Feet,East,ANTHES DR,,,,0.00,N,Not at Intersection,N,Non-Junction,None,,,         ,Brenna,Hosey,Clear,Not Collision with Motor Vehicle in Transport,no,no,no,no,yes,False
102278395,METROPOLITAN NASHVILLE POLICE DEPT,20190039875,Davidson,Nashville,1/16/2019 2:52:00 AM,2,0,0,36.063220,-86.639620,RICE RD,,,,659.00,Feet,West,BELL RD,,,,0.00,N,Not at Intersection, ,OtherLocation,None,,,         ,David,Simmonds,Clear,"Sideswipe, Opposite Direction",no,no,no,yes,no,False
102278417,METROPOLITAN NASHVILLE POLICE DEPT,20190040250,Davidson,Nashville,1/16/2019 6:13:00 AM,2,0,0,36.149330,-86.747350,I 40,,,,0.00,,,,,,,211.80,N,Not at Intersection,N,Non-Junction,None,,,         ,Michael,Dance,Clear,Front to Rear,no,no,no,no,no,False
102278427,METROPOLITAN NASHVILLE POLICE DEPT,20190040284,Davidson,Nashville,1/16/2019 6:23:00 AM,2,0,0,36.174510,-86.602510,OLD HICKORY BLVD,,,,0.00,,,BURNING TREE DR,,,,0.00,Y,T-Intersection, ,Intersection-Related,None,,,         ,Tien,Nguyen,Clear,Angle,no,no,no,no,no,False
102278463,METROPOLITAN NASHVILLE POLICE DEPT,20190040292,Davidson,Nashville,1/16/2019 6:52:00 AM,1,1,0,36.208230,-86.787700,W TRINITY LN,,,,115.00,Feet,West,MONTICELLO ST,,,,0.00,N,Not at Intersection,N,Non-Junction,None,,,         ,Wesley,Young,Clear,Not Collision with Motor Vehicle in Transport,yes,no,no,no,no,False
102278477,METROPOLITAN NASHVILLE POLICE DEPT,20190040471,Davidson,Not in City Limit,1/16/2019 6:35:00 AM,2,0,0,36.264140,-86.726830,OLD HICKORY BLVDW,,,,77.00,Feet,West,RONNIE RD,,,,0.00,N,Not at Intersection,N,Non-Junction,None,,,         ,Carey,Steel,Clear,Angle,no,no,no,no,no,False