master_record_number,agency,agency_tracking_number,county,city,collision_date,vehicles_involved,number_injured,number_dead,latitude,longitude,roadway_name,roadway_suffix,roadway_number,roadway_local_id,distance_from_reference,miles-feet_indicator,direction_from_reference,intersection_road_name,intersection_road_name_suffix,intersection_road_number,intersection_local_id,mile_marker,intersection_indicator,intersect_type,interchange_related_indicator,relation_to_junction,work_zone_type,construction_maintenance_zone,construction_maintenance_zone_location,fatal_case_number,officer_first_name,officer_last_name,weather_condition(s),manner_of_crash,pedestrian,bicycle,scooter,parking,hitrun,mou
102278481,METROPOLITAN NASHVILLE POLICE DEPT,2019-0040378,Davidson,Goodlettsville,1/16/2019 7:30:00 AM,2,0,0,36.285150,-86.728660,I 65,,,,0.00,,,,,,,93.80,N,Not at Intersection,N,Non-Junction,None,,,         ,Travis,Baxter,Clear,Front to Rear,no,no,no,no,no,False
102278484,METROPOLITAN NASHVILLE POLICE DEPT,20190040412,Davidson,Nashville,1/16/2019 7:40:00 AM,3,1,0,36.062850,-86.916820,OLD HICKORY BLVD,,,,108.00,Feet,South,BELLEVUE RD,,,,0.00,N,Not at Intersection,N,Non-Junction,None,,,         ,Charles,Boles,Clear,Front to Rear,no,no,no,no,no,False
102278485,METROPOLITAN NASHVILLE POLICE DEPT,20190040469,Davidson,Nashville,1/16/2019 7:50:00 AM,4,0,0,36.061190,-86.912000,HIGHWAY 100,,,,315.00,Feet,West,WARNER NATURE CTR PVTDR,,,,0.00,N,Not at Intersection,N,Non-Junction,None,,,         ,Curtis,Rich,Clear,Front to Rear,no,no,no,no,no,False
102278497,METROPOLITAN NASHVILLE POLICE DEPT,20190040547,Davidson,Nashville,1/16/2019 8:10:00 AM,2,0,0,36.238660,-86.723900,GALLATIN PKES,,,,55.00,Feet,South,GALLATIN PKE,,,,0.00,N,Not at Intersection, ,Non-Junction,None,,,         ,Brian,Otto,Clear,Angle,no,no,no,no,no,False
102278502,METROPOLITAN NASHVILLE POLICE DEPT,20190040456,Davidson,Nashville,1/16/2019 7:52:00 AM,3,2,0,36.142260,-86.666650,I40 W ENT RAMP,,,,0.00,,,I 40,,,,0.00,Y,Four-Way,N,Intersection-Related,None,,,         ,Tien,Nguyen,Clear,Angle,no,no,no,no,no,False
102278505,METROPOLITAN NASHVILLE POLICE DEPT,20190040451,Davidson,Nashville,1/16/2019 7:23:00 AM,2,0,0,36.173270,-86.791400,ROSA L PARKS BLVD,,,,0.00,Feet,,JEFFERSON ST,,,,0.00,Y,Four-Way,N,Intersection-Related,None,,,         ,Peter,Kinsey,Clear,Front to Rear,no,no,no,no,yes,False
102278513,METROPOLITAN NASHVILLE POLICE DEPT,20190040467,Davidson,Madison,1/16/2019 7:31:00 AM,2,0,0,36.265550,-86.739840,I65 S EXT RAMP,,,,0.00,Feet,East,OLD HICKORY BLVDW,,,,0.00,N,Not at Intersection, ,Entrance/Exit Ramp Related,None,,,         ,Jeremy,Stricklin,Clear,"Sideswipe, Same Direction",no,no,no,no,no,False
102278532,METROPOLITAN NASHVILLE POLICE DEPT,2019-0040645,Davidson,Goodlettsville,1/16/2019 8:30:00 AM,2,0,0,36.287950,-86.725700,I 65,,,,0.00,,,,,,,94.00,N,Not at Intersection, ,Non-Junction,None,,,         ,Travis,Baxter,Clear,Front to Rear,no,no,no,no,no,False
102278540,METROPOLITAN NASHVILLE POLICE DEPT,20190040484,Davidson,Nashville,1/16/2019 8:00:00 AM,2,0,0,36.176110,-86.797360,10TH AVN,,,,0.00,,,CHEATHAM PL,,,,0.00,Y,Four-Way,N,Intersection-Related,None,,,         ,Brian,Mclarty,Clear,Angle,no,no,no,no,yes,False
102278552,METROPOLITAN NASHVILLE POLICE DEPT,20190040694,Davidson,Nashville,1/16/2019 9:35:00 AM,2,0,0,36.154660,-86.801750,20TH AVN,,,,122.00,Feet,North,STATE ST,,,,0.00,N,Not at Intersection, ,"Driveway, Alley Access, etc",None,,,         ,David,Lang,Clear,Angle,no,no,no,no,no,False
102278562,METROPOLITAN NASHVILLE POLICE DEPT,20190040283,Davidson,Nashville,1/16/2019 6:30:00 AM,5,3,0,36.248500,-86.742580,I 65,,,,0.00,,,,,,,91.10,N,Not at Intersection,N,Non-Junction,None,,,         ,Cyretha,Frazier,Cloudy,Front to Rear,no,no,no,no,no,False
102278563,METROPOLITAN NASHVILLE POLICE DEPT,20190040539,Davidson,Nashville,1/16/2019 8:05:00 AM,1,0,0,36.298240,-86.782860,BRICK CHURCH PKE,,,,0.00,Feet,East,JACKSON RD,,,,0.00,N,Not at Intersection,N,Non-Junction,None,,,         ,Cyretha,Frazier,Cloudy,Not Collision with Motor Vehicle in Transport,no,no,no,no,no,False
102278569,METROPOLITAN NASHVILLE POLICE DEPT,20190040647,Davidson,Nashville,1/16/2019 8:45:00 AM,2,0,0,36.213800,-86.799990,WHITES CREEK PKE,,,,0.00,,,FRANCES ST,,,,0.00,Y,Four-Way, ,Intersection,None,,,         ,Wesley,Young,Clear,Angle,no,no,no,no,no,False
102278571,METROPOLITAN NASHVILLE POLICE DEPT,20190040291,Davidson,Nashville,1/16/2019 6:04:00 AM,2,0,0,36.050670,-86.667950,I 24,,,,0.00,,,,,,,58.80,N,Not at Intersection, ,Non-Junction,None,,,         ,Jessie,Meadows,Clear,"Sideswipe, Same Direction",no,no,no,no,no,False
102278572,METROPOLITAN NASHVILLE POLICE DEPT,20190040643,Davidson,Nashville,1/16/2019 9:09:00 AM,2,0,0,36.164230,-86.767610,S 2ND ST,,,,0.00,,,SYLVAN ST,,,,0.00,Y,T-Intersection, ,Intersection,None,,,         ,Johnathan,Carlisle,Cloudy,"Sideswipe, Same Direction",no,no,no,no,no,False
102278573,METROPOLITAN NASHVILLE POLICE DEPT,20190040386,Davidson,Antioch,1/16/2019 7:35:00 AM,2,1,0,35.994750,-86.624390,BURKITT RD,,,,77.00,Feet,South,BATTLE RD,,,,0.00,N,Not at Intersection,N,Non-Junction,None,,,         ,Jessie,Meadows,Clear,Front to Rear,no,no,no,no,no,False
102278574,METROPOLITAN NASHVILLE POLICE DEPT,20190040487,Davidson,Not in City Limit,1/16/2019 8:05:00 AM,2,0,0,36.318360,-86.842840,I 24,,,,0.00,,,,,,,36.60,N,Not at Intersection,N,Non-Junction,None,,,         ,Jeanine,Sarno,Cloudy,Front to Rear,no,no,no,no,no,False
102278577,METROPOLITAN NASHVILLE POLICE DEPT,20190040680,Davidson,Nashville,1/16/2019 9:00:00 AM,3,0,0,36.201110,-86.776810,I 65,,,,0.00,,,,,,,87.00,N,Not at Intersection, ,Non-Junction,None,,,         ,Wesley,Young,Clear,Front to Rear,no,no,no,no,no,False
102278578,METROPOLITAN NASHVILLE POLICE DEPT,20190040485,Davidson,Not in City Limit,1/16/2019 8:04:00 AM,2,0,0,36.264190,-86.735320,I65 N EXT RAMP,,,,0.00,,,OLD HICKORY BLVDW,,,,0.00,Y,T-Intersection,N,Intersection,None,,,         ,Samuel,Kersten,Cloudy,Front to Rear,no,no,no,no,no,False
102278579,METROPOLITAN NASHVILLE POLICE DEPT,20190040447,Davidson,Not in City Limit,1/16/2019 7:50:00 AM,1,0,0,36.143710,-86.569520,EARHART RD,,,,251.00,Feet,South,LAKESIDE MEADOWS DR,,,,0.00,N,Not at Intersection,N,Non-Junction,None,,,         ,Thomas,Odom,Clear,Not Collision with Motor Vehicle in Transport,no,no,no,no,no,False
102278584,METROPOLITAN NASHVILLE POLICE DEPT,20190040698,Davidson,Nashville,1/16/2019 9:00:00 AM,2,0,0,36.117450,-86.725660,I 24,,,,0.00,,,,,,,53.10,N,Not at Intersection,N,Non-Junction,None,,,         ,James,Thomas,Cloudy,Front to Rear,no,no,no,no,no,False
102278585,METROPOLITAN NASHVILLE POLICE DEPT,20190040802,Davidson,Nashville,1/16/2019 8:30:00 AM,2,0,0,36.208500,-86.781800,AVONDALE CIR,,,,403.00,Feet,East,N AVONDALE CIR,,,,0.00,N,Not at Intersection,N,Non-Junction,None,,,         ,William,Coy,Cloudy,Angle,no,no,no,no,yes,False
102278592,METROPOLITAN NASHVILLE POLICE DEPT,20190040625,Davidson,Nashville,1/16/2019 9:00:00 AM,3,0,0,36.062000,-86.916530,OLD HICKORY BLVD,,,,429.00,Feet,South,BELLEVUE RD,,,,0.00,N,Not at Intersection,N,Non-Junction,None,,,         ,Curtis,Rich,Cloudy,Front to Rear,no,no,no,no,no,False
102278618,METROPOLITAN NASHVILLE POLICE DEPT,20190040597,Davidson,Not in City Limit,1/16/2019 8:40:00 AM,3,1,0,36.320090,-86.850070,I 24,,,,0.00,,,,,,,36.00,N,Not at Intersection,N,Non-Junction,None,,,         ,Jeanine,Sarno,Cloudy,Front to Rear,no,no,no,no,yes,False
102278630,METROPOLITAN NASHVILLE POLICE DEPT,20190040923,Davidson,Nashville,1/16/2019 11:04:00 AM,2,0,0,36.156940,-86.780680,DEMONBREUN ST,,,,52.00,Feet,East,8TH AVS,,,,0.00,N,Not at Intersection, ,,None,,,         ,Kyle,Eicholtz,,,no,no,no,no,no,False
102278632,METROPOLITAN NASHVILLE POLICE DEPT,20190040728,Davidson,Not in City Limit,1/16/2019 7:40:00 AM,2,0,0,36.004230,-86.626670,OLD HICKORY BLVD,,,,0.00,,,BATTLE RD,,,,0.00,Y,T-Intersection,Y,Intersection,None,,,         ,James,Jarvis,Cloudy,Not Collision with Motor Vehicle in Transport,no,no,no,no,no,False
102278634,METROPOLITAN NASHVILLE POLICE DEPT,2019040599,Davidson,Nashville,1/16/2019 9:11:00 AM,2,0,0,36.161540,-86.775970,3RD AVS,,,,0.00,,,BROADWAY,,,,0.00,Y,Four-Way, ,Intersection,Construction Zone,,,         ,Michael,Schlegel,Clear,Angle,no,no,no,no,no,False
102278639,METROPOLITAN NASHVILLE POLICE DEPT,20190040501,Davidson,Nashville,1/16/2019 7:50:00 AM,2,0,0,36.058160,-86.641670,BELL RD,,,,546.00,Feet,South,THE OVERLOOK PVTDR,,,,0.00,N,Not at Intersection, ,Non-Junction,None,,,         ,Troy,Loewen,Clear,Front to Rear,no,no,no,no,no,False
102278657,METROPOLITAN NASHVILLE POLICE DEPT,20190040686,Davidson,Nashville,1/16/2019 9:30:00 AM,2,0,0,36.202560,-86.776650,I 65,,,,0.00,,,,,,,87.05,N,Not at Intersection, ,Non-Junction,None,,,         ,Thomas,Broatch,Cloudy,"Sideswipe, Same Direction",no,no,no,no,no,False
102278677,METROPOLITAN NASHVILLE POLICE DEPT,20190040918,Davidson,Nashville,1/16/2019 11:25:00 AM,2,0,0,36.144750,-86.739660,I 40,,,,0.00,,,,,,,212.30,N,Not at Intersection,N,Non-Junction,None,,,         ,Michael,Dance,Clear,Front to Rear,no,no,no,no,no,False
102278713,METROPOLITAN NASHVILLE POLICE DEPT,20190041133,Davidson,Nashville,1/16/2019 12:45:00 PM,1,1,0,36.132060,-86.905760,CHARLOTTE PKE PVTDR,,,,671.00,Feet,North,BROOKMEADE GRNWY,,,,0.00,N,Not at Intersection,N,Non-Junction,None,,,         ,Curtis,Rich,Cloudy,Not Collision with Motor Vehicle in Transport,no,no,no,yes,no,False
102278714,METROPOLITAN NASHVILLE POLICE DEPT,20190040650,Davidson,Not in City Limit,1/16/2019 8:15:00 AM,2,1,0,36.313200,-86.830950,I 24,,,,0.00,,,,,,,37.40,N,Not at Intersection,N,Non-Junction,None,,,         ,Jeanine,Sarno,Cloudy,Front to Rear,no,no,no,no,no,False
102278738,METROPOLITAN NASHVILLE POLICE DEPT,20190041033,Davidson,Nashville,1/16/2019 12:00:00 PM,2,0,0,36.246660,-86.756610,DICKERSON PKE,,,,0.00,,,SKYLINE COMMONS PVTDR,,,,0.00,Y,T-Intersection,Y,Intersection,None,,,         ,Cyretha,Frazier,Cloudy,Angle,no,no,no,no,no,False
102278746,METROPOLITAN NASHVILLE POLICE DEPT,20190041088,Davidson,Nashville,1/16/2019 12:00:00 AM,2,0,0,36.157290,-86.784050,10TH AVS,,,,299.00,Feet,South,10TH AVN,,,,0.00,N,Not at Intersection,N,Non-Junction,None,,,         ,James,Thornton,Cloudy,Unknown,no,no,no,yes,yes,False
102278798,METROPOLITAN NASHVILLE POLICE DEPT,20190041170,Davidson,Nashville,1/16/2019 12:55:00 PM,2,0,0,36.110930,-86.745070,THOMPSON LN,,,,40.00,Feet,East,NOLENSVILLE PKE,,,,0.00,N,Not at Intersection, ,Non-Junction,None,,,         ,Donald,Davidson,Clear,Front to Rear,no,no,no,no,no,False
102278827,METROPOLITAN NASHVILLE POLICE DEPT,2019-0041160,Davidson,Goodlettsville,1/16/2019 12:20:00 PM,2,0,0,36.304800,-86.693160,CONFERENCE DR,,,,0.00,,,THE SHOPPES AT RIVERGATE PVTDR,,,,0.00,Y,T-Intersection, ,Intersection-Related,None,,,         ,Travis,Baxter,Cloudy,"Sideswipe, Same Direction",no,no,no,no,no,False
102278828,METROPOLITAN NASHVILLE POLICE DEPT,20190041228,Davidson,Nashville,1/16/2019 1:20:00 PM,2,0,0,36.044620,-86.659440,I24 E ENT RAMP,,,,0.00,Feet,East,I 24,,,,0.00,N,Not at Intersection, ,Non-Junction,None,,,         ,Jessie,Meadows,Clear,Front to Rear,no,no,no,no,no,False
102278838,METROPOLITAN NASHVILLE POLICE DEPT,20190041166,Davidson,Madison,1/16/2019 1:09:00 PM,2,0,0,36.264140,-86.735720,I65 N EXT RAMP,,,,0.00,Feet,East,OLD HICKORY BLVDW,,,,0.00,N,Not at Intersection, ,,None,,,         ,Jeremy,Stricklin,,,no,no,no,no,no,False
102278839,METROPOLITAN NASHVILLE POLICE DEPT,20190041206,Davidson,Nashville,1/16/2019 1:14:00 PM,2,1,0,36.081930,-86.761810,I65 N EXT RAMP,,,,0.00,,,SIDCO DR,,,,0.00,Y,OTHER, ,Entrance/Exit Ramp Related,None,,,         ,Jon,Mcvey,Cloudy,Front to Rear,no,no,no,no,no,False
102278873,METROPOLITAN NASHVILLE POLICE DEPT,20190041350,Davidson,Nashville,1/16/2019 1:57:00 PM,2,0,0,36.204650,-86.614620,BELINDA DR,,,,0.00,,,LEBANON PKE,,,,0.00,Y,T-Intersection, ,Non-Junction,None,,,         ,Thomas,Odom,Clear,Angle,no,no,no,no,no,False
102278948,METROPOLITAN NASHVILLE POLICE DEPT,20190041431,Davidson,Nashville,1/16/2019 2:35:00 PM,2,0,0,36.140860,-86.794710,HORTON AV,,,,62.00,Feet,East,17TH AVS,,,,0.00,N,Not at Intersection,N,Non-Junction,None,,,         ,Jon,Mcvey,Cloudy,Front to Rear,no,no,no,no,no,False
102278952,METROPOLITAN NASHVILLE POLICE DEPT,20190039330,Davidson,Nashville,1/15/2019 10:22:00 PM,2,2,0,36.066670,-86.717940,NORTHCREST DR,,,,0.00,,,NOLENSVILLE PKE,,,,0.00,Y,T-Intersection,N,Intersection,None,,,         ,FELIKS,ABRAHAMYAN,Clear,Angle,no,no,no,no,no,False
102278964,METROPOLITAN NASHVILLE POLICE DEPT,20190041278,Davidson,Nashville,1/16/2019 1:30:00 PM,2,0,0,36.044350,-86.657100,I 24,,,,0.00,,,,,,,59.50,N,Not at Intersection, ,Non-Junction,None,,,         ,Jessie,Meadows,Clear,Front to Rear,no,no,no,no,no,False
102278973,METROPOLITAN NASHVILLE POLICE DEPT,20190041505,Davidson,Nashville,1/16/2019 2:30:00 PM,2,0,0,36.147890,-86.743480,FESSLERS LN,,,,47.00,Feet,North,I40 W ENT RAMP,,,,0.00,N,Not at Intersection,N,Non-Junction,None,,,         ,Darci,Stechman,Clear,"Sideswipe, Same Direction",no,no,no,no,yes,False
102278986,BERRY HILL POLICE DEPT,19-0201,Davidson,Berry Hill,1/16/2019 12:00:00 AM,2,0,0,36.112690,-86.766940,BRANSFORD AV,,,,0.00,,,HEATHER PL,,,,0.00,Y,T-Intersection, ,,None,,,         ,John,Gleixner,,,no,no,no,no,no,False
102278987,METROPOLITAN NASHVILLE POLICE DEPT,20190041511,Davidson,Nashville,1/16/2019 3:08:00 PM,2,0,0,36.134270,-86.894890,I40 E ENT RAMP,,,,0.00,Feet,East,I 40,,,,0.00,N,Not at Intersection, ,Entrance/Exit Ramp Related,None,,,         ,Brandon,Pedigo,Cloudy,Front to Rear,no,no,no,no,no,False
102279003,METROPOLITAN NASHVILLE POLICE DEPT,20190041551,Davidson,Nashville,1/16/2019 3:22:00 PM,1,0,0,36.208500,-86.749640,ELLINGTON PKWYS,,,,0.00,,,,,,,0.00,,,N,Non-Junction,None,,,         ,Michael,Moss,Clear,Not Collision with Motor Vehicle in Transport,no,no,no,no,no,False
102279010,METROPOLITAN NASHVILLE POLICE DEPT,20190041508,Davidson,Nashville,1/16/2019 2:30:00 PM,2,0,0,36.197840,-86.798730,ATHENS WAY,,,,463.00,Feet,South,GREAT CIRCLE RD,,,,0.00,N,Not at Intersection, ,Non-Junction,None,,,         ,Timothy,Skopek,Cloudy,"Sideswipe, Same Direction",no,no,no,no,no,False
102279012,METROPOLITAN NASHVILLE POLICE DEPT,20190041617,Davidson,Not in City Limit,1/16/2019 3:50:00 PM,2,1,0,36.287650,-86.781470,BRICK CHURCH PKE,,,,375.00,Feet,East,QUAIL RIDGE DR,,,,0.00,N,Not at Intersection, ,Non-Junction,None,,,         ,Christopher,Littles,Cloudy,Front to Rear,no,no,no,no,no,False
102279032,METROPOLITAN NASHVILLE POLICE DEPT,20190041452,Davidson,Nashville,1/16/2019 2:47:00 PM,2,0,0,36.107270,-86.812230,HILLSBORO PKE,,,,0.00,,,,,,,0.00,,,N,Non-Junction,None,,,         ,FELIKS,ABRAHAMYAN,Clear,Angle,no,no,no,yes,no,False
102279073,METROPOLITAN NASHVILLE POLICE DEPT,20190041715,Davidson,Nashville,1/16/2019 4:28:00 PM,1,0,0,36.160650,-86.613730,BELL RD,,,,988.00,Feet,South,DODSON CHAPEL RD,,,,0.00,N,Not at Intersection, ,,None,,,         ,Jason,Thomas,,,no,no,no,no,no,False
102279077,METROPOLITAN NASHVILLE POLICE DEPT,20190041798,Davidson,Nashville,1/16/2019 5:07:00 PM,2,1,0,36.201220,-86.839660,CLARKSVILLE PKE,,,,763.00,Feet,South,ABERNATHY RD,,,,0.00,N,Not at Intersection,N,Non-Junction,None,,,         ,Bryan,Musgrave,Clear,"Sideswipe, Same Direction",no,no,no,no,yes,False
102279092,METROPOLITAN NASHVILLE POLICE DEPT,20190041825,Davidson,Nashville,1/16/2019 12:00:00 AM,2,0,0,36.180450,-86.757200,MARINA ST,,,,0.00,,,MYRTLE ST,,,,0.00,Y,Y-Intersection,N,Non-Junction,None,,,         ,Gregory,Cenicola,Clear,Angle,no,no,no,no,yes,False
102279094,METROPOLITAN NASHVILLE POLICE DEPT,20190041695,Davidson,Nashville,1/16/2019 4:10:00 PM,2,0,0,36.145000,-86.857970,WHITE BRIDGE PKE,,,,0.00,,,BURGESS AV,,,,0.00,Y,Four-Way, ,Intersection,None,,,         ,Robert,Crow,Cloudy,"Sideswipe, Same Direction",no,no,no,no,no,False
102279095,METROPOLITAN NASHVILLE POLICE DEPT,20190041786,Davidson,Not in City Limit,1/16/2019 5:09:00 PM,2,0,0,36.272710,-86.735890,I 65,,,,0.00,,,,,,,92.80,N,Not at Intersection, ,,None,,,         ,Christopher,Littles,,,no,no,no,no,no,False
102279097,METROPOLITAN NASHVILLE POLICE DEPT,20190041649,Davidson,Nashville,1/16/2019 3:25:00 PM,2,0,0,36.149240,-86.774820,I 40,,,,0.00,,,,,,,210.15,N,Not at Intersection,Y,Entrance/Exit Ramp Related,None,,,         ,Jonathan,Sharp,Cloudy,"Sideswipe, Same Direction",no,no,no,no,yes,False
102279106,METROPOLITAN NASHVILLE POLICE DEPT,20190041605,Davidson,Nashville,1/16/2019 3:41:00 PM,2,0,0,36.108680,-86.812130,GLEN ECHO RD,,,,0.00,,,HILLSBORO PKE,,,,0.00,Y,T-Intersection, ,Non-Junction,None,,,         ,Darryl,Williams,Clear,Front to Rear,no,no,no,no,no,False
102279115,METROPOLITAN NASHVILLE POLICE DEPT,20190041659,Davidson,Nashville,1/16/2019 3:48:00 PM,2,0,0,36.035470,-86.611260,OLD HICKORY BLVD,,,,155.00,Feet,South,HOBSON PKE,,,,0.00,N,Not at Intersection,N,Non-Junction,None,,,         ,Melissa,Flores,Clear,Angle,no,no,no,no,no,False
102279130,METROPOLITAN NASHVILLE POLICE DEPT,20190041861,Davidson,Nashville,1/16/2019 5:15:00 PM,2,0,0,36.137910,-86.729540,MURFREESBORO PKE,,,,98.00,Feet,East,CRUTCHFIELD AV,,,,0.00,N,Not at Intersection, ,Non-Junction,None,,,         ,Ciarra,Rench,Clear,Front to Rear,no,no,no,no,no,False
102279132,METROPOLITAN NASHVILLE POLICE DEPT,20190041888,Davidson,Nashville,1/16/2019 5:53:00 PM,2,2,0,36.132550,-86.893780,CHARLOTTE PKE,,,,0.00,Feet,East,CHARLOTTE PKE,,,,0.00,N,Not at Intersection,N,Non-Junction,None,,,         ,Brandon,Pedigo,Cloudy,Angle,no,no,no,no,no,False
102279134,METROPOLITAN NASHVILLE POLICE DEPT,20190041895,Davidson,Nashville,1/16/2019 5:56:00 PM,2,2,0,36.071900,-86.698180,WILLARD DR,,,,0.00,,,EAST RIDGE DR,,,,0.00,Y,Four-Way,N,Intersection,None,,,         ,Devonte,Coleman,Clear,Angle,no,no,no,no,no,False
102279137,METROPOLITAN NASHVILLE POLICE DEPT,20190041977,Davidson,Goodlettsville,1/16/2019 6:36:00 PM,2,0,0,36.291910,-86.720850,I 65,,,,0.00,,,,,,,94.40,N,Not at Intersection, ,Non-Junction,None,,,         ,Christopher,Littles,Cloudy,Front to Rear,no,no,no,no,no,False
102279143,METROPOLITAN NASHVILLE POLICE DEPT,20190041676,Davidson,Nashville,1/16/2019 4:01:00 PM,2,2,0,36.168260,-86.802140,16TH AVN,,,,25.00,Feet,North,PHILLIPS ST,,,,0.00,N,Not at Intersection,N,Non-Junction,None,,,         ,Christopher,Dickerson,Clear,"Sideswipe, Same Direction",no,no,no,no,no,False
102279153,METROPOLITAN NASHVILLE POLICE DEPT,20190041955,Davidson,Not in City Limit,1/16/2019 5:25:00 PM,2,0,0,36.076810,-86.953060,COLEY DAVIS RD,,,,868.00,Feet,South,HARPETH YOUTH SOCCER PVTDR,,,,0.00,N,Not at Intersection,N,Non-Junction,None,,,         ,Jeffrey,Mullins,Cloudy,"Sideswipe, Same Direction",no,no,no,yes,yes,False
102279154,METROPOLITAN NASHVILLE POLICE DEPT,20190038762,Davidson,Nashville,1/15/2019 5:26:00 PM,5,0,0,36.155070,-86.830590,I 40,,,,0.00,,,,,,,205.50,N,Not at Intersection,Y,Entrance/Exit Ramp Related,None,,,         ,Russell,Ward,Clear,Front to Rear,no,no,no,no,no,False
102279156,METROPOLITAN NASHVILLE POLICE DEPT,20190041810,Davidson,Nashville,1/16/2019 5:14:00 PM,3,0,0,36.141670,-86.776790,I 65,,,,0.00,,,,,,,81.90,N,Not at Intersection,N,Non-Junction,None,,,         ,FELIKS,ABRAHAMYAN,Clear,Front to Rear,no,no,no,no,no,False
102279157,METROPOLITAN NASHVILLE POLICE DEPT,20190041901,Davidson,Nashville,1/16/2019 5:58:00 PM,2,0,0,36.155480,-86.765800,HERMITAGE AV,,,,0.00,,,ACADEMY PL,,,,0.00,Y,Four-Way,N,Intersection,None,,,         ,Joshua,Reece,Cloudy,"Sideswipe, Same Direction",no,no,no,no,yes,False
102279161,METROPOLITAN NASHVILLE POLICE DEPT,20190041953,Davidson,Nashville,1/16/2019 6:19:00 PM,2,0,0,36.166660,-86.819990,MEHARRY BLVD,,,,132.00,Feet,East,28TH AVN,,,,0.00,N,Not at Intersection, ,Non-Junction,None,,,         ,Melvin,Taylor,Clear,"Sideswipe, Opposite Direction",no,no,no,no,yes,False
102279164,METROPOLITAN NASHVILLE POLICE DEPT,20190041834,Davidson,Nashville,1/16/2019 5:17:00 PM,2,0,0,36.151440,-86.801990,21ST AVN,,,,0.00,,,HAYES ST,,,,0.00,Y,Four-Way, ,Intersection,None,,,         ,Darryl,Williams,Clear,Front to Rear,no,no,no,no,yes,Campus
102279171,METROPOLITAN NASHVILLE POLICE DEPT,20190039315,Davidson,Nashville,1/15/2019 10:19:00 PM,2,0,0,36.158280,-86.783510,BROADWAY,,,,34.00,Feet,West,9TH AVS,,,,0.00,N,Not at Intersection, ,Non-Junction,None,,,         ,Brandon,O'Guin,Cloudy,"Sideswipe, Same Direction",no,no,no,no,no,False
102279178,METROPOLITAN NASHVILLE POLICE DEPT,20190041883,Davidson,Nashville,1/16/2019 5:45:00 PM,4,1,0,36.107140,-86.675290,MURFREESBORO PKE,,,,525.00,Feet,East,DELL PKWY,,,,0.00,N,Not at Intersection,N,Non-Junction,None,,,         ,William,Durham,Clear,"Sideswipe, Same Direction",no,no,no,no,no,False
102279184,METROPOLITAN NASHVILLE POLICE DEPT,20190041980,Davidson,Nashville,1/16/2019 6:18:00 PM,2,0,0,36.121540,-86.727330,I 24,,,,0.00,,,,,,,52.80,N,Not at Intersection, ,Non-Junction,None,,,         ,Je-Marc,Sears,Clear,"Sideswipe, Same Direction",no,no,no,no,no,False
102279187,METROPOLITAN NASHVILLE POLICE DEPT,20190042083,Davidson,Not in City Limit,1/16/2019 6:30:00 PM,2,0,0,36.007160,-86.700670,NOLENSVILLE PKE,,,,173.00,Feet,South,CULBERTSON RD,,,,0.00,N,Not at Intersection,N,Non-Junction,None,,,         ,Citlaly,Juarez,Clear,Front to Rear,no,no,no,no,no,False
102279193,METROPOLITAN NASHVILLE POLICE DEPT,20190042162,Davidson,Not in City Limit,1/16/2019 8:20:00 PM,2,0,0,36.263090,-86.690490,E OLD HICKORY BLVD,,,,0.00,,,MYATT DR,,,,0.00,Y,Four-Way, ,Intersection,None,,,         ,Christopher,Littles,Cloudy,Angle,no,no,no,no,no,False
102279232,METROPOLITAN NASHVILLE POLICE DEPT,20190042057,Davidson,Nashville,1/16/2019 5:30:00 PM,2,0,0,36.185630,-86.796470,I65 N ENT RAMP,,,,0.00,Feet,East,I 65,,,,0.00,N,Not at Intersection,N,Non-Junction,None,,,         ,Timothy,Skopek,Cloudy,"Sideswipe, Same Direction",no,no,no,no,no,False
102279233,METROPOLITAN NASHVILLE POLICE DEPT,20190042030,Davidson,Nashville,1/16/2019 6:45:00 PM,2,0,0,36.043720,-86.642040,MT VIEW RD,,,,0.00,,,,,,,0.00,,,N,Non-Junction,None,,,         ,Arend,Groeneweg,Clear,Angle,no,no,no,no,yes,False
102279235,METROPOLITAN NASHVILLE POLICE DEPT,20190042039,Davidson,Nashville,1/16/2019 7:03:00 PM,2,0,0,36.134550,-86.878720,SUMMERLY DR,,,,0.00,,,FLEETWOOD DR,,,,0.00,Y,Four-Way,N,Intersection,None,,,         ,Brandon,Pedigo,Clear,"Sideswipe, Opposite Direction",no,no,no,no,yes,False
102279278,METROPOLITAN NASHVILLE POLICE DEPT,20190042201,Davidson,Nashville,1/16/2019 7:34:00 PM,2,0,0,36.038780,-86.743430,EDMONDSON PKE,,,,264.00,Feet,North,BONNIE BRIDGE RD,,,,0.00,N,Not at Intersection,N,Crossover-Related,None,,,         ,Citlaly,Juarez,Clear,Angle,no,no,no,no,no,False
102279291,METROPOLITAN NASHVILLE POLICE DEPT,20190042281,Davidson,Nashville,1/16/2019 9:31:00 PM,2,0,0,36.048290,-86.664340,I 24,,,,0.00,,,,,,,59.05,N,Not at Intersection,N,Non-Junction,Construction Zone,Laneclosure,Transition Area,         ,Nathaniel,Myers,Clear,Front to Rear,no,no,no,no,yes,False