master_record_number,agency,agency_tracking_number,county,city,collision_date,vehicles_involved,number_injured,number_dead,latitude,longitude,roadway_name,roadway_suffix,roadway_number,roadway_local_id,distance_from_reference,miles-feet_indicator,direction_from_reference,intersection_road_name,intersection_road_name_suffix,intersection_road_number,intersection_local_id,mile_marker,intersection_indicator,intersect_type,interchange_related_indicator,relation_to_junction,work_zone_type,construction_maintenance_zone,construction_maintenance_zone_location,fatal_case_number,officer_first_name,officer_last_name,weather_condition(s),manner_of_crash,pedestrian,bicycle,scooter,parking,hitrun,mou
102280022,METROPOLITAN NASHVILLE POLICE DEPT,20190044578,Davidson,Not in City Limit,1/17/2019 4:48:00 PM,1,0,0,36.272010,-86.684590,RIO VISTA DR,,,,0.00,,,ANDERSON LN,,,,0.00,Y,OTHER, ,OtherLocation,None,,,         ,Christopher,Littles,Rain,Not Collision with Motor Vehicle in Transport,no,no,no,no,no,False
102280023,METROPOLITAN NASHVILLE POLICE DEPT,20190044685,Davidson,Not in City Limit,1/17/2019 5:03:00 PM,2,0,0,36.263830,-86.703160,STATE RT 45,,,,382.00,Feet,East,DELAWARE AV,,,,0.00,N,Not at Intersection, ,,None,,,         ,Christopher,Littles,,,no,no,no,no,no,False
102280026,METROPOLITAN NASHVILLE POLICE DEPT,20190044551,Davidson,Nashville,1/17/2019 4:44:00 PM,2,1,0,36.083300,-86.708560,HARDING PL,,,,391.00,Feet,East,LARGO DR,,,,0.00,N,Not at Intersection,N,Non-Junction,None,,,         ,Andrew,Brazee,Cloudy,Front to Rear,no,no,no,no,no,False
102280027,METROPOLITAN NASHVILLE POLICE DEPT,20190044566,Davidson,Nashville,1/17/2019 4:24:00 PM,1,0,0,36.087560,-86.691890,HARDING PL,,,,107.00,Feet,East,ANTIOCH PKE,,,,0.00,N,Not at Intersection, ,Non-Junction,None,,,         ,Marcus,Darden,Clear,Not Collision with Motor Vehicle in Transport,no,no,no,no,no,False
102280028,METROPOLITAN NASHVILLE POLICE DEPT,20190044509,Davidson,Nashville,1/17/2019 4:26:00 PM,2,1,0,36.155500,-86.818700,28TH AVN,,,,132.00,Feet,South,DELAWARE AV,,,,0.00,N,Not at Intersection,N,Non-Junction,None,,,         ,Melvin,Taylor,Clear,Front to Rear,no,no,no,no,no,False
102280032,METROPOLITAN NASHVILLE POLICE DEPT,20190044648,Davidson,Nashville,1/17/2019 5:20:00 PM,2,0,0,36.253210,-86.716810,GALLATIN PKES,,,,5.00,Feet,South,MADISON SQ,,,,0.00,N,Not at Intersection, ,Non-Junction,None,,,         ,Brittani,Campbell,Rain,Front to Rear,no,no,no,no,no,False
102280037,METROPOLITAN NASHVILLE POLICE DEPT,20190044689,Davidson,Nashville,1/17/2019 5:24:00 PM,2,1,0,36.109540,-86.728500,THOMPSON LN,,,,139.00,Feet,West,BRILEY PKWYN,,,,0.00,N,Not at Intersection,N,Non-Junction,None,,,         ,Devonte,Coleman,Rain,Front to Rear,no,no,no,no,no,False
102280041,METROPOLITAN NASHVILLE POLICE DEPT,20190044629,Davidson,Nashville,1/17/2019 5:10:00 PM,2,1,0,36.164680,-86.802180,HERMAN ST,,,,0.00,,,17TH AVN,,,,0.00,Y,Four-Way,Y,Intersection-Related,None,,,         ,Christopher,Dickerson,Rain,Angle,no,no,no,no,no,False
102280042,METROPOLITAN NASHVILLE POLICE DEPT,20190044778,Davidson,Nashville,1/17/2019 6:14:00 PM,2,2,0,36.135090,-86.759710,NOLENSVILLE PKE,,,,83.00,Feet,North,WALSH RD,,,,0.00,N,Not at Intersection,N,Non-Junction,None,,,         ,YUNUS,ADAK,Rain,Front to Rear,no,no,no,no,no,False
102280045,METROPOLITAN NASHVILLE POLICE DEPT,20190044620,Davidson,Nashville,1/17/2019 5:12:00 PM,2,1,0,36.234900,-86.758350,DICKERSON PKE,,,,71.00,Feet,South,HOMESTEAD RD,,,,0.00,N,Not at Intersection,N,Non-Junction,None,,,         ,Amanda,Fox,Rain,Front to Rear,no,no,no,no,no,False
102280046,METROPOLITAN NASHVILLE POLICE DEPT,201900444433,Davidson,Nashville,1/17/2019 3:45:00 PM,1,1,0,36.165860,-86.781910,CHARLOTTE AV,,,,0.00,,,5TH AVN,,,,0.00,Y,Four-Way,N,Intersection,None,,,         ,Joshua,Reece,Rain,Not Collision with Motor Vehicle in Transport,yes,no,no,no,no,False
102280049,METROPOLITAN NASHVILLE POLICE DEPT,20190044781,Davidson,Nashville,1/17/2019 5:13:00 PM,2,0,0,36.077540,-86.724780,WALLACE RD,,,,280.00,Feet,East,EDMONDSON PKE,,,,0.00,N,Not at Intersection,N,"Driveway, Alley Access, etc",None,,,         ,Devonte,Coleman,Rain,Angle,no,no,no,no,yes,False
102280050,METROPOLITAN NASHVILLE POLICE DEPT,20190044646,Davidson,Nashville,1/17/2019 5:05:00 PM,2,0,0,36.090790,-86.762790,I 65,,,,0.00,,,,,,,78.40,N,Not at Intersection, ,,None,,,         ,FELIKS,ABRAHAMYAN,,,no,no,no,no,no,False
102280081,METROPOLITAN NASHVILLE POLICE DEPT,20190044882,Davidson,Nashville,1/17/2019 7:00:00 PM,2,0,0,36.119350,-86.912840,I 40,,,,0.00,,,,,,,200.00,N,Not at Intersection,N,Non-Junction,None,,,         ,Walter,Gray II,Cloudy,"Sideswipe, Same Direction",no,no,no,no,yes,False
102280082,METROPOLITAN NASHVILLE POLICE DEPT,20190044817,Davidson,Nashville,1/17/2019 6:25:00 PM,2,0,0,36.162460,-86.777890,COMMERCE ST,,,,66.00,Feet,East,4TH AVN,,,,0.00,N,Not at Intersection, ,,None,,,         ,Derek,Betty,,,no,no,no,no,no,False
102280100,METROPOLITAN NASHVILLE POLICE DEPT,20190044864,Davidson,Nashville,1/17/2019 6:20:00 PM,2,0,0,36.160800,-86.760220,I 24,,,,0.00,,,,,,,49.40,N,Not at Intersection, ,,None,,,         ,Barrett,Teague,,,no,no,no,no,no,False
102280102,METROPOLITAN NASHVILLE POLICE DEPT,20190044960,Davidson,Nashville,1/17/2019 7:26:00 PM,2,0,0,36.138500,-86.809510,BLAKEMORE AV,,,,405.00,Feet,East,NATCHEZ TRC,,,,0.00,N,Not at Intersection,N,Non-Junction,None,,,         ,Brandon,Tennant,Rain,Front to Rear,no,no,no,no,no,Campus
102280103,METROPOLITAN NASHVILLE POLICE DEPT,20190044766,Davidson,Nashville,1/17/2019 6:00:00 PM,2,0,0,36.110440,-86.766940,POWELL AV,,,,198.00,Feet,South,OLD POWELL AV,,,,0.00,N,Not at Intersection,N,"Driveway, Alley Access, etc",None,,,         ,Jonathan,Sharp,Rain,Angle,no,no,no,no,no,False
102280113,METROPOLITAN NASHVILLE POLICE DEPT,20190044775,Davidson,Nashville,1/17/2019 5:47:00 PM,2,1,0,36.153130,-86.688510,ELM HILL PKE,,,,247.00,Feet,West,MARRIOTT DR,,,,0.00,N,Not at Intersection, ,Non-Junction,None,,,         ,Trenton,Searcy,Rain,Angle,no,no,no,no,no,False
102280116,METROPOLITAN NASHVILLE POLICE DEPT,20190044582,Davidson,Nashville,1/17/2019 4:56:00 PM,1,0,0,36.223850,-86.867700,BRILEY PKWYN,,,,500.00,Feet,West,BRILEY PKWYE,,,,0.00,N,Not at Intersection,N,Non-Junction,None,,,         ,Andrey,Volfson,Cloudy,Not Collision with Motor Vehicle in Transport,no,no,no,no,no,False
102280119,METROPOLITAN NASHVILLE POLICE DEPT,20190044820,Davidson,Nashville,1/17/2019 6:32:00 PM,2,1,0,36.098960,-86.717510,MCCALL ST,,,,0.00,,,ANTIOCH PKE,,,,0.00,Y,T-Intersection,N,Intersection,None,,,         ,Andrew,Brazee,Cloudy,Angle,no,no,no,no,no,False
102280121,METROPOLITAN NASHVILLE POLICE DEPT,20190044998,Davidson,Nashville,1/17/2019 12:00:00 AM,2,0,0,36.148380,-86.792220,MUSIC SQE,,,,0.00,Feet,West,CHET ATKINS PL,,,,0.00,N,Not at Intersection,N,Non-Junction,None,,,         ,Gary,Peters,Rain,Angle,no,no,no,no,yes,False
102280126,METROPOLITAN NASHVILLE POLICE DEPT,20190044987,Davidson,Nashville,1/17/2019 7:49:00 PM,1,1,0,36.032020,-86.756610,CLOVERLAND DR,,,,206.00,Feet,East,PORTSMOUTH CV,,,,0.00,N,Not at Intersection,N,Non-Junction,None,,,         ,Edin,Plancic,Rain,Not Collision with Motor Vehicle in Transport,no,no,no,no,no,False
102280131,METROPOLITAN NASHVILLE POLICE DEPT,20190044937,Davidson,Nashville,1/17/2019 7:12:00 PM,2,0,0,36.167330,-86.608040,I40 E EXT RAMP,,,,0.00,Feet,East,I 40,,,,0.00,N,Not at Intersection, ,Non-Junction,None,,,         ,Marvis,Malone,Rain,Front to Rear,no,no,no,no,no,False
102280139,METROPOLITAN NASHVILLE POLICE DEPT,2019-0044804,Davidson,Nashville,1/17/2019 5:26:00 PM,2,1,0,36.074190,-86.737770,BLACKMAN RD,,,,0.00,,,SHADESCREST DR,,,,0.00,Y,T-Intersection, ,Non-Junction,None,,,         ,William,King,Rain,Front to Rear,no,no,no,no,no,False
102280140,METROPOLITAN NASHVILLE POLICE DEPT,2019-0044898,Davidson,Nashville,1/17/2019 5:31:00 PM,2,0,0,36.074260,-86.739320,BLACKMAN RD,,,,0.00,,,DARLINGTON DR,,,,0.00,Y,T-Intersection, ,Intersection-Related,None,,,         ,William,King,Rain,"Sideswipe, Opposite Direction",no,no,no,no,no,False
102280141,METROPOLITAN NASHVILLE POLICE DEPT,20190045066,Davidson,Nashville,1/17/2019 7:35:00 PM,2,0,0,36.199180,-86.620490,OLD HICKORY BLVD,,,,116.00,Feet,South,LEBANON PKE WB EXT RAMP,,,,0.00,N,Not at Intersection, ,Non-Junction,None,,,         ,Tyler,Hall,Rain,Front to Rear,no,no,no,no,no,False
102280143,METROPOLITAN NASHVILLE POLICE DEPT,20190044490,Davidson,Not in City Limit,1/17/2019 4:20:00 PM,1,0,0,36.055770,-86.989260,MCCRORY LN,,,,599.00,Feet,North,RUSSELL RD,,,,0.00,N,Not at Intersection, ,Non-Junction,None,,,         ,Alexander,Donald,Rain,Not Collision with Motor Vehicle in Transport,no,no,no,no,no,False
102280145,METROPOLITAN NASHVILLE POLICE DEPT,20190044825,Davidson,Nashville,1/17/2019 6:34:00 PM,2,1,0,36.054480,-86.667270,HICKORY HOLLOW PKWY,,,,1497.00,Feet,East,MT VIEW RD,,,,0.00,N,Not at Intersection,N,Non-Junction,None,,,         ,Nathaniel,Myers,Rain,Front to Rear,no,no,no,no,yes,False
102280164,METROPOLITAN NASHVILLE POLICE DEPT,20190045032,Davidson,Nashville,1/17/2019 8:09:00 PM,2,0,0,36.195520,-86.775550,FERN AV,,,,22.00,Feet,South,WHITES CREEK PKE,,,,0.00,N,Not at Intersection, ,Non-Junction,None,,,         ,Kevin,Clausius,Rain,"Sideswipe, Same Direction",no,no,no,no,no,False
102280166,METROPOLITAN NASHVILLE POLICE DEPT,20190044379,Davidson,Nashville,1/17/2019 3:30:00 PM,2,1,0,36.043300,-86.781750,I 65,,,,0.00,,,,,,,74.90,N,Not at Intersection,N,Non-Junction,None,,,         ,Akira,McSwain,Clear,Front to Rear,no,no,no,no,no,False
102280167,METROPOLITAN NASHVILLE POLICE DEPT,20190044544,Davidson,Nashville,1/17/2019 4:12:00 PM,2,0,0,36.094550,-86.802090,LONE OAK RD,,,,251.00,Feet,West,GLENDALE LN,,,,0.00,N,Not at Intersection,N,Non-Junction,None,,,         ,Joseph,Jakes,Clear,"Sideswipe, Opposite Direction",no,no,no,no,yes,False
102280168,METROPOLITAN NASHVILLE POLICE DEPT,20190044707,Davidson,Nashville,1/17/2019 5:02:00 PM,2,0,0,36.148710,-86.781880,I 40,,,,0.00,,,,,,,209.70,N,Not at Intersection, ,,None,,,         ,Akira,McSwain,,,no,no,no,no,no,False
102280169,METROPOLITAN NASHVILLE POLICE DEPT,20190044923,Davidson,Nashville,1/17/2019 5:44:00 PM,2,0,0,36.110240,-86.781860,WOODMONT BLVD,,,,74.00,Feet,East,MCNAIRY LN,,,,0.00,N,Not at Intersection, ,Non-Junction,None,,,         ,Akira,McSwain,Rain,Front to Rear,no,no,no,no,no,False
102280170,METROPOLITAN NASHVILLE POLICE DEPT,20190045046,Davidson,Nashville,1/17/2019 7:56:00 PM,2,0,0,36.045970,-86.658000,BELL RD,,,,26.00,Feet,West,COLLINS PARK DR,,,,0.00,N,Not at Intersection, ,Non-Junction,None,,,         ,Nathaniel,Myers,Rain,Front to Rear,no,no,no,no,no,False
102280189,METROPOLITAN NASHVILLE POLICE DEPT,190044988,Davidson,Nashville,1/17/2019 8:25:00 PM,3,0,0,36.170260,-86.806820,I 40,,,,0.00,,,,,,,207.30,N,Not at Intersection,N,Non-Junction,None,,,         ,Melvin,Taylor,Clear,HeadOn,no,no,no,no,no,False
102280202,METROPOLITAN NASHVILLE POLICE DEPT,20190045208,Davidson,Nashville,1/17/2019 9:15:00 PM,2,0,0,36.049720,-86.646450,BELL FORGE LNE,,,,392.00,Feet,South,BELL RD,,,,0.00,N,Not at Intersection,N,Non-Junction,None,,,         ,Andrew,Brazee,Cloudy,"Sideswipe, Opposite Direction",no,no,no,no,yes,False
102280203,METROPOLITAN NASHVILLE POLICE DEPT,20190045041,Davidson,Nashville,1/17/2019 6:55:00 PM,2,0,0,36.139390,-86.666070,DONELSON PKE,,,,160.00,Feet,North,I40 E ENT RAMP,,,,0.00,N,Not at Intersection,N,Non-Junction,None,,,         ,Dontaveous,Eubanks,Cloudy,Front to Rear,no,no,no,no,no,False
102280208,METROPOLITAN NASHVILLE POLICE DEPT,20190044769,Davidson,Nashville,1/17/2019 12:00:00 AM,3,0,0,36.065350,-86.629060,MURFREESBORO PKE,,,,187.00,Feet,South,HAMILTON CROSSINGS,,,,0.00,N,Not at Intersection, ,Non-Junction,None,,,         ,Wesley,Carver,Rain,Front to Rear,no,no,no,no,no,False
102280210,METROPOLITAN NASHVILLE POLICE DEPT,20190045253,Davidson,Nashville,1/17/2019 9:55:00 PM,1,0,0,36.214620,-86.867120,CATO RD,,,,772.00,Feet,West,BRILEY PKWY N ENT RAMP,,,,0.00,N,Not at Intersection,N,Non-Junction,None,,,         ,Justin,Vaughn,Rain,Unknown,no,no,no,no,yes,False
102280220,METROPOLITAN NASHVILLE POLICE DEPT,20190045107,Davidson,Nashville,1/17/2019 8:37:00 PM,1,0,0,36.153790,-86.794410,17TH AVN,,,,0.00,,,WEST END AV,,,,0.00,Y,Four-Way,N,Intersection,Construction Zone,Other,Unknown,         ,Andrew,Kooshian,Rain,Not Collision with Motor Vehicle in Transport,no,no,no,no,yes,False
102280243,METROPOLITAN NASHVILLE POLICE DEPT,20190044834,Davidson,Nashville,1/17/2019 6:19:00 PM,2,0,0,36.142430,-86.681690,I 40,,,,0.00,,,,,,,215.75,N,Not at Intersection, ,,None,,,         ,Seth,Vaughn,,,no,no,no,no,no,False
102280315,METROPOLITAN NASHVILLE POLICE DEPT,20190045440,Davidson,Nashville,1/17/2019 11:30:00 PM,2,0,0,36.207390,-86.780690,W TRINITY LN,,,,0.00,,,,,,,0.00,,,N,Non-Junction,None,,,         ,Nicholas,MacDougall,Rain,Unknown,no,no,no,yes,yes,False
102280316,METROPOLITAN NASHVILLE POLICE DEPT,20190045436,Davidson,Nashville,1/17/2019 11:39:00 PM,1,0,0,36.082670,-86.710490,TAMPA DR,,,,0.00,,,HARDING PL,,,,0.00,Y,OTHER, ,Non-Junction,None,,,         ,Sharissa,Perez,Rain,Not Collision with Motor Vehicle in Transport,no,no,no,no,no,False
102280323,METROPOLITAN NASHVILLE POLICE DEPT,20190045402,Davidson,Nashville,1/17/2019 11:09:00 PM,2,0,0,36.153130,-86.629060,PERCY PRIEST DR,,,,0.00,,,,,,,0.00,,, ,Non-Junction,None,,,         ,Bridget,Griepentrog,Rain,Front to Rear,no,no,no,yes,yes,False
102280342,METROPOLITAN NASHVILLE POLICE DEPT,20190045670,Davidson,Nashville,1/18/2019 1:41:00 AM,1,0,0,36.138390,-86.727370,I24E,,,,312.00,Feet,West,I24 W ENT RAMP,,,,0.00,N,Not at Intersection, ,,None,,,         ,Meghan,Pope,,,no,no,no,no,no,False
102280346,METROPOLITAN NASHVILLE POLICE DEPT,20190045625,Davidson,Nashville,1/18/2019 1:13:00 AM,2,0,0,36.250560,-86.718600,GALLATIN PKES,,,,92.00,Feet,South,MOVING CENTER CT,,,,0.00,N,Not at Intersection, ,Non-Junction,None,,,         ,Chad,Mahoney,Rain,"Sideswipe, Same Direction",no,no,no,no,no,False
102280349,METROPOLITAN NASHVILLE POLICE DEPT,20190045686,Davidson,Nashville,1/18/2019 1:45:00 AM,2,0,0,36.163680,-86.778980,CHURCH ST,,,,0.00,,,4TH AVN,,,,0.00,Y,Four-Way,N,Intersection,None,,,         ,Eric,Schaefer,Fog,Front to Rear,no,no,no,no,no,False
102280355,METROPOLITAN NASHVILLE POLICE DEPT,20190045729,Davidson,Not in City Limit,1/18/2019 2:14:00 AM,1,1,0,36.346310,-86.873700,WHITES CREEK PKE,,,,389.00,Feet,East,GREENBRIER RD,,,,0.00,N,Not at Intersection,N,Non-Junction,None,,,         ,John,Deiterick,Cloudy,Not Collision with Motor Vehicle in Transport,no,no,no,no,no,False
102280362,METROPOLITAN NASHVILLE POLICE DEPT,20190045604,Davidson,Nashville,1/18/2019 12:50:00 AM,2,0,0,36.163980,-86.778290,CHURCH ST,,,,24.00,Feet,East,PRINTERS ALY,,,,0.00,N,Not at Intersection,N,Non-Junction,None,,,         ,Damon,Hutcheson,Rain,Front to Rear,no,no,no,no,no,False
102280383,METROPOLITAN NASHVILLE POLICE DEPT,20190045802,Davidson,Not in City Limit,1/18/2019 2:50:00 AM,1,2,0,36.256830,-86.676970,CHEYENNE BLVD,,,,319.00,Feet,South,MANZANO RD,,,,0.00,N,Not at Intersection,N,Non-Junction,None,,,         ,Corey,Ethridge,Clear,Not Collision with Motor Vehicle in Transport,no,no,no,no,yes,False
102280384,METROPOLITAN NASHVILLE POLICE DEPT,20190045886,Davidson,Nashville,1/18/2019 3:06:00 AM,2,0,0,36.172660,-86.771380,N 2ND ST,,,,207.00,Feet,North,HOWERTON ST,,,,0.00,N,Not at Intersection, ,,None,,,         ,Kelcey,Bell,,,no,no,no,yes,no,False
102280391,METROPOLITAN NASHVILLE POLICE DEPT,20190045812,Davidson,Nashville,1/18/2019 2:55:00 AM,5,0,0,36.215760,-86.818550,BUENA VISTA PKE,,,,194.00,Feet,South,HILLMORE DR,,,,0.00,N,Not at Intersection,N,Non-Junction,None,,,         ,Nicholas,MacDougall,Rain,Front to Rear,no,no,no,no,yes,False
102280404,METROPOLITAN NASHVILLE POLICE DEPT,20190046116,Davidson,Nashville,1/18/2019 5:23:00 AM,2,1,0,36.152200,-86.842220,CHARLOTTE AV,,,,0.00,Feet,,46TH AVN,,,,0.00,Y,Four-Way,N,Intersection,None,,,         ,Sekou,Samassi,Clear,Angle,no,no,no,no,no,False
102280406,METROPOLITAN NASHVILLE POLICE DEPT,20190046152,Davidson,Nashville,1/18/2019 5:25:00 AM,2,0,0,36.094030,-86.882450,HARDING PKE,,,,256.00,Feet,West,BROOK HOLLOW RD,,,,0.00,N,Not at Intersection,N,Non-Junction,None,,,         ,Steffani,Dahlstrom,Clear,Angle,no,no,no,no,yes,False
102280415,METROPOLITAN NASHVILLE POLICE DEPT,20190046001,Davidson,Nashville,1/18/2019 4:40:00 AM,2,1,0,36.064810,-86.622110,HAMILTON CHURCH RD,,,,0.00,,,OWENDALE DR,,,,0.00,Y,T-Intersection,Y,Intersection,None,,,         ,Kevin,Breeding,Cloudy,Angle,no,no,no,no,yes,False
102280433,METROPOLITAN NASHVILLE POLICE DEPT,20190046249,Davidson,Nashville,1/18/2019 7:10:00 AM,2,0,0,36.138520,-86.819950,WEST END AV,,,,313.00,Feet,North,MURPHY RD,,,,0.00,N,Not at Intersection, ,Non-Junction,None,,,         ,Jon,Mcvey,Cloudy,Angle,no,no,no,no,no,False
102280452,METROPOLITAN NASHVILLE POLICE DEPT,20190046359,Davidson,Nashville,1/18/2019 7:57:00 AM,2,0,0,36.166990,-86.777160,1ST AVN,,,,0.00,,,UNION ST,,,,0.00,Y,Y-Intersection, ,,None,,,         ,Robert,Schohn,,,no,no,no,no,no,False
102280457,METROPOLITAN NASHVILLE POLICE DEPT,20190046265,Davidson,Nashville,1/18/2019 8:05:00 AM,2,0,0,36.257530,-86.776870,BELLE ARBOR DR,,,,0.00,,,BRICK CHURCH PKE,,,,0.00,Y,T-Intersection, ,Intersection,None,,,         ,Gabriel,Centeno,Cloudy,Angle,no,no,no,no,no,False
102280463,METROPOLITAN NASHVILLE POLICE DEPT,20190046362,Davidson,Nashville,1/18/2019 7:56:00 AM,1,0,0,36.076420,-86.796200,OVERTON LEA RD,,,,216.00,Feet,East,LAKEVIEW DR,,,,0.00,N,Not at Intersection,N,Non-Junction,None,,,         ,Jon,Mcvey,Cloudy,Not Collision with Motor Vehicle in Transport,no,no,no,no,no,False
102280468,METROPOLITAN NASHVILLE POLICE DEPT,20190046403,Davidson,Nashville,1/18/2019 7:50:00 AM,3,0,0,36.218400,-86.775020,I 65,,,,0.00,,,,,,,88.20,N,Not at Intersection, ,Non-Junction,None,,,         ,Zachary,Goodall,Cloudy,Front to Rear,no,no,no,no,no,False
102280469,GOODLETTSVILLE POLICE DEPT,19-02258,Davidson,Goodlettsville,1/18/2019 6:30:00 AM,2,1,0,36.326900,-86.706370,I 65,,,,0.00,,,,,,,97.20,N,Not at Intersection,N,Non-Junction,None,,,         ,Charles,Hauskin,Clear,Front to Rear,no,no,no,no,no,False
102280472,METROPOLITAN NASHVILLE POLICE DEPT,20190046310,Davidson,Nashville,1/18/2019 7:34:00 AM,1,1,0,36.141910,-86.641350,ELM HILL PKE,,,,0.00,,,PATIO DR,,,,0.00,Y,T-Intersection,N,Intersection,None,,,         ,Michael,Dance,Cloudy,Not Collision with Motor Vehicle in Transport,no,no,no,no,no,False
102280473,METROPOLITAN NASHVILLE POLICE DEPT,20190046346,Davidson,Nashville,1/18/2019 7:56:00 AM,2,0,0,36.141910,-86.641350,ELM HILL PKE,,,,0.00,,,PATIO DR,,,,0.00,Y,T-Intersection, ,,None,,,         ,Michael,Dance,,,no,no,no,no,no,False
102280474,METROPOLITAN NASHVILLE POLICE DEPT,20190046389,Davidson,Antioch,1/18/2019 8:00:00 AM,2,0,0,36.066880,-86.599780,MT VIEW RD,,,,0.00,,,TRU LONG DR,,,,0.00,Y,Four-Way,N,Non-Junction,None,,,         ,Steven,Williams,Cloudy,Angle,no,no,no,no,no,False
102280478,METROPOLITAN NASHVILLE POLICE DEPT,20190046457,Davidson,Nashville,1/18/2019 8:41:00 AM,1,0,0,36.141070,-86.661250,I 40,,,,0.00,,,,,,,218.00,N,Not at Intersection, ,Non-Junction,None,,,         ,Tien,Nguyen,Cloudy,Not Collision with Motor Vehicle in Transport,no,no,no,no,no,False
102280492,METROPOLITAN NASHVILLE POLICE DEPT,20190046378,Davidson,Nashville,1/18/2019 8:05:00 AM,2,0,0,36.146280,-86.722430,SPENCE LN,,,,850.00,Feet,North,ELM HILL PKE,,,,0.00,N,Not at Intersection, ,Non-Junction,None,,,         ,Anna,Clayton,Cloudy,"Sideswipe, Same Direction",no,no,no,no,no,False
102280494,METROPOLITAN NASHVILLE POLICE DEPT,20190046363,Davidson,Nashville,1/18/2019 7:50:00 AM,2,0,0,36.192190,-86.619410,JUAREZ DR,,,,177.00,Feet,East,CORTEZ CT,,,,0.00,N,Not at Intersection, ,"Driveway, Alley Access, etc",None,,,         ,Kelsey,Hemminger,Cloudy,Angle,no,no,no,no,no,False
102280501,METROPOLITAN NASHVILLE POLICE DEPT,20190046324,Davidson,Nashville,1/18/2019 7:41:00 AM,2,2,0,36.095940,-86.636600,SMITH SPRINGS RD,,,,515.00,Feet,North,SMITH SPRINGS CT,,,,0.00,N,Not at Intersection,N,Non-Junction,None,,,         ,Richard,Luellen,Cloudy,HeadOn,no,no,no,no,no,False
102280520,THP District 3 - Nashville,319003633,Davidson,Nashville,1/16/2019 10:35:00 PM,2,0,0,36.048770,-86.665180,I 24,,,,0.00,,,,,,,59.00,N,Not at Intersection, ,Non-Junction,Maintenance Zone,,,         ,Katlyn,Bush,Clear,Front to Rear,no,no,no,no,yes,False
102280522,METROPOLITAN NASHVILLE POLICE DEPT,2019-0046465,Davidson,Nashville,1/18/2019 8:05:00 AM,2,0,0,36.207020,-86.791600,W TRINITY LN,,,,0.00,,,WHITES CREEK PKE,,,,0.00,Y,Four-Way, ,Non-Junction,None,,,         ,Frederick,Nelson,Unknown,Front to Rear,no,no,no,no,no,False
102280526,METROPOLITAN NASHVILLE POLICE DEPT,20190046331,Davidson,Antioch,1/18/2019 7:32:00 AM,2,0,0,36.047840,-86.612050,MURFREESBORO PKE,,,,1284.00,Feet,North,MOUNTAIN SPRINGS RD,,,,0.00,N,Not at Intersection, ,Non-Junction,None,,,         ,Jessie,Meadows,Rain,Front to Rear,no,no,no,no,no,False
102280527,METROPOLITAN NASHVILLE POLICE DEPT,20190046390,Davidson,Nashville,1/18/2019 8:12:00 AM,2,0,0,36.110960,-86.745730,THOMPSON LN,,,,152.00,Feet,West,NOLENSVILLE PKE,,,,0.00,N,Not at Intersection, ,,None,,,         ,Raymond,Flaherty,,,no,no,no,no,no,False
102280532,METROPOLITAN NASHVILLE POLICE DEPT,20190046258,Davidson,Nashville,1/18/2019 7:12:00 AM,2,0,0,36.099620,-86.739450,MCCALL ST,,,,0.00,,,US HWY 31 ALT,,,,0.00,Y,T-Intersection,Y,Intersection,None,,,         ,Joseph,Simon,Cloudy,Front to Rear,no,no,no,no,no,False
102280538,METROPOLITAN NASHVILLE POLICE DEPT,20190046446,Davidson,Nashville,1/18/2019 8:00:00 AM,2,0,0,36.074300,-86.628520,ANDERSON RD,,,,323.00,Feet,East,FOREST TRACE DR,,,,0.00,N,Not at Intersection,N,Non-Junction,None,,,         ,Jessie,Meadows,Clear,"Sideswipe, Same Direction",no,no,no,no,no,False
102280553,METROPOLITAN NASHVILLE POLICE DEPT,20190046665,Davidson,Antioch,1/18/2019 9:58:00 AM,2,0,0,36.045650,-86.615430,SANDPIPER LN,,,,98.00,Feet,West,KESTENBAUM CT,,,,0.00,N,Not at Intersection,N,Non-Junction,None,,,         ,Jessie,Meadows,Clear,Angle,no,no,no,no,yes,False
102280556,METROPOLITAN NASHVILLE POLICE DEPT,20190046643,Davidson,Nashville,1/18/2019 9:59:00 AM,2,0,0,36.165660,-86.761140,SUMMER PL,,,,0.00,,,S 5TH ST,,,,0.00,Y,Four-Way, ,Intersection-Related,None,,,         ,Michael,Schlegel,Cloudy,Front to Rear,no,no,no,no,no,False
102280567,METROPOLITAN NASHVILLE POLICE DEPT,20190046733,Davidson,Nashville,1/17/2019 8:30:00 PM,1,0,0,36.153790,-86.794410,WEST END AV,,,,0.00,,,17TH AVS,,,,0.00,Y,Four-Way,N,Intersection-Related,None,,,         ,Jon,Mcvey,Cloudy,Not Collision with Motor Vehicle in Transport,no,no,no,no,yes,False
102280580,METROPOLITAN NASHVILLE POLICE DEPT,20190046646,Davidson,Nashville,1/18/2019 10:00:00 AM,2,1,0,36.124980,-86.847640,WOODMONT BLVD,,,,0.00,,,HARDING PKE,,,,0.00,Y,Four-Way, ,Intersection,None,,,         ,Curtis,Rich,Cloudy,Angle,no,no,no,no,no,False