master_record_number,agency,agency_tracking_number,county,city,collision_date,vehicles_involved,number_injured,number_dead,latitude,longitude,roadway_name,roadway_suffix,roadway_number,roadway_local_id,distance_from_reference,miles-feet_indicator,direction_from_reference,intersection_road_name,intersection_road_name_suffix,intersection_road_number,intersection_local_id,mile_marker,intersection_indicator,intersect_type,interchange_related_indicator,relation_to_junction,work_zone_type,construction_maintenance_zone,construction_maintenance_zone_location,fatal_case_number,officer_first_name,officer_last_name,weather_condition(s),manner_of_crash,pedestrian,bicycle,scooter,parking,hitrun,mou
102280588,METROPOLITAN NASHVILLE POLICE DEPT,20190046735,Davidson,Nashville,1/18/2019 10:34:00 AM,2,1,0,36.079630,-86.726220,HARDING PL,,,,30.00,Feet,East,NOLENSVILLE PKE,,,,0.00,N,Not at Intersection, ,Non-Junction,None,,,         ,Ryan,Howard,Clear,"Sideswipe, Same Direction",no,no,no,no,no,False
102280630,METROPOLITAN NASHVILLE POLICE DEPT,20190047000,Davidson,Nashville,1/18/2019 12:12:00 PM,2,1,0,36.121740,-86.750590,I440 E EXT RAMP,,,,0.00,,,I 440,,,,0.00,Y,OTHER, ,Entrance/Exit Ramp Related,None,,,         ,Jon,Mcvey,Cloudy,Front to Rear,no,no,no,no,no,False
102280651,METROPOLITAN NASHVILLE POLICE DEPT,20190047048,Davidson,Goodlettsville,1/18/2019 12:35:00 PM,2,1,0,36.303170,-86.691240,GALLATIN PKEN,,,,236.00,Feet,East,CONFERENCE DR,,,,0.00,N,Not at Intersection,N,Non-Junction,None,,,         ,Cyretha,Frazier,Cloudy,Front to Rear,no,no,no,no,no,False
102280652,METROPOLITAN NASHVILLE POLICE DEPT,20190047058,Davidson,Nashville,1/18/2019 12:45:00 PM,2,1,0,36.127100,-86.844580,HARDING PKE,,,,267.00,Feet,West,WOODLAWN DR,,,,0.00,N,Not at Intersection,N,Non-Junction,None,,,         ,Curtis,Rich,Cloudy,Angle,no,no,no,no,no,False
102280657,METROPOLITAN NASHVILLE POLICE DEPT,20190047043,Davidson,Nashville,1/18/2019 12:29:00 PM,2,0,0,36.106150,-86.755850,SIDCO DR,,,,422.00,Feet,North,NORRIS AV,,,,0.00,N,Not at Intersection,N,Non-Junction,None,,,         ,Randy,Puckett,Clear,Angle,no,no,no,no,no,False
102280658,METROPOLITAN NASHVILLE POLICE DEPT,20190046396,Davidson,Nashville,1/18/2019 8:17:00 AM,2,1,0,36.230330,-86.743800,BROADMOOR DR,,,,0.00,,,LEMONT DR,,,,0.00,Y,Four-Way,N,Intersection,None,,,         ,Russell,Freeman,Cloudy,Angle,no,no,no,no,no,False
102280684,METROPOLITAN NASHVILLE POLICE DEPT,20190046663,Davidson,Nashville,1/18/2019 10:15:00 AM,2,0,0,36.177540,-86.749990,WOODLAND ST,,,,0.00,,,N 11TH ST,,,,0.00,Y,Five Point Or More, ,,None,,,         ,Russell,Freeman,,,no,no,no,no,no,False
102280688,METROPOLITAN NASHVILLE POLICE DEPT,20190047039,Davidson,Nashville,1/18/2019 12:33:00 PM,1,1,0,36.039480,-86.781770,OLD HICKORY BLVD,,,,0.00,Feet,East,I65 N EXT RAMP,,,,0.00,N,Not at Intersection,N,Entrance/Exit Ramp Related,None,,,         ,Justan,Vance,Cloudy,Not Collision with Motor Vehicle in Transport,no,no,no,no,no,False
102280702,METROPOLITAN NASHVILLE POLICE DEPT,20190046963,Davidson,Nashville,1/18/2019 11:27:00 AM,2,0,0,36.130210,-86.900780,CABOT DR,,,,50.00,Feet,North,CHARLOTTE PKE,,,,0.00,N,Not at Intersection, ,,None,,,         ,Walter,Gray II,,,no,no,no,no,no,False
102280711,METROPOLITAN NASHVILLE POLICE DEPT,20190046402,Davidson,Nashville,1/18/2019 7:59:00 AM,2,0,0,36.069900,-86.698810,EAST RIDGE DR,,,,45.00,Feet,West,HAYWOOD LN,,,,0.00,N,Not at Intersection, ,Non-Junction,None,,,         ,Troy,Loewen,Cloudy,"Sideswipe, Same Direction",no,no,no,no,yes,False
102280718,METROPOLITAN NASHVILLE POLICE DEPT,20190046823,Davidson,Nashville,1/18/2019 11:02:00 AM,2,0,0,36.192430,-86.616160,JUAREZ DR,,,,0.00,Feet,,HERMITAGE MARKETPLACE PVTDR,,,,0.00,Y,OTHER,N,OtherLocation,None,,,         ,Tien,Nguyen,Cloudy,"Sideswipe, Same Direction",no,no,no,no,no,False
102280719,METROPOLITAN NASHVILLE POLICE DEPT,20190047049,Davidson,Nashville,1/18/2019 12:30:00 PM,2,0,0,36.175830,-86.757160,S 9TH ST,,,,50.00,Feet,South,MAIN ST,,,,0.00,N,Not at Intersection,N,Non-Junction,None,,,         ,Russell,Freeman,Cloudy,Front to Rear,no,no,no,no,yes,False
102280720,METROPOLITAN NASHVILLE POLICE DEPT,20190047102,Davidson,Nashville,1/18/2019 1:05:00 PM,2,0,0,36.136410,-86.800900,21ST AVS,,,,77.00,Feet,South,BELCOURT AV,,,,0.00,N,Not at Intersection, ,Non-Junction,None,,,         ,Michael,McCord,Cloudy,"Sideswipe, Same Direction",no,no,no,no,no,Campus
102280733,METROPOLITAN NASHVILLE POLICE DEPT,20190047160,Davidson,Goodlettsville,1/18/2019 1:15:00 PM,2,0,0,36.305350,-86.688020,GALLATIN PKEN,,,,209.00,Feet,West,NORTHSIDE FESTIVAL PVTDR,,,,0.00,N,Not at Intersection, ,,None,,,         ,Cyretha,Frazier,,,no,no,no,no,no,False
102280748,METROPOLITAN NASHVILLE POLICE DEPT,2019-0047088,Davidson,Nashville,1/18/2019 12:55:00 PM,2,1,0,36.243890,-86.756580,SKYLINE MEMORIAL CT,,,,0.00,Feet,East,DICKERSON PKE,,,,0.00,N,Not at Intersection,N,Non-Junction,None,,,         ,Arthur,Hipp,Cloudy,Front to Rear,no,no,no,no,no,False
102280760,METROPOLITAN NASHVILLE POLICE DEPT,2019-0047017,Davidson,Nashville,1/18/2019 1:00:00 PM,2,0,0,36.160630,-86.760540,I 24,,,,0.00,,,,,,,49.40,N,Not at Intersection, ,Non-Junction,None,,,         ,Peter,Kinsey,Cloudy,Front to Rear,no,no,no,no,no,False
102280763,METROPOLITAN NASHVILLE POLICE DEPT,20190047196,Davidson,Not in City Limit,1/17/2019 10:35:00 PM,1,0,0,36.287590,-86.843200,WHITES CREEK PKE,,,,0.00,Feet,West,LAWS RD,,,,0.00,N,Not at Intersection, ,Non-Junction,None,,,         ,Royce,McLester,Rain,Not Collision with Motor Vehicle in Transport,no,no,no,no,no,False
102280778,METROPOLITAN NASHVILLE POLICE DEPT,20190046772,Davidson,Not in City Limit,1/18/2019 10:43:00 AM,2,0,0,36.263070,-86.711920,STATE RT 45,,,,0.00,,,GALLATIN PKEN,,,,0.00,Y,Four-Way, ,Intersection-Related,None,,,         ,Blake,McKay,Clear,Front to Rear,no,no,no,no,no,False
102280816,METROPOLITAN NASHVILLE POLICE DEPT,20190045211,Davidson,Nashville,1/17/2019 9:20:00 PM,3,0,0,36.040800,-86.773080,OLD HICKORY BLVD,,,,114.00,Feet,East,HEALTH PARK DR,,,,0.00,N,Not at Intersection,N,Non-Junction,None,,,         ,FELIKS,ABRAHAMYAN,Rain,Front to Rear,no,no,no,no,no,False
102280817,METROPOLITAN NASHVILLE POLICE DEPT,20190047158,Davidson,Nashville,1/18/2019 1:38:00 PM,3,0,0,36.110620,-86.741410,THOMPSON LN,,,,148.00,Feet,East,LOGAN ST,,,,0.00,N,Not at Intersection,N,Non-Junction,None,,,         ,Jessie,Meadows,Cloudy,Front to Rear,no,no,no,no,no,False
102280828,METROPOLITAN NASHVILLE POLICE DEPT,20190047330,Davidson,Nashville,1/18/2019 2:18:00 PM,2,1,0,36.245520,-86.745590,I 65,,,,0.00,,,,,,,90.80,N,Not at Intersection,N,Non-Junction,None,,,         ,Christopher,Littles,Cloudy,Front to Rear,no,no,no,no,yes,False
102280849,METROPOLITAN NASHVILLE POLICE DEPT,20190047314,Davidson,Nashville,1/18/2019 3:00:00 PM,2,0,0,36.110210,-86.770440,I 65,,,,0.00,,,,,,,79.75,N,Not at Intersection, ,,None,,,         ,Heather,Fox,,,no,no,no,no,no,False
102280861,METROPOLITAN NASHVILLE POLICE DEPT,20190047245,Davidson,Nashville,1/18/2019 2:08:00 PM,2,0,0,36.106140,-86.816000,ABBOTT MARTIN RD,,,,0.00,,,BANDYWOOD DR,,,,0.00,Y,OTHER,N,Intersection-Related,None,,,         ,Walter,Gray II,Cloudy,"Sideswipe, Same Direction",no,no,no,no,no,False
102280927,METROPOLITAN NASHVILLE POLICE DEPT,20190047053,Davidson,Nashville,1/18/2019 12:40:00 PM,2,0,0,36.152450,-86.834860,CHARLOTTE AV,,,,0.00,,,40TH AVN,,,,0.00,Y,Four-Way, ,Intersection,None,,,         ,Walter,Gray II,Cloudy,Angle,no,no,no,no,no,False
102280943,METROPOLITAN NASHVILLE POLICE DEPT,2019-0047296,Davidson,Nashville,1/18/2019 2:55:00 PM,2,0,0,36.078020,-86.730910,HARDING PL,,,,218.00,Feet,East,MILNER DR,,,,0.00,N,Not at Intersection, ,"Driveway, Alley Access, etc",None,,,         ,William,King,Cloudy,Angle,no,no,no,no,no,False
102280946,METROPOLITAN NASHVILLE POLICE DEPT,20190047335,Davidson,Nashville,1/18/2019 3:07:00 PM,2,0,0,36.172260,-86.768700,I 24,,,,0.00,,,,,,,48.30,N,Not at Intersection,N,Non-Junction,None,,,         ,Steven,Powers,Cloudy,Front to Rear,no,no,no,no,no,False
102280972,METROPOLITAN NASHVILLE POLICE DEPT,098961542,Davidson,Nashville,1/18/2019 3:53:00 PM,2,1,0,36.065750,-86.685570,I 24,,,,0.00,,,,,,,57.35,N,Not at Intersection,N,Non-Junction,None,,,         ,Devonte,Coleman,Clear,Front to Rear,no,no,no,no,no,False
102280980,METROPOLITAN NASHVILLE POLICE DEPT,20190047281,Davidson,Nashville,1/18/2019 2:18:00 PM,2,0,0,36.125730,-86.794050,BEECHWOOD AV,,,,0.00,,,BELMONT BLVD,,,,0.00,Y,T-Intersection,N,Intersection-Related,None,,,         ,FELIKS,ABRAHAMYAN,Cloudy,Angle,no,no,no,no,no,False
102280985,METROPOLITAN NASHVILLE POLICE DEPT,20190047366,Davidson,Nashville,1/18/2019 3:12:00 PM,2,0,0,36.152700,-86.756370,I40 E ENT RAMP,,,,0.00,,,FAIRFIELD AV,,,,0.00,Y,Four-Way,N,Intersection,None,,,         ,Derek,Betty,Clear,Angle,no,no,no,no,no,False
102281021,METROPOLITAN NASHVILLE POLICE DEPT,20190047322,Davidson,Nashville,1/18/2019 2:27:00 PM,2,0,0,36.143170,-86.685480,I 40,,,,0.00,,,,,,,215.55,N,Not at Intersection, ,Non-Junction,None,,,         ,Torry,Hill,Cloudy,"Sideswipe, Same Direction",no,no,no,no,no,False
102281029,METROPOLITAN NASHVILLE POLICE DEPT,20190047371,Davidson,Nashville,1/18/2019 3:15:00 PM,1,2,0,36.171120,-86.687400,REVERE PL,,,,53.00,Feet,West,BLUE HILLS CT,,,,0.00,N,Not at Intersection,N,Non-Junction,None,,,         ,Darci,Stechman,Cloudy,Not Collision with Motor Vehicle in Transport,no,no,no,no,no,False
102281040,METROPOLITAN NASHVILLE POLICE DEPT,20190047427,Davidson,Nashville,1/18/2019 12:00:00 AM,2,0,0,36.045290,-86.674560,BLUE HOLE RD,,,,174.00,Feet,South,BELL RD,,,,0.00,N,Not at Intersection, ,Non-Junction,None,,,         ,Ryan,Sherry,Clear,Angle,no,no,no,no,no,False
102281046,METROPOLITAN NASHVILLE POLICE DEPT,20190047324,Davidson,Nashville,1/18/2019 12:00:00 AM,2,1,0,36.151800,-86.767730,I 40,,,,0.00,,,,,,,210.50,N,Not at Intersection,Y,Non-Junction,None,,,         ,Alexander,Spradling,Cloudy,Front to Rear,no,no,no,no,no,False
102281050,METROPOLITAN NASHVILLE POLICE DEPT,20190047328,Davidson,Nashville,1/18/2019 3:03:00 PM,2,2,0,36.169190,-86.808850,JEFFERSON ST,,,,225.00,Feet,East,21ST AVN,,,,0.00,N,Not at Intersection,N,Non-Junction,None,,,         ,Andrey,Volfson,Clear,Front to Rear,no,no,no,no,no,False
102281053,METROPOLITAN NASHVILLE POLICE DEPT,20190047562,Davidson,Nashville,1/18/2019 2:50:00 PM,2,0,0,36.187920,-86.798480,DOMINICAN DR,,,,0.00,,,ROSA L PARKS BLVD,,,,0.00,Y,Four-Way, ,Intersection,None,,,         ,Daniel,Garrett,Clear,Front to Rear,no,no,no,no,no,False
102281062,METROPOLITAN NASHVILLE POLICE DEPT,20190047470,Davidson,Nashville,1/18/2019 4:08:00 PM,2,1,0,36.231600,-86.781520,EWING DR,,,,0.00,,,BRICK CHURCH PKE,,,,0.00,Y,Four-Way,N,Intersection,None,,,         ,Christopher,Littles,Cloudy,HeadOn,no,no,no,no,no,False
102281063,METROPOLITAN NASHVILLE POLICE DEPT,20190047570,Davidson,Nashville,1/18/2019 4:55:00 PM,2,0,0,36.231090,-86.781560,BRICK CHURCH PKE,,,,200.00,Feet,South,EWING DR,,,,0.00,N,Not at Intersection, ,,None,,,         ,Christopher,Littles,,,no,no,no,no,no,False
102281064,METROPOLITAN NASHVILLE POLICE DEPT,20190047600,Davidson,Nashville,1/18/2019 4:31:00 PM,2,0,0,36.239640,-86.775610,BRILEY PKWYW,,,,754.00,Feet,West,MOOREWOOD DR,,,,0.00,N,Not at Intersection, ,,None,,,         ,Christopher,Littles,,,no,no,no,no,no,False
102281066,METROPOLITAN NASHVILLE POLICE DEPT,20190047594,Davidson,Nashville,1/18/2019 5:00:00 PM,2,0,0,36.162100,-86.790600,11TH AVN,,,,5.00,Feet,South,CHARLOTTE AV,,,,0.00,N,Not at Intersection, ,Non-Junction,None,,,         ,Brent,Morris,Clear,Angle,no,no,no,no,no,False
102281067,METROPOLITAN NASHVILLE POLICE DEPT,20190047627,Davidson,Nashville,1/18/2019 4:50:00 PM,2,0,0,36.145410,-86.776970,I 65,,,,0.00,,,,,,,82.20,N,Not at Intersection,N,Non-Junction,None,,,         ,FELIKS,ABRAHAMYAN,Cloudy,"Sideswipe, Same Direction",no,no,no,no,yes,False
102281077,METROPOLITAN NASHVILLE POLICE DEPT,20190047597,Davidson,Nashville,1/18/2019 5:06:00 PM,2,0,0,36.153580,-86.850900,I 40,,,,0.00,,,,,,,204.35,N,Not at Intersection,N,Non-Junction,None,,,         ,Robert,Leverick,Clear,"Sideswipe, Same Direction",no,no,no,no,yes,False
102281079,METROPOLITAN NASHVILLE POLICE DEPT,20190047638,Davidson,Nashville,1/18/2019 5:23:00 PM,2,0,0,36.119260,-86.767090,I 440,,,,0.00,,,,,,,5.30,N,Not at Intersection, ,Non-Junction,None,,,         ,Devonte,Coleman,Clear,Angle,no,no,no,no,no,False
102281091,METROPOLITAN NASHVILLE POLICE DEPT,20190047650,Davidson,Nashville,1/18/2019 2:30:00 PM,2,0,0,36.173170,-86.791830,JEFFERSON ST,,,,129.00,Feet,West,ROSA L PARKS BLVD,,,,0.00,N,Not at Intersection, ,Non-Junction,None,,,         ,Gardiner,Bradley,Clear,Angle,no,no,no,no,no,False
102281096,METROPOLITAN NASHVILLE POLICE DEPT,20190047320,Davidson,Nashville,1/18/2019 1:30:00 PM,2,0,0,36.209660,-86.732710,SHELTON AV,,,,465.00,Feet,West,WINDSOR AV,,,,0.00,N,Not at Intersection,N,Non-Junction,None,,,         ,Brynn,Cellan,Cloudy,Angle,no,no,no,yes,yes,False
102281101,METROPOLITAN NASHVILLE POLICE DEPT,20190047613,Davidson,Nashville,1/18/2019 12:00:00 AM,2,1,0,36.156650,-86.834370,40TH AVN,,,,160.00,Feet,South,CLIFTON AV,,,,0.00,N,Not at Intersection,N,Non-Junction,None,,,         ,Kelby,Dumond,Clear,"Sideswipe, Opposite Direction",no,no,no,no,no,False
102281102,METROPOLITAN NASHVILLE POLICE DEPT,20190047634,Davidson,Nashville,1/18/2019 5:10:00 PM,2,0,0,36.203550,-86.738530,GALLATIN PKE,,,,0.00,,,E TRINITY LN,,,,0.00,Y,Four-Way, ,,None,,,         ,Wade,Johnson,,,no,no,no,no,no,False
102281103,METROPOLITAN NASHVILLE POLICE DEPT,20190047754,Davidson,Nashville,1/18/2019 5:45:00 PM,2,0,0,36.096040,-86.874060,HIGHWAY 100,,,,0.00,,,GILMAN AV,,,,0.00,Y,T-Intersection, ,Intersection-Related,None,,,         ,Reagan,Heath,Clear,Front to Rear,no,no,no,no,no,False
102281104,METROPOLITAN NASHVILLE POLICE DEPT,20190047723,Davidson,Nashville,1/18/2019 5:59:00 PM,2,1,0,36.140200,-86.879150,CHARLOTTE PKE,,,,31.00,Feet,East,RUSSLEO DR,,,,0.00,N,Not at Intersection,N,Non-Junction,None,,,         ,Alexander,Donald,Clear,Front to Rear,no,no,no,no,no,False
102281106,METROPOLITAN NASHVILLE POLICE DEPT,20190047561,Davidson,Nashville,1/18/2019 4:50:00 PM,2,1,0,36.156570,-86.775870,5TH AVS,,,,0.00,,,KOREAN VETERANS BLVD,,,,0.00,Y,Four-Way, ,Non-Junction,None,,,         ,Gabriel,Hamilton,Clear,Front to Rear,no,no,no,no,no,False
102281107,METROPOLITAN NASHVILLE POLICE DEPT,20190047264,Davidson,Nashville,1/18/2019 2:43:00 PM,2,1,0,36.045820,-86.674310,BLUE HOLE RD,,,,31.00,Feet,North,BELL RD,,,,0.00,N,Not at Intersection,N,Non-Junction,None,,,         ,Andrew,Brazee,Cloudy,"Sideswipe, Opposite Direction",no,no,no,no,yes,False
102281108,METROPOLITAN NASHVILLE POLICE DEPT,20190047803,Davidson,Nashville,1/18/2019 5:39:00 PM,2,0,0,36.150540,-86.856360,CHARLOTTE PKE,,,,313.00,Feet,East,ORLANDO AV,,,,0.00,N,Not at Intersection, ,Non-Junction,None,,,         ,Robert,Leverick,Clear,"Sideswipe, Same Direction",no,no,no,no,no,False
102281111,METROPOLITAN NASHVILLE POLICE DEPT,20190047758,Davidson,Nashville,1/18/2019 6:17:00 PM,2,0,0,36.249390,-86.719410,E PALESTINE AV,,,,0.00,,,GALLATIN PKES,,,,0.00,Y,Four-Way, ,Intersection,None,,,         ,Christopher,Littles,Cloudy,Front to Rear,no,no,no,no,no,False
102281112,METROPOLITAN NASHVILLE POLICE DEPT,20190047810,Davidson,Not in City Limit,1/18/2019 6:33:00 PM,2,0,0,36.261000,-86.712620,GALLATIN PKES,,,,92.00,Feet,South,MAPLE ST,,,,0.00,N,Not at Intersection, ,Non-Junction,None,,,         ,Christopher,Littles,Cloudy,Angle,no,no,no,no,no,False
102281114,METROPOLITAN NASHVILLE POLICE DEPT,20190047798,Davidson,Nashville,1/18/2019 12:00:00 AM,2,0,0,36.182410,-86.799320,I 65,,,,0.00,,,,,,,85.20,N,Not at Intersection,N,Non-Junction,None,,,         ,Melvin,Taylor,Clear,Front to Rear,no,no,no,no,no,False
102281115,METROPOLITAN NASHVILLE POLICE DEPT,20190047457,Davidson,Nashville,1/18/2019 3:27:00 PM,2,0,0,36.082430,-86.711240,HARDING PL,,,,235.00,Feet,West,TAMPA DR,,,,0.00,N,Not at Intersection,N,Non-Junction,None,,,         ,Marcus,Darden,Clear,Front to Rear,no,no,no,no,no,False
102281125,METROPOLITAN NASHVILLE POLICE DEPT,20190047836,Davidson,Nashville,1/18/2019 6:50:00 PM,2,0,0,36.147010,-86.765520,2ND AVS,,,,22.00,Feet,South,MILDRED SHUTE AV,,,,0.00,N,Not at Intersection,Y,Non-Junction,None,,,         ,Ciarra,Rench,Clear,"Sideswipe, Same Direction",no,no,no,no,yes,False
102281132,METROPOLITAN NASHVILLE POLICE DEPT,20190047568,Davidson,Not in City Limit,1/18/2019 4:55:00 PM,3,2,0,36.073870,-86.928200,HIGHWAY 70S,,,,283.00,Feet,West,WATERFORD CIR,,,,0.00,N,Not at Intersection,N,Non-Junction,None,,,         ,Walter,Gray II,Cloudy,HeadOn,no,no,no,no,no,False
102281137,METROPOLITAN NASHVILLE POLICE DEPT,20190047712,Davidson,Nashville,1/18/2019 5:50:00 PM,2,1,0,36.091750,-86.704720,I 24,,,,0.00,,,,,,,55.25,N,Not at Intersection,N,Non-Junction,None,,,         ,Devonte,Coleman,Clear,Front to Rear,no,no,no,no,no,False
102281143,METROPOLITAN NASHVILLE POLICE DEPT,20190047544,Davidson,Nashville,1/18/2019 3:39:00 PM,1,0,0,36.076470,-86.643460,DOVER GLEN PVTDR,,,,60.00,Feet,North,DOVER GLEN DR,,,,0.00,N,Not at Intersection, ,Non-Junction,None,,,         ,Andrew,Brazee,Cloudy,Not Collision with Motor Vehicle in Transport,no,no,no,yes,no,False
102281144,METROPOLITAN NASHVILLE POLICE DEPT,20190047671,Davidson,Nashville,1/18/2019 5:08:00 PM,2,0,0,36.112500,-86.723530,I 24,,,,0.00,,,,,,,53.45,N,Not at Intersection,N,Non-Junction,None,,,         ,Andrew,Brazee,Cloudy,"Sideswipe, Same Direction",no,no,no,no,no,False
102281157,METROPOLITAN NASHVILLE POLICE DEPT,20190047757,Davidson,Nashville,1/18/2019 5:36:00 PM,2,0,0,36.041520,-86.749600,OLD HICKORY BLVD,,,,109.00,Feet,West,HILL RD,,,,0.00,N,Not at Intersection, ,Non-Junction,None,,,         ,Akira,McSwain,Clear,Angle,no,no,no,no,no,False
102281158,METROPOLITAN NASHVILLE POLICE DEPT,20190047887,Davidson,Nashville,1/18/2019 7:17:00 PM,2,0,0,36.039830,-86.740990,OLD HICKORY BLVD,,,,540.00,Feet,West,HIGHLAND WAY,,,,0.00,N,Not at Intersection,N,Non-Junction,None,,,         ,Akira,McSwain,Clear,Angle,no,no,no,no,no,False
102281183,METROPOLITAN NASHVILLE POLICE DEPT,20190048029,Davidson,Nashville,1/18/2019 8:25:00 PM,2,0,0,36.151480,-86.833780,40TH AVN,,,,34.00,Feet,North,PARK AV,,,,0.00,N,Not at Intersection, ,,None,,,         ,Kelby,Dumond,,,no,no,no,no,no,False
102281185,METROPOLITAN NASHVILLE POLICE DEPT,20190047814,Davidson,Nashville,1/18/2019 6:41:00 PM,2,0,0,36.142920,-86.683750,I 40,,,,0.00,,,,,,,215.65,N,Not at Intersection, ,,None,,,         ,Trenton,Searcy,,,no,no,no,no,no,False
102281196,METROPOLITAN NASHVILLE POLICE DEPT,20190047827,Davidson,Not in City Limit,1/18/2019 6:40:00 PM,2,0,0,36.264130,-86.726570,OLD HICKORY BLVDW,,,,0.00,Feet,East,RONNIE RD,,,,0.00,N,Not at Intersection,N,Non-Junction,None,,,         ,Jacob,Krispin,Clear,HeadOn,no,no,no,no,no,False
102281250,METROPOLITAN NASHVILLE POLICE DEPT,20190048125,Davidson,Not in City Limit,1/18/2019 9:13:00 PM,3,0,0,36.259490,-86.679030,CHEYENNE BLVD,,,,175.00,Feet,South,SANDHURST DR,,,,0.00,N,Not at Intersection,N,"Driveway, Alley Access, etc",None,,,         ,Christopher,Littles,Cloudy,Angle,no,no,no,no,yes,False
102281252,METROPOLITAN NASHVILLE POLICE DEPT,20190047947,Davidson,Nashville,1/18/2019 8:00:00 PM,2,1,0,36.107140,-86.719460,I24 W EXT RAMP,,,,0.00,Feet,East,I 24,,,,0.00,N,Not at Intersection,Y,Non-Junction,None,,,         ,Aimee,Ortiz,Clear,Angle,no,no,no,no,no,False
102281267,METROPOLITAN NASHVILLE POLICE DEPT,20190048119,Davidson,Nashville,1/18/2019 6:57:00 PM,2,0,0,36.139440,-86.819930,MURPHY RD,,,,0.00,,,PARK DR,,,,0.00,Y,T-Intersection, ,Intersection-Related,None,,,         ,Eric,Burford,Clear,Angle,no,no,no,no,no,False
102281273,METROPOLITAN NASHVILLE POLICE DEPT,20190042560,Davidson,Nashville,1/17/2019 12:03:00 AM,2,0,0,36.156790,-86.776020,5TH AVS,,,,91.00,Feet,North,KOREAN VETERANS BLVD,,,,0.00,N,Not at Intersection,N,Non-Junction,None,,,         ,John,Anderson,Clear,Front to Rear,no,no,no,no,yes,False
102281274,METROPOLITAN NASHVILLE POLICE DEPT,20190048197,Davidson,Nashville,1/18/2019 8:23:00 PM,2,0,0,36.084630,-86.704380,HARDING PL,,,,298.00,Feet,West,LARGO DR,,,,0.00,N,Not at Intersection,N,Non-Junction,None,,,         ,Devonte,Coleman,Clear,Other,no,no,no,yes,yes,False
102281275,METROPOLITAN NASHVILLE POLICE DEPT,20190047957,Davidson,Nashville,1/18/2019 6:23:00 PM,2,0,0,36.143030,-86.666650,DONELSON PKE,,,,267.00,Feet,North,I40 W ENT RAMP,,,,0.00,N,Not at Intersection, ,,None,,,         ,Terence,Mitchell,,,no,no,no,no,no,False
102281290,METROPOLITAN NASHVILLE POLICE DEPT,20190048220,Davidson,Nashville,1/18/2019 10:02:00 PM,2,0,0,36.088510,-86.612000,SMITH SPRINGS RD,,,,641.00,Feet,East,CLEARLAKE DRW,,,,0.00,N,Not at Intersection,N,Non-Junction,None,,,         ,Gabriel,Vasquez,Clear,"Sideswipe, Opposite Direction",no,no,no,no,yes,False
102281298,METROPOLITAN NASHVILLE POLICE DEPT,20190047869,Davidson,Nashville,1/18/2019 6:14:00 PM,2,0,0,36.116860,-86.923000,CHARLOTTE PKE,,,,93.00,Feet,East,OLD HICKORY BLVD,,,,0.00,N,Not at Intersection, ,Non-Junction,None,,,         ,Alexander,Donald,Clear,Front to Rear,no,no,no,no,yes,False
102281306,METROPOLITAN NASHVILLE POLICE DEPT,20190048254,Davidson,Nashville,1/18/2019 10:32:00 PM,2,0,0,36.042450,-86.712940,MILL CREEK WHITTLEMORE GRNWY,,,,0.00,,,SWISS AV,,,,0.00,Y,Four-Way,N,Intersection,None,,,         ,Andrew,Brazee,Cloudy,Angle,no,no,no,no,no,False
102281378,METROPOLITAN NASHVILLE POLICE DEPT,20190048318,Davidson,Not in City Limit,1/18/2019 10:50:00 PM,1,0,0,36.152700,-86.950160,RIVER ROAD PKE,,,,458.00,Feet,South,RIVER ROAD PKE PVTDR,,,,0.00,N,Not at Intersection, ,Non-Junction,None,,,         ,Cesar,Rocha,Cloudy,Not Collision with Motor Vehicle in Transport,no,no,no,no,no,False
102281421,METROPOLITAN NASHVILLE POLICE DEPT,20190048214,Davidson,Nashville,1/18/2019 12:00:00 AM,1,0,0,36.173000,-86.768480,I24 W EXT RAMP,,,,0.00,,,I 24,,,,0.00,Y,Y-Intersection,N,Entrance/Exit Ramp Related,None,,,         ,Frederick,Ware,Clear,Not Collision with Motor Vehicle in Transport,no,no,no,no,yes,False
102281422,METROPOLITAN NASHVILLE POLICE DEPT,20190048346,Davidson,Nashville,1/18/2019 11:25:00 PM,2,0,0,36.153650,-86.756640,I 40,,,,0.00,,,,,,,211.20,N,Not at Intersection,N,Non-Junction,None,,,         ,Anthony,Cucci,Clear,"Sideswipe, Opposite Direction",no,no,no,no,yes,False
102281423,METROPOLITAN NASHVILLE POLICE DEPT,20190048192,Davidson,Nashville,1/18/2019 9:50:00 PM,1,1,0,36.153120,-86.764750,I24 W ENT RAMP,,,,0.00,Feet,East,I 40,,,,0.00,N,Not at Intersection,Y,Non-Junction,None,,,         ,Meghan,Pope,Clear,Not Collision with Motor Vehicle in Transport,no,no,no,no,no,False
102281433,METROPOLITAN NASHVILLE POLICE DEPT,20190048336,Davidson,Nashville,1/18/2019 11:20:00 PM,2,0,0,36.046570,-86.665390,CEDAR POINTE PKWY,,,,1316.00,Feet,West,BELL RD,,,,0.00,N,Not at Intersection,N,Non-Junction,None,,,         ,Alex,DiBernardo,Clear,Front to Rear,no,no,no,yes,yes,False
102281434,METROPOLITAN NASHVILLE POLICE DEPT,20190048408,Davidson,Nashville,1/18/2019 11:50:00 PM,2,0,0,36.125850,-86.727850,I 24,,,,0.00,,,,,,,51.45,N,Not at Intersection,N,Non-Junction,None,,,         ,Brandon,Epps,Clear,"Sideswipe, Same Direction",no,no,no,no,yes,False