master_record_number,agency,agency_tracking_number,county,city,collision_date,vehicles_involved,number_injured,number_dead,latitude,longitude,roadway_name,roadway_suffix,roadway_number,roadway_local_id,distance_from_reference,miles-feet_indicator,direction_from_reference,intersection_road_name,intersection_road_name_suffix,intersection_road_number,intersection_local_id,mile_marker,intersection_indicator,intersect_type,interchange_related_indicator,relation_to_junction,work_zone_type,construction_maintenance_zone,construction_maintenance_zone_location,fatal_case_number,officer_first_name,officer_last_name,weather_condition(s),manner_of_crash,pedestrian,bicycle,scooter,parking,hitrun,mou
102281988,METROPOLITAN NASHVILLE POLICE DEPT,20190049707,Davidson,Nashville,1/19/2019 4:38:00 PM,1,0,0,36.234400,-86.719580,BRILEY PKWYW,,,,219.00,Feet,East,BRILEY PKWYE,,,,0.00,N,Not at Intersection,N,Non-Junction,None,,,         ,Brynn,Cellan,Rain,Not Collision with Motor Vehicle in Transport,no,no,no,no,no,False
102281993,METROPOLITAN NASHVILLE POLICE DEPT,20190049639,Davidson,Nashville,1/19/2019 2:36:00 PM,1,0,0,36.240080,-86.748620,I65 S EXT RAMP,,,,0.00,Feet,East,BRILEY PKWYE,,,,0.00,N,Not at Intersection,N,Non-Junction,None,,,         ,Gordon,Stovall,Rain,Not Collision with Motor Vehicle in Transport,no,no,no,no,yes,False
102281996,METROPOLITAN NASHVILLE POLICE DEPT,20190049737,Davidson,Nashville,1/19/2019 4:56:00 PM,3,0,0,36.130420,-86.899440,CHARLOTTE PKE,,,,0.00,Feet,East,I40 W ENT RAMP,,,,0.00,N,Not at Intersection,N,Non-Junction,None,,,         ,Alexander,Donald,Rain,Front to Rear,no,no,no,no,no,False
102282001,METROPOLITAN NASHVILLE POLICE DEPT,20190049696,Davidson,Nashville,1/19/2019 5:15:00 PM,2,0,0,36.152540,-86.784970,PINE ST,,,,29.00,Feet,South,12TH AVS,,,,0.00,N,Not at Intersection, ,Non-Junction,None,,,         ,Trevor,Taylor,Cloudy,"Sideswipe, Same Direction",no,no,no,no,no,False
102282017,METROPOLITAN NASHVILLE POLICE DEPT,20190049874,Davidson,Nashville,1/19/2019 6:30:00 PM,1,0,0,36.283380,-86.877880,CLARKSVILLE PKE,,,,13.00,Feet,North,CANTARUTTI RD,,,,0.00,N,Not at Intersection,N,Unknown,None,,,         ,Corey,Oakley,Rain,Not Collision with Motor Vehicle in Transport,no,no,no,no,yes,False
102282025,METROPOLITAN NASHVILLE POLICE DEPT,20190049700,Davidson,Goodlettsville,1/19/2019 12:14:00 PM,2,0,0,36.300930,-86.694540,GALLATIN PKEN,,,,100.00,Feet,East,SHEPHERD HILLS DR,,,,0.00,N,Not at Intersection,N,Non-Junction,None,,,         ,Jacob,Krispin,Rain,"Sideswipe, Same Direction",no,no,no,no,yes,False
102282029,METROPOLITAN NASHVILLE POLICE DEPT,20190049703,Davidson,Nashville,1/19/2019 4:33:00 PM,2,0,0,36.069150,-86.683880,ANTIOCH PIKE,,,,0.00,,,RICHARDS RD,,,,0.00,Y,T-Intersection,N,Intersection-Related,None,,,         ,Taylor,Hurley,Rain,Front to Rear,no,no,no,no,no,False
102282035,METROPOLITAN NASHVILLE POLICE DEPT,20190049846,Davidson,Nashville,1/19/2019 12:00:00 AM,2,2,0,36.045740,-86.674350,BELL RD,,,,0.00,Feet,East,BLUE HOLE RD,,,,0.00,N,Not at Intersection,N,Non-Junction,None,,,         ,Wesley,Carver,Rain,Angle,no,no,no,no,yes,False
102282036,METROPOLITAN NASHVILLE POLICE DEPT,20190049807,Davidson,Not in City Limit,1/19/2019 5:45:00 PM,2,0,0,36.264080,-86.711560,GALLATIN PKEN,,,,74.00,Feet,South,OLD TIME VILLAGE PVTDR,,,,0.00,N,Not at Intersection, ,Non-Junction,None,,,         ,Peter,Vaught,Clear,Front to Rear,no,no,no,no,no,False
102282037,METROPOLITAN NASHVILLE POLICE DEPT,20190049828,Davidson,Nashville,1/19/2019 5:58:00 PM,1,0,0,36.218160,-86.803480,WHITES CREEK PKE,,,,1.00,Feet,North,MOORMANS ARM RD,,,,0.00,N,Not at Intersection,N,OtherLocation,None,,,         ,Janelle,Keslar,Rain,Not Collision with Motor Vehicle in Transport,no,no,no,no,no,False
102282040,METROPOLITAN NASHVILLE POLICE DEPT,20190049918,Davidson,Nashville,1/19/2019 6:53:00 PM,2,2,0,36.137200,-86.699670,BRILEY PKWY,,,,0.00,Feet,,GLASTONBURY RD,,,,0.00,Y,T-Intersection,Y,Intersection,None,,,         ,Steven,Powers,Rain,Front to Rear,no,no,no,no,no,False
102282052,METROPOLITAN NASHVILLE POLICE DEPT,20190049940,Davidson,Nashville,1/19/2019 7:01:00 PM,1,0,0,36.153630,-86.785460,LAUREL ST,,,,29.00,Feet,East,12TH AVS,,,,0.00,N,Not at Intersection, ,Non-Junction,None,,,         ,Roy,Sain Jr.,Rain,Not Collision with Motor Vehicle in Transport,no,no,no,no,no,False
102282054,METROPOLITAN NASHVILLE POLICE DEPT,20190050087,Davidson,Nashville,1/19/2019 12:00:00 AM,2,0,0,36.104020,-86.741500,SUNRISE AV,,,,54.00,Feet,East,NOLENSVILLE PKE,,,,0.00,N,Not at Intersection, ,Non-Junction,None,,,         ,Ryan,Sherry,Rain,Unknown,no,no,no,no,no,False
102282058,BELLE MEADE POLICE DEPT,19-0024,Davidson,Nashville,1/19/2019 7:31:00 PM,2,0,0,36.124050,-86.849140,HARDING PKE,,,,0.00,,,,,,,0.00,,Not at Intersection, ,,None,,,         ,Chris,Roark,,,no,no,no,no,no,False
102282060,METROPOLITAN NASHVILLE POLICE DEPT,20190049967,Davidson,Nashville,1/19/2019 7:19:00 PM,2,2,0,36.089030,-86.614070,SMITH SPRINGS RD,,,,0.00,,,CLEARLAKE DRW,,,,0.00,Y,T-Intersection,Y,Intersection,None,,,         ,Seth,Vaughn,Rain,Angle,no,no,no,no,no,False
102282061,METROPOLITAN NASHVILLE POLICE DEPT,20190049876,Davidson,Nashville,1/19/2019 6:13:00 PM,2,0,0,36.158570,-86.640610,STEWARTS FERRY PKE,,,,11.00,Feet,East,HICKORY PL,,,,0.00,N,Not at Intersection,N,Non-Junction,None,,,         ,Torry,Hill,Rain,Front to Rear,no,no,no,no,yes,False
102282064,METROPOLITAN NASHVILLE POLICE DEPT,20190049846,Davidson,Nashville,1/19/2019 6:00:00 PM,2,6,0,36.045740,-86.674350,BELL RD,,,,0.00,,,BLUE HOLE RD,,,,0.00,Y,Four-Way,N,Intersection-Related,None,,,         ,Eric,Wegener,Rain,Angle,no,no,no,no,no,False
102282066,METROPOLITAN NASHVILLE POLICE DEPT,20190049870,Davidson,Nashville,1/19/2019 6:25:00 PM,1,0,0,36.194300,-86.771400,DOUGLAS AV,,,,60.00,Feet,West,JOSEPH AV,,,,0.00,N,Not at Intersection,N,Non-Junction,None,,,         ,Cody,Jaworski,Rain,Not Collision with Motor Vehicle in Transport,no,no,no,no,yes,False
102282067,METROPOLITAN NASHVILLE POLICE DEPT,20190049833,Davidson,Nashville,1/19/2019 6:00:00 PM,2,1,0,36.067060,-86.688990,APACHE TRL,,,,1203.00,Feet,West,PACKARD DR,,,,0.00,N,Not at Intersection,N,Non-Junction,None,,,         ,Taylor,Hurley,Rain,Front to Rear,no,no,no,no,no,False
102282070,METROPOLITAN NASHVILLE POLICE DEPT,20190049949,Davidson,Nashville,1/19/2019 6:16:00 PM,2,0,0,36.144100,-86.873100,WATTS LN,,,,0.00,,,CHARLOTTE PKE,,,,0.00,Y,T-Intersection,N,Intersection-Related,None,,,         ,Robert,Leverick,Rain,Front to Rear,no,no,no,no,yes,False
102282072,METROPOLITAN NASHVILLE POLICE DEPT,20190050135,Davidson,Nashville,1/19/2019 8:00:00 PM,1,1,0,36.167010,-86.763730,SHELBY AV,,,,0.00,,,S 4TH ST,,,,0.00,Y,Four-Way,N,Intersection,None,,,         ,Riley,Brewer,Rain,Not Collision with Motor Vehicle in Transport,yes,no,no,no,yes,False
102282077,METROPOLITAN NASHVILLE POLICE DEPT,20190050140,Davidson,Goodlettsville,1/19/2019 8:37:00 PM,2,2,0,36.305910,-86.693820,CONFERENCE DR,,,,0.00,Feet,,RIVERGATE MALL PVTDR,,,,0.00,Y,Four-Way,N,Intersection,None,,,         ,Peter,Vaught,Snow,Angle,no,no,no,no,no,False
102282079,METROPOLITAN NASHVILLE POLICE DEPT,20190049848,Davidson,Nashville,1/19/2019 6:07:00 PM,2,0,0,36.233140,-86.758660,MAPLEWOOD TRC,,,,0.00,,,W MAPLEWOOD LN,,,,0.00,Y,Four-Way,N,Intersection,None,,,         ,Kevin,Clausius,Rain,Front to Rear,no,no,no,no,no,False
102282089,METROPOLITAN NASHVILLE POLICE DEPT,20190050104,Davidson,Nashville,1/19/2019 6:56:00 PM,2,0,0,36.236650,-86.724480,BRILEY PKWY W ENT RAMP,,,,0.00,Feet,East,GALLATIN PKES,,,,0.00,N,Not at Intersection,Y,Non-Junction,None,,,         ,Robert,Fondren,Cloudy,"Sideswipe, Same Direction",no,no,no,no,yes,False
102282090,METROPOLITAN NASHVILLE POLICE DEPT,20190049894,Davidson,Nashville,1/19/2019 6:17:00 PM,2,0,0,36.141350,-86.665890,I 40,,,,0.00,,,,,,,218.00,N,Not at Intersection, ,Non-Junction,None,,,         ,Deandera,Payne,Rain,"Sideswipe, Same Direction",no,no,no,no,no,False
102282096,METROPOLITAN NASHVILLE POLICE DEPT,20190050153,Davidson,Nashville,1/19/2019 8:45:00 PM,2,0,0,36.150450,-86.830880,38TH AVN,,,,0.00,,,ELKINS AV,,,,0.00,Y,Four-Way, ,,None,,,         ,Robert,Crow,,,no,no,no,no,no,False
102282102,METROPOLITAN NASHVILLE POLICE DEPT,20190050133,Davidson,Nashville,1/19/2019 7:00:00 PM,2,0,0,36.156430,-86.851210,INDIANA AV,,,,322.00,Feet,West,52ND AVN,,,,0.00,N,Not at Intersection,N,Non-Junction,None,,,         ,Robert,Leverick,Rain,Rear to Side,no,no,no,no,yes,False
102282111,METROPOLITAN NASHVILLE POLICE DEPT,20190050021,Davidson,Nashville,1/19/2019 7:52:00 PM,1,0,0,36.078550,-86.722060,WALLACE RD,,,,500.00,Feet,West,BROOKRIDGE TRL,,,,0.00,N,Not at Intersection, ,Non-Junction,None,,,         ,Taylor,Hurley,Rain,Not Collision with Motor Vehicle in Transport,no,no,no,yes,no,False
102282114,METROPOLITAN NASHVILLE POLICE DEPT,20190049877,Davidson,Nashville,1/19/2019 8:38:00 PM,2,0,0,36.087390,-86.727610,SAM BONEY DR,,,,293.00,Feet,North,ELYSIAN FIELDS RD,,,,0.00,N,Not at Intersection, ,Non-Junction,None,,,         ,Aimee,Ortiz,Rain,Angle,no,no,no,no,no,False
102282116,METROPOLITAN NASHVILLE POLICE DEPT,20190050205,Davidson,Nashville,1/19/2019 9:09:00 PM,2,0,0,36.161400,-86.783770,ROSA L PARKS BLVD,,,,75.00,Feet,South,ROSA L PARKS AV,,,,0.00,N,Not at Intersection, ,Non-Junction,None,,,         ,Roy,Sain Jr.,Rain,"Sideswipe, Same Direction",no,no,no,no,no,False
102282118,METROPOLITAN NASHVILLE POLICE DEPT,20190050043,Davidson,Nashville,1/19/2019 7:58:00 PM,2,2,0,36.151340,-86.768360,I40 E EXT RAMP,,,,0.00,Feet,,I 40,,,,0.00,Y,Four-Way,Y,Intersection,None,,,         ,Trenton,Searcy,Rain,"Sideswipe, Opposite Direction",no,no,no,no,yes,False
102282120,METROPOLITAN NASHVILLE POLICE DEPT,20190050026,Davidson,Nashville,1/19/2019 3:33:00 PM,2,0,0,36.044400,-86.661550,CANE RIDGE RD,,,,18.00,Feet,North,TARGET DR,,,,0.00,N,Not at Intersection, ,Non-Junction,None,,,         ,Sean,Weaver,Rain,Front to Rear,no,no,no,no,no,False
102282130,METROPOLITAN NASHVILLE POLICE DEPT,20190049779,Davidson,Antioch,1/19/2019 5:20:00 PM,2,2,0,36.030450,-86.588980,HICKORY WAY,,,,0.00,,,LAVERGNE COUCHVILLE PKE,,,,0.00,Y,Four-Way,N,Intersection,None,,,         ,Jedidayah,Merriweather,Cloudy,Angle,no,no,no,no,no,False
102282132,METROPOLITAN NASHVILLE POLICE DEPT,20190050126,Davidson,Nashville,1/19/2019 8:00:00 PM,2,0,0,36.170040,-86.595860,I 40,,,,0.00,,,,,,,221.10,N,Not at Intersection, ,,None,,,         ,Marvis,Malone,,,no,no,no,no,no,False
102282161,METROPOLITAN NASHVILLE POLICE DEPT,20190050219,Davidson,Nashville,1/19/2019 9:00:00 PM,4,2,0,36.101010,-86.711980,I 24,,,,0.00,,,,,,,54.50,N,Not at Intersection,N,Non-Junction,None,,,         ,Aimee,Ortiz,Sleet/Hail,Front to Rear,no,no,no,no,no,False
102282168,METROPOLITAN NASHVILLE POLICE DEPT,20190050361,Davidson,Nashville,1/19/2019 10:59:00 PM,1,1,0,36.013550,-87.043080,HIGHWAY 100,,,,761.00,Feet,East,FAIRVIEW BLVD,,,,0.00,N,Not at Intersection, ,Non-Junction,None,,,         ,Cesar,Rocha,Snow,Not Collision with Motor Vehicle in Transport,no,no,no,no,no,False
102282170,METROPOLITAN NASHVILLE POLICE DEPT,20190050367,Davidson,Nashville,1/19/2019 7:30:00 PM,2,0,0,36.050350,-86.648240,BELL RD,,,,395.00,Feet,East,MT VIEW RD,,,,0.00,N,Not at Intersection, ,Non-Junction,None,,,         ,Autumn,Manning,Rain,"Sideswipe, Same Direction",no,no,no,no,no,False
102282196,METROPOLITAN NASHVILLE POLICE DEPT,20190050352,Davidson,Nashville,1/19/2019 10:52:00 PM,2,2,0,36.158890,-86.782110,ROSA L PARKS BLVD,,,,0.00,,,BROADWAY,,,,0.00,Y,Four-Way,N,Intersection,None,,,         ,Daniel,Russett,Snow,Angle,yes,no,no,no,no,False
102282197,METROPOLITAN NASHVILLE POLICE DEPT,20190050341,Davidson,Nashville,1/19/2019 10:30:00 PM,2,0,0,36.211600,-86.732600,GALLATIN PKE,,,,0.00,Feet,,HART LN,,,,0.00,Y,Four-Way,N,Intersection,None,,,         ,Tyler,Geiger,Sleet/Hail,Angle,no,no,no,no,no,False
102282199,METROPOLITAN NASHVILLE POLICE DEPT,20190050371,Davidson,Not in City Limit,1/19/2019 6:01:00 PM,1,0,0,36.017650,-86.703140,ADAMS MILL CT,,,,202.00,Feet,West,SUNNYWOOD DR,,,,0.00,,Not at Intersection, ,OtherLocation,None,,,         ,Jefferson,Hughes,Rain,Not Collision with Motor Vehicle in Transport,no,no,no,no,no,False
102282204,METROPOLITAN NASHVILLE POLICE DEPT,20190050483,Davidson,Nashville,1/19/2019 11:47:00 PM,2,0,0,36.208430,-86.778900,HAMPTON ST,,,,170.00,Feet,South,AVONDALE CIR,,,,0.00,N,Not at Intersection,N,Non-Junction,None,,,         ,John,Deiterick,Sleet/Hail,"Sideswipe, Same Direction",no,no,no,no,yes,False
102282206,METROPOLITAN NASHVILLE POLICE DEPT,20190050462,Davidson,Nashville,1/19/2019 11:41:00 PM,2,0,0,36.058140,-86.716780,NOLENSVILLE PKE,,,,0.00,,,,,,,0.00,,,N,OtherLocation,None,,,         ,Bryce,Hatten,Snow,Angle,no,no,no,yes,yes,False
102282215,METROPOLITAN NASHVILLE POLICE DEPT,20190050264,Davidson,Nashville,1/19/2019 9:50:00 PM,2,0,0,36.045650,-86.712180,OLD HICKORY BLVD,,,,0.00,,,,,,,0.00,,,N,Non-Junction,None,,,         ,Arend,Groeneweg,Rain,Front to Rear,no,no,no,no,no,False
102282220,METROPOLITAN NASHVILLE POLICE DEPT,20190050445,Davidson,Nashville,1/19/2019 11:03:00 PM,2,0,0,36.169060,-86.682400,LEBANON PKE,,,,0.00,Feet,,FAIRWAY DR,,,,0.00,Y,Four-Way,N,Intersection,None,,,         ,Meghan,Pope,Rain,Front to Rear,no,no,no,no,yes,False
102282221,METROPOLITAN NASHVILLE POLICE DEPT,20190050665,Davidson,Nashville,1/20/2019 12:00:00 AM,2,0,0,36.178150,-86.751660,MAIN ST,,,,0.00,,,N 10TH ST,,,,0.00,Y,T-Intersection,N,Non-Junction,None,,,         ,Colin,Bleem,Snow,"Sideswipe, Same Direction",no,no,no,no,yes,False
102282222,METROPOLITAN NASHVILLE POLICE DEPT,20190050507,Davidson,Antioch,1/19/2019 4:45:00 PM,1,0,0,36.051090,-86.604890,STONEFARM TRL,,,,68.00,Feet,North,GRACEWOOD GROVE,,,,0.00,N,Not at Intersection, ,Non-Junction,None,,,         ,Maccio,Hightower,Clear,Not Collision with Motor Vehicle in Transport,no,no,no,yes,no,False
102282229,METROPOLITAN NASHVILLE POLICE DEPT,20190050705,Davidson,Not in City Limit,1/20/2019 2:38:00 AM,1,0,0,36.323030,-86.911580,OLD CLARKSVILLE PKE,,,,359.00,Feet,West,CLARKSVILLE PKE,,,,0.00,N,Not at Intersection,N,Non-Junction,None,,,         ,John,Deiterick,Snow,Not Collision with Motor Vehicle in Transport,no,no,no,no,yes,False
102282237,METROPOLITAN NASHVILLE POLICE DEPT,20190050702,Davidson,Nashville,1/20/2019 2:15:00 AM,1,0,0,36.125670,-86.904960,I 40,,,,0.00,,,,,,,200.60,N,Not at Intersection,N,Non-Junction,None,,,         ,Kevin,McGinniss,Sleet/Hail,Not Collision with Motor Vehicle in Transport,no,no,no,no,no,False
102282238,METROPOLITAN NASHVILLE POLICE DEPT,20190050750,Davidson,Nashville,1/20/2019 3:11:00 AM,3,0,0,36.087400,-86.729470,ELYSIAN FIELDS CT,,,,292.00,Feet,East,NOLENSVILLE PKE,,,,0.00,N,Not at Intersection,N,Non-Junction,None,,,         ,Kurt,Lewton,Clear,Front to Rear,no,no,no,yes,yes,False
102282246,METROPOLITAN NASHVILLE POLICE DEPT,20190050834,Davidson,Nashville,1/20/2019 12:00:00 AM,1,0,0,36.144440,-86.749470,NANCE LN,,,,0.00,,,MURFREESBORO PKE,,,,0.00,Y,T-Intersection,N,Intersection,None,,,         ,Zachary,Lang,Rain,Not Collision with Motor Vehicle in Transport,no,no,no,no,no,False
102282249,METROPOLITAN NASHVILLE POLICE DEPT,20190050810,Davidson,Nashville,1/20/2019 3:15:00 AM,1,0,0,36.053510,-86.703060,EULALA DR,,,,325.00,Feet,South,EULALA CIR,,,,0.00,N,Not at Intersection,N,Non-Junction,None,,,         ,Jefferson,Hughes,Cloudy,Not Collision with Motor Vehicle in Transport,no,no,no,no,yes,False
102282256,METROPOLITAN NASHVILLE POLICE DEPT,20190050405,Davidson,Nashville,1/19/2019 11:10:00 PM,1,0,0,36.252090,-86.693970,NEELYS BEND RD,,,,0.00,,,,,,,0.00,,,N,Intersection,None,,,         ,Coleman,McKellar,Snow,Not Collision with Motor Vehicle in Transport,no,no,no,yes,no,False
102282283,METROPOLITAN NASHVILLE POLICE DEPT,20190050754,Davidson,Nashville,1/20/2019 2:55:00 AM,1,0,0,36.053640,-86.703210,EULALA DR,,,,262.00,Feet,South,EULALA CIR,,,,0.00,N,Not at Intersection,N,Non-Junction,None,,,         ,Maccio,Hightower,Clear,Not Collision with Motor Vehicle in Transport,no,no,no,no,no,False
102282285,METROPOLITAN NASHVILLE POLICE DEPT,20190050879,Davidson,Nashville,1/20/2019 4:40:00 AM,1,1,0,36.132610,-86.896810,I 40,,,,0.00,,,,,,,201.25,N,Not at Intersection,Y,Entrance/Exit Ramp Related,None,,,         ,Kevin,McGinniss,Clear,Not Collision with Motor Vehicle in Transport,no,no,no,no,no,False
102282287,METROPOLITAN NASHVILLE POLICE DEPT,20190050964,Davidson,Nashville,1/19/2019 11:10:00 PM,1,0,0,36.252250,-86.693900,NEELYS BEND RD,,,,0.00,Feet,,RANDY RD,,,,0.00,Y,T-Intersection,N,Intersection,None,,,         ,Corey,Ethridge,Snow,Not Collision with Motor Vehicle in Transport,no,no,no,no,no,False
102282294,METROPOLITAN NASHVILLE POLICE DEPT,20190050983,Davidson,Not in City Limit,1/20/2019 6:20:00 AM,1,0,0,36.288770,-86.780190,BRICK CHURCH PKE,,,,0.00,,,,,,,0.00,,,N,Non-Junction,None,,,         ,Patrick,McGinnis,Snow,Not Collision with Motor Vehicle in Transport,no,no,no,no,no,False
102282296,METROPOLITAN NASHVILLE POLICE DEPT,2019049430,Davidson,Nashville,1/19/2019 1:20:00 PM,2,0,0,36.191990,-86.781440,I 65,,,,0.00,,,,,,,86.25,N,Not at Intersection,N,Non-Junction,None,,,         ,Brian,Mclarty,Rain,Front to Rear,no,no,no,no,no,False
102282309,METROPOLITAN NASHVILLE POLICE DEPT,20190050984,Davidson,Nashville,1/20/2019 6:08:00 AM,2,2,0,36.217910,-86.779990,BRICK CHURCH PKE,,,,491.00,Feet,East,WOODFOLK AV,,,,0.00,N,Not at Intersection,N,Non-Junction,None,,,         ,Abigail,Malone,Rain,Angle,no,no,no,yes,no,False
102282313,METROPOLITAN NASHVILLE POLICE DEPT,2019-0051001,Davidson,Nashville,1/20/2019 6:53:00 AM,2,0,0,36.044790,-86.661920,BELL RD,,,,116.00,Feet,West,CANE RIDGE RD,,,,0.00,N,Not at Intersection, ,Non-Junction,None,,,         ,Stanley,Collins,Clear,"Sideswipe, Same Direction",no,no,no,no,no,False
102282318,METROPOLITAN NASHVILLE POLICE DEPT,20190051050,Davidson,Nashville,1/20/2019 7:30:00 AM,1,0,0,36.193480,-86.775880,I 65,,,,0.00,,,,,,,86.55,N,Not at Intersection,N,Non-Junction,None,,,         ,Steven,Spillers,Snow,Not Collision with Motor Vehicle in Transport,no,no,no,no,no,False
102282323,METROPOLITAN NASHVILLE POLICE DEPT,20190051126,Davidson,Nashville,1/20/2019 8:30:00 AM,2,0,0,36.076720,-86.664570,BILLINGSGATE RD,,,,119.00,Feet,West,BILLINGSGATE CT,,,,0.00,N,Not at Intersection, ,Non-Junction,None,,,         ,Jason,Hees,Clear,Angle,no,no,no,no,yes,False
102282336,METROPOLITAN NASHVILLE POLICE DEPT,20190051102,Davidson,Not in City Limit,1/20/2019 8:15:00 AM,1,0,0,36.275820,-86.689540,MYATT DR,,,,78.00,Feet,South,MYATT CENTER LN,,,,0.00,N,Not at Intersection, ,Non-Junction,None,,,         ,Michelle,Steidl,Snow,Not Collision with Motor Vehicle in Transport,no,no,no,no,no,False
102282348,METROPOLITAN NASHVILLE POLICE DEPT,20190051077,Davidson,Nashville,1/20/2019 7:55:00 AM,1,0,0,36.155970,-86.824300,I40 E EXT RAMP,,,,0.00,Feet,East,I 40,,,,0.00,N,Not at Intersection,Y,Entrance/Exit Ramp Related,None,,,         ,Brian,Myatt,Cloudy,Not Collision with Motor Vehicle in Transport,no,no,no,no,no,False
102282354,METROPOLITAN NASHVILLE POLICE DEPT,20190051190,Davidson,Not in City Limit,1/20/2019 9:10:00 AM,1,0,0,36.015040,-87.013260,HESTER BEASLEY RD,,,,332.00,Feet,East,HICKORY POINT PVTDR,,,,0.00,N,Not at Intersection,N,Non-Junction,None,,,         ,Douglas,Atwood,Snow,Not Collision with Motor Vehicle in Transport,no,no,no,no,no,False
102282365,METROPOLITAN NASHVILLE POLICE DEPT,20190051192,Davidson,Nashville,1/20/2019 9:04:00 AM,2,0,0,36.249040,-86.719660,GALLATIN PKES,,,,147.00,Feet,South,E PALESTINE AV,,,,0.00,N,Not at Intersection,N,"Driveway, Alley Access, etc",None,,,         ,Matthew,Harris,Cloudy,Angle,no,no,no,no,yes,False
102282369,GOODLETTSVILLE POLICE DEPT,19-02529,Davidson,Goodlettsville,1/20/2019 8:20:00 AM,1,0,0,36.304690,-86.716990,MOSS TRL,,,,0.00,,,GARRETT DR,,,,0.00,Y,T-Intersection,N,Non-Junction,None,,,         ,Charles,Hauskin,Snow,Not Collision with Motor Vehicle in Transport,no,no,no,no,no,False
102282377,METROPOLITAN NASHVILLE POLICE DEPT,20190051171,Davidson,Not in City Limit,1/20/2019 8:00:00 AM,1,1,0,36.366940,-86.855100,RIDGEWOOD RD,,,,1390.00,Feet,East,GREENBRIER RD,,,,0.00,N,Not at Intersection,N,Non-Junction,None,,,         ,Zachary,Goodall,Snow,Not Collision with Motor Vehicle in Transport,no,no,no,no,no,False
102282393,METROPOLITAN NASHVILLE POLICE DEPT,20190049475,Davidson,Nashville,1/19/2019 1:11:00 PM,2,1,0,36.253000,-86.705970,IDLEWILD DR,,,,0.00,,,ROTHWOOD AV,,,,0.00,Y,T-Intersection,N,Intersection,None,,,         ,Michael,McCord,Rain,Angle,no,no,no,no,no,False
102282397,METROPOLITAN NASHVILLE POLICE DEPT,20190051283,Davidson,Not in City Limit,1/20/2019 10:19:00 AM,2,0,0,36.078540,-86.950810,HIGHWAY 70S,,,,0.00,Feet,,BELLEVUE CTR PVTDR,,,,0.00,Y,Four-Way,N,Intersection,None,,,         ,Jack,Crouch,Cloudy,Angle,no,no,no,no,no,False
102282402,Nashville Airport Police,2019-00242,Davidson,Nashville,1/16/2019 12:00:00 AM,2,0,0,36.138780,-86.665680,STATE HWY 255,,,,73.00,Feet,South,RAMP,,,,0.00,N,Not at Intersection,Y,Crossover-Related,None,,,         ,Christopher,Lueders,Clear,"Sideswipe, Opposite Direction",no,no,no,no,no,False
102282438,METROPOLITAN NASHVILLE POLICE DEPT,2019-0051207,Davidson,Not in City Limit,1/20/2019 9:26:00 AM,1,1,0,36.288110,-86.780420,HUNTERS LN,,,,0.00,Feet,East,BRICK CHURCH PKE,,,,0.00,N,Not at Intersection,N,Non-Junction,None,,,         ,Arthur,Hipp,Snow,Not Collision with Motor Vehicle in Transport,no,no,no,no,no,False
102282454,METROPOLITAN NASHVILLE POLICE DEPT,20190051359,Davidson,Nashville,1/20/2019 11:02:00 AM,2,0,0,36.187260,-86.764370,LISCHEY AV,,,,214.00,Feet,North,CLEVELAND ST,,,,0.00,N,Not at Intersection, ,Non-Junction,None,,,         ,Joseph,Progar,Cloudy,"Sideswipe, Same Direction",no,no,no,no,no,False
102282455,METROPOLITAN NASHVILLE POLICE DEPT,20190051329,Davidson,Nashville,1/20/2019 10:52:00 AM,1,1,0,36.117790,-86.725860,OLD GLENROSE AV,,,,955.00,Feet,East,DODGE DR,,,,0.00,N,Not at Intersection,N,Non-Junction,None,,,         ,Charles,Wakefield,Clear,Not Collision with Motor Vehicle in Transport,no,no,no,no,yes,False
102282492,METROPOLITAN NASHVILLE POLICE DEPT,20190051352,Davidson,Nashville,1/20/2019 11:19:00 AM,1,0,0,36.219560,-86.815240,ROWAN DR,,,,0.00,,,BONTEMPS DR,,,,0.00,Y,T-Intersection,N,Non-Junction,None,,,         ,James,Wray,Cloudy,Not Collision with Motor Vehicle in Transport,no,no,no,no,no,False
102282499,METROPOLITAN NASHVILLE POLICE DEPT,20190051472,Davidson,Nashville,1/20/2019 12:58:00 PM,1,0,0,36.253660,-86.699590,NEELYS BEND RD,,,,375.00,Feet,East,IDLEWILD DR,,,,0.00,N,Not at Intersection,N,Non-Junction,None,,,         ,Michelle,Steidl,Cloudy,Not Collision with Motor Vehicle in Transport,no,no,no,no,no,False
102282506,METROPOLITAN NASHVILLE POLICE DEPT,20190051468,Davidson,Nashville,1/20/2019 12:57:00 PM,2,0,0,36.111330,-86.765680,THOMPSON LN,,,,0.00,,,,,,,0.00,,, ,Non-Junction,None,,,         ,Nathan,Kemp,Clear,"Sideswipe, Opposite Direction",no,no,no,yes,no,OHO
102282523,METROPOLITAN NASHVILLE POLICE DEPT,2019-0051497,Davidson,Nashville,1/20/2019 1:10:00 PM,1,0,0,36.240890,-86.750990,BRILEY PKWY W EXT RAMP,,,,0.00,,,I 65,,,,0.00,Y,OTHER,Y,Entrance/Exit Ramp Related,None,,,         ,Travis,Baxter,Blowing Snow,Not Collision with Motor Vehicle in Transport,no,no,no,no,yes,False