master_record_number,agency,agency_tracking_number,county,city,collision_date,vehicles_involved,number_injured,number_dead,latitude,longitude,roadway_name,roadway_suffix,roadway_number,roadway_local_id,distance_from_reference,miles-feet_indicator,direction_from_reference,intersection_road_name,intersection_road_name_suffix,intersection_road_number,intersection_local_id,mile_marker,intersection_indicator,intersect_type,interchange_related_indicator,relation_to_junction,work_zone_type,construction_maintenance_zone,construction_maintenance_zone_location,fatal_case_number,officer_first_name,officer_last_name,weather_condition(s),manner_of_crash,pedestrian,bicycle,scooter,parking,hitrun,mou
102282539,METROPOLITAN NASHVILLE POLICE DEPT,20190051480,Davidson,Nashville,1/19/2019 6:35:00 PM,2,0,0,36.140580,-86.741930,CLEVELAND AV,,,,495.00,Feet,South,MURFREESBORO PKE,,,,0.00,N,Not at Intersection,N,Non-Junction,None,,,         ,Joseph,Simon,Clear,Front to Rear,no,no,no,yes,yes,False
102282576,METROPOLITAN NASHVILLE POLICE DEPT,20190051539,Davidson,Nashville,1/20/2019 1:47:00 PM,2,0,0,36.203400,-86.635600,JACKSONIAN DR,,,,48.00,Feet,West,BONNAVENT DR,,,,0.00,N,Not at Intersection, ,Non-Junction,None,,,         ,Kelsey,Hemminger,Clear,Angle,no,no,no,no,no,False
102282595,METROPOLITAN NASHVILLE POLICE DEPT,2019-0032451,Davidson,Nashville,1/13/2019 12:15:00 PM,2,0,0,36.170590,-86.767480,I 24,,,,0.00,,,,,,,48.65,N,Not at Intersection, ,Non-Junction,None,,,         ,Gregory,Julia,Cloudy,"Sideswipe, Same Direction",no,no,no,no,no,False
102282607,METROPOLITAN NASHVILLE POLICE DEPT,20190051545,Davidson,Nashville,1/20/2019 1:54:00 PM,4,4,0,36.163930,-86.762790,I 24,,,,0.00,,,,,,,49.15,N,Not at Intersection,N,Non-Junction,None,,,         ,Destiny,Zunic,Clear,Angle,no,no,no,no,no,False
102282608,METROPOLITAN NASHVILLE POLICE DEPT,20190051615,Davidson,Nashville,1/20/2019 2:30:00 PM,2,0,0,36.180080,-86.811200,BUCHANAN ST,,,,47.00,Feet,West,DR D B TODD JR BLVD,,,,0.00,N,Not at Intersection, ,,None,,,         ,Timothy,Skopek,,,no,no,no,no,no,False
102282611,METROPOLITAN NASHVILLE POLICE DEPT,20190051619,Davidson,Nashville,1/20/2019 2:11:00 PM,2,0,0,36.229150,-86.725530,BROADMOOR DR,,,,114.00,Feet,West,GALLATIN PKE,,,,0.00,N,Not at Intersection,N,Non-Junction,None,,,         ,Jessica,Scott,Clear,"Sideswipe, Same Direction",no,no,no,no,yes,False
102282623,METROPOLITAN NASHVILLE POLICE DEPT,20190051623,Davidson,Nashville,1/20/2019 12:00:00 AM,2,0,0,36.079900,-86.726420,NOLENSVILLE PKE,,,,112.00,Feet,North,HARDING PL,,,,0.00,N,Not at Intersection,N,Non-Junction,None,,,         ,Madison,Meiss,Clear,HeadOn,no,no,no,no,no,False
102282626,METROPOLITAN NASHVILLE POLICE DEPT,20190051660,Davidson,Nashville,1/20/2019 12:00:00 AM,1,0,0,36.108920,-86.720200,I24 W EXT RAMP,,,,0.00,Feet,East,I 24,,,,0.00,N,Not at Intersection, ,Non-Junction,None,,,         ,Ryan,Sherry,Clear,Not Collision with Motor Vehicle in Transport,no,no,no,no,no,False
102282654,METROPOLITAN NASHVILLE POLICE DEPT,20190051686,Davidson,Nashville,1/20/2019 3:48:00 PM,2,0,0,36.164160,-86.781880,UNION ST,,,,147.00,Feet,East,6TH AVN,,,,0.00,N,Not at Intersection, ,Non-Junction,None,,,         ,Brent,Morris,Clear,"Sideswipe, Same Direction",no,no,no,no,no,False
102282655,METROPOLITAN NASHVILLE POLICE DEPT,20190051592,Davidson,Nashville,1/20/2019 2:21:00 PM,2,1,0,36.150480,-86.770350,4TH AVS,,,,0.00,Feet,,I40 E EXT RAMP,,,,0.00,Y,OTHER,Y,Intersection,None,,,         ,Jarret,Sonnenberg,Clear,Angle,no,no,no,no,no,False
102282674,METROPOLITAN NASHVILLE POLICE DEPT,20190051621,Davidson,Not in City Limit,1/20/2019 12:00:00 AM,2,0,0,36.264160,-86.713100,OLD TIME VILLAGE PVTDR,,,,91.00,Feet,East,OLD HICKORY BLVDW,,,,0.00,N,Not at Intersection,N,Non-Junction,None,,,         ,Michael,Quinn,Clear,Front to Rear,no,no,no,yes,yes,False
102282678,METROPOLITAN NASHVILLE POLICE DEPT,20190051692,Davidson,Nashville,1/20/2019 3:40:00 PM,2,0,0,36.153570,-86.788410,DEMONBREUN ST,,,,0.00,,,14TH AVS,,,,0.00,Y,Four-Way,N,Intersection,None,,,         ,John,Roberson,Cloudy,"Sideswipe, Same Direction",no,no,no,no,yes,False
102282682,METROPOLITAN NASHVILLE POLICE DEPT,20190051638,Davidson,Nashville,1/20/2019 2:55:00 PM,2,0,0,36.086770,-86.694530,HARDING PL,,,,415.00,Feet,East,METROPLEX DR,,,,0.00,N,Not at Intersection,N,Non-Junction,None,,,         ,Jesse,Cox,Cloudy,Front to Rear,no,no,no,no,yes,False
102282686,METROPOLITAN NASHVILLE POLICE DEPT,20190051728,Davidson,Nashville,1/20/2019 4:18:00 PM,2,1,0,36.085780,-86.648060,MURFREESBORO PKE,,,,452.00,Feet,South,UNA ANTIOCH PKE,,,,0.00,N,Not at Intersection,N,Non-Junction,None,,,         ,Steven,Powers,Cloudy,Angle,no,no,no,no,no,False
102282714,METROPOLITAN NASHVILLE POLICE DEPT,20190051871,Davidson,Nashville,1/20/2019 5:43:00 PM,2,0,0,36.214610,-86.604660,LEBANON PKE,,,,0.00,Feet,,SHUTE LN,,,,0.00,Y,Four-Way,Y,Intersection,None,,,         ,Tony,Mingsing,Clear,Angle,no,no,no,no,yes,False
102282774,METROPOLITAN NASHVILLE POLICE DEPT,20190051633,Davidson,Nashville,1/20/2019 1:30:00 PM,2,0,0,36.191020,-86.710210,COLBERT WAY,,,,0.00,,,COLBERT DR,,,,0.00,Y,T-Intersection, ,,None,,,         ,Riley,Brewer,,,no,no,no,no,no,False
102282775,METROPOLITAN NASHVILLE POLICE DEPT,20190051782,Davidson,Nashville,1/20/2019 12:00:00 AM,2,0,0,36.146650,-86.815650,BURCH AV,,,,69.00,Feet,East,30TH AVN,,,,0.00,N,Not at Intersection,N,Non-Junction,None,,,         ,Gary,Peters,Unknown,Angle,no,no,no,no,yes,False
102282793,METROPOLITAN NASHVILLE POLICE DEPT,20190051586,Davidson,Nashville,1/20/2019 2:32:00 PM,2,0,0,36.164240,-86.793320,JO JOHNSTON AV,,,,0.00,,,GEORGE L DAVIS BLVD,,,,0.00,Y,T-Intersection,N,Intersection,None,,,         ,Roy,Sain Jr.,Cloudy,Angle,no,no,no,no,no,False
102282796,METROPOLITAN NASHVILLE POLICE DEPT,20190051894,Davidson,Nashville,1/20/2019 5:56:00 PM,1,0,0,36.078350,-86.670270,BILLINGSGATE RD,,,,0.00,,,FRANKLIN LIMESTONE RD,,,,0.00,Y,OTHER,N,Non-Junction,None,,,         ,Jedidayah,Merriweather,Cloudy,Not Collision with Motor Vehicle in Transport,no,no,no,no,no,False
102282819,VANDERBILT UNIVERSITY POLICE,20190051945,Davidson,Nashville,1/20/2019 6:40:00 PM,1,1,0,36.138890,-86.803090,23RD AVS,,,,0.00,,,CHILDRENS WAY,,,,0.00,Y,T-Intersection,N,Unknown,None,,,         ,Lakosha,Goodloe,Clear,Not Collision with Motor Vehicle in Transport,yes,no,no,no,no,Campus
102282823,METROPOLITAN NASHVILLE POLICE DEPT,20190052093,Davidson,Nashville,1/20/2019 12:00:00 AM,2,0,0,36.053280,-86.672670,I 24,,,,0.00,,,,,,,58.45,N,Not at Intersection, ,Non-Junction,None,,,         ,Madison,Meiss,Clear,"Sideswipe, Same Direction",no,no,no,no,no,False
102282837,METROPOLITAN NASHVILLE POLICE DEPT,20190051992,Davidson,Nashville,1/20/2019 5:49:00 PM,3,0,0,36.075120,-86.654150,DOVER GLEN DR,,,,324.00,Feet,East,SPLIT OAK TRL,,,,0.00,N,Not at Intersection, ,Non-Junction,None,,,         ,Sean,Weaver,Snow,Front to Rear,no,no,no,no,no,False
102282851,METROPOLITAN NASHVILLE POLICE DEPT,20190052121,Davidson,Nashville,1/20/2019 12:00:00 AM,2,0,0,36.152180,-86.690320,BRILEY PKWY N EXT RAMP,,,,0.00,Feet,East,ELM HILL PKE,,,,0.00,N,Not at Intersection,N,Entrance/Exit Ramp Related,None,,,         ,Jessica,Johann,Cloudy,"Sideswipe, Same Direction",no,no,no,no,yes,False
102282864,METROPOLITAN NASHVILLE POLICE DEPT,20190052161,Davidson,Nashville,1/20/2019 8:55:00 PM,2,0,0,36.179500,-86.795610,ROSA L PARKS BLVD,,,,268.00,Feet,North,HUME ST,,,,0.00,N,Not at Intersection,N,Non-Junction,None,,,         ,Corey,Oakley,Clear,Front to Rear,no,no,no,no,yes,False
102282904,METROPOLITAN NASHVILLE POLICE DEPT,20190052108,Davidson,Nashville,1/20/2019 8:10:00 PM,2,0,0,36.046890,-86.679640,BELL RD,,,,557.00,Feet,East,BRENTRIDGE CIR,,,,0.00,N,Not at Intersection, ,Non-Junction,None,,,         ,Taylor,Hurley,Clear,Angle,no,no,no,no,no,False
102282927,METROPOLITAN NASHVILLE POLICE DEPT,20190052219,Davidson,Nashville,1/20/2019 8:08:00 PM,1,1,0,36.164510,-86.601500,BELL RD,,,,423.00,Feet,North,ARBOR LAKE BLVD,,,,0.00,N,Not at Intersection,N,Non-Junction,None,,,         ,Samuel,Sundra,Snow,Not Collision with Motor Vehicle in Transport,no,no,no,no,no,False
102282929,METROPOLITAN NASHVILLE POLICE DEPT,20190052222,Davidson,Nashville,1/20/2019 9:40:00 PM,2,1,0,36.186630,-86.803980,DOMINICAN DR,,,,30.00,Feet,East,9TH AVN,,,,0.00,N,Not at Intersection,N,Non-Junction,None,,,         ,Timothy,Skopek,Clear,Front to Rear,no,no,no,no,no,False
102282931,METROPOLITAN NASHVILLE POLICE DEPT,20190052232,Davidson,Nashville,1/20/2019 9:41:00 PM,1,0,0,36.056550,-86.668800,HICKORY HOLLOW PKWY,,,,960.00,Feet,South,MT VIEW RD,,,,0.00,N,Not at Intersection,N,Non-Junction,None,,,         ,Sean,Weaver,Snow,Not Collision with Motor Vehicle in Transport,no,no,no,no,no,False
102282933,METROPOLITAN NASHVILLE POLICE DEPT,20190051882,Davidson,Nashville,1/20/2019 5:50:00 PM,2,0,0,36.152240,-86.625070,BELL RD,,,,0.00,,,STEWARTS FERRY PKE,,,,0.00,Y,Four-Way,Y,Intersection,None,,,         ,Gabriel,Vasquez,Clear,Front to Rear,no,no,no,no,yes,False
102282955,METROPOLITAN NASHVILLE POLICE DEPT,20190052146,Davidson,Nashville,1/20/2019 8:52:00 PM,2,0,0,36.163720,-86.757630,LENORE ST,,,,0.00,,,S 6TH ST,,,,0.00,Y,T-Intersection,N,Non-Junction,Construction Zone,Laneclosure,Activity Area,         ,Barrett,Teague,Clear,Angle,no,no,no,no,yes,False
102282966,METROPOLITAN NASHVILLE POLICE DEPT,20190052126,Davidson,Antioch,1/20/2019 12:00:00 AM,1,2,0,36.002230,-86.631060,OLD HICKORY BLVD,,,,359.00,Feet,West,RED APPLE RD,,,,0.00,N,Not at Intersection,N,Non-Junction,None,,,         ,Wesley,Carver,Snow,Not Collision with Motor Vehicle in Transport,no,no,no,no,no,False
102282968,METROPOLITAN NASHVILLE POLICE DEPT,20190051959,Davidson,Nashville,1/20/2019 6:23:00 PM,2,0,0,36.207790,-86.611570,HIGHLAND VIEW DR,,,,0.00,,,LEBANON PKE,,,,0.00,Y,Four-Way,N,Non-Junction,None,,,         ,Ricki,Armstrong,Sleet/Hail,Front to Rear,no,no,no,no,no,False
102282986,METROPOLITAN NASHVILLE POLICE DEPT,20190052273,Davidson,Nashville,1/20/2019 12:00:00 AM,1,0,0,36.153280,-86.650770,IRONWOOD DR,,,,54.00,Feet,South,LAKELAND DR,,,,0.00,N,Not at Intersection,N,Non-Junction,None,,,         ,Torry,Hill,Cloudy,Unknown,no,no,no,no,yes,False
102282996,METROPOLITAN NASHVILLE POLICE DEPT,20190052371,Davidson,Nashville,1/19/2019 12:00:00 AM,2,0,0,36.165200,-86.753780,LENORE ST,,,,206.00,Feet,West,CAYCE PLACE PVTDR,,,,0.00,N,Not at Intersection,N,Non-Junction,None,,,         ,Lindsey,Anderson,Unknown,HeadOn,no,no,no,no,yes,False
102283005,METROPOLITAN NASHVILLE POLICE DEPT,20190052488,Davidson,Nashville,1/20/2019 12:00:00 AM,1,0,0,36.169920,-86.818610,W HEIMAN ST,,,,346.00,Feet,West,W H DAVIS DR,,,,0.00,N,Not at Intersection,N,Non-Junction,None,,,         ,Erik,Schall,Clear,Unknown,no,no,no,no,yes,False
102283016,METROPOLITAN NASHVILLE POLICE DEPT,20190052453,Davidson,Nashville,1/20/2019 11:50:00 PM,2,0,0,36.161060,-86.777220,4TH AVN,,,,16.00,Feet,North,BROADWAY,,,,0.00,N,Not at Intersection, ,Non-Junction,None,,,         ,Billy,Price,Clear,"Sideswipe, Same Direction",no,no,no,no,no,False
102283031,METROPOLITAN NASHVILLE POLICE DEPT,20190052462,Davidson,Nashville,1/20/2019 11:56:00 PM,2,0,0,36.068670,-86.715560,HAYWOOD LN,,,,216.00,Feet,East,HOPEDALE DR,,,,0.00,N,Not at Intersection,N,Non-Junction,None,,,         ,Autumn,Manning,Clear,Angle,no,no,no,no,no,False
102283037,METROPOLITAN NASHVILLE POLICE DEPT,20190052320,Davidson,Nashville,1/20/2019 10:58:00 PM,2,0,0,36.198260,-86.620240,OLD HICKORY BLVD,,,,66.00,Feet,South,LEBANON PKE,,,,0.00,N,Not at Intersection,N,Non-Junction,None,,,         ,Joao,Pinho,Clear,Front to Rear,no,no,no,no,no,False
102283038,METROPOLITAN NASHVILLE POLICE DEPT,20190052340,Davidson,Nashville,1/20/2019 11:12:00 PM,2,0,0,36.061110,-86.716640,NOLENSVILLE PKE,,,,71.00,Feet,South,MCMURRAY DR,,,,0.00,N,Not at Intersection,N,Non-Junction,None,,,         ,Bryce,Hatten,Clear,"Sideswipe, Same Direction",no,no,no,no,yes,False
102283042,METROPOLITAN NASHVILLE POLICE DEPT,20190052665,Davidson,Nashville,1/20/2019 12:00:00 AM,2,0,0,36.097800,-86.665960,MELVIN JONES DR,,,,441.00,Feet,East,SOUTHWIND DR,,,,0.00,N,Not at Intersection,N,Non-Junction,None,,,         ,David,Simmonds,Clear,Angle,no,no,no,no,yes,False
102283043,METROPOLITAN NASHVILLE POLICE DEPT,20190052795,Davidson,Nashville,1/21/2019 2:17:00 AM,2,0,0,36.150620,-86.796190,19TH AVS,,,,122.00,Feet,North,DIVISION ST,,,,0.00,N,Not at Intersection,N,Non-Junction,None,,,         ,Brian,Warstadt,Clear,Rear to Side,no,no,no,yes,yes,False
102283044,METROPOLITAN NASHVILLE POLICE DEPT,20190052728,Davidson,Nashville,1/21/2019 1:29:00 AM,2,0,0,36.235890,-86.758210,DICKERSON PKE,,,,241.00,Feet,South,I65 N ENT RAMP,,,,0.00,N,Not at Intersection,N,Non-Junction,None,,,         ,Tyler,Manivong,Clear,Front to Rear,no,no,no,yes,yes,False
102283053,METROPOLITAN NASHVILLE POLICE DEPT,20190052807,Davidson,Nashville,1/21/2019 2:25:00 AM,1,0,0,36.145350,-86.740970,I 40,,,,0.00,,,,,,,212.25,N,Not at Intersection,N,Non-Junction,None,,,         ,Meghan,Pope,Clear,Not Collision with Motor Vehicle in Transport,no,no,no,no,yes,False
102283054,METROPOLITAN NASHVILLE POLICE DEPT,20190052294,Davidson,Nashville,1/20/2019 10:05:00 PM,2,0,0,36.061300,-86.716680,NOLENSVILLE PKE,,,,0.00,,,MCMURRAY DR,,,,0.00,Y,T-Intersection, ,Intersection-Related,None,,,         ,Courtney,Hester,Clear,Front to Rear,no,no,no,no,no,False
102283057,METROPOLITAN NASHVILLE POLICE DEPT,20190052850,Davidson,Nashville,1/21/2019 2:50:00 AM,1,0,0,36.079370,-86.726990,HARDING PL,,,,215.00,Feet,West,NOLENSVILLE PKE,,,,0.00,N,Not at Intersection, ,Non-Junction,None,,,         ,Garrett,Reingardt,Clear,Not Collision with Motor Vehicle in Transport,no,no,no,no,no,False
102283124,METROPOLITAN NASHVILLE POLICE DEPT,20190053172,Davidson,Nashville,1/21/2019 6:35:00 AM,3,1,0,36.108870,-86.721020,I 24,,,,0.00,,,,,,,53.80,N,Not at Intersection,N,Non-Junction,None,,,         ,Carey,Steel,Clear,"Sideswipe, Same Direction",no,no,no,no,yes,False
102283149,METROPOLITAN NASHVILLE POLICE DEPT,2019053273,Davidson,Nashville,1/21/2019 7:30:00 AM,1,0,0,36.051740,-86.705010,OCALA DR,,,,0.00,,,OCALA CIR,,,,0.00,Y,T-Intersection,N,Intersection-Related,None,,,         ,Charles,Coe,Clear,Not Collision with Motor Vehicle in Transport,no,no,no,no,yes,False
102283155,METROPOLITAN NASHVILLE POLICE DEPT,20190053384,Davidson,Not in City Limit,1/21/2019 8:00:00 AM,2,0,0,36.038090,-86.964400,HIGHWAY 100,,,,47.00,Feet,North,TRACESIDE DR,,,,0.00,N,Not at Intersection, ,Non-Junction,None,,,         ,Curtis,Rich,Clear,Other,no,no,no,no,no,False
102283165,METROPOLITAN NASHVILLE POLICE DEPT,20190053424,Davidson,Nashville,1/21/2019 8:49:00 AM,2,0,0,36.170770,-86.600370,I40 W EXT RAMP,,,,341.00,Feet,East,I 40,,,,0.00,N,Not at Intersection, ,Non-Junction,None,,,         ,Michael,Dance,Clear,Front to Rear,no,no,no,no,no,False
102283184,METROPOLITAN NASHVILLE POLICE DEPT,20190053564,Davidson,Nashville,1/21/2019 9:49:00 AM,2,0,0,36.137360,-86.767360,MOORE AV,,,,734.00,Feet,East,MARTIN ST,,,,0.00,N,Not at Intersection, ,Non-Junction,None,,,         ,John,Chambers,Clear,Angle,no,no,no,no,no,False
102283216,METROPOLITAN NASHVILLE POLICE DEPT,20190053712,Davidson,Nashville,1/21/2019 11:08:00 AM,2,0,0,36.186770,-86.631640,CENTRAL PKE,,,,0.00,,,LEBANON PKE,,,,0.00,Y,Four-Way, ,Intersection,None,,,         ,Michael,Dance,Clear,Front to Rear,no,no,no,no,no,False
102283228,METROPOLITAN NASHVILLE POLICE DEPT,20190053770,Davidson,Nashville,1/21/2019 11:33:00 AM,2,0,0,36.188620,-86.628710,LEBANON PKE,,,,229.00,Feet,East,HICKORY HILL LN,,,,0.00,N,Not at Intersection, ,Non-Junction,None,,,         ,Michael,Dance,Clear,"Sideswipe, Same Direction",no,no,no,no,no,False
102283230,METROPOLITAN NASHVILLE POLICE DEPT,20190053506,Davidson,Nashville,1/21/2019 9:23:00 AM,2,1,0,36.191360,-86.787810,I 65,,,,0.00,,,,,,,85.90,N,Not at Intersection,N,Non-Junction,None,,,         ,Patrick,Taylor,Clear,Front to Rear,no,no,no,no,no,False
102283239,METROPOLITAN NASHVILLE POLICE DEPT,20190053860,Davidson,Nashville,1/21/2019 12:00:00 PM,2,0,0,36.122220,-86.807190,I440 E EXT RAMP,,,,0.00,,,I 440,,,,0.00,Y,Y-Intersection, ,Entrance/Exit Ramp Related,None,,,         ,Curtis,Rich,Clear,Front to Rear,no,no,no,no,no,False
102283259,METROPOLITAN NASHVILLE POLICE DEPT,20190053732,Davidson,Nashville,1/21/2019 11:10:00 AM,2,0,0,36.165750,-86.805130,DR D B TODD JR BLVD,,,,0.00,,,JACKSON ST,,,,0.00,Y,Four-Way,N,Intersection,None,,,         ,Jean,McCormack,Clear,"Sideswipe, Same Direction",no,no,no,no,yes,False
102283260,METROPOLITAN NASHVILLE POLICE DEPT,20190053872,Davidson,Nashville,1/21/2019 12:15:00 PM,2,0,0,36.217030,-86.695840,MCGAVOCK PKE,,,,159.00,Feet,East,MUSIC VALLEY DR,,,,0.00,N,Not at Intersection, ,Non-Junction,None,,,         ,Tien,Nguyen,Clear,"Sideswipe, Same Direction",no,no,no,no,no,False
102283290,METROPOLITAN NASHVILLE POLICE DEPT,20190053677,Davidson,Not in City Limit,1/21/2019 10:53:00 AM,2,0,0,36.009570,-86.701710,NOLENSVILLE PKE,,,,30.00,Feet,North,BLUFF RD,,,,0.00,N,Not at Intersection, ,Non-Junction,None,,,         ,Jessie,Meadows,Clear,Angle,no,no,no,no,no,False
102283291,METROPOLITAN NASHVILLE POLICE DEPT,20190053764,Davidson,Nashville,1/20/2019 12:00:00 AM,2,0,0,36.083110,-86.660920,PICCADILLY ROW,,,,30.00,Feet,West,CADOGAN WAY,,,,0.00,N,Not at Intersection,N,Non-Junction,None,,,         ,Jessie,Meadows,Clear,"Sideswipe, Same Direction",no,no,no,no,yes,False
102283296,METROPOLITAN NASHVILLE POLICE DEPT,20190053866,Davidson,Nashville,1/21/2019 12:12:00 PM,2,0,0,36.248010,-86.720360,GALLATIN PKES,,,,0.00,,,DUE WEST AVW,,,,0.00,Y,Four-Way,N,Intersection,None,,,         ,Samuel,Kersten,Cloudy,Front to Rear,no,no,no,no,yes,False
102283306,METROPOLITAN NASHVILLE POLICE DEPT,20190053946,Davidson,Nashville,1/21/2019 12:49:00 PM,2,0,0,36.082780,-86.710150,HARDING PL,,,,109.00,Feet,East,TAMPA DR,,,,0.00,N,Not at Intersection,N,Non-Junction,None,,,         ,Jessie,Meadows,Clear,Front to Rear,no,no,no,no,yes,False
102283343,VANDERBILT UNIVERSITY POLICE,20190053891,Davidson,Nashville,1/21/2019 12:10:00 PM,2,0,0,36.140910,-86.806480,25TH AVS,,,,651.00,Feet,North,CHILDRENS WAY,,,,0.00,N,Not at Intersection, ,Non-Junction,None,,,         ,Casey,Clark,Clear,Angle,no,no,no,yes,no,Campus
102283362,METROPOLITAN NASHVILLE POLICE DEPT,20190053882,Davidson,Nashville,1/21/2019 1:00:00 PM,2,1,0,36.154030,-86.787570,DEMONBREUN ST,,,,0.00,,,13TH AVS,,,,0.00,Y,Four-Way,N,Intersection,None,,,         ,Phillip,Murphy,Clear,Angle,no,no,no,no,no,False
102283374,METROPOLITAN NASHVILLE POLICE DEPT,20190054016,Davidson,Nashville,1/21/2019 1:20:00 PM,2,0,0,36.168240,-86.680010,MCGAVOCK PKE,,,,53.00,Feet,North,CROSSFIELD DR,,,,0.00,N,Not at Intersection,N,OtherLocation,None,,,         ,Tien,Nguyen,Clear,Rear to Rear,no,no,no,yes,yes,False
102283379,METROPOLITAN NASHVILLE POLICE DEPT,20190053951,Davidson,Nashville,1/21/2019 12:52:00 PM,2,0,0,36.142300,-86.785410,EDGEHILL AV,,,,0.00,,,11TH AVS,,,,0.00,Y,T-Intersection,N,Intersection,None,,,         ,John,Chambers,Clear,Angle,no,no,no,no,no,False
102283380,TENNESSEE STATE UNIVERSITY ,19-TSU-03348,Davidson,Nashville,1/21/2019 12:02:00 PM,2,0,0,36.172750,-86.825280,SCHRADER LN,,,,0.00,,,DR WALTER S DAVIS BLVD,,,,0.00,Y,OTHER, ,Non-Junction,None,,,         ,Harold,Taylor,Clear,"Sideswipe, Opposite Direction",no,no,no,yes,no,False
102283383,METROPOLITAN NASHVILLE POLICE DEPT,20190054088,Davidson,Nashville,1/21/2019 1:50:00 PM,2,0,0,36.134280,-86.780210,WEDGEWOOD AV,,,,230.00,Feet,East,ACKLEN AV,,,,0.00,N,Not at Intersection, ,Non-Junction,None,,,         ,David,Lang,Clear,"Sideswipe, Same Direction",no,no,no,no,no,False
102283394,METROPOLITAN NASHVILLE POLICE DEPT,2019-0053980,Davidson,Nashville,1/21/2019 1:08:00 PM,2,1,0,36.044660,-86.659770,I24 E ENT RAMP,,,,0.00,,,I 24,,,,0.00,Y,OTHER,N,Entrance/Exit Ramp Related,None,,,         ,Stanley,Collins,Clear,Front to Rear,no,no,no,no,no,False
102283397,METROPOLITAN NASHVILLE POLICE DEPT,20190054048,Davidson,Nashville,1/21/2019 1:30:00 PM,2,0,0,36.074780,-86.920960,OLD HICKORY BLVD,,,,111.00,Feet,North,HIGHWAY 70S,,,,0.00,N,Not at Intersection, ,Non-Junction,None,,,         ,Curtis,Rich,Clear,Front to Rear,no,no,no,no,yes,False
102283439,METROPOLITAN NASHVILLE POLICE DEPT,20190054058,Davidson,Nashville,1/21/2019 1:41:00 PM,4,0,0,36.159220,-86.623860,I 40,,,,0.00,,,,,,,219.35,N,Not at Intersection,N,Non-Junction,None,,,         ,Michael,Dance,Clear,Not Collision with Motor Vehicle in Transport,no,no,no,no,no,False
102283454,METROPOLITAN NASHVILLE POLICE DEPT,20190054111,Davidson,Not in City Limit,1/21/2019 2:05:00 PM,2,0,0,36.262820,-86.680970,STATE RT 45,,,,0.00,,,RIO VISTA DR,,,,0.00,Y,Four-Way, ,Intersection-Related,None,,,         ,Michelle,Steidl,Clear,"Sideswipe, Same Direction",no,no,no,no,no,False
102283470,THP District 3 - Nashville,319003899,Davidson,Nashville,1/18/2019 12:00:00 AM,2,0,0,36.170820,-86.601550,OLD HICKORY BLVD,,,,0.00,,,I40 W EXT RAMP,,,,0.00,Y,Four-Way,Y,Intersection-Related,None,,,         ,Brandon,Hart,Clear,HeadOn,no,no,no,no,no,False
102283521,METROPOLITAN NASHVILLE POLICE DEPT,20190054236,Davidson,Nashville,1/21/2019 3:14:00 PM,2,0,0,36.151540,-86.692100,BRILEY PKWY S EXT RAMP,,,,0.00,Feet,East,ELM HILL PKE EB EXT RAMP,,,,0.00,N,Not at Intersection,N,Non-Junction,None,,,         ,Samuel,Sundra,Clear,Front to Rear,no,no,no,no,yes,False
102283546,METROPOLITAN NASHVILLE POLICE DEPT,20190054107,Davidson,Nashville,1/21/2019 2:00:00 PM,2,2,0,36.161200,-86.792680,CHARLOTTE AV,,,,0.00,,,GEORGE L DAVIS BLVD,,,,0.00,Y,Four-Way,N,Intersection,None,,,         ,Joshua,Reece,Clear,Angle,no,no,no,no,no,False
102283558,METROPOLITAN NASHVILLE POLICE DEPT,20190054275,Davidson,Nashville,1/21/2019 3:30:00 PM,2,0,0,36.146710,-86.777750,I65 S ENT RAMP,,,,0.00,,,I 65,,,,0.00,Y,OTHER, ,Entrance/Exit Ramp Related,None,,,         ,Douglas,Sykes,Clear,"Sideswipe, Same Direction",no,no,no,no,no,False
102283563,METROPOLITAN NASHVILLE POLICE DEPT,20190054178,Davidson,Nashville,1/21/2019 2:38:00 PM,2,0,0,36.131990,-86.895463,CHARLOTTE PK,,,,0.00,,,OLD CHARLOTTE PK,,,,0.00,Y,Four-Way,N,Intersection-Related,None,,,         ,Jeremy,Huffine,Clear,Front to Rear,no,no,no,no,no,False
102283570,METROPOLITAN NASHVILLE POLICE DEPT,20190054249,Davidson,Nashville,1/21/2019 3:19:00 PM,2,0,0,36.045740,-86.674350,BELL RD,,,,0.00,Feet,,BLUE HOLE RD,,,,0.00,Y,Four-Way,N,Intersection,None,,,         ,Sean,Weaver,Cloudy,Angle,no,no,no,no,yes,False
102283580,BELLE MEADE POLICE DEPT,19-0026,Davidson,Belle Meade,1/21/2019 1:26:00 PM,2,0,0,36.095850,-86.856780,HARDING PL,,,,0.00,,,BELLE MEADE BLVD,,,,0.00,Y,Four-Way,Y,Intersection,None,,,         ,Katelyn,Cloxton,Clear,Angle,no,no,no,no,no,False
102283602,METROPOLITAN NASHVILLE POLICE DEPT,20190054151,Davidson,Not in City Limit,1/21/2019 2:39:00 PM,3,0,0,36.262210,-86.712210,GALLATIN PKES,,,,0.00,,,E OLD HICKORY BLVD,,,,0.00,Y,Four-Way, ,Intersection,None,,,         ,Christopher,Littles,Cloudy,Angle,no,no,no,no,no,False