master_record_number,agency,agency_tracking_number,county,city,collision_date,vehicles_involved,number_injured,number_dead,latitude,longitude,roadway_name,roadway_suffix,roadway_number,roadway_local_id,distance_from_reference,miles-feet_indicator,direction_from_reference,intersection_road_name,intersection_road_name_suffix,intersection_road_number,intersection_local_id,mile_marker,intersection_indicator,intersect_type,interchange_related_indicator,relation_to_junction,work_zone_type,construction_maintenance_zone,construction_maintenance_zone_location,fatal_case_number,officer_first_name,officer_last_name,weather_condition(s),manner_of_crash,pedestrian,bicycle,scooter,parking,hitrun,mou
102283603,METROPOLITAN NASHVILLE POLICE DEPT,20190054276,Davidson,Not in City Limit,1/21/2019 3:32:00 PM,3,3,0,36.263070,-86.711920,STATE RT 45,,,,0.00,,,GALLATIN PKEN,,,,0.00,Y,Four-Way,N,Intersection,None,,,         ,Christopher,Littles,Clear,Angle,no,no,no,no,yes,False
102283613,METROPOLITAN NASHVILLE POLICE DEPT,20190054382,Davidson,Nashville,1/21/2019 4:24:00 PM,2,0,0,36.177060,-86.772640,I 24,,,,0.00,,,,,,,47.90,N,Not at Intersection,N,Non-Junction,None,,,         ,Marc,Kozen,Clear,Front to Rear,no,no,no,no,no,False
102283635,METROPOLITAN NASHVILLE POLICE DEPT,20190054233,Davidson,Nashville,1/21/2019 3:11:00 PM,3,3,0,36.072800,-86.637070,MURFREESBORO PKE,,,,450.00,Feet,North,BELL RD,,,,0.00,N,Not at Intersection,N,Non-Junction,None,,,         ,Cheri,Cox,Clear,Front to Rear,no,no,no,no,no,False
102283645,METROPOLITAN NASHVILLE POLICE DEPT,20190054454,Davidson,Not in City Limit,1/21/2019 4:24:00 PM,2,0,0,36.071120,-86.947080,TODD PREIS DR,,,,0.00,,,SAWYER BROWN RD,,,,0.00,Y,Four-Way,N,Intersection-Related,None,,,         ,Brandon,Pedigo,Clear,Front to Rear,no,no,no,no,no,False
102283658,METROPOLITAN NASHVILLE POLICE DEPT,20190054533,Davidson,Nashville,1/21/2019 5:22:00 PM,3,0,0,36.120000,-86.702510,MURFREESBORO PKE,,,,236.00,Feet,West,JUPITER DR,,,,0.00,N,Not at Intersection,N,Non-Junction,Maintenance Zone,Work On Shoulder Or Median,Unknown,         ,Andrew,Brazee,Clear,Front to Rear,no,no,no,no,yes,False
102283673,METROPOLITAN NASHVILLE POLICE DEPT,20190054631,Davidson,Not in City Limit,1/21/2019 6:33:00 PM,2,0,0,36.269920,-86.781240,FINNLAND DR,,,,1567.00,Feet,West,BRICK CHURCH PKE,,,,0.00,N,Not at Intersection, ,,None,,,         ,Christopher,Littles,,,no,no,no,no,no,False
102283680,METROPOLITAN NASHVILLE POLICE DEPT,20190054342,Davidson,Nashville,1/21/2019 4:01:00 PM,2,0,0,36.120620,-86.802580,I440 W EXT RAMP,,,,0.00,,,I 440,,,,0.00,Y,OTHER,Y,Entrance/Exit Ramp Related,None,,,         ,Gary,Peters,Clear,Angle,no,no,no,no,yes,False
102283689,METROPOLITAN NASHVILLE POLICE DEPT,20190054561,Davidson,Nashville,1/21/2019 5:50:00 PM,2,1,0,36.192450,-86.815710,ROSA L PARKS BLVD,,,,0.00,Feet,,MAINSTREAM DR,,,,0.00,Y,Four-Way,Y,Intersection,None,,,         ,Thomas,Miller,Clear,Front to Rear,no,no,no,no,no,False
102283720,METROPOLITAN NASHVILLE POLICE DEPT,20190054531,Davidson,Nashville,1/21/2019 5:10:00 PM,2,0,0,36.167760,-86.663630,LEBANON PKE,,,,98.00,Feet,West,DONELSON PKE,,,,0.00,N,Not at Intersection, ,Non-Junction,None,,,         ,Allyson,Reis,Clear,Front to Rear,no,no,no,no,yes,False
102283726,METROPOLITAN NASHVILLE POLICE DEPT,20190054697,Davidson,Nashville,1/21/2019 6:05:00 PM,2,1,0,36.102850,-86.765450,I 65,,,,0.00,,,,,,,79.25,N,Not at Intersection,N,Non-Junction,None,,,         ,Austin,Kendrick,Clear,"Sideswipe, Same Direction",no,no,no,no,no,False
102283734,METROPOLITAN NASHVILLE POLICE DEPT,20190054529,Davidson,Nashville,1/21/2019 5:00:00 PM,2,0,0,36.148710,-86.745890,I 40,,,,0.00,,,,,,,211.90,N,Not at Intersection, ,,None,,,         ,Torry,Hill,,,no,no,no,no,no,False
102283756,METROPOLITAN NASHVILLE POLICE DEPT,20190054566,Davidson,Nashville,1/21/2019 5:50:00 PM,2,0,0,36.200060,-86.608060,ANDREW JACKSON PKWY,,,,19.00,Feet,North,RACHEL DONELSON PASS,,,,0.00,N,Not at Intersection, ,Non-Junction,None,,,         ,Abbey,Sawl,Clear,Front to Rear,no,no,no,no,no,False
102283757,METROPOLITAN NASHVILLE POLICE DEPT,20190054614,Davidson,Nashville,1/21/2019 6:25:00 PM,2,2,0,36.173590,-86.602150,OLD HICKORY BLVD,,,,0.00,,,CENTRAL PKE,,,,0.00,Y,Four-Way,N,Intersection,None,,,         ,Abbey,Sawl,Clear,Angle,no,no,no,no,no,False
102283774,METROPOLITAN NASHVILLE POLICE DEPT,20190054735,Davidson,Nashville,1/21/2019 7:32:00 PM,2,0,0,36.205890,-86.768610,E TRINITY LN,,,,0.00,,,W TRINITY LN,,,,0.00,Y,Four-Way,N,Intersection,None,,,         ,Marc,Kozen,Clear,HeadOn,no,no,no,no,no,False
102283784,METROPOLITAN NASHVILLE POLICE DEPT,20190054748,Davidson,Nashville,1/21/2019 7:40:00 PM,1,1,0,36.123100,-86.703770,KERMIT DR,,,,250.00,Feet,South,VULTEE BLVD,,,,0.00,N,Not at Intersection,N,Non-Junction,None,,,         ,Alexander,Spradling,Clear,Not Collision with Motor Vehicle in Transport,no,no,no,no,no,False
102283827,METROPOLITAN NASHVILLE POLICE DEPT,20190054739,Davidson,Nashville,1/21/2019 5:58:00 PM,2,0,0,36.068940,-86.632940,MURFREESBORO PKE,,,,754.00,Feet,North,FOREST VIEW DR,,,,0.00,N,Not at Intersection,N,Non-Junction,None,,,         ,Taylor,Hurley,Clear,Angle,no,no,no,no,no,False
102283843,METROPOLITAN NASHVILLE POLICE DEPT,20190054878,Davidson,Nashville,1/21/2019 8:00:00 PM,2,0,0,36.172370,-86.598130,CENTRAL PKE,,,,0.00,,,CENTRAL CT,,,,0.00,Y,OTHER,N,Non-Junction,None,,,         ,Ricki,Armstrong,Clear,Front to Rear,no,no,no,yes,yes,False
102283862,METROPOLITAN NASHVILLE POLICE DEPT,20190054846,Davidson,Not in City Limit,1/21/2019 8:42:00 PM,3,2,0,36.052670,-86.952080,OLD HARDING PKE,,,,301.00,Feet,North,SOUTH COLONY DR,,,,0.00,N,Not at Intersection,N,Non-Junction,None,,,         ,Adam,Reese,Cloudy,"Sideswipe, Opposite Direction",no,no,no,no,yes,False
102283892,METROPOLITAN NASHVILLE POLICE DEPT,20190055013,Davidson,Nashville,1/21/2019 10:38:00 PM,2,1,0,36.154150,-86.757760,I24 W ENT RAMP,,,,0.00,Feet,East,I 40,,,,0.00,N,Not at Intersection,N,Non-Junction,None,,,         ,Joseph,Zambardi,Clear,Front to Rear,no,no,no,no,no,False
102283896,METROPOLITAN NASHVILLE POLICE DEPT,20190055096,Davidson,Nashville,1/21/2019 11:27:00 PM,2,1,0,36.164360,-86.819930,28TH AVN,,,,0.00,,,I40 W EXT RAMP,,,,0.00,Y,Four-Way,N,Intersection,None,,,         ,Christopher,Holden,Clear,Angle,no,no,no,no,yes,False
102283909,BELLE MEADE POLICE DEPT,19-0027,Davidson,Belle Meade,1/21/2019 9:10:00 PM,2,0,0,36.109720,-86.856410,JACKSON BLVD,,,,0.00,,,BELLE MEADE BLVD,,,,0.00,Y,Four-Way,N,Intersection-Related,None,,,         ,Dale,Corter,Clear,Front to Rear,no,no,no,no,yes,False
102283929,METROPOLITAN NASHVILLE POLICE DEPT,20190055302,Davidson,Nashville,1/22/2019 1:09:00 AM,2,0,0,36.059630,-86.645210,RURAL HILL RD,,,,762.00,Feet,South,HICKORY HIGHLANDS DR,,,,0.00,N,Not at Intersection,N,Non-Junction,None,,,         ,David,Simmonds,Clear,"Sideswipe, Opposite Direction",no,no,no,no,yes,False
102283933,METROPOLITAN NASHVILLE POLICE DEPT,20190055189,Davidson,Nashville,1/22/2019 12:01:00 AM,2,0,0,36.045600,-86.658470,I24 W EXT RAMP,,,,0.00,,,I 24,,,,0.00,Y,OTHER,N,Entrance/Exit Ramp Related,None,,,         ,David,Moser,Clear,HeadOn,no,no,no,no,no,False
102283969,METROPOLITAN NASHVILLE POLICE DEPT,20190055705,Davidson,Nashville,1/22/2019 12:00:00 AM,1,0,0,36.160950,-86.821290,BATAVIA ST,,,,25.00,Feet,West,30TH AVN,,,,0.00,N,Not at Intersection,N,Non-Junction,None,,,         ,Ian,Ward,Clear,Not Collision with Motor Vehicle in Transport,no,no,no,no,yes,False
102284028,METROPOLITAN NASHVILLE POLICE DEPT,20190055723,Davidson,Nashville,1/22/2019 6:09:00 AM,2,0,0,36.079880,-86.642130,LAKEVILLA DR,,,,230.00,Feet,South,EDGE O LAKE DR,,,,0.00,N,Not at Intersection,N,Non-Junction,None,,,         ,Bradley,Pope,Clear,Angle,no,no,no,no,no,False
102284038,METROPOLITAN NASHVILLE POLICE DEPT,20190055783,Davidson,Nashville,1/22/2019 6:56:00 AM,2,0,0,36.043960,-86.713110,NOLENSVILLE PKE,,,,104.00,Feet,South,BRENTWOOD EAST DR,,,,0.00,N,Not at Intersection, ,Non-Junction,None,,,         ,Gary,Sneed,Clear,Front to Rear,no,no,no,no,no,False
102284062,METROPOLITAN NASHVILLE POLICE DEPT,20190055745,Davidson,Nashville,1/22/2019 6:30:00 AM,4,0,0,36.194360,-86.687470,BRILEY PKWYS,,,,312.00,Feet,South,BRILEY PKWY S ENT RAMP,,,,0.00,N,Not at Intersection,N,Non-Junction,None,,,         ,Curtis,Fisher,Clear,Front to Rear,no,no,no,no,no,False
102284066,METROPOLITAN NASHVILLE POLICE DEPT,20190055804,Davidson,Belle Meade,1/22/2019 7:15:00 AM,3,0,0,36.123540,-86.849660,HARDING PKE,,,,273.00,Feet,West,ROYAL OAKS CONDOS PVTDR,,,,0.00,N,Not at Intersection, ,Non-Junction,None,,,         ,Curtis,Rich,Clear,Front to Rear,no,no,no,no,no,False
102284077,METROPOLITAN NASHVILLE POLICE DEPT,20190055918,Davidson,Nashville,1/22/2019 7:55:00 AM,2,0,0,36.152830,-86.854900,I 40,,,,0.00,,,,,,,204.15,N,Not at Intersection, ,Non-Junction,None,,,         ,Wesley,Tilley,Clear,"Sideswipe, Opposite Direction",no,no,no,no,no,False
102284084,METROPOLITAN NASHVILLE POLICE DEPT,20190055949,Davidson,Nashville,1/22/2019 7:52:00 AM,2,0,0,36.158410,-86.783220,BROADWAY,,,,61.00,Feet,East,9TH AVS,,,,0.00,N,Not at Intersection, ,Non-Junction,None,,,         ,Robert,Schohn,Clear,Front to Rear,no,no,no,no,no,False
102284086,METROPOLITAN NASHVILLE POLICE DEPT,2019 0055898,Davidson,Nashville,1/22/2019 7:19:00 AM,1,0,0,36.053250,-86.896640,OLD HICKORY BLVD,,,,652.00,Feet,East,GAUCHO ROAD PVTDR,,,,0.00,N,Not at Intersection,N,Non-Junction,None,,,         ,Paul,Junkmann,Clear,Not Collision with Motor Vehicle in Transport,no,no,no,no,no,False
102284089,METROPOLITAN NASHVILLE POLICE DEPT,20190055843,Davidson,Nashville,1/22/2019 7:20:00 AM,2,0,0,36.124480,-86.848350,HARDING PKE,,,,243.00,Feet,East,ROYAL OAKS CONDOS PVTDR,,,,0.00,N,Not at Intersection,N,Non-Junction,None,,,         ,George,Spencer,Clear,Front to Rear,no,no,no,no,no,False
102284094,METROPOLITAN NASHVILLE POLICE DEPT,20190055751,Davidson,Nashville,1/22/2019 6:36:00 AM,2,1,0,36.045480,-86.647290,CROSSINGS BLVD,,,,0.00,Feet,East,MT VIEW RD,,,,0.00,N,Not at Intersection,N,Non-Junction,None,,,         ,Nopel,Stella,Clear,HeadOn,no,no,no,no,no,False
102284096,METROPOLITAN NASHVILLE POLICE DEPT,20190055939,Davidson,Nashville,1/22/2019 8:01:00 AM,3,0,0,36.058720,-86.621830,MURFREESBORO PKE,,,,1805.00,Feet,South,MT VIEW RD,,,,0.00,N,Not at Intersection, ,Non-Junction,None,,,         ,Brian,Lamb,Clear,Front to Rear,no,no,no,no,no,False
102284104,METROPOLITAN NASHVILLE POLICE DEPT,20190056006,Davidson,Nashville,1/22/2019 8:34:00 AM,2,0,0,36.091360,-86.828510,HARDING PL,,,,0.00,,,HILLSBORO PKE,,,,0.00,Y,Four-Way, ,Intersection,None,,,         ,Justin,Pinkelton,Clear,Front to Rear,no,no,no,no,no,False
102284105,METROPOLITAN NASHVILLE POLICE DEPT,20190055816,Davidson,Nashville,1/22/2019 7:00:00 AM,1,0,0,36.045710,-86.713300,NOLENSVILLE PKE,,,,125.00,Feet,North,OLD HICKORY BLVD,,,,0.00,N,Not at Intersection,N,Non-Junction,None,,,         ,James,Thomas,Clear,Not Collision with Motor Vehicle in Transport,no,no,no,no,no,False
102284111,METROPOLITAN NASHVILLE POLICE DEPT,20190055863,Davidson,Nashville,1/22/2019 7:31:00 AM,4,1,0,36.158900,-86.760460,I 24,,,,0.00,,,,,,,49.55,N,Not at Intersection,N,Non-Junction,None,,,         ,James,Hill,Clear,Front to Rear,no,no,no,no,yes,False
102284122,METROPOLITAN NASHVILLE POLICE DEPT,20190055684,Davidson,Nashville,1/22/2019 5:40:00 AM,2,3,0,36.050050,-86.649240,BELL RD,,,,81.00,Feet,East,MT VIEW RD,,,,0.00,N,Not at Intersection,N,Non-Junction,None,,,         ,Jessie,Meadows,Clear,Angle,no,no,no,no,no,False
102284130,METROPOLITAN NASHVILLE POLICE DEPT,20190055777,Davidson,Nashville,1/22/2019 6:40:00 AM,2,0,0,36.040210,-86.650470,I 24,,,,0.00,,,,,,,60.00,N,Not at Intersection, ,Non-Junction,None,,,         ,Todd,Watson,Clear,"Sideswipe, Same Direction",no,no,no,no,no,False
102284137,METROPOLITAN NASHVILLE POLICE DEPT,20190055881,Davidson,Nashville,1/22/2019 7:38:00 AM,3,0,0,36.115190,-86.772650,I440 W ENT RAMP,,,,0.00,,,I 65,,,,0.00,Y,OTHER, ,Entrance/Exit Ramp Related,None,,,         ,Justin,Pinkelton,Clear,Front to Rear,no,no,no,no,no,False
102284138,METROPOLITAN NASHVILLE POLICE DEPT,20190055893,Davidson,Nashville,1/22/2019 7:48:00 AM,2,0,0,36.236960,-86.760550,I 65,,,,0.00,,,,,,,89.80,N,Not at Intersection,N,Non-Junction,None,,,         ,Samuel,Kersten,Clear,Front to Rear,no,no,no,no,no,False
102284143,METROPOLITAN NASHVILLE POLICE DEPT,20190055753,Davidson,Nashville,1/22/2019 6:30:00 AM,2,0,0,36.132030,-86.818430,I 440,,,,0.00,,,,,,,1.85,N,Not at Intersection, ,Non-Junction,Work Zone,,,         ,Jon,Mcvey,Clear,"Sideswipe, Same Direction",no,no,no,no,no,False
102284144,METROPOLITAN NASHVILLE POLICE DEPT,20190055917,Davidson,Nashville,1/22/2019 7:56:00 AM,1,0,0,36.147660,-86.806990,WEST END AV,,,,180.00,Feet,West,ELLISTON PL,,,,0.00,N,Not at Intersection,N,Non-Junction,Construction Zone,Lane Shift-Crossover,Activity Area,         ,Jon,Mcvey,Clear,Not Collision with Motor Vehicle in Transport,no,no,no,no,no,Campus
102284145,METROPOLITAN NASHVILLE POLICE DEPT,20190056131,Davidson,Nashville,1/22/2019 8:30:00 AM,2,1,0,36.133340,-86.758360,NOLENSVILLE PKE,,,,300.00,Feet,South,CRAIGHEAD ST,,,,0.00,N,Not at Intersection, ,Non-Junction,None,,,         ,Jon,Mcvey,Clear,Front to Rear,no,no,no,no,no,False
102284156,METROPOLITAN NASHVILLE POLICE DEPT,20190055889,Davidson,Nashville,1/22/2019 7:43:00 AM,2,0,0,36.105020,-86.766910,I 65,,,,0.00,,,,,,,79.40,N,Not at Intersection, ,Non-Junction,None,,,         ,Justin,Pinkelton,Clear,Front to Rear,no,no,no,no,no,False
102284158,METROPOLITAN NASHVILLE POLICE DEPT,20190056015,Davidson,Nashville,1/22/2019 8:30:00 AM,2,0,0,36.160910,-86.793320,CHARLOTTE AV,,,,0.00,,,I40 E EXT RAMP,,,,0.00,Y,Four-Way, ,Non-Junction,None,,,         ,Isaac,Wood,Clear,"Sideswipe, Same Direction",no,no,no,no,no,False
102284159,METROPOLITAN NASHVILLE POLICE DEPT,20190055978,Davidson,Nashville,1/22/2019 8:24:00 AM,2,1,0,36.128880,-86.786000,LAWRENCE AV,,,,0.00,,,10TH AVS,,,,0.00,Y,Four-Way,N,Intersection,None,,,         ,Phillip,Murphy,Clear,Angle,no,no,no,no,no,False
102284176,METROPOLITAN NASHVILLE POLICE DEPT,2019056184,Davidson,Nashville,1/22/2019 10:02:00 AM,3,0,0,36.143560,-86.794930,EDGEHILL AV,,,,155.00,Feet,West,17TH AVS,,,,0.00,N,Not at Intersection,N,Non-Junction,None,,,         ,William,Caillouette,Clear,Front to Rear,no,no,no,no,yes,Campus
102284179,METROPOLITAN NASHVILLE POLICE DEPT,20190056134,Davidson,Nashville,1/22/2019 9:33:00 AM,2,0,0,36.157930,-86.791610,I40 E ENT RAMP,,,,0.00,,,I 40,,,,0.00,Y,Four-Way, ,Intersection,None,,,         ,Shedie,Herbert III,Clear,"Sideswipe, Same Direction",no,no,no,no,no,False
102284204,METROPOLITAN NASHVILLE POLICE DEPT,20190055883,Davidson,Nashville,1/22/2019 7:40:00 AM,2,1,0,36.078360,-86.658960,PICCADILLY ROW,,,,0.00,,,BISHOPSGATE RD,,,,0.00,Y,T-Intersection,N,Non-Junction,None,,,         ,Steven,Williams,Clear,"Sideswipe, Same Direction",no,no,no,no,no,False
102284208,METROPOLITAN NASHVILLE POLICE DEPT,20190056050,Davidson,Nashville,1/22/2019 8:50:00 AM,2,0,0,36.176380,-86.763010,HOWERTON ST,,,,283.00,Feet,West,N 7TH ST,,,,0.00,N,Not at Intersection,N,OtherLocation,None,,,         ,Steven,Spillers,Clear,Angle,no,no,no,yes,yes,False
102284217,METROPOLITAN NASHVILLE POLICE DEPT,20190056187,Davidson,Antioch,1/22/2019 7:16:00 AM,2,0,0,36.073640,-86.597780,COUNTRY WAY RD,,,,200.00,Feet,East,ANDERSON RD,,,,0.00,N,Not at Intersection, ,Non-Junction,None,,,         ,Brian,Lamb,Clear,"Sideswipe, Same Direction",no,no,no,no,no,False
102284218,METROPOLITAN NASHVILLE POLICE DEPT,20190056089,Davidson,Not in City Limit,1/22/2019 9:15:00 AM,2,0,0,36.271600,-86.795200,I 24,,,,0.00,,,,,,,41.00,N,Not at Intersection,N,Non-Junction,None,,,         ,James,Wray,Clear,"Sideswipe, Same Direction",no,no,no,no,yes,False
102284222,METROPOLITAN NASHVILLE POLICE DEPT,20190056054,Davidson,Nashville,1/22/2019 7:45:00 AM,2,1,0,36.209710,-86.776070,I 65,,,,0.00,,,,,,,87.60,N,Not at Intersection,N,Non-Junction,None,,,         ,Jeanine,Sarno,Clear,Front to Rear,no,no,no,no,no,False
102284223,METROPOLITAN NASHVILLE POLICE DEPT,20190056194,Davidson,Nashville,1/22/2019 7:30:00 AM,2,0,0,36.042670,-86.654180,I 24,,,,0.00,,,,,,,59.70,N,Not at Intersection,N,Non-Junction,None,,,         ,Brandon,Evans,Clear,Front to Rear,no,no,no,no,yes,False
102284226,METROPOLITAN NASHVILLE POLICE DEPT,20190056104,Davidson,Nashville,1/22/2019 9:24:00 AM,2,0,0,36.144380,-86.776910,I 65,,,,0.00,,,,,,,82.10,N,Not at Intersection, ,Non-Junction,None,,,         ,Alberta,Auguste,Clear,Front to Rear,no,no,no,no,no,False
102284227,METROPOLITAN NASHVILLE POLICE DEPT,20190055979,Davidson,Nashville,1/22/2019 8:28:00 AM,4,2,0,36.248080,-86.742940,I 65,,,,0.00,,,,,,,91.05,N,Not at Intersection,Y,Entrance/Exit Ramp Related,None,,,         ,Michelle,Steidl,Clear,Front to Rear,no,no,no,no,no,False
102284228,METROPOLITAN NASHVILLE POLICE DEPT,20190056059,Davidson,Nashville,1/22/2019 8:39:00 AM,2,0,0,35.997600,-86.690910,NOLENSVILLE PKE,,,,401.00,Feet,West,CONCORD RD,,,,0.00,N,Not at Intersection,N,Non-Junction,None,,,         ,Jessie,Meadows,Clear,Front to Rear,no,no,no,no,no,False
102284230,METROPOLITAN NASHVILLE POLICE DEPT,20190056324,Davidson,Nashville,1/22/2019 10:55:00 AM,2,0,0,36.151530,-86.793890,DIVISION ST,,,,165.00,Feet,East,18TH AVS,,,,0.00,N,Not at Intersection, ,Non-Junction,Construction Zone,,,         ,Jon,Mcvey,Clear,Angle,no,no,no,no,no,False
102284240,METROPOLITAN NASHVILLE POLICE DEPT,20190056345,Davidson,Nashville,1/22/2019 10:49:00 AM,2,0,0,36.157850,-86.788600,GRUNDY ST,,,,0.00,,,12TH AVN,,,,0.00,Y,T-Intersection, ,,None,,,         ,Shedie,Herbert III,,,no,no,no,no,no,False
102284242,METROPOLITAN NASHVILLE POLICE DEPT,20190056288,Davidson,Nashville,1/22/2019 9:50:00 AM,1,0,0,36.161860,-86.783240,CHURCH ST,,,,40.00,Feet,East,POLK AV,,,,0.00,N,Not at Intersection, ,Non-Junction,None,,,         ,James,Hill,Clear,Not Collision with Motor Vehicle in Transport,no,no,no,no,no,False
102284246,METROPOLITAN NASHVILLE POLICE DEPT,20190056371,Davidson,Nashville,1/22/2019 11:11:00 AM,2,0,0,36.163230,-86.788110,CHARLOTTE AV,,,,107.00,Feet,West,10TH AVN,,,,0.00,N,Not at Intersection,N,Non-Junction,None,,,         ,Robert,Schohn,Clear,"Sideswipe, Same Direction",no,no,no,no,yes,False
102284251,METROPOLITAN NASHVILLE POLICE DEPT,20190056213,Davidson,Antioch,1/22/2019 10:15:00 AM,2,1,0,36.015510,-86.620160,I24 W EXT RAMP,,,,0.00,Feet,East,I 24,,,,0.00,N,Not at Intersection,N,Entrance/Exit Ramp Related,None,,,         ,Jessie,Meadows,Clear,Front to Rear,no,no,no,no,no,False
102284252,METROPOLITAN NASHVILLE POLICE DEPT,20190055839,Davidson,Nashville,1/22/2019 7:20:00 AM,2,0,0,36.155750,-86.788700,13TH AVS,,,,105.00,Feet,South,I40 W ENT RAMP,,,,0.00,N,Not at Intersection, ,Non-Junction,None,,,         ,Cory,West,Clear,Front to Rear,no,no,no,no,no,False
102284253,METROPOLITAN NASHVILLE POLICE DEPT,20190056380,Davidson,Nashville,1/22/2019 11:24:00 AM,2,0,0,36.136340,-86.724720,SPENCE LN,,,,219.00,Feet,North,MURFREESBORO PKE,,,,0.00,N,Not at Intersection, ,,None,,,         ,MIchael,Mihajlov,,,no,no,no,no,no,False
102284257,METROPOLITAN NASHVILLE POLICE DEPT,20190055882,Davidson,Nashville,1/22/2019 7:40:00 AM,2,0,0,36.196000,-86.752580,ELLINGTON PKWYS,,,,235.00,Feet,South,ELLINGTON PKWYN,,,,0.00,N,Not at Intersection, ,,None,,,         ,Erik,Nash,,,no,no,no,no,no,False
102284269,METROPOLITAN NASHVILLE POLICE DEPT,20190056364,Davidson,Antioch,1/22/2019 11:11:00 AM,2,0,0,36.030330,-86.592710,MURFREESBORO PKE,,,,188.00,Feet,North,HURRICANE CREEK BLVD,,,,0.00,N,Not at Intersection, ,Non-Junction,None,,,         ,Jessie,Meadows,Clear,"Sideswipe, Same Direction",no,no,no,no,yes,False
102284272,METROPOLITAN NASHVILLE POLICE DEPT,20190056116,Davidson,Nashville,1/22/2019 8:59:00 AM,2,0,0,36.161560,-86.781330,6TH AVN,,,,0.00,,,,,,,0.00,,,N,Non-Junction,None,,,         ,Frank,Campbell,Clear,Other,no,no,no,yes,no,False
102284306,METROPOLITAN NASHVILLE POLICE DEPT,20190056470,Davidson,Nashville,1/22/2019 11:55:00 AM,2,0,0,36.238640,-86.723910,GALLATIN PKES,,,,63.00,Feet,South,GALLATIN PKE,,,,0.00,N,Not at Intersection,N,Non-Junction,None,,,         ,Brian,Otto,Clear,"Sideswipe, Same Direction",no,no,no,no,yes,False
102284308,METROPOLITAN NASHVILLE POLICE DEPT,20190056466,Davidson,Nashville,1/22/2019 12:07:00 PM,1,1,0,36.128710,-86.841740,HARDING PKE,,,,625.00,Feet,West,BRIXWORTH LN,,,,0.00,N,Not at Intersection,N,OtherLocation,None,,,         ,Curtis,Rich,Clear,Not Collision with Motor Vehicle in Transport,yes,no,no,no,no,False
102284346,BERRY HILL POLICE DEPT,19-0277,Davidson,Berry Hill,1/22/2019 9:20:00 AM,2,0,0,36.126190,-86.777070,FRANKLIN PKE,,,,0.00,,,CRAIGHEAD ST,,,,0.00,Y,Four-Way,Y,Intersection,None,,,         ,Rick,Willliams,Clear,Angle,no,no,no,no,yes,False
102284347,METROPOLITAN NASHVILLE POLICE DEPT,20190056465,Davidson,Nashville,1/22/2019 11:54:00 AM,3,1,0,36.249390,-86.719410,E PALESTINE AV,,,,0.00,,,GALLATIN PKES,,,,0.00,Y,Four-Way, ,Intersection-Related,None,,,         ,Eric,Richardson,Clear,Front to Rear,no,no,no,no,no,False
102284369,METROPOLITAN NASHVILLE POLICE DEPT,20190056052,Davidson,Nashville,1/22/2019 8:45:00 AM,2,0,0,36.218990,-86.727780,GALLATIN PKE,,,,76.00,Feet,North,SUNNYMEADE DR,,,,0.00,N,Not at Intersection, ,,None,,,         ,Russell,Freeman,,,no,no,no,no,no,False
102284377,THP District 3 - Nashville,319003656,Davidson,Nashville,1/17/2019 3:46:00 AM,2,1,0,36.240110,-86.747010,BRILEY PKWYE,,,,134.00,Feet,South,BRILEY PKWYW,,,,0.00,N,Not at Intersection,Y,Non-Junction,None,,,         ,Ed,Cherry,Cloudy,"Sideswipe, Same Direction",no,no,no,no,no,False
102284405,METROPOLITAN NASHVILLE POLICE DEPT,20190056554,Davidson,Nashville,1/22/2019 12:28:00 PM,5,0,0,36.191860,-86.781160,I 65,,,,0.00,,,,,,,86.25,N,Not at Intersection,N,Non-Junction,None,,,         ,Robert,Schohn,Clear,Front to Rear,no,no,no,no,yes,False
102284454,METROPOLITAN NASHVILLE POLICE DEPT,20190056464,Davidson,Nashville,1/22/2019 11:58:00 AM,1,1,0,36.144930,-86.766660,4TH AVS,,,,0.00,Feet,,CHESTNUT ST,,,,0.00,Y,Four-Way,Y,Intersection,None,,,         ,Alberta,Auguste,Clear,Not Collision with Motor Vehicle in Transport,yes,no,no,no,yes,False
102284457,METROPOLITAN NASHVILLE POLICE DEPT,20190056774,Davidson,Not in City Limit,1/22/2019 1:30:00 PM,2,0,0,36.308130,-86.682980,GALLATIN PKEN,,,,77.00,Feet,West,NORTHSIDE MARKETPLACE PVTDR,,,,0.00,N,Not at Intersection, ,Non-Junction,None,,,         ,Byron,Dewalt,Cloudy,Front to Rear,no,no,no,no,no,False
102284535,METROPOLITAN NASHVILLE POLICE DEPT,20190056839,Davidson,Nashville,1/22/2019 2:20:00 PM,2,0,0,36.127640,-86.753550,NOLENSVILLE PKE,,,,132.00,Feet,South,COLEMAN ST,,,,0.00,N,Not at Intersection,N,Non-Junction,None,,,         ,Jon,Mcvey,Cloudy,Angle,no,no,no,no,yes,False
102284552,METROPOLITAN NASHVILLE POLICE DEPT,20190056923,Davidson,Not in City Limit,1/22/2019 12:06:00 PM,2,0,0,36.308390,-86.682270,GALLATIN PKEN,,,,229.00,Feet,West,RIVERCHASE BLVD,,,,0.00,N,Not at Intersection,N,Non-Junction,None,,,         ,Christopher,Littles,Clear,"Sideswipe, Same Direction",no,no,no,yes,yes,False