master_record_number,agency,agency_tracking_number,county,city,collision_date,vehicles_involved,number_injured,number_dead,latitude,longitude,roadway_name,roadway_suffix,roadway_number,roadway_local_id,distance_from_reference,miles-feet_indicator,direction_from_reference,intersection_road_name,intersection_road_name_suffix,intersection_road_number,intersection_local_id,mile_marker,intersection_indicator,intersect_type,interchange_related_indicator,relation_to_junction,work_zone_type,construction_maintenance_zone,construction_maintenance_zone_location,fatal_case_number,officer_first_name,officer_last_name,weather_condition(s),manner_of_crash,pedestrian,bicycle,scooter,parking,hitrun,mou
102285302,METROPOLITAN NASHVILLE POLICE DEPT,20190059332,Davidson,Nashville,1/23/2019 10:44:00 AM,2,0,0,36.145110,-86.744010,FESSLERS LN,,,,165.00,Feet,North,ELM HILL PKE,,,,0.00,N,Not at Intersection, ,Non-Junction,None,,,         ,Thomas,Odom,Rain,Front to Rear,no,no,no,no,no,False
102285307,METROPOLITAN NASHVILLE POLICE DEPT,20190059379,Davidson,Goodlettsville,1/23/2019 11:00:00 AM,1,1,0,36.285430,-86.728140,I 65,,,,0.00,,,,,,,93.80,N,Not at Intersection,N,Non-Junction,None,,,         ,Cyretha,Frazier,Rain,Not Collision with Motor Vehicle in Transport,no,no,no,no,no,False
102285314,METROPOLITAN NASHVILLE POLICE DEPT,20190059425,Davidson,Nashville,1/23/2019 11:20:00 AM,2,0,0,36.078670,-86.745390,HARDING PL,,,,52.00,Feet,West,DANBY DR,,,,0.00,N,Not at Intersection,N,Non-Junction,None,,,         ,Jon,Mcvey,Rain,Front to Rear,no,no,no,no,yes,False
102285319,METROPOLITAN NASHVILLE POLICE DEPT,20190059352,Davidson,Nashville,1/23/2019 11:10:00 AM,2,0,0,36.103890,-86.715230,I 24,,,,0.00,,,,,,,54.25,N,Not at Intersection,N,Non-Junction,None,,,         ,Jessie,Meadows,Rain,"Sideswipe, Same Direction",no,no,no,no,no,False
102285322,METROPOLITAN NASHVILLE POLICE DEPT,20190059263,Davidson,Nashville,1/23/2019 10:06:00 AM,2,0,0,36.144810,-86.711350,ELM HILL PKE,,,,92.00,Feet,West,MASSMAN DR,,,,0.00,N,Not at Intersection, ,,Work Zone,,,         ,Ralph,Harvey,,,no,no,no,no,no,False
102285330,METROPOLITAN NASHVILLE POLICE DEPT,20190059293,Davidson,Nashville,1/23/2019 10:19:00 AM,1,1,0,36.199490,-86.744940,FAIRWIN AV,,,,0.00,,,,,,,0.00,,,N,Non-Junction,None,,,         ,Russell,Freeman,Rain,Not Collision with Motor Vehicle in Transport,no,no,no,yes,no,False
102285343,METROPOLITAN NASHVILLE POLICE DEPT,20190059466,Davidson,Nashville,1/23/2019 11:19:00 AM,2,0,0,36.147760,-86.743510,FESSLERS LN,,,,0.00,,,I40 W ENT RAMP,,,,0.00,Y,OTHER,N,Entrance/Exit Ramp Related,None,,,         ,Tien,Nguyen,Rain,"Sideswipe, Same Direction",no,no,no,no,yes,False
102285344,METROPOLITAN NASHVILLE POLICE DEPT,20190059512,Davidson,Nashville,1/23/2019 12:18:00 PM,1,1,0,36.175860,-86.692410,BRILEY PKWYN,,,,688.00,Feet,North,BRILEY PKWYS,,,,0.00,N,Not at Intersection,N,Non-Junction,None,,,         ,Michael,Dance,Rain,Not Collision with Motor Vehicle in Transport,no,no,no,no,no,False
102285356,METROPOLITAN NASHVILLE POLICE DEPT,20190059513,Davidson,Nashville,1/23/2019 12:10:00 PM,2,0,0,36.206520,-86.776620,W TRINITY LN,,,,23.00,Feet,East,I65 S ENT RAMP,,,,0.00,N,Not at Intersection,N,Non-Junction,None,,,         ,Patrick,Taylor,Rain,Front to Rear,no,no,no,no,yes,False
102285357,METROPOLITAN NASHVILLE POLICE DEPT,20190059423,Davidson,Nashville,1/23/2019 11:36:00 AM,1,0,0,36.178800,-86.773550,I 24,,,,0.00,,,,,,,47.80,N,Not at Intersection,Y,Entrance/Exit Ramp Related,None,,,         ,Russell,Freeman,Rain,Not Collision with Motor Vehicle in Transport,no,no,no,no,no,False
102285360,METROPOLITAN NASHVILLE POLICE DEPT,20190058922,Davidson,Nashville,1/23/2019 7:05:00 AM,2,0,0,36.092890,-86.884790,HARDING PKE,,,,217.00,Feet,East,VAUGHNS GAP RD,,,,0.00,N,Not at Intersection, ,Non-Junction,None,,,         ,Corey,Reed,Rain,Front to Rear,no,no,no,no,no,False
102285363,METROPOLITAN NASHVILLE POLICE DEPT,20190059566,Davidson,Nashville,1/23/2019 12:33:00 PM,2,1,0,36.167170,-86.684180,SWEETWOOD RD,,,,573.00,Feet,West,FAIRWAY DR,,,,0.00,N,Not at Intersection, ,Non-Junction,None,,,         ,Tien,Nguyen,Rain,Angle,no,no,no,no,no,False
102285364,METROPOLITAN NASHVILLE POLICE DEPT,20190059618,Davidson,Nashville,1/23/2019 12:56:00 PM,2,0,0,36.153780,-86.757810,I 40,,,,0.00,,,,,,,211.10,N,Not at Intersection,N,Non-Junction,None,,,         ,Michael,Dance,Rain,"Sideswipe, Same Direction",no,no,no,no,yes,False
102285371,METROPOLITAN NASHVILLE POLICE DEPT,20190059536,Davidson,Madison,1/23/2019 12:31:00 PM,2,0,0,36.296910,-86.699160,GALLATIN PKEN,,,,0.00,,,RIVERGATE PKWY,,,,0.00,Y,Four-Way, ,Intersection,None,,,         ,Cyretha,Frazier,Rain,Angle,no,no,no,no,no,False
102285372,METROPOLITAN NASHVILLE POLICE DEPT,20190059638,Davidson,Nashville,1/23/2019 1:06:00 PM,1,0,0,36.169020,-86.606650,I40 E EXT RAMP,,,,1796.00,Feet,East,I 40,,,,0.00,N,Not at Intersection,N,Non-Junction,None,,,         ,Thomas,Odom,Rain,Not Collision with Motor Vehicle in Transport,no,no,no,no,no,False
102285379,METROPOLITAN NASHVILLE POLICE DEPT,20190059590,Davidson,Nashville,1/23/2019 12:40:00 PM,2,0,0,36.087410,-86.730770,NOLENSVILLE PKE,,,,250.00,Feet,North,ELYSIAN FIELDS CT,,,,0.00,N,Not at Intersection,N,Non-Junction,None,,,         ,Jon,Mcvey,Rain,Front to Rear,no,no,no,no,no,False
102285420,METROPOLITAN NASHVILLE POLICE DEPT,20190059582,Davidson,Nashville,1/23/2019 12:55:00 PM,2,0,0,36.153930,-86.857490,URBANDALE AV,,,,0.00,,,BRILEY PKWYN,,,,0.00,Y,Four-Way, ,Intersection,None,,,         ,Curtis,Rich,Rain,Angle,no,no,no,no,no,False
102285436,METROPOLITAN NASHVILLE POLICE DEPT,20190059667,Davidson,Nashville,1/23/2019 1:00:00 PM,2,0,0,36.153640,-86.756600,I 40,,,,0.00,,,,,,,211.20,N,Not at Intersection,Y,Non-Junction,None,,,         ,Russell,Freeman,Rain,"Sideswipe, Same Direction",no,no,no,no,yes,False
102285439,METROPOLITAN NASHVILLE POLICE DEPT,20190059653,Davidson,Nashville,1/23/2019 1:13:00 PM,2,2,0,36.166870,-86.816470,I40 E EXT RAMP,,,,0.00,Feet,East,I 40,,,,0.00,N,Not at Intersection,N,Entrance/Exit Ramp Related,None,,,         ,Brian,Mclarty,Rain,Front to Rear,no,no,no,no,no,False
102285460,METROPOLITAN NASHVILLE POLICE DEPT,20190059550,Davidson,Nashville,1/23/2019 12:37:00 PM,1,0,0,36.040200,-86.649860,I 24,,,,0.00,,,,,,,60.00,N,Not at Intersection,N,Non-Junction,None,,,         ,Jessie,Meadows,Clear,Not Collision with Motor Vehicle in Transport,no,no,no,no,no,False
102285467,METROPOLITAN NASHVILLE POLICE DEPT,20190059705,Davidson,Nashville,1/23/2019 1:40:00 PM,2,0,0,36.155280,-86.799660,19TH AVN,,,,0.00,,,STATE ST,,,,0.00,Y,Four-Way, ,Intersection,None,,,         ,David,Lang,Rain,Angle,no,no,no,no,no,False
102285471,METROPOLITAN NASHVILLE POLICE DEPT,20190059596,Davidson,Nashville,1/23/2019 12:51:00 PM,1,1,0,36.074360,-86.971810,I 40,,,,0.00,,,,,,,195.30,N,Not at Intersection,N,Non-Junction,None,,,         ,Walter,Gray II,Rain,Not Collision with Motor Vehicle in Transport,no,no,no,no,no,False
102285473,METROPOLITAN NASHVILLE POLICE DEPT,2019-0059729,Davidson,Nashville,1/23/2019 2:00:00 PM,2,0,0,36.037400,-86.786570,FRANKLIN PKE,,,,0.00,,,OLD HICKORY BLVD,,,,0.00,Y,Four-Way, ,Intersection,None,,,         ,Timothy,Edwards,Rain,Angle,no,no,no,no,no,False
102285479,METROPOLITAN NASHVILLE POLICE DEPT,20190059755,Davidson,Nashville,1/23/2019 2:00:00 PM,2,0,0,36.153790,-86.794410,17TH AVS,,,,0.00,,,WEST END AV,,,,0.00,Y,Four-Way,N,Intersection,None,,,         ,Jon,Mcvey,Rain,Angle,no,no,no,no,yes,False
102285502,METROPOLITAN NASHVILLE POLICE DEPT,20190059631,Davidson,Nashville,1/23/2019 2:00:00 PM,2,1,0,36.027530,-86.680030,PETTUS RD,,,,327.00,Feet,East,OLD HICKORY BLVD,,,,0.00,N,Not at Intersection,N,Non-Junction,None,,,         ,Jessie,Meadows,Rain,"Sideswipe, Same Direction",no,no,no,no,no,False
102285504,METROPOLITAN NASHVILLE POLICE DEPT,20190059830,Davidson,Nashville,1/23/2019 2:44:00 PM,2,0,0,36.113460,-86.771890,I440 E ENT RAMP,,,,0.00,Feet,East,I 65,,,,0.00,N,Not at Intersection, ,Non-Junction,None,,,         ,Conor,Cronin,Rain,Front to Rear,no,no,no,no,no,False
102285523,METROPOLITAN NASHVILLE POLICE DEPT,20190059911,Davidson,Not in City Limit,1/23/2019 2:50:00 PM,1,0,0,36.290270,-86.886360,EATONS CREEK RD,,,,141.00,Feet,North,FORTE RD,,,,0.00,N,Not at Intersection,N,Non-Junction,None,,,         ,Thomas,Miller,Rain,Not Collision with Motor Vehicle in Transport,no,no,no,no,yes,False
102285524,METROPOLITAN NASHVILLE POLICE DEPT,20190059836,Davidson,Nashville,1/23/2019 2:15:00 PM,2,0,0,36.164020,-86.786720,YMCA WAY,,,,62.00,Feet,North,CHARLOTTE AV,,,,0.00,N,Not at Intersection, ,Non-Junction,None,,,         ,Derek,Betty,Rain,"Sideswipe, Opposite Direction",no,no,no,no,no,False
102285532,METROPOLITAN NASHVILLE POLICE DEPT,20190057767,Davidson,Nashville,1/22/2019 8:50:00 PM,1,0,0,36.199970,-86.769420,GATEWOOD AV,,,,0.00,,,,,,,0.00,,,N,Non-Junction,None,,,         ,Alexander,Georgeson,Clear,Not Collision with Motor Vehicle in Transport,no,no,no,yes,no,False
102285533,METROPOLITAN NASHVILLE POLICE DEPT,20190059907,Davidson,Nashville,1/23/2019 3:15:00 PM,2,0,0,36.254850,-86.733590,CHADWELL DR,,,,0.00,,,S GRAYCROFT AV,,,,0.00,Y,Four-Way, ,Intersection,None,,,         ,Christopher,Littles,Rain,Angle,no,no,no,no,no,False
102285537,METROPOLITAN NASHVILLE POLICE DEPT,20190059914,Davidson,Nashville,1/23/2019 3:10:00 PM,2,0,0,36.189300,-86.798570,ROSA L PARKS BLVD,,,,506.00,Feet,North,DOMINICAN DR,,,,0.00,N,Not at Intersection,N,Non-Junction,None,,,         ,Timothy,Skopek,Rain,Front to Rear,no,no,no,no,no,False
102285540,METROPOLITAN NASHVILLE POLICE DEPT,20190057841,Davidson,Nashville,1/22/2019 9:27:00 PM,3,0,0,36.166230,-86.765790,INTERSTATE DR,,,,0.00,,,SHELBY AV,,,,0.00,Y,Four-Way,N,Intersection,None,,,         ,Joshua,Reece,Cloudy,Angle,no,no,no,no,no,False
102285544,METROPOLITAN NASHVILLE POLICE DEPT,20190059965,Davidson,Nashville,1/23/2019 3:40:00 PM,2,0,0,36.189000,-86.798550,ROSA L PARKS BLVD,,,,394.00,Feet,North,DOMINICAN DR,,,,0.00,N,Not at Intersection, ,Non-Junction,None,,,         ,Thomas,Miller,Rain,Front to Rear,no,no,no,no,no,False
102285548,METROPOLITAN NASHVILLE POLICE DEPT,20190059961,Davidson,Nashville,1/23/2019 3:32:00 PM,2,0,0,36.152490,-86.793410,17TH AVS,,,,73.00,Feet,South,MCGAVOCK ST,,,,0.00,N,Not at Intersection, ,Non-Junction,None,,,         ,Ryan,Coll,Rain,"Sideswipe, Same Direction",no,no,no,no,no,False
102285551,METROPOLITAN NASHVILLE POLICE DEPT,20190059874,Davidson,Nashville,1/23/2019 2:58:00 PM,2,0,0,36.071340,-86.684110,ANTIOCH PKE,,,,46.00,Feet,South,HAYSTACK LN,,,,0.00,N,Not at Intersection,N,Non-Junction,None,,,         ,Marcus,Darden,Rain,Front to Rear,no,no,no,no,no,False
102285560,METROPOLITAN NASHVILLE POLICE DEPT,20190059864,Davidson,Antioch,1/23/2019 2:45:00 PM,3,0,0,36.042850,-86.606550,MURFREESBORO PKE,,,,0.00,,,HOBSON PKE,,,,0.00,Y,Four-Way,N,Intersection,None,,,         ,Matthew,Turppa,Rain,Angle,no,no,no,no,no,False
102285561,METROPOLITAN NASHVILLE POLICE DEPT,20190060027,Davidson,Nashville,1/23/2019 4:11:00 PM,2,0,0,36.169000,-86.810200,JEFFERSON ST,,,,179.00,Feet,West,21ST AVN,,,,0.00,N,Not at Intersection, ,Non-Junction,None,,,         ,Melvin,Taylor,Rain,Angle,no,no,no,no,no,False
102285565,METROPOLITAN NASHVILLE POLICE DEPT,20190059897,Davidson,Nashville,1/23/2019 2:38:00 PM,1,1,0,36.086860,-86.803730,GRANNY WHITE PKE,,,,101.00,Feet,North,SEWANEE RD,,,,0.00,N,Not at Intersection,N,OtherLocation,None,,,         ,Douglas,Sykes,Rain,Not Collision with Motor Vehicle in Transport,no,no,no,no,no,False
102285568,METROPOLITAN NASHVILLE POLICE DEPT,20190060054,Davidson,Nashville,1/23/2019 4:23:00 PM,2,0,0,36.151800,-86.771250,4TH AVS,,,,0.00,,,LAFAYETTE ST,,,,0.00,Y,Four-Way, ,,None,,,         ,Timothy,Mead,,,no,no,no,no,no,False
102285569,METROPOLITAN NASHVILLE POLICE DEPT,20190060058,Davidson,Nashville,1/23/2019 3:50:00 PM,2,0,0,36.141950,-86.816230,32ND AVS,,,,0.00,Feet,East,WEST END AV,,,,0.00,N,Not at Intersection,N,Non-Junction,None,,,         ,Conor,Cronin,Rain,Angle,no,no,no,no,no,Campus
102285578,BELLE MEADE POLICE DEPT,19-0030,Davidson,Belle Meade,1/23/2019 2:38:00 PM,1,0,0,36.073520,-86.865870,CHICKERING RD,,,,750.00,Feet,South,CHICKERING LN,,,,0.00,N,Not at Intersection,N,Non-Junction,None,,,         ,Charles,Williams,Rain,Not Collision with Motor Vehicle in Transport,no,no,no,no,no,False
102285579,METROPOLITAN NASHVILLE POLICE DEPT,20190051652,Davidson,Nashville,1/20/2019 3:07:00 PM,2,0,0,36.243890,-86.756580,SKYLINE MEMORIAL CT,,,,0.00,Feet,,DICKERSON PKE,,,,0.00,Y,Four-Way,N,Intersection,None,,,         ,Rodney,Phipps,Clear,"Sideswipe, Same Direction",no,no,no,no,yes,False
102285580,METROPOLITAN NASHVILLE POLICE DEPT,20190060067,Davidson,Nashville,1/23/2019 4:28:00 PM,2,0,0,36.237390,-86.730660,BRILEY PKWYW,,,,1055.00,Feet,West,BRILEY PKWYE,,,,0.00,N,Not at Intersection, ,,None,,,         ,Christopher,Littles,,,no,no,no,no,no,False
102285599,METROPOLITAN NASHVILLE POLICE DEPT,20190059990,Davidson,Nashville,1/23/2019 3:49:00 PM,2,0,0,36.192700,-86.781710,VASHTI ST,,,,37.00,Feet,North,COWAN ST,,,,0.00,N,Not at Intersection, ,Non-Junction,None,,,         ,Thomas,Miller,Rain,Front to Rear,no,no,no,no,no,False
102285600,METROPOLITAN NASHVILLE POLICE DEPT,20190060075,Davidson,Nashville,1/23/2019 4:25:00 PM,2,0,0,36.124530,-86.848270,HARDING PKE,,,,248.00,Feet,West,WOODMONT BLVD,,,,0.00,N,Not at Intersection, ,Non-Junction,None,,,         ,Walter,Gray II,Rain,Front to Rear,no,no,no,no,no,False
102285601,METROPOLITAN NASHVILLE POLICE DEPT,20190060124,Davidson,Not in City Limit,1/23/2019 4:39:00 PM,2,0,0,36.045340,-86.950510,TEMPLE RD,,,,50.00,Feet,South,HIGHWAY 100,,,,0.00,N,Not at Intersection, ,,None,,,         ,Walter,Gray II,,,no,no,no,no,no,False
102285607,METROPOLITAN NASHVILLE POLICE DEPT,20190060225,Davidson,Nashville,1/23/2019 5:43:00 PM,2,0,0,36.149440,-86.803330,WEST END AV,,,,46.00,Feet,East,LOUISE AV,,,,0.00,N,Not at Intersection,N,Non-Junction,None,,,         ,Ryan,Coll,Rain,Angle,no,no,no,no,no,Campus
102285608,METROPOLITAN NASHVILLE POLICE DEPT,20190060156,Davidson,Nashville,1/23/2019 5:10:00 PM,1,1,0,36.163870,-86.786620,CHARLOTTE AV,,,,0.00,,,ROSA L PARKS BLVD,,,,0.00,Y,Four-Way,Y,Intersection,None,,,         ,Joseph,Bingham,Rain,Not Collision with Motor Vehicle in Transport,yes,no,no,no,no,False
102285610,METROPOLITAN NASHVILLE POLICE DEPT,20190060179,Davidson,Nashville,1/23/2019 4:18:00 PM,2,0,0,36.240080,-86.746790,BRILEY PKWYE,,,,191.00,Feet,East,I65 S EXT RAMP,,,,0.00,N,Not at Intersection, ,Non-Junction,None,,,         ,Gregory,Cenicola,Rain,"Sideswipe, Same Direction",no,no,no,no,no,False
102285614,METROPOLITAN NASHVILLE POLICE DEPT,20190060160,Davidson,Nashville,1/23/2019 12:00:00 AM,1,1,0,36.071670,-86.636250,BELL RD,,,,75.00,Feet,South,MURFREESBORO PKE,,,,0.00,N,Not at Intersection,N,Non-Junction,None,,,         ,Madison,Meiss,Rain,Not Collision with Motor Vehicle in Transport,yes,no,no,no,no,False
102285616,METROPOLITAN NASHVILLE POLICE DEPT,20190060144,Davidson,Nashville,1/23/2019 4:50:00 PM,2,0,0,36.143050,-86.822440,I 440,,,,0.00,,,,,,,1.00,N,Not at Intersection, ,Non-Junction,None,,,         ,Reagan,Heath,Rain,Front to Rear,no,no,no,no,no,False
102285619,METROPOLITAN NASHVILLE POLICE DEPT,20190060279,Davidson,Nashville,1/23/2019 6:05:00 PM,2,0,0,36.093170,-86.771470,FRANKLIN PKE,,,,114.00,Feet,North,SOUTHMEADE PKWY,,,,0.00,N,Not at Intersection,N,Non-Junction,None,,,         ,Conor,Cronin,Rain,Front to Rear,no,no,no,no,no,False
102285623,METROPOLITAN NASHVILLE POLICE DEPT,20190060256,Davidson,Nashville,1/23/2019 6:03:00 PM,3,1,0,36.140330,-86.721740,I 40,,,,0.00,,,,,,,213.55,N,Not at Intersection,N,Non-Junction,None,,,         ,Samuel,Sundra,Rain,Front to Rear,no,no,no,no,yes,False
102285624,METROPOLITAN NASHVILLE POLICE DEPT,20190060215,Davidson,Nashville,1/23/2019 5:31:00 PM,3,0,0,36.180070,-86.811040,DR D B TODD JR BLVD,,,,0.00,,,BUCHANAN ST,,,,0.00,Y,Four-Way,Y,Intersection,None,,,         ,Thomas,Miller,Rain,Angle,no,no,no,no,yes,False
102285625,METROPOLITAN NASHVILLE POLICE DEPT,20190060273,Davidson,Nashville,1/23/2019 5:25:00 PM,2,0,0,36.150170,-86.870000,I 40,,,,0.00,,,,,,,203.25,N,Not at Intersection,N,Non-Junction,None,,,         ,Robert,Leverick,Rain,Front to Rear,no,no,no,no,no,False
102285626,METROPOLITAN NASHVILLE POLICE DEPT,20190060224,Davidson,Nashville,1/23/2019 5:23:00 PM,2,0,0,36.176910,-86.774580,SPRING ST,,,,0.00,,,N 1ST ST,,,,0.00,Y,Four-Way, ,Non-Junction,None,,,         ,Roy,Sain Jr.,Rain,Front to Rear,no,no,no,no,no,False
102285628,METROPOLITAN NASHVILLE POLICE DEPT,20190060219,Davidson,Not in City Limit,1/23/2019 5:42:00 PM,2,0,0,36.259890,-86.713050,GALLATIN PKES,,,,0.00,Feet,,WOODRUFF ST,,,,0.00,Y,T-Intersection,Y,Intersection,None,,,         ,Harold,Willmore IV,Rain,Angle,no,no,no,no,no,False
102285633,METROPOLITAN NASHVILLE POLICE DEPT,20190060135,Davidson,Nashville,1/23/2019 4:54:00 PM,2,3,0,36.089480,-86.642330,NASHBORO BLVD,,,,89.00,Feet,East,LONG HUNTER CT,,,,0.00,N,Not at Intersection,N,Non-Junction,None,,,         ,Brady,Reynolds,Rain,Front to Rear,no,no,no,no,no,False
102285642,THP District 9 - Administrative,319003729,Davidson,Nashville,1/17/2019 5:05:00 PM,3,0,0,36.171640,-86.788840,7TH AVN,,,,407.00,Feet,East,6TH AVN,,,,0.00,N,Not at Intersection, ,Non-Junction,None,,,         ,Trae,Dickson,Rain,Not Collision with Motor Vehicle in Transport,no,no,no,yes,no,False
102285643,METROPOLITAN NASHVILLE POLICE DEPT,20190060395,Davidson,Nashville,1/23/2019 5:42:00 PM,2,0,0,36.188290,-86.818390,26TH AVN,,,,72.00,Feet,South,DOWLAN ST,,,,0.00,N,Not at Intersection, ,,None,,,         ,Thomas,Miller,,,no,no,no,yes,no,False
102285644,METROPOLITAN NASHVILLE POLICE DEPT,20190060329,Davidson,Nashville,1/23/2019 6:37:00 PM,1,1,0,36.147410,-86.822420,I 440,,,,0.00,,,,,,,1.30,N,Not at Intersection,N,Non-Junction,None,,,         ,Walter,Gray II,Rain,Not Collision with Motor Vehicle in Transport,no,no,no,no,no,False
102285645,METROPOLITAN NASHVILLE POLICE DEPT,20190060291,Davidson,Nashville,1/23/2019 6:15:00 PM,2,0,0,36.153470,-86.779370,8TH AVS,,,,0.00,,,PALMER PL,,,,0.00,Y,T-Intersection, ,Non-Junction,None,,,         ,Gabriel,Hamilton,Rain,Angle,no,no,no,no,no,False
102285653,METROPOLITAN NASHVILLE POLICE DEPT,20190060330,Davidson,Nashville,1/23/2019 6:05:00 PM,3,1,0,36.168030,-86.691480,LEBANON PKE,,,,42.00,Feet,West,CRAIGMEADE DR,,,,0.00,N,Not at Intersection,N,Non-Junction,None,,,         ,Samuel,Sundra,Rain,Front to Rear,no,no,no,no,yes,False
102285657,METROPOLITAN NASHVILLE POLICE DEPT,20190060344,Davidson,Not in City Limit,1/23/2019 6:42:00 PM,2,1,0,36.153150,-86.935020,OLD FARM ROAD,,,,842.00,Feet,West,BELLS BEND LOOP TRAIL,,,,0.00,N,Not at Intersection,N,Non-Junction,None,,,         ,Broderick,Jones,Rain,Front to Rear,no,no,no,no,no,False
102285658,METROPOLITAN NASHVILLE POLICE DEPT,20190060366,Davidson,Nashville,1/23/2019 6:58:00 PM,2,1,0,36.111030,-86.753940,THOMPSON LN,,,,157.00,Feet,East,EUGENIA AV,,,,0.00,N,Not at Intersection,N,Non-Junction,None,,,         ,Douglas,Sykes,Rain,HeadOn,no,no,no,no,no,False
102285661,METROPOLITAN NASHVILLE POLICE DEPT,20190060289,Davidson,Nashville,1/23/2019 6:15:00 PM,1,1,0,36.101790,-86.740550,NOLENSVILLE PKE,,,,0.00,,,ANTIOCH PKE,,,,0.00,Y,T-Intersection,N,Intersection,None,,,         ,Johnathon,Birdwell,Rain,Not Collision with Motor Vehicle in Transport,yes,no,no,no,yes,False
102285662,METROPOLITAN NASHVILLE POLICE DEPT,20190060292,Davidson,Nashville,1/23/2019 6:18:00 PM,2,1,0,36.138720,-86.800610,21ST AVS,,,,0.00,,,CHILDRENS WAY,,,,0.00,Y,T-Intersection,N,Non-Junction,None,,,         ,Eric,Burford,Rain,Angle,no,no,no,no,no,Campus
102285663,METROPOLITAN NASHVILLE POLICE DEPT,20190060320,Davidson,Nashville,1/23/2019 4:30:00 PM,1,1,0,36.161020,-86.777200,BROADWAY,,,,0.00,,,4TH AVN,,,,0.00,Y,Four-Way,N,Intersection,None,,,         ,David,Snowden,Rain,Not Collision with Motor Vehicle in Transport,yes,no,no,no,no,False
102285664,METROPOLITAN NASHVILLE POLICE DEPT,20190060393,Davidson,Not in City Limit,1/23/2019 6:59:00 PM,2,0,0,36.076890,-86.945220,HIGHWAY 70S,,,,0.00,,,SAWYER BROWN RD,,,,0.00,Y,Four-Way, ,Intersection,None,,,         ,Jeffrey,Mullins,Rain,Angle,no,no,no,no,no,False
102285671,METROPOLITAN NASHVILLE POLICE DEPT,20190060400,Davidson,Nashville,1/23/2019 6:13:00 PM,2,0,0,36.164030,-86.786240,CHARLOTTE AV,,,,0.00,,,ROSA L PARKS AV,,,,0.00,Y,T-Intersection, ,,None,,,         ,Derek,Betty,,,no,no,no,no,no,False
102285685,METROPOLITAN NASHVILLE POLICE DEPT,20190060524,Davidson,Nashville,1/23/2019 7:58:00 PM,2,0,0,36.115650,-86.776990,I 440,,,,0.00,,,,,,,4.70,N,Not at Intersection,Y,Entrance/Exit Ramp Related,None,,,         ,Douglas,Sykes,Rain,Front to Rear,no,no,no,no,yes,False
102285695,METROPOLITAN NASHVILLE POLICE DEPT,20190060223,Davidson,Nashville,1/23/2019 5:45:00 PM,2,1,0,36.079710,-86.725940,HARDING PL,,,,116.00,Feet,East,NOLENSVILLE PKE,,,,0.00,N,Not at Intersection,N,Non-Junction,None,,,         ,Christopher,Augustin,Rain,Angle,no,no,no,no,no,False
102285697,METROPOLITAN NASHVILLE POLICE DEPT,20190060086,Davidson,Goodlettsville,1/23/2019 12:00:00 AM,2,0,0,36.292810,-86.695370,MYATT DR,,,,491.00,Feet,South,SPRING BRANCH DR,,,,0.00,N,Not at Intersection,N,Non-Junction,None,,,         ,Joel,Callies,Rain,Angle,no,no,no,no,no,False
102285724,METROPOLITAN NASHVILLE POLICE DEPT,20190060503,Davidson,Nashville,1/23/2019 7:32:00 PM,2,0,0,36.156130,-86.681130,LAKELAND DR,,,,0.00,,,MCGAVOCK PKE,,,,0.00,Y,T-Intersection, ,Intersection,None,,,         ,Samuel,Sundra,Rain,Angle,no,no,no,no,no,False
102285727,VANDERBILT UNIVERSITY POLICE,20190060312,Davidson,Nashville,1/23/2019 5:34:00 PM,2,0,0,36.141160,-86.812290,NATCHEZ TRACE,,,,0.00,,,,,,,0.00,,Not at Intersection,N,Non-Junction,None,,,         ,Shaneithia,Lewis,Rain,Angle,no,no,no,yes,no,Campus
102285734,METROPOLITAN NASHVILLE POLICE DEPT,20190060504,Davidson,Nashville,1/23/2019 7:00:00 PM,2,0,0,36.216440,-86.691530,MCGAVOCK PKE EB ENT RAMP,,,,0.00,Feet,East,MCGAVOCK PKE,,,,0.00,N,Not at Intersection, ,Entrance/Exit Ramp Related,None,,,         ,Timothy,Ward,Rain,Front to Rear,no,no,no,no,no,False
102285753,METROPOLITAN NASHVILLE POLICE DEPT,20190060275,Davidson,Nashville,1/23/2019 6:12:00 PM,2,1,0,36.203090,-86.591610,TULIP COVE PVTDR,,,,0.00,Feet,,TULIP GROVE RD,,,,0.00,Y,Four-Way,N,Intersection,None,,,         ,Tony,Mingsing,Rain,HeadOn,no,no,no,no,no,False
102285757,METROPOLITAN NASHVILLE POLICE DEPT,20190060555,Davidson,Madison,1/23/2019 8:37:00 PM,2,0,0,36.264450,-86.732280,OLD HICKORY BLVDW,,,,0.00,,,N GRAYCROFT AV,,,,0.00,Y,Four-Way,N,Intersection,None,,,         ,Christopher,Littles,Rain,"Sideswipe, Opposite Direction",no,no,no,no,yes,False
102285767,METROPOLITAN NASHVILLE POLICE DEPT,20190059854,Davidson,Nashville,1/23/2019 2:12:00 PM,2,0,0,36.054530,-86.725330,MCMURRAY DR,,,,6.00,Feet,West,AMALIE DR,,,,0.00,N,Not at Intersection, ,Non-Junction,None,,,         ,Akira,McSwain,Rain,Front to Rear,no,no,no,no,no,False