master_record_number,agency,agency_tracking_number,county,city,collision_date,vehicles_involved,number_injured,number_dead,latitude,longitude,roadway_name,roadway_suffix,roadway_number,roadway_local_id,distance_from_reference,miles-feet_indicator,direction_from_reference,intersection_road_name,intersection_road_name_suffix,intersection_road_number,intersection_local_id,mile_marker,intersection_indicator,intersect_type,interchange_related_indicator,relation_to_junction,work_zone_type,construction_maintenance_zone,construction_maintenance_zone_location,fatal_case_number,officer_first_name,officer_last_name,weather_condition(s),manner_of_crash,pedestrian,bicycle,scooter,parking,hitrun,mou
102286381,METROPOLITAN NASHVILLE POLICE DEPT,20190063197,Davidson,Nashville,1/24/2019 4:15:00 PM,2,0,0,36.121200,-86.809370,SHARONDALE DR,,,,17.00,Feet,West,SHARONDALE CT,,,,0.00,N,Not at Intersection,N,"Driveway, Alley Access, etc",None,,,         ,Walter,Gray II,Clear,Angle,no,no,no,no,yes,False
102286408,METROPOLITAN NASHVILLE POLICE DEPT,20190063196,Davidson,Nashville,1/24/2019 4:10:00 PM,2,0,0,36.075010,-86.639120,US HWY 41,,,,248.00,Feet,North,RURAL HILL RD,,,,0.00,N,Not at Intersection, ,Non-Junction,None,,,         ,Brady,Reynolds,Clear,"Sideswipe, Same Direction",no,no,no,no,no,False
102286419,METROPOLITAN NASHVILLE POLICE DEPT,20190063167,Davidson,Nashville,1/24/2019 4:05:00 PM,2,0,0,36.040860,-86.773670,OLD HICKORY BLVD,,,,61.00,Feet,West,HEALTH PARK DR,,,,0.00,N,Not at Intersection, ,Non-Junction,None,,,         ,Nicholas,Carroll,Clear,Front to Rear,no,no,no,no,no,False
102286420,METROPOLITAN NASHVILLE POLICE DEPT,20190063352,Davidson,Not in City Limit,1/24/2019 5:25:00 PM,2,0,0,36.278260,-86.734320,I 65,,,,0.00,,,,,,,93.20,N,Not at Intersection, ,,None,,,         ,Christopher,Littles,,,no,no,no,no,no,False
102286440,METROPOLITAN NASHVILLE POLICE DEPT,20190063169,Davidson,Nashville,1/24/2019 4:05:00 PM,2,0,0,36.138430,-86.800650,21ST AVS,,,,74.00,Feet,South,CHILDRENS WAY,,,,0.00,N,Not at Intersection, ,,None,,,         ,Akira,McSwain,,,no,no,no,no,no,Campus
102286441,METROPOLITAN NASHVILLE POLICE DEPT,20190063345,Davidson,Nashville,1/24/2019 4:22:00 PM,2,0,0,36.148510,-86.822280,I 440,,,,0.00,,,,,,,1.35,N,Not at Intersection, ,,None,,,         ,Akira,McSwain,,,no,no,no,no,no,False
102286450,METROPOLITAN NASHVILLE POLICE DEPT,20190063377,Davidson,Nashville,1/24/2019 5:33:00 PM,2,0,0,36.142000,-86.652280,I 40,,,,0.00,,,,,,,217.60,N,Not at Intersection,N,Non-Junction,None,,,         ,Seth,Vaughn,Clear,Front to Rear,no,no,no,no,yes,False
102286466,METROPOLITAN NASHVILLE POLICE DEPT,20190063185,Davidson,Nashville,1/24/2019 4:12:00 PM,2,0,0,36.156550,-86.759670,I24 W ENT RAMP,,,,0.00,Feet,East,I 24,,,,0.00,N,Not at Intersection,N,Non-Junction,None,,,         ,Gregory,Cenicola,Clear,"Sideswipe, Same Direction",no,no,no,no,no,False
102286467,METROPOLITAN NASHVILLE POLICE DEPT,20190063311,Davidson,Nashville,1/24/2019 4:36:00 PM,2,1,0,36.146270,-86.809790,WEST END AV,,,,0.00,,,NATCHEZ TRC,,,,0.00,Y,Four-Way,N,Intersection-Related,None,,,         ,Eric,Burford,Clear,Front to Rear,no,no,no,no,no,Campus
102286468,METROPOLITAN NASHVILLE POLICE DEPT,20190063287,Davidson,Not in City Limit,1/24/2019 4:50:00 PM,2,0,0,36.018050,-87.030140,HIGHWAY 100,,,,317.00,Feet,East,HIGHWAY 96,,,,0.00,N,Not at Intersection, ,Non-Junction,None,,,         ,Alexander,Donald,Clear,Front to Rear,no,no,no,no,no,False
102286477,METROPOLITAN NASHVILLE POLICE DEPT,20190063404,Davidson,Antioch,1/24/2019 5:47:00 PM,2,0,0,36.047840,-86.612050,MURFREESBORO PKE,,,,1284.00,Feet,North,MOUNTAIN SPRINGS RD,,,,0.00,N,Not at Intersection, ,Non-Junction,None,,,         ,Wesley,Carver,Cloudy,Angle,no,no,no,no,no,False
102286501,METROPOLITAN NASHVILLE POLICE DEPT,20190063422,Davidson,Nashville,1/24/2019 6:05:00 PM,2,0,0,36.138180,-86.727840,I 24,,,,0.00,,,,,,,51.40,N,Not at Intersection,N,Non-Junction,None,,,         ,Thomas,Miller,Clear,Angle,no,no,no,no,yes,False
102286503,METROPOLITAN NASHVILLE POLICE DEPT,20190063417,Davidson,Nashville,1/24/2019 5:57:00 PM,2,0,0,36.152120,-86.772230,LAFAYETTE ST,,,,0.00,,,ASH ST,,,,0.00,Y,Four-Way,N,Intersection,None,,,         ,Gabriel,Hamilton,Clear,"Sideswipe, Same Direction",no,no,no,no,yes,False
102286504,METROPOLITAN NASHVILLE POLICE DEPT,20190063546,Davidson,Nashville,1/24/2019 12:00:00 AM,2,0,0,36.109530,-86.727970,EAST THOMPSON LN,,,,37.00,Feet,North,BRILEY PKWYN,,,,0.00,N,Not at Intersection,N,Non-Junction,None,,,         ,Ryan,Sherry,Clear,Front to Rear,no,no,no,no,yes,False
102286505,GOODLETTSVILLE POLICE DEPT,19-02970,Davidson,Goodlettsville,1/24/2019 5:58:00 PM,3,0,0,36.325530,-86.699690,NORTHCREEK BLVD,,,,363.00,Feet,East,LONG HOLLOW PKE,,,,0.00,N,Not at Intersection, ,"Driveway, Alley Access, etc",None,,,         ,Marcus,Zugelder,Clear,Other,no,no,no,yes,no,False
102286509,VANDERBILT UNIVERSITY POLICE,20190063409,Davidson,Nashville,1/24/2019 5:45:00 PM,2,0,0,36.140880,-86.806790,25TH AVS,,,,566.00,Feet,West,CHILDRENS WAY,,,,0.00,N,Not at Intersection, ,Non-Junction,None,,,         ,Mark,Clear,Clear,Front to Rear,no,no,no,no,no,Campus
102286511,METROPOLITAN NASHVILLE POLICE DEPT,20190063101,Davidson,Nashville,1/24/2019 3:37:00 PM,4,2,0,36.052980,-86.644160,BELL RD,,,,357.00,Feet,North,EAGLE VIEW BLVD,,,,0.00,N,Not at Intersection,N,Non-Junction,None,,,         ,Devonte,Coleman,Clear,Front to Rear,no,no,no,no,yes,False
102286520,METROPOLITAN NASHVILLE POLICE DEPT,20190063207,Davidson,Nashville,1/24/2019 4:20:00 PM,2,0,0,36.164570,-86.779520,4TH AVN,,,,0.00,,,THE ARCADE,,,,0.00,Y,OTHER, ,Non-Junction,None,,,         ,Joshua,Reece,Clear,Angle,no,no,no,no,no,False
102286522,METROPOLITAN NASHVILLE POLICE DEPT,20190063426,Davidson,Nashville,1/24/2019 5:48:00 PM,2,1,0,36.145000,-86.872070,CHARLOTTE PKE,,,,281.00,Feet,North,AMERICAN RD,,,,0.00,N,Not at Intersection,N,Non-Junction,None,,,         ,Walter,Gray II,Clear,Front to Rear,no,no,no,no,no,False
102286523,METROPOLITAN NASHVILLE POLICE DEPT,20190063564,Davidson,Nashville,1/24/2019 7:07:00 PM,2,0,0,36.166230,-86.765790,SHELBY AV,,,,0.00,,,I24 E EXT RAMP,,,,0.00,Y,Four-Way, ,Intersection,None,,,         ,Roy,Sain Jr.,Clear,"Sideswipe, Same Direction",no,no,no,no,yes,False
102286530,METROPOLITAN NASHVILLE POLICE DEPT,20190063524,Davidson,Nashville,1/24/2019 6:47:00 PM,2,1,0,36.042450,-86.712940,MILL CREEK WHITTLEMORE GRNWY,,,,0.00,Feet,,SWISS AV,,,,0.00,Y,Four-Way,N,Intersection,None,,,         ,Taylor,Hurley,Clear,Angle,no,no,no,no,no,False
102286534,METROPOLITAN NASHVILLE POLICE DEPT,20190063488,Davidson,Nashville,1/24/2019 6:15:00 PM,2,0,0,36.111410,-86.771270,I 65,,,,0.00,,,,,,,79.85,N,Not at Intersection, ,,None,,,         ,Akira,McSwain,,,no,no,no,no,no,False
102286536,METROPOLITAN NASHVILLE POLICE DEPT,20190044844,Davidson,Nashville,1/17/2019 6:44:00 PM,2,0,0,36.155660,-86.789680,BROADWAY,,,,11.00,Feet,East,14TH AVS,,,,0.00,N,Not at Intersection, ,Non-Junction,None,,,         ,Brandon,O'Guin,Rain,"Sideswipe, Same Direction",no,no,no,no,no,False
102286551,METROPOLITAN NASHVILLE POLICE DEPT,20190063622,Davidson,Not in City Limit,1/24/2019 5:11:00 PM,2,0,0,36.318910,-86.841410,I 24,,,,0.00,,,,,,,36.65,N,Not at Intersection, ,Non-Junction,None,,,         ,Thomas,Miller,Clear,Front to Rear,no,no,no,no,no,False
102286568,METROPOLITAN NASHVILLE POLICE DEPT,20190063381,Davidson,Nashville,1/24/2019 5:37:00 PM,3,0,0,36.117130,-86.922580,CHARLOTTE PKE,,,,249.00,Feet,East,OLD HICKORY BLVD,,,,0.00,N,Not at Intersection,N,Non-Junction,None,,,         ,Brandon,Pedigo,Clear,Front to Rear,no,no,no,no,no,False
102286569,METROPOLITAN NASHVILLE POLICE DEPT,20190063539,Davidson,Nashville,1/24/2019 6:30:00 PM,2,0,0,36.168560,-86.686790,LEBANON PKE,,,,349.00,Feet,East,BRILEY PKWY N ENT RAMP,,,,0.00,N,Not at Intersection, ,Non-Junction,None,,,         ,Timothy,Ward,Clear,Front to Rear,no,no,no,no,no,False
102286576,METROPOLITAN NASHVILLE POLICE DEPT,2019-0063085,Davidson,Nashville,1/24/2019 3:30:00 PM,2,0,0,36.167030,-86.779840,JAMES ROBERTSON PKWY,,,,81.00,Feet,West,3RD AVN,,,,0.00,N,Not at Intersection, ,Non-Junction,None,,,         ,Brandon,O'Guin,Clear,"Sideswipe, Same Direction",no,no,no,no,yes,False
102286580,METROPOLITAN NASHVILLE POLICE DEPT,20190063234,Davidson,Nashville,1/24/2019 3:25:00 PM,2,0,0,36.148510,-86.722160,SPENCE LN,,,,132.00,Feet,South,MARWOOD LN,,,,0.00,N,Not at Intersection, ,Non-Junction,None,,,         ,Torry,Hill,Cloudy,"Sideswipe, Same Direction",no,no,no,no,no,False
102286587,VANDERBILT UNIVERSITY POLICE,20190063614,Davidson,Nashville,1/24/2019 10:15:00 AM,2,0,0,36.142080,-86.801020,MEDICAL CENTER DR,,,,0.00,,,,,,,0.00,,,N,Unknown,None,,,         ,Jeremy,Shannon,Clear,Unknown,no,no,no,yes,yes,Campus
102286612,METROPOLITAN NASHVILLE POLICE DEPT,20190063617,Davidson,Nashville,1/24/2019 7:40:00 PM,2,0,0,36.113300,-86.810990,HILLSBORO PKE,,,,240.00,Feet,South,WOODMONT BLVD,,,,0.00,N,Not at Intersection,N,Non-Junction,None,,,         ,Ty,Cummings,Clear,"Sideswipe, Same Direction",no,no,no,no,yes,False
102286613,METROPOLITAN NASHVILLE POLICE DEPT,20190063548,Davidson,Nashville,1/24/2019 6:40:00 PM,2,0,0,36.113950,-86.810880,WOODMONT BLVD,,,,0.00,,,HILLSBORO PKE,,,,0.00,Y,Four-Way,N,Non-Junction,None,,,         ,Heather,Fox,Clear,Front to Rear,no,no,no,no,no,False
102286642,METROPOLITAN NASHVILLE POLICE DEPT,20190063569,Davidson,Nashville,1/24/2019 7:08:00 PM,2,0,0,36.153890,-86.665470,DONELSON PKE,,,,50.00,Feet,North,WHITLAND CROSSING DR,,,,0.00,N,Not at Intersection,N,Non-Junction,None,,,         ,Torry,Hill,Cloudy,Angle,no,no,no,no,no,False
102286646,METROPOLITAN NASHVILLE POLICE DEPT,20190063784,Davidson,Not in City Limit,1/24/2019 9:09:00 PM,2,1,0,36.266000,-86.741390,OLD HICKORY BLVDW,,,,0.00,,,NESBITT LN,,,,0.00,Y,Four-Way,N,Intersection,None,,,         ,Christopher,Littles,Clear,Angle,no,no,no,no,no,False
102286651,METROPOLITAN NASHVILLE POLICE DEPT,20190063504,Davidson,Nashville,1/24/2019 6:30:00 PM,2,0,0,36.126170,-86.814580,I 440,,,,0.00,,,,,,,2.30,N,Not at Intersection, ,Non-Junction,None,,,         ,Torian,Cox,Clear,Front to Rear,no,no,no,no,no,False
102286652,METROPOLITAN NASHVILLE POLICE DEPT,20190063831,Davidson,Nashville,1/24/2019 8:52:00 PM,1,1,0,36.176870,-86.793850,TAYLOR ST,,,,0.00,Feet,,ROSA L PARKS BLVD,,,,0.00,Y,Four-Way,Y,Intersection,None,,,         ,Thomas,Miller,Clear,Not Collision with Motor Vehicle in Transport,no,no,no,no,yes,False
102286664,METROPOLITAN NASHVILLE POLICE DEPT,20190063636,Davidson,Antioch,1/24/2019 6:58:00 PM,2,0,0,36.045450,-86.647140,MT VIEW RD,,,,45.00,Feet,East,CROSSINGS BLVD,,,,0.00,N,Not at Intersection, ,Non-Junction,None,,,         ,Wesley,Carver,Cloudy,Front to Rear,no,no,no,no,no,False
102286676,METROPOLITAN NASHVILLE POLICE DEPT,20190063868,Davidson,Nashville,1/24/2019 9:45:00 PM,2,0,0,36.149180,-86.773810,I 40,,,,0.00,,,,,,,210.20,N,Not at Intersection,N,Non-Junction,None,,,         ,Trenton,Searcy,Clear,"Sideswipe, Same Direction",no,no,no,no,yes,False
102286692,GOODLETTSVILLE POLICE DEPT,19-02988,Davidson,Goodlettsville,1/24/2019 9:40:00 PM,2,0,0,36.294490,-86.705280,ALTA LOMA RD,,,,0.00,Feet,,GLEAVES ST,,,,0.00,Y,Four-Way, ,Intersection,None,,,         ,Zachary,Scannell,Clear,Angle,no,no,no,no,no,False
102286728,METROPOLITAN NASHVILLE POLICE DEPT,20190063983,Davidson,Nashville,1/24/2019 11:11:00 PM,2,0,0,36.130410,-86.817350,I 440,,,,0.00,,,,,,,2.00,N,Not at Intersection,N,Non-Junction,Work Zone,Work On Shoulder Or Median,Unknown,         ,Joshua,Asbell,Clear,Front to Rear,no,no,no,no,no,False
102286731,METROPOLITAN NASHVILLE POLICE DEPT,20190064095,Davidson,Nashville,1/24/2019 11:32:00 PM,2,0,0,36.135200,-86.701870,GLASTONBURY RD,,,,17.00,Feet,North,SOUTHWOOD PARK PL,,,,0.00,N,Not at Intersection,N,Non-Junction,None,,,         ,Curtis,Fisher,Clear,Angle,no,no,no,no,yes,False
102286746,METROPOLITAN NASHVILLE POLICE DEPT,20190064176,Davidson,Nashville,1/25/2019 1:00:00 AM,4,0,0,36.192050,-86.738800,DOUGLAS AV,,,,274.00,Feet,East,SCOTT AV,,,,0.00,N,Not at Intersection,N,Non-Junction,None,,,         ,Douglas,Smith,Clear,"Sideswipe, Opposite Direction",no,no,no,no,no,False
102286761,METROPOLITAN NASHVILLE POLICE DEPT,20190064458,Davidson,Nashville,1/25/2019 3:00:00 AM,1,0,0,36.149780,-86.780110,DIVISION ST,,,,269.00,Feet,East,9TH AVS,,,,0.00,N,Not at Intersection,N,Non-Junction,None,,,         ,Eric,Schaefer,Clear,Not Collision with Motor Vehicle in Transport,no,no,no,no,no,False
102286766,METROPOLITAN NASHVILLE POLICE DEPT,20190064557,Davidson,Nashville,1/25/2019 3:45:00 AM,1,0,0,36.044780,-86.686550,BELL RD,,,,756.00,Feet,South,BRENTRIDGE DR,,,,0.00,N,Not at Intersection,N,Non-Junction,None,,,         ,Kevin,Breeding,Clear,Not Collision with Motor Vehicle in Transport,no,no,no,no,no,False
102286771,METROPOLITAN NASHVILLE POLICE DEPT,20190064539,Davidson,Nashville,1/25/2019 3:40:00 AM,1,0,0,36.054800,-86.674200,I 24,,,,0.00,,,,,,,58.30,N,Not at Intersection,N,Non-Junction,None,,,         ,Alex,DiBernardo,Clear,Not Collision with Motor Vehicle in Transport,no,no,no,no,no,False
102286799,METROPOLITAN NASHVILLE POLICE DEPT,20190064131,Davidson,Nashville,1/25/2019 12:00:00 AM,2,0,0,36.177940,-86.605000,OLD HICKORY BLVD,,,,0.00,,,I40 E EXT RAMP,,,,0.00,Y,OTHER, ,Intersection,None,,,         ,Bridget,Griepentrog,Clear,"Sideswipe, Same Direction",no,no,no,no,yes,False
102286800,METROPOLITAN NASHVILLE POLICE DEPT,20190064615,Davidson,Nashville,1/25/2019 4:20:00 AM,1,2,0,36.138900,-86.635380,TRAILS END LN,,,,130.00,Feet,South,WHITE PINE DR,,,,0.00,N,Not at Intersection,N,Non-Junction,None,,,         ,Bridget,Griepentrog,Clear,Not Collision with Motor Vehicle in Transport,no,no,no,no,no,False
102286801,METROPOLITAN NASHVILLE POLICE DEPT,20190064639,Davidson,Goodlettsville,1/25/2019 4:30:00 AM,2,0,0,36.296010,-86.715680,I 65,,,,0.00,,,,,,,94.80,N,Not at Intersection,N,Non-Junction,None,,,         ,Coleman,McKellar,Clear,"Sideswipe, Same Direction",no,no,no,no,yes,False
102286802,METROPOLITAN NASHVILLE POLICE DEPT,20190064692,Davidson,Nashville,1/25/2019 5:04:00 AM,1,1,0,36.256060,-86.714440,GALLATIN PKES,,,,52.00,Feet,South,NEELYS BEND RD,,,,0.00,N,Not at Intersection,N,Non-Junction,None,,,         ,Reuben,Hewit,Clear,Not Collision with Motor Vehicle in Transport,no,no,no,no,no,False
102286839,METROPOLITAN NASHVILLE POLICE DEPT,20190064907,Davidson,Nashville,1/25/2019 7:00:00 AM,2,0,0,36.155290,-86.829750,I 40,,,,0.00,,,,,,,205.50,N,Not at Intersection, ,Non-Junction,None,,,         ,Curtis,Rich,Clear,Front to Rear,no,no,no,no,yes,False
102286849,METROPOLITAN NASHVILLE POLICE DEPT,20190064808,Davidson,Nashville,1/25/2019 6:21:00 AM,2,1,0,36.039390,-86.602950,MURFREESBORO,PIKE,,,0.00,,,OLD HICKORY,BLVD,,,0.00,Y,Four-Way,Y,Intersection,None,,,         ,Kevin,Breeding,Clear,Front to Rear,no,no,no,no,yes,False
102286851,METROPOLITAN NASHVILLE POLICE DEPT,20190064933,Davidson,Nashville,1/25/2019 7:30:00 AM,2,0,0,36.183490,-86.607970,ANDREW JACKSON WAY,,,,443.00,Feet,North,OLD HICKORY BLVD,,,,0.00,N,Not at Intersection, ,OtherLocation,None,,,         ,Tien,Nguyen,Clear,Angle,no,no,no,no,no,False
102286855,METROPOLITAN NASHVILLE POLICE DEPT,20190064904,Davidson,Nashville,1/25/2019 6:20:00 AM,1,0,0,36.152720,-86.822510,I 440,,,,0.00,,,,,,,1.65,N,Not at Intersection,N,Non-Junction,None,,,         ,Jon,Mcvey,Clear,Not Collision with Motor Vehicle in Transport,no,no,no,no,no,False
102286856,METROPOLITAN NASHVILLE POLICE DEPT,20190064830,Davidson,Nashville,1/25/2019 6:20:00 AM,1,0,0,36.152740,-86.822510,I 440,,,,0.00,,,,,,,1.65,N,Not at Intersection, ,Non-Junction,None,,,         ,Jon,Mcvey,Clear,Not Collision with Motor Vehicle in Transport,no,no,no,no,no,False
102286859,METROPOLITAN NASHVILLE POLICE DEPT,20190064819,Davidson,Nashville,1/25/2019 6:27:00 AM,2,0,0,36.125360,-86.696190,BRILEY PKWY,,,,0.00,,,KERMIT DR,,,,0.00,Y,T-Intersection,N,Intersection,None,,,         ,Michael,Dance,Clear,Angle,no,no,no,no,yes,False
102286861,METROPOLITAN NASHVILLE POLICE DEPT,20190064935,Davidson,Nashville,1/25/2019 7:12:00 AM,2,0,0,36.083740,-86.705380,LARGO DR,,,,98.00,Feet,East,LINBAR DR,,,,0.00,N,Not at Intersection,N,Non-Junction,None,,,         ,Jason,Kedzierski,Clear,"Sideswipe, Same Direction",no,no,no,no,yes,False
102286864,METROPOLITAN NASHVILLE POLICE DEPT,20190064997,Davidson,Nashville,1/25/2019 7:48:00 AM,2,0,0,36.114740,-86.918020,I 40,,,,0.00,,,,,,,199.55,N,Not at Intersection,N,Non-Junction,None,,,         ,Curtis,Rich,Clear,Front to Rear,no,no,no,no,no,False
102286867,METROPOLITAN NASHVILLE POLICE DEPT,2019 0064914,Davidson,Nashville,1/25/2019 7:15:00 AM,2,0,0,36.051400,-86.885230,OLD HICKORY BLVD,,,,72.00,Feet,East,EDINBURGH DR,,,,0.00,N,Not at Intersection, ,Non-Junction,None,,,         ,Paul,Junkmann,Clear,Front to Rear,no,no,no,no,no,False
102286870,METROPOLITAN NASHVILLE POLICE DEPT,20190064824,Davidson,Nashville,1/25/2019 6:33:00 AM,2,0,0,36.039650,-86.603290,MURFREESBORO,PIKE,,,0.00,,,OLD HICKORY,BLVD,,,0.00,Y,Four-Way,Y,Intersection,None,,,         ,Kevin,Breeding,Clear,Front to Rear,no,no,no,no,no,False
102286894,METROPOLITAN NASHVILLE POLICE DEPT,20190065099,Davidson,Nashville,1/25/2019 7:55:00 AM,2,1,0,36.127730,-86.851530,WHITE BRIDGE PKE,,,,158.00,Feet,East,POST PL,,,,0.00,N,Not at Intersection, ,Non-Junction,None,,,         ,Curtis,Rich,Clear,Front to Rear,no,no,no,no,no,False
102286897,METROPOLITAN NASHVILLE POLICE DEPT,20190064886,Davidson,Antioch,1/25/2019 7:10:00 AM,3,1,0,36.019010,-86.625450,I 24,,,,0.00,,,,,,,62.15,N,Not at Intersection,N,Non-Junction,None,,,         ,Jessie,Meadows,Clear,Front to Rear,no,no,no,no,no,False
102286899,METROPOLITAN NASHVILLE POLICE DEPT,20190064924,Davidson,Nashville,1/25/2019 7:35:00 AM,2,0,0,36.140310,-86.829200,MURPHY RD,,,,0.00,,,37TH AVN,,,,0.00,Y,T-Intersection,N,Intersection,None,,,         ,Robert,Morris,Clear,Front to Rear,no,no,no,no,no,False
102286909,METROPOLITAN NASHVILLE POLICE DEPT,20190064963,Davidson,Nashville,1/25/2019 7:40:00 AM,2,0,0,36.155370,-86.848760,51ST AVN,,,,0.00,Feet,,GEORGIA AV,,,,0.00,Y,Four-Way,N,Intersection,None,,,         ,Joshua,Dale,Clear,Angle,no,no,no,no,no,False
102286912,METROPOLITAN NASHVILLE POLICE DEPT,20190064998,Davidson,Madison,1/25/2019 7:30:00 AM,2,0,0,36.300240,-86.695860,GALLATIN PKEN,,,,271.00,Feet,East,CUDE LN,,,,0.00,N,Not at Intersection, ,Non-Junction,None,,,         ,Cyretha,Frazier,Cloudy,"Sideswipe, Same Direction",no,no,no,no,no,False
102286918,METROPOLITAN NASHVILLE POLICE DEPT,20190065054,Davidson,Nashville,1/25/2019 8:05:00 AM,2,0,0,36.074490,-86.689630,BAKERTOWN RD,,,,11.00,Feet,South,DERRICK CT,,,,0.00,N,Not at Intersection,N,Non-Junction,None,,,         ,Brian,Lamb,Clear,Front to Rear,no,no,no,no,no,False
102286922,METROPOLITAN NASHVILLE POLICE DEPT,20190064962,Davidson,Nashville,1/25/2019 7:46:00 AM,2,3,0,36.195990,-86.742610,GALLATIN AV,,,,0.00,,,CAHAL AV,,,,0.00,Y,T-Intersection,N,Intersection,None,,,         ,Nathan,Mayo,Clear,Angle,no,no,no,no,no,False
102286924,METROPOLITAN NASHVILLE POLICE DEPT,2019-0064125,Davidson,Nashville,1/25/2019 12:30:00 AM,2,0,0,36.136160,-86.788670,WEDGEWOOD AV,,,,0.00,,,12TH AVS,,,,0.00,Y,Four-Way,Y,Intersection-Related,None,,,         ,Frank,Walker,Clear,Angle,no,no,no,no,yes,False
102286939,METROPOLITAN NASHVILLE POLICE DEPT,20190065089,Davidson,Nashville,1/25/2019 8:37:00 AM,2,0,0,36.187720,-86.777650,COWAN ST,,,,1037.00,Feet,North,I24 E ENT RAMP,,,,0.00,N,Not at Intersection, ,Non-Junction,None,,,         ,Kyle,Eicholtz,Clear,Angle,no,no,no,no,no,False
102286941,METROPOLITAN NASHVILLE POLICE DEPT,2019 0065097,Davidson,Nashville,1/25/2019 8:10:00 AM,2,0,0,36.134660,-86.820300,I440 E ENT RAMP,,,,0.00,Feet,East,I 440,,,,0.00,N,Not at Intersection, ,Non-Junction,Construction Zone,,,         ,Paul,Junkmann,Clear,Front to Rear,no,no,no,no,no,False
102286958,METROPOLITAN NASHVILLE POLICE DEPT,20190065181,Davidson,Nashville,1/25/2019 9:18:00 AM,2,0,0,36.078840,-86.632040,EDGE O LAKE DR,,,,249.00,Feet,South,BELL RD,,,,0.00,N,Not at Intersection, ,OtherLocation,None,,,         ,Tien,Nguyen,Clear,Rear to Side,no,no,no,no,no,False
102286960,METROPOLITAN NASHVILLE POLICE DEPT,20190064989,Davidson,Not in City Limit,1/25/2019 7:55:00 AM,1,0,0,36.276940,-86.816760,LICKTON PKE,,,,1243.00,Feet,North,OLD HICKORY BLVD,,,,0.00,N,Not at Intersection,N,Non-Junction,None,,,         ,Jeanine,Sarno,Clear,Not Collision with Motor Vehicle in Transport,no,no,no,no,no,False
102286964,METROPOLITAN NASHVILLE POLICE DEPT,20190065206,Davidson,Nashville,1/25/2019 9:15:00 AM,2,0,0,36.186080,-86.798330,I65 S EXT RAMP,,,,0.00,,,I 65,,,,0.00,Y,T-Intersection, ,Intersection,None,,,         ,Wesley,Young,Clear,Front to Rear,no,no,no,no,no,False
102286979,METROPOLITAN NASHVILLE POLICE DEPT,20190064940,Davidson,Antioch,1/25/2019 7:10:00 AM,2,0,0,36.047840,-86.612050,MURFREESBORO PKE,,,,1284.00,Feet,North,MOUNTAIN SPRINGS RD,,,,0.00,N,Not at Intersection,N,Non-Junction,None,,,         ,Jessie,Meadows,Clear,Angle,no,no,no,no,no,False
102286980,METROPOLITAN NASHVILLE POLICE DEPT,20190065024,Davidson,Nashville,1/25/2019 8:00:00 AM,2,0,0,36.040180,-86.649820,I 24,,,,0.00,,,,,,,60.00,N,Not at Intersection,N,Non-Junction,None,,,         ,Jessie,Meadows,Clear,"Sideswipe, Same Direction",no,no,no,no,yes,False
102286984,METROPOLITAN NASHVILLE POLICE DEPT,20190065142,Davidson,Nashville,1/25/2019 8:59:00 AM,2,2,0,36.084830,-86.728190,NOLENSVILLE PKE,,,,0.00,,,PARAGON MILLS RD,,,,0.00,Y,Four-Way,N,Intersection,None,,,         ,Jon,Mcvey,Clear,Angle,no,no,no,no,no,False
102286999,METROPOLITAN NASHVILLE POLICE DEPT,20190065228,Davidson,Nashville,1/25/2019 9:45:00 AM,2,0,0,36.070190,-86.689990,I 24,,,,0.00,,,,,,,56.95,N,Not at Intersection, ,Non-Junction,None,,,         ,Jessie,Meadows,Clear,Other,no,no,no,no,no,False
102287008,METROPOLITAN NASHVILLE POLICE DEPT,20190065010,Davidson,Nashville,1/25/2019 8:07:00 AM,2,0,0,36.079080,-86.727850,HARDING PL,,,,502.00,Feet,West,NOLENSVILLE PKE,,,,0.00,N,Not at Intersection, ,Non-Junction,None,,,         ,Raymond,Flaherty,Clear,"Sideswipe, Same Direction",no,no,no,no,yes,False
102287028,METROPOLITAN NASHVILLE POLICE DEPT,20190065242,Davidson,Nashville,1/25/2019 12:00:00 AM,2,0,0,36.070980,-86.648790,PEBBLE CREEK DR,,,,232.00,Feet,West,SPRINGMORE CT,,,,0.00,N,Not at Intersection,N,Non-Junction,None,,,         ,Jessie,Meadows,Clear,"Sideswipe, Opposite Direction",no,no,no,no,yes,False
102287036,METROPOLITAN NASHVILLE POLICE DEPT,20190065281,Davidson,Nashville,1/25/2019 10:07:00 AM,1,1,0,36.047300,-86.862740,OLD HICKORY BLVD,,,,0.00,Feet,,HILLSBORO PKE,,,,0.00,Y,Four-Way,Y,Intersection-Related,None,,,         ,Gary,Sneed,Clear,Not Collision with Motor Vehicle in Transport,no,no,no,no,no,False
102287038,METROPOLITAN NASHVILLE POLICE DEPT,2019-0065198,Davidson,Nashville,1/25/2019 9:31:00 AM,2,1,0,36.148480,-86.793490,CHET ATKINS PL,,,,0.00,,,MUSIC SQW,,,,0.00,Y,Four-Way,N,Intersection,None,,,         ,William,Caillouette,Clear,Angle,no,no,no,no,no,False