master_record_number,agency,agency_tracking_number,county,city,collision_date,vehicles_involved,number_injured,number_dead,latitude,longitude,roadway_name,roadway_suffix,roadway_number,roadway_local_id,distance_from_reference,miles-feet_indicator,direction_from_reference,intersection_road_name,intersection_road_name_suffix,intersection_road_number,intersection_local_id,mile_marker,intersection_indicator,intersect_type,interchange_related_indicator,relation_to_junction,work_zone_type,construction_maintenance_zone,construction_maintenance_zone_location,fatal_case_number,officer_first_name,officer_last_name,weather_condition(s),manner_of_crash,pedestrian,bicycle,scooter,parking,hitrun,mou
102290712,METROPOLITAN NASHVILLE POLICE DEPT,20190074211,Davidson,Nashville,1/28/2019 8:08:00 PM,2,0,0,36.192710,-86.744370,DOUGLAS AV,,,,0.00,Feet,,GALLATIN AV,,,,0.00,Y,Four-Way, ,Intersection,None,,,         ,Dalton,Crum,Rain,Angle,no,no,no,no,no,False
102290713,METROPOLITAN NASHVILLE POLICE DEPT,20190073970,Davidson,Nashville,1/28/2019 6:16:00 PM,2,0,0,36.068740,-86.717710,HAYWOOD LN,,,,421.00,Feet,West,HOPEDALE DR,,,,0.00,N,Not at Intersection,N,Non-Junction,None,,,         ,Taylor,Hurley,Cloudy,Angle,no,no,no,no,no,False
102290728,METROPOLITAN NASHVILLE POLICE DEPT,20190074154,Davidson,Nashville,1/28/2019 7:46:00 PM,2,0,0,36.104700,-86.742030,NOLENSVILLE PKE,,,,211.00,Feet,South,RADNOR ST,,,,0.00,N,Not at Intersection,N,Non-Junction,None,,,         ,Andrew,Brazee,Rain,Angle,no,no,no,no,no,False
102290732,VANDERBILT UNIVERSITY POLICE,20190074044,Davidson,Nashville,1/28/2019 6:25:00 PM,2,0,0,36.142040,-86.800140,21ST AVS,,,,272.00,Feet,South,MEDICAL CENTER DR,,,,0.00,N,Not at Intersection,N,Non-Junction,None,,,         ,Mark,Clear,Rain,Front to Rear,no,no,no,no,no,Campus
102290735,METROPOLITAN NASHVILLE POLICE DEPT,20190074172,Davidson,Nashville,1/28/2019 7:50:00 PM,2,2,0,36.152200,-86.842220,CHARLOTTE AV,,,,0.00,Feet,,46TH AVN,,,,0.00,Y,Four-Way,N,Intersection-Related,None,,,         ,Kelby,Dumond,Rain,Front to Rear,no,no,no,no,no,False
102290737,METROPOLITAN NASHVILLE POLICE DEPT,2018006619,Davidson,Nashville,1/28/2019 7:00:00 PM,2,0,0,36.082100,-86.761700,HARDING PL,,,,0.00,,,SIDCO DR,,,,0.00,Y,Four-Way, ,Intersection,None,,,         ,Brian,Theriac,Clear,Front to Rear,no,no,no,no,no,False
102290739,METROPOLITAN NASHVILLE POLICE DEPT,20190074056,Davidson,Nashville,1/28/2019 6:04:00 PM,3,0,0,36.106230,-86.718860,I 24,,,,0.00,,,,,,,54.00,N,Not at Intersection,N,Non-Junction,None,,,         ,Johnathon,Birdwell,Rain,Front to Rear,no,no,no,no,no,False
102290774,METROPOLITAN NASHVILLE POLICE DEPT,20190074174,Davidson,Nashville,1/28/2019 7:47:00 PM,2,0,0,36.115700,-86.781030,I65 ENT RAMP,,,,0.00,Feet,East,I 440,,,,0.00,N,Not at Intersection,N,Non-Junction,None,,,         ,Akira,McSwain,Rain,"Sideswipe, Same Direction",no,no,no,no,yes,False
102290775,METROPOLITAN NASHVILLE POLICE DEPT,20190071241,Davidson,Nashville,1/27/2019 7:01:00 PM,2,0,0,36.156420,-86.839790,44TH AVN,,,,142.00,Feet,South,INDIANA AV,,,,0.00,N,Not at Intersection, ,Non-Junction,None,,,         ,Torian,Cox,Clear,"Sideswipe, Opposite Direction",no,no,no,no,yes,False
102290777,METROPOLITAN NASHVILLE POLICE DEPT,20190074332,Davidson,Nashville,1/28/2019 9:09:00 PM,2,1,0,36.148390,-86.780480,I 40,,,,0.00,,,,,,,209.80,N,Not at Intersection,N,Non-Junction,None,,,         ,FELIKS,ABRAHAMYAN,Rain,Angle,no,no,no,no,no,False
102290778,METROPOLITAN NASHVILLE POLICE DEPT,20190074349,Davidson,Nashville,1/28/2019 9:15:00 PM,1,0,0,36.189000,-86.593270,TULIP GROVE RD,,,,52.00,Feet,South,OLD LEBANON DIRT RD,,,,0.00,N,Not at Intersection,N,Non-Junction,None,,,         ,Tony,Mingsing,Rain,Not Collision with Motor Vehicle in Transport,yes,no,no,no,no,False
102290798,METROPOLITAN NASHVILLE POLICE DEPT,20190074030,Davidson,Antioch,1/28/2019 3:53:00 PM,2,0,0,36.050620,-86.606180,GROVEDALE TRC,,,,201.00,Feet,North,PIN HOOK RD,,,,0.00,N,Not at Intersection, ,Non-Junction,None,,,         ,Wesley,Carver,Cloudy,Angle,no,no,no,no,no,False
102290804,METROPOLITAN NASHVILLE POLICE DEPT,20190074369,Davidson,Nashville,1/28/2019 9:21:00 PM,2,0,0,36.152340,-86.771580,4TH AVS,,,,0.00,,,ASH ST,,,,0.00,Y,Four-Way, ,Intersection,None,,,         ,Gabriel,Hamilton,Rain,"Sideswipe, Same Direction",no,no,no,no,no,False
102290806,METROPOLITAN NASHVILLE POLICE DEPT,20190074373,Davidson,Nashville,1/28/2019 9:07:00 PM,2,0,0,36.116030,-86.789920,I 440,,,,0.00,,,,,,,4.00,N,Not at Intersection,N,Non-Junction,Construction Zone,Lane Shift-Crossover,Transition Area,         ,Jonathan,Sharp,Rain,Front to Rear,no,no,no,no,no,False
102290809,METROPOLITAN NASHVILLE POLICE DEPT,20190074361,Davidson,Nashville,1/28/2019 9:17:00 PM,1,1,0,36.081240,-86.701170,LINBAR DR,,,,312.00,Feet,South,WALLACE RD,,,,0.00,N,Not at Intersection,N,Non-Junction,None,,,         ,Madison,Meiss,Rain,Not Collision with Motor Vehicle in Transport,yes,no,no,no,no,False
102290818,METROPOLITAN NASHVILLE POLICE DEPT,20190074458,Davidson,Nashville,1/28/2019 10:10:00 PM,2,0,0,36.139470,-86.665770,I40 E ENT RAMP,,,,0.00,,,DONELSON PKE,,,,0.00,Y,T-Intersection,N,Non-Junction,None,,,         ,Deandera,Payne,Rain,Angle,no,no,no,no,yes,False
102290835,METROPOLITAN NASHVILLE POLICE DEPT,20190074556,Davidson,Nashville,1/28/2019 11:09:00 PM,2,1,0,36.176640,-86.771010,SPRING ST,,,,0.00,,,DICKERSON PKE,,,,0.00,Y,T-Intersection,Y,Intersection-Related,None,,,         ,Bradley,Pope,Rain,Front to Rear,no,no,no,no,yes,False
102290871,METROPOLITAN NASHVILLE POLICE DEPT,20190074501,Davidson,Nashville,1/28/2019 9:20:00 PM,2,0,0,36.092990,-86.839720,ESTES RD,,,,85.00,Feet,North,HARDING PL,,,,0.00,N,Not at Intersection,N,OtherLocation,None,,,         ,Kenneth,Bray,Clear,Front to Rear,no,no,no,no,yes,False
102291119,METROPOLITAN NASHVILLE POLICE DEPT,20190073891,Davidson,Nashville,1/28/2019 5:27:00 PM,2,0,0,36.168810,-86.769420,RUSSELL ST,,,,308.00,Feet,East,S 2ND ST,,,,0.00,N,Not at Intersection, ,,None,,,         ,Timothy,Mead,,,no,no,no,no,no,False
102291200,METROPOLITAN NASHVILLE POLICE DEPT,20190073927,Davidson,Nashville,1/28/2019 5:50:00 PM,2,1,0,36.170180,-86.772700,JAMES ROBERTSON PKWY,,,,59.00,Feet,East,N 1ST ST,,,,0.00,N,Not at Intersection,N,Non-Junction,None,,,         ,Brandon,O'Guin,Cloudy,Front to Rear,no,no,no,no,no,False
102291326,Metro Park Police,20190054360,Davidson,Nashville,1/21/2019 3:45:00 PM,1,0,0,36.172180,-86.739350,LILLIAN ST,,,,178.00,Feet,West,S 18TH ST,,,,0.00,N,Not at Intersection,N,Non-Junction,None,,,         ,Penny,Adcock,Clear,Not Collision with Motor Vehicle in Transport,no,no,no,no,no,False
102291329,THP District 3 - Nashville,319005866,Davidson,Nashville,1/28/2019 8:06:00 PM,2,0,0,36.031660,-86.783700,I 65,,,,0.00,,,,,,,74.05,N,Not at Intersection,N,Non-Junction,None,,,         ,Kendall,Jenkins,Rain,"Sideswipe, Same Direction",no,no,no,no,yes,False
102291724,METROPOLITAN NASHVILLE POLICE DEPT,20190071396,Davidson,Nashville,1/27/2019 9:30:00 PM,3,0,0,36.134020,-86.722560,MURFREESBORO PKE,,,,500.00,Feet,East,PLUS PARK BLVD,,,,0.00,N,Not at Intersection,N,Non-Junction,None,,,         ,Bradley,Nave,Clear,Rear to Rear,no,no,no,yes,yes,False
102291816,METROPOLITAN NASHVILLE POLICE DEPT,20190072729,Davidson,Nashville,1/28/2019 9:00:00 AM,2,0,0,36.166340,-86.779070,3RD AVN,,,,0.00,,,DEADERICK ST,,,,0.00,Y,T-Intersection, ,Intersection,None,,,         ,Cory,West,Clear,"Sideswipe, Same Direction",no,no,no,no,no,False
102292115,THP District 9 - Administrative,319004903,Davidson,Nashville,1/24/2019 11:24:00 AM,2,0,0,36.167880,-86.783210,5TH AVN,,,,0.00,,,GAY ST,,,,0.00,Y,OTHER, ,"Driveway, Alley Access, etc",None,,,         ,William,Gregory,Clear,"Sideswipe, Same Direction",no,no,no,no,no,False
102292814,METROPOLITAN NASHVILLE POLICE DEPT,20190049016,Davidson,Nashville,1/19/2019 7:33:00 AM,1,1,0,36.169900,-86.590270,I 40,,,,0.00,,,,,,,221.45,N,Not at Intersection,N,Non-Junction,None,,,         ,Kelsey,Hemminger,Rain,Not Collision with Motor Vehicle in Transport,no,no,no,no,no,False
102293555,Nashville Airport Police,2019-00245,Davidson,Nashville,1/17/2019 4:40:00 AM,3,0,0,36.118240,-86.668540,HANGAR CT,,,,0.00,,East,,,SR,,0.00,,Not at Intersection,N,Non-Junction,Maintenance Zone,Other,Unknown,         ,Joyce,Page,Clear,"Sideswipe, Opposite Direction",no,no,no,yes,no,False
102293992,THP District 3 - Nashville,319004911,Davidson,Not in City Limit,1/24/2019 12:35:00 PM,2,0,0,36.348450,-86.931810,I 24,,,,0.00,,,,,,,31.00,N,Not at Intersection, ,,None,,,         ,Alexander,Campbell,,,no,no,no,no,no,False
102297587,METROPOLITAN NASHVILLE POLICE DEPT,20190071317,Davidson,Nashville,1/27/2019 9:36:00 PM,1,0,1,36.150540,-86.767850,2ND AVS,,,,0.00,,,LAFAYETTE ST,,,,0.00,Y,Five Point Or More,N,Intersection,None,,,19-0060  ,William,Waters,Clear,Not Collision with Motor Vehicle in Transport,yes,no,no,no,no,False
102298950,METROPOLITAN NASHVILLE POLICE DEPT,20190044905,Davidson,Nashville,1/17/2019 7:22:00 PM,2,0,0,36.045270,-86.714270,OLD HICKORY BLVD,,,,302.00,Feet,West,NOLENSVILLE PKE,,,,0.00,N,Not at Intersection,N,Non-Junction,None,,,         ,FELIKS,ABRAHAMYAN,Clear,Angle,no,no,no,no,no,False
102409245,METROPOLITAN NASHVILLE POLICE DEPT,20190000180,Davidson,Nashville,1/1/2019 1:00:00 AM,1,0,0,36.110290,-86.773290,WOODMONT BLVD,,,,0.00,,,THOMPSON LN,,,,0.00,Y,OTHER,N,Intersection-Related,None,,,         ,William,Hamblen,Clear,Not Collision with Motor Vehicle in Transport,no,no,no,no,no,False
102290855,METROPOLITAN NASHVILLE POLICE DEPT,20190074753,Davidson,Lakewood,1/29/2019 12:10:00 AM,1,0,0,36.237860,-86.628850,OLD HICKORY BLVD,,,,478.00,Feet,East,FELLOWSHIP LN,,,,0.00,N,Not at Intersection,N,Non-Junction,None,,,         ,Patrick,Lancaster,Clear,Not Collision with Motor Vehicle in Transport,no,no,no,no,no,False
102290870,METROPOLITAN NASHVILLE POLICE DEPT,20190074879,Davidson,Nashville,1/29/2019 12:30:00 AM,2,3,0,36.198990,-86.845220,HYDES FERRY RD,,,,0.00,,,ASHLAND CITY HWY,,,,0.00,Y,T-Intersection,N,Intersection,None,,,         ,Charles,Duke,Clear,Angle,no,no,no,no,no,False
102290896,METROPOLITAN NASHVILLE POLICE DEPT,20190075354,Davidson,Nashville,1/29/2019 4:00:00 AM,2,0,0,36.145950,-86.666600,ROYAL PKWY,,,,0.00,,,DONELSON PKE,,,,0.00,Y,Four-Way,N,Intersection,None,,,         ,Tyler,Manivong,Clear,Angle,no,no,no,no,no,False
102290904,METROPOLITAN NASHVILLE POLICE DEPT,20190075573,Davidson,Nashville,1/29/2019 5:25:00 AM,2,0,0,36.116500,-86.748050,JOYNER AV,,,,0.00,Feet,,NOLENSVILLE PKE,,,,0.00,Y,Four-Way,N,Intersection,None,,,         ,Garrett,Reingardt,Clear,Angle,no,no,no,no,yes,False
102290909,METROPOLITAN NASHVILLE POLICE DEPT,20190075564,Davidson,Nashville,1/29/2019 12:00:00 AM,1,0,0,36.156740,-86.794080,CHURCH ST,,,,93.00,Feet,West,16TH AVN,,,,0.00,N,Not at Intersection,N,Non-Junction,None,,,         ,Brian,Warstadt,Clear,Not Collision with Motor Vehicle in Transport,no,no,no,no,yes,False
102290926,METROPOLITAN NASHVILLE POLICE DEPT,20190075594,Davidson,Not in City Limit,1/29/2019 5:40:00 AM,2,1,0,36.019840,-86.626380,I 24,,,,0.00,,,,,,,62.10,N,Not at Intersection,N,Non-Junction,None,,,         ,Douglas,Meringer,Clear,Front to Rear,no,no,no,no,no,False
102290936,METROPOLITAN NASHVILLE POLICE DEPT,20190075574,Davidson,Nashville,1/29/2019 5:29:00 AM,3,0,0,36.230660,-86.747660,ELLINGTON PKWYS,,,,0.00,Feet,East,BROADMOOR DR,,,,0.00,N,Not at Intersection,N,Non-Junction,None,,,         ,Reginald,Pierre-Paul,Clear,"Sideswipe, Same Direction",no,no,no,no,yes,False
102290949,METROPOLITAN NASHVILLE POLICE DEPT,20190075692,Davidson,Not in City Limit,1/29/2019 6:45:00 AM,2,0,0,36.078020,-86.949070,HIGHWAY 70S,,,,0.00,,,BELLEVUE CTR PVTDR,,,,0.00,Y,Four-Way,N,Intersection-Related,None,,,         ,Curtis,Rich,Clear,Angle,no,no,no,no,no,False
102290958,METROPOLITAN NASHVILLE POLICE DEPT,20190075699,Davidson,Old Hickory,1/29/2019 6:45:00 AM,2,0,0,36.260150,-86.659940,ROBINSON RD,,,,1013.00,Feet,South,MARTINGALE DR,,,,0.00,N,Not at Intersection,N,Non-Junction,None,,,         ,Tien,Nguyen,Cloudy,"Sideswipe, Same Direction",no,no,no,no,no,False
102290959,METROPOLITAN NASHVILLE POLICE DEPT,20190075690,Davidson,Nashville,1/29/2019 6:44:00 AM,1,0,0,36.156060,-86.619170,BELL RD,,,,1345.00,Feet,East,BELL RD PVTDR,,,,0.00,N,Not at Intersection,N,Non-Junction,None,,,         ,Michael,Dance,Clear,Not Collision with Motor Vehicle in Transport,no,no,no,no,no,False
102290979,METROPOLITAN NASHVILLE POLICE DEPT,20190075708,Davidson,Nashville,1/29/2019 6:49:00 AM,2,0,0,36.093140,-86.736120,NOLENSVILLE PKE,,,,70.00,Feet,South,MCNALLY DR,,,,0.00,N,Not at Intersection, ,Non-Junction,None,,,         ,Jessie,Meadows,Clear,Angle,no,no,no,no,no,False
102290986,METROPOLITAN NASHVILLE POLICE DEPT,20190075743,Davidson,Nashville,1/29/2019 7:14:00 AM,2,0,0,36.157340,-86.760410,I 24,,,,0.00,,,I40 E ENT RAMP,,,,0.00,Y,OTHER, ,OtherLocation,None,,,         ,Johnathan,Carlisle,Clear,"Sideswipe, Same Direction",no,no,no,no,no,False
102290995,METROPOLITAN NASHVILLE POLICE DEPT,20190075757,Davidson,Nashville,1/29/2019 7:20:00 AM,2,0,0,36.158980,-86.624260,I 40,,,,0.00,,,,,,,219.30,N,Not at Intersection, ,Non-Junction,None,,,         ,Tien,Nguyen,Clear,Front to Rear,no,no,no,no,no,False
102290998,METROPOLITAN NASHVILLE POLICE DEPT,20190075902,Davidson,Nashville,1/29/2019 12:00:00 AM,2,0,0,36.192680,-86.640240,HIGHLAND PLACE WAY,,,,462.00,Feet,West,STONE HALL BLVD,,,,0.00,N,Not at Intersection,N,Non-Junction,None,,,         ,Joshua,Hausman,Unknown,Angle,no,no,no,no,yes,False
102291000,METROPOLITAN NASHVILLE POLICE DEPT,20190075807,Davidson,Nashville,1/29/2019 7:30:00 AM,2,0,0,36.180080,-86.774620,I24 E EXT RAMP,,,,0.00,,,I 24,,,,0.00,Y,OTHER, ,Entrance/Exit Ramp Related,None,,,         ,Peter,Kinsey,Clear,Front to Rear,no,no,no,no,no,False
102291013,METROPOLITAN NASHVILLE POLICE DEPT,20190075945,Davidson,Nashville,1/29/2019 8:36:00 AM,2,0,0,36.186070,-86.798310,I65 S EXT RAMP,,,,0.00,,,I 65,,,,0.00,Y,T-Intersection, ,Entrance/Exit Ramp Related,None,,,         ,Wesley,Young,Clear,Front to Rear,no,no,no,no,no,False
102291038,METROPOLITAN NASHVILLE POLICE DEPT,2019-0076076,Davidson,Nashville,1/29/2019 9:00:00 AM,2,0,0,36.240360,-86.772970,DOVERSIDE DR,,,,0.00,,,MOOREWOOD DR,,,,0.00,Y,Four-Way,N,Intersection,None,,,         ,Travis,Baxter,Clear,Angle,no,no,no,no,yes,False
102291057,METROPOLITAN NASHVILLE POLICE DEPT,20190076087,Davidson,Nashville,1/29/2019 9:26:00 AM,2,0,0,36.176490,-86.765870,ELLINGTON PKWYS,,,,200.00,Feet,North,SPRING ST ENT RAMP,,,,0.00,N,Not at Intersection,N,Non-Junction,None,,,         ,Nicholas,Smith,Clear,Front to Rear,no,no,no,no,no,False
102291059,METROPOLITAN NASHVILLE POLICE DEPT,20190076165,Davidson,Nashville,1/29/2019 9:57:00 AM,2,0,0,36.215460,-86.588230,LEBANON PKE,,,,86.00,Feet,East,BIG HORN DR,,,,0.00,N,Not at Intersection, ,Non-Junction,None,,,         ,Thomas,Odom,Clear,Front to Rear,no,no,no,no,no,False
102291067,METROPOLITAN NASHVILLE POLICE DEPT,20190076202,Davidson,Nashville,1/29/2019 10:15:00 AM,2,0,0,36.124060,-86.806410,HILLSBORO PKE,,,,69.00,Feet,South,I440 W ENT RAMP,,,,0.00,N,Not at Intersection, ,Non-Junction,None,,,         ,Curtis,Rich,Clear,Front to Rear,no,no,no,no,no,False
102291068,METROPOLITAN NASHVILLE POLICE DEPT,20190075989,Davidson,Nashville,1/29/2019 8:36:00 AM,2,0,0,36.165460,-86.778860,UNION ST,,,,88.00,Feet,West,3RD AVN,,,,0.00,N,Not at Intersection, ,Non-Junction,None,,,         ,Frank,Campbell,Clear,"Sideswipe, Same Direction",no,no,no,no,no,False
102291069,GOODLETTSVILLE POLICE DEPT,19-03576,Davidson,Goodlettsville,1/29/2019 10:17:00 AM,2,0,0,36.323610,-86.705980,I65 S EXT RAMP,,,,0.00,,,I 65,,,,0.00,Y,T-Intersection,N,Entrance/Exit Ramp Related,None,,,         ,Rico,Jones,Clear,Angle,no,no,no,no,no,False
102291074,METROPOLITAN NASHVILLE POLICE DEPT,20190076044,Davidson,Nashville,1/29/2019 9:20:00 AM,2,1,0,36.058800,-86.716190,NOLENSVILLE PKE,,,,96.00,Feet,South,TUSCULUM RD,,,,0.00,N,Not at Intersection,N,Non-Junction,None,,,         ,Jessie,Meadows,Clear,Front to Rear,no,no,no,no,no,False
102291075,METROPOLITAN NASHVILLE POLICE DEPT,20190076106,Davidson,Nashville,1/29/2019 9:36:00 AM,2,0,0,36.063430,-86.637360,BELL RD,,,,43.00,Feet,North,RICE RD,,,,0.00,N,Not at Intersection, ,Non-Junction,None,,,         ,Jessie,Meadows,Clear,Front to Rear,no,no,no,no,no,False
102291099,METROPOLITAN NASHVILLE POLICE DEPT,20190076277,Davidson,Nashville,1/29/2019 10:45:00 AM,2,0,0,36.134860,-86.784870,WEDGEWOOD AV,,,,0.00,,,10TH AVS,,,,0.00,Y,Four-Way, ,Intersection-Related,None,,,         ,Jon,Mcvey,Clear,Front to Rear,no,no,no,no,no,False
102291105,METROPOLITAN NASHVILLE POLICE DEPT,2019-0076108,Davidson,Nashville,1/29/2019 9:37:00 AM,2,0,0,36.254850,-86.733590,CHADWELL DR,,,,0.00,,,S GRAYCROFT AV,,,,0.00,Y,T-Intersection,N,Intersection-Related,None,,,         ,Arthur,Hipp,Clear,Angle,no,no,no,no,no,False
102291111,METROPOLITAN NASHVILLE POLICE DEPT,20190076360,Davidson,Nashville,1/29/2019 11:20:00 AM,2,0,0,36.081980,-86.761780,I65 N EXT RAMP,,,,49.00,Feet,South,SIDCO DR,,,,0.00,N,Not at Intersection, ,,None,,,         ,Justin,Pinkelton,,,no,no,no,no,no,False
102291120,METROPOLITAN NASHVILLE POLICE DEPT,20190076216,Davidson,Nashville,1/29/2019 10:30:00 AM,2,1,0,36.149700,-86.872420,I 40,,,,0.00,,,,,,,203.10,N,Not at Intersection,N,Non-Junction,None,,,         ,George,Spencer,Clear,"Sideswipe, Same Direction",no,no,no,no,no,False
102291123,METROPOLITAN NASHVILLE POLICE DEPT,20190076188,Davidson,Nashville,1/29/2019 10:05:00 AM,2,0,0,36.086910,-86.648680,MURFREESBORO PKE,,,,0.00,,,NASHBORO BLVD,,,,0.00,Y,Four-Way, ,Intersection,None,,,         ,Brian,Ewing,Clear,Angle,no,no,no,no,no,False
102291126,METROPOLITAN NASHVILLE POLICE DEPT,20190076369,Davidson,Nashville,1/29/2019 11:44:00 AM,2,0,0,36.105360,-86.869690,POST RD,,,,324.00,Feet,South,LAIRD RD,,,,0.00,N,Not at Intersection, ,Non-Junction,None,,,         ,Curtis,Rich,Clear,Front to Rear,no,no,no,no,no,False
102291131,METROPOLITAN NASHVILLE POLICE DEPT,20190076231,Davidson,Nashville,1/29/2019 10:23:00 AM,2,1,0,36.151760,-86.768630,2ND AVS,,,,0.00,,,I40 W EXT RAMP,,,,0.00,Y,T-Intersection,N,Intersection,None,,,         ,Johnathan,Carlisle,Clear,Angle,no,no,no,no,yes,False
102291143,METROPOLITAN NASHVILLE POLICE DEPT,20190076029,Davidson,Nashville,1/29/2019 12:00:00 AM,2,0,0,36.182200,-86.749620,MAXWELL AV,,,,159.00,Feet,West,GALLATIN AV,,,,0.00,N,Not at Intersection,N,Non-Junction,None,,,         ,Russell,Freeman,Unknown,"Sideswipe, Same Direction",no,no,no,no,yes,False
102291150,METROPOLITAN NASHVILLE POLICE DEPT,20190076472,Davidson,Nashville,1/29/2019 12:00:00 AM,2,0,0,36.197530,-86.634900,PLANTATION DR,,,,112.00,Feet,North,BONNABROOK DR,,,,0.00,N,Not at Intersection,N,OtherLocation,None,,,         ,Tien,Nguyen,Clear,Front to Rear,no,no,no,no,yes,False
102291151,METROPOLITAN NASHVILLE POLICE DEPT,20190076366,Davidson,Nashville,1/29/2019 11:17:00 AM,2,0,0,36.183740,-86.747650,EASTLAND AV,,,,214.00,Feet,East,GALLATIN AV,,,,0.00,N,Not at Intersection, ,Non-Junction,None,,,         ,Mary,Robinson,Clear,Angle,no,no,no,no,no,False
102291185,METROPOLITAN NASHVILLE POLICE DEPT,20190076196,Davidson,Nashville,1/29/2019 10:10:00 AM,2,0,0,36.187550,-86.775330,I 24,,,,0.00,,,,,,,47.10,N,Not at Intersection,N,Non-Junction,None,,,         ,Russell,Freeman,Clear,Angle,no,no,no,no,no,False
102291224,METROPOLITAN NASHVILLE POLICE DEPT,20190076512,Davidson,Nashville,1/29/2019 12:44:00 PM,2,0,0,36.074480,-86.920940,OLD HICKORY BLVD,,,,0.00,,,HIGHWAY 70S,,,,0.00,Y,Four-Way, ,Intersection,None,,,         ,Curtis,Rich,Clear,Angle,no,no,no,no,no,False
102291225,METROPOLITAN NASHVILLE POLICE DEPT,20190076489,Davidson,Nashville,1/29/2019 12:49:00 PM,2,0,0,36.151450,-86.677020,ROYAL PKWY,,,,86.00,Feet,South,EMERY DR,,,,0.00,N,Not at Intersection, ,"Driveway, Alley Access, etc",None,,,         ,Michael,Dance,Clear,Angle,no,no,no,no,no,False
102291236,METROPOLITAN NASHVILLE POLICE DEPT,20190076644,Davidson,Nashville,1/29/2019 1:10:00 PM,2,2,0,36.150570,-86.856200,CHARLOTTE PKE,,,,361.00,Feet,East,ORLANDO AV,,,,0.00,N,Not at Intersection,N,Non-Junction,None,,,         ,Curtis,Rich,Clear,Angle,no,no,no,no,no,False
102291257,METROPOLITAN NASHVILLE POLICE DEPT,20190076561,Davidson,Nashville,1/29/2019 12:49:00 PM,2,1,0,36.136310,-86.726740,I 24,,,,0.00,,,,,,,52.25,N,Not at Intersection,N,Non-Junction,None,,,         ,Michael,Dance,Clear,"Sideswipe, Same Direction",no,no,no,no,no,False
102291276,METROPOLITAN NASHVILLE POLICE DEPT,20190076735,Davidson,Nashville,1/29/2019 1:41:00 PM,2,0,0,36.194270,-86.618240,OLD HICKORY BLVD,,,,0.00,,,HERMITAGE MARKETPLACE PVTDR,,,,0.00,Y,Four-Way,N,Intersection-Related,None,,,         ,Thomas,Odom,Clear,Front to Rear,no,no,no,no,no,False
102291278,METROPOLITAN NASHVILLE POLICE DEPT,20190076557,Davidson,Nashville,1/29/2019 12:46:00 PM,3,2,0,36.078640,-86.643470,MURFREESBORO PKE,,,,455.00,Feet,East,EDGE O LAKE DR,,,,0.00,N,Not at Intersection,N,Non-Junction,None,,,         ,Joshua,Hausman,Clear,Front to Rear,no,no,no,no,no,False
102291302,METROPOLITAN NASHVILLE POLICE DEPT,20190076710,Davidson,Nashville,1/29/2019 1:38:00 PM,2,0,0,36.172060,-86.767380,JAMES ROBERTSON PKWY,,,,77.00,Feet,West,ELLINGTON PKWY N ENT RAMP,,,,0.00,N,Not at Intersection, ,,None,,,         ,Michael,Agee,,,no,no,no,no,no,False
102291314,METROPOLITAN NASHVILLE POLICE DEPT,20190076726,Davidson,Not in City Limit,1/29/2019 1:30:00 PM,2,0,0,36.259770,-86.738280,I 65,,,,0.00,,,,,,,91.90,N,Not at Intersection,N,Non-Junction,None,,,         ,Samuel,Kersten,Clear,Not Collision with Motor Vehicle in Transport,no,no,no,no,yes,False
102291327,METROPOLITAN NASHVILLE POLICE DEPT,20190076794,Davidson,Nashville,1/29/2019 2:09:00 PM,2,1,0,36.082100,-86.761700,HARDING PL,,,,0.00,,,SIDCO DR,,,,0.00,Y,Four-Way,N,Intersection,None,,,         ,Jon,Mcvey,Clear,Angle,no,no,no,no,no,False
102291359,METROPOLITAN NASHVILLE POLICE DEPT,20190076898,Davidson,Nashville,1/29/2019 2:51:00 PM,3,0,0,36.148920,-86.774550,I 40,,,,0.00,,,,,,,210.15,N,Not at Intersection,N,Non-Junction,None,,,         ,FELIKS,ABRAHAMYAN,Clear,Angle,no,no,no,no,no,False
102291362,METROPOLITAN NASHVILLE POLICE DEPT,20190076820,Davidson,Nashville,1/29/2019 2:16:00 PM,4,2,0,36.097230,-86.707130,ANTIOCH PKE,,,,96.00,Feet,West,SPACE PARK SOUTH DR,,,,0.00,N,Not at Intersection,N,Non-Junction,None,,,         ,Jessie,Meadows,Clear,"Sideswipe, Same Direction",no,no,no,no,no,False
102291364,TENNESSEE STATE UNIVERSITY ,19-TSU-04889,Davidson,Nashville,1/29/2019 2:50:00 PM,1,0,0,36.169680,-86.821300,W HEIMAN ST,,,,0.00,,,ED TEMPLE BLVD,,,,0.00,Y,OTHER, ,Non-Junction,None,,,         ,Harold,Taylor,Clear,Not Collision with Motor Vehicle in Transport,no,no,no,yes,no,False
102291368,METROPOLITAN NASHVILLE POLICE DEPT,20190076912,Davidson,Nashville,1/29/2019 2:50:00 PM,2,0,0,36.037070,-86.785920,WILSON PIKE CIR,,,,157.00,Feet,South,OLD HICKORY BLVD,,,,0.00,N,Not at Intersection, ,,None,,,         ,Akira,McSwain,,,no,no,no,no,no,False