master_record_number,agency,agency_tracking_number,county,city,collision_date,vehicles_involved,number_injured,number_dead,latitude,longitude,roadway_name,roadway_suffix,roadway_number,roadway_local_id,distance_from_reference,miles-feet_indicator,direction_from_reference,intersection_road_name,intersection_road_name_suffix,intersection_road_number,intersection_local_id,mile_marker,intersection_indicator,intersect_type,interchange_related_indicator,relation_to_junction,work_zone_type,construction_maintenance_zone,construction_maintenance_zone_location,fatal_case_number,officer_first_name,officer_last_name,weather_condition(s),manner_of_crash,pedestrian,bicycle,scooter,parking,hitrun,mou
102291377,METROPOLITAN NASHVILLE POLICE DEPT,20190076893,Davidson,Nashville,1/29/2019 2:22:00 PM,1,0,0,36.253750,-86.739160,I 65,,,,0.00,,,,,,,91.50,N,Not at Intersection, ,,None,,,         ,Christopher,Littles,,,no,no,no,no,no,False
102291378,METROPOLITAN NASHVILLE POLICE DEPT,20190077146,Davidson,Nashville,1/29/2019 4:16:00 PM,2,0,0,36.242250,-86.757010,DICKERSON PKE,,,,40.00,Feet,North,DICKERSON PKE ENT RAMP,,,,0.00,N,Not at Intersection, ,Non-Junction,None,,,         ,Christopher,Littles,Clear,Front to Rear,no,no,no,no,no,False
102291415,METROPOLITAN NASHVILLE POLICE DEPT,20190077118,Davidson,Nashville,1/29/2019 12:00:00 AM,2,3,0,36.180070,-86.811100,BUCHANAN ST,,,,19.00,Feet,West,DR D B TODD JR BLVD,,,,0.00,N,Not at Intersection,N,Non-Junction,None,,,         ,Melvin,Taylor,Clear,Front to Rear,no,no,no,no,no,False
102291424,VANDERBILT UNIVERSITY POLICE,20190077094,Davidson,Nashville,1/29/2019 4:30:00 PM,2,0,0,36.139970,-86.801340,MEDICAL CENTER DR,,,,0.00,,,,,,,0.00,,, ,Non-Junction,None,,,         ,Jeremy,Shannon,Clear,Rear to Rear,no,no,no,yes,no,Campus
102291425,VANDERBILT UNIVERSITY POLICE,20190077056,Davidson,Nashville,1/29/2019 3:27:00 PM,2,0,0,36.141140,-86.813710,VANDERBILT PL,,,,0.00,,,,,,,0.00,,, ,Non-Junction,None,,,         ,William,West,Cloudy,Angle,no,no,no,yes,no,Campus
102291429,METROPOLITAN NASHVILLE POLICE DEPT,20190076929,Davidson,Nashville,1/29/2019 2:50:00 PM,3,1,0,36.084030,-86.647370,MURFREESBORO PKE,,,,143.00,Feet,North,BROOKSBORO PL,,,,0.00,N,Not at Intersection,N,Non-Junction,None,,,         ,Cheri,Cox,Clear,Front to Rear,no,no,no,no,yes,False
102291433,METROPOLITAN NASHVILLE POLICE DEPT,20190077235,Davidson,Nashville,1/29/2019 4:47:00 PM,2,0,0,36.176120,-86.755220,MCFERRIN AV,,,,201.00,Feet,South,MAIN ST,,,,0.00,N,Not at Intersection, ,Non-Junction,None,,,         ,Gordon,Stovall,Clear,Angle,no,no,no,no,no,False
102291437,METROPOLITAN NASHVILLE POLICE DEPT,20190077275,Davidson,Nashville,1/29/2019 5:20:00 PM,2,0,0,36.193800,-86.743790,GALLATIN AV,,,,63.00,Feet,North,STRAIGHTWAY AV,,,,0.00,N,Not at Intersection, ,Non-Junction,None,,,         ,Dalton,Crum,Clear,Front to Rear,no,no,no,no,no,False
102291440,METROPOLITAN NASHVILLE POLICE DEPT,20190077248,Davidson,Nashville,1/29/2019 5:00:00 PM,2,0,0,36.158180,-86.791080,CHURCH ST,,,,40.00,Feet,West,I40 W ENT RAMP,,,,0.00,N,Not at Intersection, ,Non-Junction,None,,,         ,Joshua,Reece,Clear,Front to Rear,no,no,no,no,no,False
102291448,METROPOLITAN NASHVILLE POLICE DEPT,20190077176,Davidson,Nashville,1/29/2019 4:15:00 PM,2,0,0,36.204400,-86.725290,MCGAVOCK PKE,,,,284.00,Feet,West,RIVERSIDE DR,,,,0.00,N,Not at Intersection, ,Non-Junction,None,,,         ,Alexander,Georgeson,Clear,HeadOn,no,no,no,no,no,False
102291449,METROPOLITAN NASHVILLE POLICE DEPT,20190077362,Davidson,Not in City Limit,1/29/2019 5:44:00 PM,2,0,0,36.264160,-86.735590,I65 N EXT RAMP,,,,0.00,,,OLD HICKORY BLVDW,,,,0.00,Y,T-Intersection, ,,None,,,         ,Christopher,Littles,,,no,no,no,no,no,False
102291456,METROPOLITAN NASHVILLE POLICE DEPT,20190077091,Davidson,Nashville,1/29/2019 4:05:00 PM,2,0,0,36.149690,-86.779180,DIVISION ST,,,,0.00,,,8TH AVS,,,,0.00,Y,Four-Way, ,Intersection,None,,,         ,Timothy,Mead,Clear,Front to Rear,no,no,no,no,no,False
102291468,METROPOLITAN NASHVILLE POLICE DEPT,20190077313,Davidson,Nashville,1/29/2019 12:00:00 AM,2,0,0,36.154960,-86.665270,LAKELAND DR,,,,0.00,,,DONELSON PKE,,,,0.00,Y,Four-Way,N,Intersection-Related,None,,,         ,Alexander,Spradling,Clear,Front to Rear,no,no,no,no,yes,False
102291472,METROPOLITAN NASHVILLE POLICE DEPT,20190077082,Davidson,Nashville,1/29/2019 4:02:00 PM,2,0,0,36.155910,-86.767010,HERMITAGE AV,,,,0.00,,,MIDDLETON ST,,,,0.00,Y,Four-Way, ,Intersection,None,,,         ,Brandon,O'Guin,Clear,Angle,no,no,no,no,no,False
102291486,METROPOLITAN NASHVILLE POLICE DEPT,20190077284,Davidson,Nashville,1/29/2019 5:03:00 PM,2,0,0,36.103620,-86.666480,OLD MURFREESBORO PKE,,,,0.00,,,FAIRCLOTH LN,,,,0.00,Y,Y-Intersection,Y,Intersection,None,,,         ,Steven,Powers,Clear,Angle,no,no,no,no,no,False
102291488,METROPOLITAN NASHVILLE POLICE DEPT,20190077301,Davidson,Nashville,1/29/2019 4:45:00 PM,2,0,0,36.139710,-86.879770,CHARLOTTE PKE,,,,226.00,Feet,West,RUSSLEO DR,,,,0.00,N,Not at Intersection,N,Non-Junction,None,,,         ,Brandon,Pedigo,Clear,Angle,no,no,no,no,no,False
102291508,METROPOLITAN NASHVILLE POLICE DEPT,20190077530,Davidson,Nashville,1/29/2019 6:50:00 PM,2,0,0,36.134330,-86.825960,WEST END AV,,,,219.00,Feet,West,BOWLING AV,,,,0.00,N,Not at Intersection, ,Non-Junction,None,,,         ,Kelby,Dumond,Clear,Front to Rear,no,no,no,no,no,False
102291509,METROPOLITAN NASHVILLE POLICE DEPT,20190077470,Davidson,Nashville,1/29/2019 5:49:00 PM,2,1,0,36.140830,-86.659060,I 40,,,,0.00,,,,,,,217.95,N,Not at Intersection, ,Non-Junction,None,,,         ,Deandera,Payne,Clear,Front to Rear,no,no,no,no,no,False
102291511,METROPOLITAN NASHVILLE POLICE DEPT,20190077451,Davidson,Nashville,1/29/2019 5:11:00 PM,2,1,0,36.062110,-86.638130,BELL RD,,,,488.00,Feet,West,BELL CREST DR,,,,0.00,N,Not at Intersection,N,Non-Junction,None,,,         ,William,Durham,Clear,Front to Rear,no,no,no,no,yes,False
102291514,METROPOLITAN NASHVILLE POLICE DEPT,20190077367,Davidson,Nashville,1/29/2019 5:48:00 PM,2,0,0,36.155250,-86.789020,I 40,,,,0.00,,,,,,,209.20,N,Not at Intersection,N,Non-Junction,None,,,         ,FELIKS,ABRAHAMYAN,Clear,Angle,no,no,no,no,no,False
102291530,METROPOLITAN NASHVILLE POLICE DEPT,20190077438,Davidson,Nashville,1/29/2019 4:48:00 PM,2,0,0,36.152830,-86.822520,I 440,,,,0.00,,,,,,,1.65,N,Not at Intersection, ,Non-Junction,None,,,         ,Russell,Jones,Clear,Front to Rear,no,no,no,no,no,False
102291536,VANDERBILT UNIVERSITY POLICE,20190077455,Davidson,Nashville,1/29/2019 6:17:00 PM,1,1,0,36.138030,-86.805050,BLAKEMORE AV,,,,0.00,,,24TH AVS,,,,0.00,Y,Four-Way, ,Intersection,None,,,         ,William,West,Clear,Not Collision with Motor Vehicle in Transport,yes,no,no,no,no,Campus
102291544,METROPOLITAN NASHVILLE POLICE DEPT,20190077427,Davidson,Nashville,1/29/2019 6:14:00 PM,2,0,0,36.203550,-86.738530,GALLATIN PKE,,,,0.00,,,E TRINITY LN,,,,0.00,Y,T-Intersection, ,Intersection,None,,,         ,Marc,Kozen,Clear,Angle,no,no,no,no,no,False
102291564,METROPOLITAN NASHVILLE POLICE DEPT,20190077641,Davidson,Nashville,1/29/2019 7:53:00 PM,3,0,0,36.148560,-86.781320,I 40,,,,0.00,,,,,,,209.75,N,Not at Intersection,N,Non-Junction,None,,,         ,FELIKS,ABRAHAMYAN,Clear,Front to Rear,no,no,no,no,yes,False
102291567,METROPOLITAN NASHVILLE POLICE DEPT,20190077664,Davidson,Nashville,1/29/2019 8:08:00 PM,2,0,0,36.167350,-86.662290,LEBANON PKE,,,,33.00,Feet,West,EDDINGS LN,,,,0.00,N,Not at Intersection, ,Non-Junction,None,,,         ,Tony,Mingsing,Clear,"Sideswipe, Same Direction",no,no,no,no,no,False
102291569,METROPOLITAN NASHVILLE POLICE DEPT,20190077391,Davidson,Nashville,1/29/2019 6:01:00 PM,2,0,0,36.170290,-86.597610,I 40,,,,0.00,,,,,,,221.00,N,Not at Intersection,N,Non-Junction,None,,,         ,Abbey,Sawl,Clear,Angle,no,no,no,no,yes,False
102291570,METROPOLITAN NASHVILLE POLICE DEPT,20190077498,Davidson,Nashville,1/29/2019 6:24:00 PM,2,0,0,36.064790,-86.628480,HAMILTON CHURCH RD,,,,0.00,Feet,,MURFREESBORO PKE,,,,0.00,Y,Four-Way,N,Intersection,None,,,         ,Andrew,Brazee,Clear,"Sideswipe, Same Direction",no,no,no,no,yes,False
102291579,METROPOLITAN NASHVILLE POLICE DEPT,20190077699,Davidson,Nashville,1/29/2019 8:21:00 PM,1,0,0,36.218030,-86.820360,BUENA VISTA PKE,,,,0.00,Feet,West,W HAMILTON AV,,,,0.00,N,Not at Intersection,N,Non-Junction,None,,,         ,Bryan,Musgrave,Clear,Not Collision with Motor Vehicle in Transport,no,no,no,no,yes,False
102291596,METROPOLITAN NASHVILLE POLICE DEPT,20190077253,Davidson,Nashville,1/29/2019 4:58:00 PM,4,1,0,36.144410,-86.656970,ELM HILL PKE,,,,87.00,Feet,East,HURT DR,,,,0.00,N,Not at Intersection,N,Non-Junction,None,,,         ,Allyson,Reis,Clear,Front to Rear,no,no,no,no,no,False
102291597,METROPOLITAN NASHVILLE POLICE DEPT,20190077458,Davidson,Nashville,1/29/2019 4:15:00 PM,2,0,0,36.146010,-86.667120,ROYAL PKWY,,,,156.00,Feet,West,DONELSON PKE,,,,0.00,N,Not at Intersection, ,Non-Junction,None,,,         ,Allyson,Reis,Clear,Front to Rear,no,no,no,no,no,False
102291612,METROPOLITAN NASHVILLE POLICE DEPT,20190077687,Davidson,Nashville,1/29/2019 12:00:00 AM,4,0,0,36.076170,-86.711460,FAULKNER DR,,,,503.00,Feet,West,LEOPOLE RD,,,,0.00,N,Not at Intersection, ,Non-Junction,None,,,         ,Madison,Meiss,Clear,Front to Rear,no,no,no,no,no,False
102291614,METROPOLITAN NASHVILLE POLICE DEPT,20190077387,Davidson,Nashville,1/29/2019 5:50:00 PM,2,1,0,36.169540,-86.600980,OLD HICKORY BLVD,,,,2.00,Feet,South,I40 E ENT RAMP,,,,0.00,N,Not at Intersection,N,Non-Junction,None,,,         ,Marvis,Malone,Clear,Angle,no,no,no,no,no,False
102291616,METROPOLITAN NASHVILLE POLICE DEPT,20190077761,Davidson,Nashville,1/29/2019 8:49:00 PM,2,0,0,36.177050,-86.748510,S 12TH ST,,,,66.00,Feet,South,WOODLAND ST,,,,0.00,N,Not at Intersection,N,Non-Junction,None,,,         ,Gordon,Stovall,Clear,Angle,no,no,no,no,no,False
102291617,METROPOLITAN NASHVILLE POLICE DEPT,20190077353,Davidson,Antioch,1/29/2019 5:34:00 PM,2,0,0,36.045250,-86.609100,MURFREESBORO PKE,,,,0.00,,,MOUNTAIN SPRINGS RD,,,,0.00,Y,Four-Way,N,Intersection,None,,,         ,Sean,Weaver,Clear,Front to Rear,no,no,no,no,no,False
102291632,METROPOLITAN NASHVILLE POLICE DEPT,20190077471,Davidson,Nashville,1/29/2019 6:20:00 PM,2,0,0,36.040470,-86.770060,OLD HICKORY BLVD,,,,302.00,Feet,East,CLOVERLAND DR,,,,0.00,N,Not at Intersection,N,Non-Junction,None,,,         ,Akira,McSwain,Clear,Front to Rear,no,no,no,no,no,False
102291634,METROPOLITAN NASHVILLE POLICE DEPT,20190077630,Davidson,Nashville,1/29/2019 7:46:00 PM,2,0,0,36.040150,-86.744650,OLD HICKORY BLVD,,,,351.00,Feet,West,EDMONDSON PKE,,,,0.00,N,Not at Intersection,N,Non-Junction,None,,,         ,Akira,McSwain,Clear,Angle,no,no,no,no,no,False
102291635,METROPOLITAN NASHVILLE POLICE DEPT,20190077766,Davidson,Nashville,1/29/2019 8:00:00 PM,2,0,0,36.040150,-86.744650,OLD HICKORY BLVD,,,,351.00,Feet,West,EDMONDSON PKE,,,,0.00,N,Not at Intersection, ,,None,,,         ,Akira,McSwain,,,no,no,no,no,no,False
102291659,METROPOLITAN NASHVILLE POLICE DEPT,20190077495,Davidson,Nashville,1/29/2019 12:00:00 AM,2,1,0,36.156480,-86.806440,CHARLOTTE AV,,,,0.00,Feet,,21ST AVN,,,,0.00,Y,T-Intersection,N,Intersection,None,,,         ,Amery,Milligan,Clear,Angle,no,no,no,no,no,False
102291660,METROPOLITAN NASHVILLE POLICE DEPT,20190077538,Davidson,Nashville,1/29/2019 6:20:00 PM,2,0,0,36.059070,-86.716220,NOLENSVILLE PKE,,,,0.00,,,TUSCULUM RD,,,,0.00,Y,Four-Way, ,Intersection,None,,,         ,Andrew,Brazee,Clear,Front to Rear,no,no,no,no,no,False
102291683,METROPOLITAN NASHVILLE POLICE DEPT,20190077616,Davidson,Nashville,1/29/2019 6:49:00 PM,2,0,0,36.116090,-86.923180,OLD HICKORY BLVD,,,,224.00,Feet,South,CHARLOTTE PKE,,,,0.00,N,Not at Intersection, ,Non-Junction,None,,,         ,Jeremy,Huffine,Clear,Angle,no,no,no,no,no,False
102291699,METROPOLITAN NASHVILLE POLICE DEPT,20190078283,Davidson,Nashville,1/30/2019 12:30:00 AM,1,0,0,36.037320,-86.585950,MAXWELL,RD,,,200.00,Feet,South,MAXWELL,PL,,,0.00,N,Not at Intersection,N,Non-Junction,None,,,         ,Kevin,Breeding,Clear,Not Collision with Motor Vehicle in Transport,no,no,no,no,no,False
102291701,METROPOLITAN NASHVILLE POLICE DEPT,20190078118,Davidson,Nashville,1/29/2019 11:07:00 PM,2,0,0,36.101800,-86.740560,NOLENSVILLE PKE,,,,1.00,Feet,North,ANTIOCH PKE,,,,0.00,N,Not at Intersection,N,Non-Junction,None,,,         ,Daryn,Yentes,Clear,"Sideswipe, Opposite Direction",no,no,no,yes,yes,False
102291702,METROPOLITAN NASHVILLE POLICE DEPT,20190077974,Davidson,Nashville,1/29/2019 10:40:00 PM,2,1,0,36.252980,-86.710200,MADISON BLVD,,,,108.00,Feet,West,WALNUT ST,,,,0.00,N,Not at Intersection,N,"Driveway, Alley Access, etc",None,,,         ,Wallis,Massey,Clear,Angle,no,no,no,no,no,False
102291707,Metro Park Police,20190078183,Davidson,Nashville,1/29/2019 11:28:00 PM,2,0,0,36.206900,-86.792010,W TRINITY LN,,,,127.00,Feet,West,WHITES CREEK PKE,,,,0.00,N,Not at Intersection,N,Non-Junction,None,,,         ,Derek,Adamberger,Clear,"Sideswipe, Opposite Direction",no,no,no,no,yes,False
102291709,METROPOLITAN NASHVILLE POLICE DEPT,20190078006,Davidson,Nashville,1/29/2019 10:31:00 PM,2,0,0,36.060910,-86.641740,HICKORY HIGHLANDS DR,,,,521.00,Feet,West,BELL RD,,,,0.00,N,Not at Intersection, ,Non-Junction,None,,,         ,David,Simmonds,Clear,"Sideswipe, Same Direction",no,no,no,no,no,False
102291712,METROPOLITAN NASHVILLE POLICE DEPT,20190078060,Davidson,Antioch,1/29/2019 9:45:00 PM,3,0,0,36.062800,-86.608600,MT VIEW,RD,,,0.00,,,HAMILTON CHURCH,RD,,,0.00,Y,Four-Way,N,Intersection,None,,,         ,Jonathan,Phipps,Clear,"Sideswipe, Same Direction",no,no,no,no,yes,False
102291729,METROPOLITAN NASHVILLE POLICE DEPT,20190078529,Davidson,Nashville,1/30/2019 2:12:00 AM,2,0,0,36.175840,-86.750120,S 11TH ST,,,,54.00,Feet,North,RUSSELL ST,,,,0.00,N,Not at Intersection,N,Non-Junction,None,,,         ,Lindsey,Anderson,Clear,Front to Rear,no,no,no,no,no,False
102291750,METROPOLITAN NASHVILLE POLICE DEPT,20190078229,Davidson,Not in City Limit,1/30/2019 12:16:00 AM,1,0,0,36.326200,-86.884570,I 24,,,,0.00,,,,,,,34.10,N,Not at Intersection,N,Non-Junction,None,,,         ,James,Murphy,Clear,Not Collision with Motor Vehicle in Transport,no,no,no,no,yes,False
102291763,METROPOLITAN NASHVILLE POLICE DEPT,20190079030,Davidson,Nashville,1/30/2019 4:57:00 AM,2,0,0,36.116520,-86.697590,MURFREESBORO PKE,,,,0.00,,,MCGAVOCK PKE,,,,0.00,Y,T-Intersection, ,Intersection,None,,,         ,Ralph,Smith IV,Snow,Angle,no,no,no,no,no,False
102291772,METROPOLITAN NASHVILLE POLICE DEPT,20190078808,Davidson,Not in City Limit,1/30/2019 12:00:00 AM,2,0,0,36.263070,-86.711920,STATE RT 45,,,,0.00,,,GALLATIN PKEN,,,,0.00,Y,Four-Way,Y,Intersection,None,,,         ,David,Williford,Snow,"Sideswipe, Same Direction",no,no,no,no,no,False
102291782,METROPOLITAN NASHVILLE POLICE DEPT,20190079193,Davidson,Nashville,1/30/2019 6:55:00 AM,2,0,0,36.131890,-86.832770,WEST END AV,,,,248.00,Feet,East,WILSON BLVDN,,,,0.00,N,Not at Intersection, ,Non-Junction,None,,,         ,Curtis,Rich,Snow,Front to Rear,no,no,no,no,no,False
102291795,METROPOLITAN NASHVILLE POLICE DEPT,20190079226,Davidson,Nashville,1/30/2019 7:00:00 AM,2,0,0,36.168350,-86.656860,STEWARTS FERRY PKE,,,,0.00,,,LEBANON PKE,,,,0.00,Y,Four-Way, ,Intersection-Related,None,,,         ,Tien,Nguyen,Cloudy,Front to Rear,no,no,no,no,no,False
102291800,METROPOLITAN NASHVILLE POLICE DEPT,20190079248,Davidson,Nashville,1/30/2019 7:12:00 AM,2,0,0,36.142820,-86.707470,I 40,,,,0.00,,,,,,,214.35,N,Not at Intersection, ,Non-Junction,None,,,         ,Michael,Dance,Snow,Front to Rear,no,no,no,no,no,False
102291801,METROPOLITAN NASHVILLE POLICE DEPT,20190079202,Davidson,Nashville,1/30/2019 6:41:00 AM,2,0,0,36.129490,-86.903310,CHARLOTTE PKE,,,,0.00,,,DAVIDSON DR,,,,0.00,Y,T-Intersection, ,Intersection,None,,,         ,Benjamin,Cantrell,Snow,Angle,no,no,no,no,no,False
102291803,METROPOLITAN NASHVILLE POLICE DEPT,20190079184,Davidson,Nashville,1/30/2019 6:42:00 AM,3,1,0,36.137870,-86.803160,BLAKEMORE AV,,,,38.00,Feet,East,23RD AVS,,,,0.00,N,Not at Intersection,N,Non-Junction,None,,,         ,Jon,Mcvey,Snow,Front to Rear,no,no,no,no,no,Campus
102291806,METROPOLITAN NASHVILLE POLICE DEPT,20190079261,Davidson,Nashville,1/30/2019 7:20:00 AM,2,0,0,36.033020,-86.674570,BLUE HOLE RD,,,,39.00,Feet,South,OAK CHASE DR,,,,0.00,N,Not at Intersection, ,Non-Junction,None,,,         ,Steven,Williams,Snow,Angle,no,no,no,no,no,False
102291813,METROPOLITAN NASHVILLE POLICE DEPT,20190079207,Davidson,Nashville,1/30/2019 6:52:00 AM,1,1,0,36.126400,-86.903530,I 40,,,,0.00,,,,,,,200.70,N,Not at Intersection,N,Non-Junction,None,,,         ,Jack,Crouch,Snow,Not Collision with Motor Vehicle in Transport,no,no,no,no,no,False
102291820,METROPOLITAN NASHVILLE POLICE DEPT,20190079230,Davidson,Nashville,1/30/2019 7:00:00 AM,2,0,0,36.152200,-86.842220,46TH AVN,,,,0.00,,,CHARLOTTE AV,,,,0.00,Y,Four-Way, ,Non-Junction,None,,,         ,Matthew,Carson,Snow,Front to Rear,no,no,no,no,no,False
102291825,METROPOLITAN NASHVILLE POLICE DEPT,20190079292,Davidson,Not in City Limit,1/30/2019 7:33:00 AM,2,0,0,36.072970,-86.940800,BELLEVUE RD,,,,357.00,Feet,North,CREEKSIDE MANOR PVTDR,,,,0.00,N,Not at Intersection, ,Non-Junction,None,,,         ,Curtis,Rich,Snow,Angle,no,no,no,no,no,False
102291834,METROPOLITAN NASHVILLE POLICE DEPT,20190079340,Davidson,Nashville,1/30/2019 7:47:00 AM,2,0,0,36.130270,-86.900780,CABOT DR,,,,74.00,Feet,North,CHARLOTTE PKE,,,,0.00,N,Not at Intersection,N,Non-Junction,None,,,         ,Benjamin,Cantrell,Snow,Angle,no,no,no,no,no,False
102291835,METROPOLITAN NASHVILLE POLICE DEPT,20190079343,Davidson,Not in City Limit,1/30/2019 7:43:00 AM,1,0,0,36.106980,-87.020570,OLD CHARLOTTE PKE,,,,1144.00,Feet,West,SEARS RD,,,,0.00,N,Not at Intersection,N,Non-Junction,None,,,         ,Wesley,Tilley,Clear,Not Collision with Motor Vehicle in Transport,no,no,no,no,no,False
102291837,METROPOLITAN NASHVILLE POLICE DEPT,20190079267,Davidson,Nashville,1/30/2019 7:08:00 AM,2,0,0,36.116800,-86.923100,CHARLOTTE PKE,,,,55.00,Feet,East,OLD HICKORY BLVD,,,,0.00,N,Not at Intersection, ,Non-Junction,None,,,         ,Corey,Reed,Snow,Front to Rear,no,no,no,no,no,False
102291845,METROPOLITAN NASHVILLE POLICE DEPT,20190079400,Davidson,Nashville,1/30/2019 8:22:00 AM,2,0,0,36.101300,-86.802110,SHACKLEFORD RD,,,,0.00,,,BELMONT BLVD,,,,0.00,Y,OTHER,N,Intersection,None,,,         ,Justin,Pinkelton,Snow,Front to Rear,no,no,no,no,no,False
102291850,METROPOLITAN NASHVILLE POLICE DEPT,20190079391,Davidson,Nashville,1/30/2019 7:48:00 AM,2,0,0,36.049310,-86.600000,PIN HOOK RD,,,,0.00,Feet,,HOBSON PKE,,,,0.00,Y,Four-Way,Y,Intersection,None,,,         ,James,Jarvis,Snow,Front to Rear,no,no,no,no,no,False
102291858,METROPOLITAN NASHVILLE POLICE DEPT,20190079279,Davidson,Nashville,1/30/2019 7:23:00 AM,2,0,0,36.038190,-86.800700,OLD HICKORY BLVD,,,,60.00,Feet,East,WESTPARK DR,,,,0.00,N,Not at Intersection, ,Non-Junction,None,,,         ,Gary,Sneed,Snow,Angle,no,no,no,no,no,False
102291859,METROPOLITAN NASHVILLE POLICE DEPT,20190079356,Davidson,Nashville,1/30/2019 8:04:00 AM,2,0,0,36.125310,-86.805610,HILLSBORO PKE,,,,0.00,,,ENCLAVE AT HILLSBORO VILLAGE P,,,,0.00,Y,Four-Way,N,Intersection,None,,,         ,Michael,McCord,Snow,"Sideswipe, Opposite Direction",no,no,no,no,no,False
102291862,METROPOLITAN NASHVILLE POLICE DEPT,20190079332,Davidson,Nashville,1/30/2019 7:52:00 AM,2,1,0,36.041140,-86.776210,OLD HICKORY BLVD,,,,0.00,Feet,East,BRENTWOOD TRC,,,,0.00,N,Not at Intersection,N,Non-Junction,None,,,         ,Alberta,Auguste,Snow,Front to Rear,no,no,no,no,no,False
102291871,METROPOLITAN NASHVILLE POLICE DEPT,20190079384,Davidson,Nashville,1/30/2019 8:16:00 AM,1,0,0,36.219600,-86.874630,CATO RD,,,,0.00,,,,,,,0.00,,, ,Non-Junction,None,,,         ,Wesley,Young,Snow,Not Collision with Motor Vehicle in Transport,no,no,no,no,no,False
102291880,METROPOLITAN NASHVILLE POLICE DEPT,20190079408,Davidson,Nashville,1/30/2019 8:09:00 AM,2,0,0,36.146720,-86.743760,FESSLERS LN,,,,0.00,,,RUNDLE AV,,,,0.00,Y,T-Intersection, ,Intersection,None,,,         ,Michael,Dance,Snow,Angle,no,no,no,no,no,False
102291889,METROPOLITAN NASHVILLE POLICE DEPT,20190079250,Davidson,Nashville,1/30/2019 7:15:00 AM,2,1,0,36.152270,-86.767050,I 40,,,,0.00,,,,,,,210.55,N,Not at Intersection,N,Non-Junction,None,,,         ,Johnathan,Carlisle,Snow,"Sideswipe, Same Direction",no,no,no,no,no,False
102291890,METROPOLITAN NASHVILLE POLICE DEPT,20190079468,Davidson,Nashville,1/30/2019 8:41:00 AM,2,0,0,36.126950,-86.789200,12TH AVS,,,,195.00,Feet,North,ELMWOOD AV,,,,0.00,N,Not at Intersection, ,Non-Junction,None,,,         ,Randy,Puckett,Snow,Angle,no,no,no,no,no,False
102291894,METROPOLITAN NASHVILLE POLICE DEPT,20190079326,Davidson,Nashville,1/30/2019 7:45:00 AM,1,0,0,36.192460,-86.744510,GALLATIN AV,,,,99.00,Feet,South,DOUGLAS AV,,,,0.00,N,Not at Intersection, ,"Driveway, Alley Access, etc",None,,,         ,Russell,Freeman,Clear,Not Collision with Motor Vehicle in Transport,no,no,no,no,no,False
102291895,METROPOLITAN NASHVILLE POLICE DEPT,20190079466,Davidson,Nashville,1/30/2019 7:55:00 AM,2,0,0,36.069620,-86.735500,EDMONDSON PKE,,,,0.00,,,W DURRETT DR,,,,0.00,Y,T-Intersection, ,Intersection,None,,,         ,Phillip,Murphy,Clear,Front to Rear,no,no,no,no,no,False
102291897,METROPOLITAN NASHVILLE POLICE DEPT,20190079435,Davidson,Nashville,1/30/2019 8:35:00 AM,2,0,0,36.090700,-86.626000,BELL RD,,,,197.00,Feet,East,SMITH SPRINGS RD,,,,0.00,N,Not at Intersection,N,"Driveway, Alley Access, etc",None,,,         ,Michael,Dance,Clear,Angle,no,no,no,no,no,False
102291900,METROPOLITAN NASHVILLE POLICE DEPT,20190079277,Davidson,Antioch,1/30/2019 7:23:00 AM,2,0,0,36.011080,-86.621260,OLD HICKORY BLVD,,,,294.00,Feet,South,HOBSON DR,,,,0.00,N,Not at Intersection, ,Non-Junction,None,,,         ,Jessie,Meadows,Snow,Front to Rear,no,no,no,no,no,False
102291905,METROPOLITAN NASHVILLE POLICE DEPT,2019-0079453,Davidson,Nashville,1/30/2019 8:34:00 AM,2,0,0,36.095550,-86.758740,POWELL AV,,,,478.00,Feet,North,SIDCO DR,,,,0.00,N,Not at Intersection, ,Non-Junction,None,,,         ,Erik,Wagner,Snow,Front to Rear,no,no,no,no,no,False
102291908,METROPOLITAN NASHVILLE POLICE DEPT,20190079254,Davidson,Nashville,1/30/2019 7:11:00 AM,2,0,0,36.199850,-86.776610,I 65,,,,0.00,,,,,,,86.85,N,Not at Intersection,N,Non-Junction,None,,,         ,Royce,McLester,Snow,Front to Rear,no,no,no,no,no,False
102291914,METROPOLITAN NASHVILLE POLICE DEPT,20190079259,Davidson,Antioch,1/30/2019 7:21:00 AM,2,0,0,35.989910,-86.626080,BATTLE RD,,,,73.00,Feet,South,BURKITT RD,,,,0.00,N,Not at Intersection, ,Non-Junction,None,,,         ,Jessie,Meadows,Snow,Front to Rear,no,no,no,no,no,False
102291915,METROPOLITAN NASHVILLE POLICE DEPT,20190079454,Davidson,Nashville,1/30/2019 8:30:00 AM,2,0,0,36.195060,-86.743320,MCCLURKAN AV,,,,50.00,Feet,West,CHESTER AV,,,,0.00,N,Not at Intersection, ,Non-Junction,None,,,         ,Russell,Freeman,Clear,Front to Rear,no,no,no,no,no,False
102291916,METROPOLITAN NASHVILLE POLICE DEPT,20190079506,Davidson,Nashville,1/30/2019 9:09:00 AM,2,0,0,36.148750,-86.745960,I 40,,,,0.00,,,,,,,211.85,N,Not at Intersection,N,Non-Junction,None,,,         ,Tien,Nguyen,Cloudy,Front to Rear,no,no,no,no,no,False