master_record_number,agency,agency_tracking_number,county,city,collision_date,vehicles_involved,number_injured,number_dead,latitude,longitude,roadway_name,roadway_suffix,roadway_number,roadway_local_id,distance_from_reference,miles-feet_indicator,direction_from_reference,intersection_road_name,intersection_road_name_suffix,intersection_road_number,intersection_local_id,mile_marker,intersection_indicator,intersect_type,interchange_related_indicator,relation_to_junction,work_zone_type,construction_maintenance_zone,construction_maintenance_zone_location,fatal_case_number,officer_first_name,officer_last_name,weather_condition(s),manner_of_crash,pedestrian,bicycle,scooter,parking,hitrun,mou
102293338,METROPOLITAN NASHVILLE POLICE DEPT,20190084216,Davidson,Antioch,1/31/2019 6:08:00 PM,2,0,0,36.028350,-86.590470,MURFREESBORO PKE,,,,0.00,,,LAVERGNE COUCHVILLE PKE,,,,0.00,Y,Four-Way, ,,None,,,         ,Andrew,Brazee,,,no,no,no,no,no,False
102293343,METROPOLITAN NASHVILLE POLICE DEPT,20190084439,Davidson,Nashville,1/31/2019 8:21:00 PM,2,1,0,36.206700,-86.779130,W TRINITY LN,,,,205.00,Feet,West,HAMPTON ST,,,,0.00,N,Not at Intersection,N,Non-Junction,None,,,         ,Eric,McCoy,Clear,Angle,no,no,no,no,yes,False
102293377,METROPOLITAN NASHVILLE POLICE DEPT,20190084491,Davidson,Nashville,1/31/2019 8:25:00 PM,2,0,0,36.149450,-86.797520,DIVISION ST,,,,274.00,Feet,East,20TH AVS,,,,0.00,N,Not at Intersection, ,,None,,,         ,FELIKS,ABRAHAMYAN,,,no,no,no,no,no,False
102293400,METROPOLITAN NASHVILLE POLICE DEPT,20190084337,Davidson,Nashville,1/31/2019 7:33:00 PM,2,0,0,36.211140,-86.714690,ARDEE AV,,,,650.00,Feet,North,MCGAVOCK PKE,,,,0.00,N,Not at Intersection,N,Non-Junction,None,,,         ,Alexander,Georgeson,Clear,Front to Rear,no,no,no,no,no,False
102293401,METROPOLITAN NASHVILLE POLICE DEPT,20190084396,Davidson,Nashville,1/31/2019 5:40:00 PM,2,0,0,36.173590,-86.602150,OLD HICKORY BLVD,,,,0.00,Feet,West,CENTRAL PKE,,,,0.00,N,Not at Intersection,N,Non-Junction,None,,,         ,Tyler,Hall,Clear,Angle,no,no,no,no,no,False
102293404,METROPOLITAN NASHVILLE POLICE DEPT,20190084603,Davidson,Nashville,1/31/2019 9:17:00 PM,2,0,0,36.064720,-86.628550,HAMILTON CHURCH RD,,,,33.00,Feet,South,MURFREESBORO PKE,,,,0.00,N,Not at Intersection, ,,None,,,         ,Andrew,Brazee,,,no,no,no,no,no,False
102293414,METROPOLITAN NASHVILLE POLICE DEPT,20190084397,Davidson,Antioch,1/31/2019 8:06:00 PM,2,1,0,36.018260,-86.619600,OLD HICKORY,BLVD,,,0.00,,,OWEN,DR,,,0.00,Y,T-Intersection,N,Intersection-Related,None,,,         ,Christopher,Augustin,Clear,Front to Rear,no,no,no,no,no,False
102293422,METROPOLITAN NASHVILLE POLICE DEPT,20190084039,Davidson,Nashville,1/31/2019 5:00:00 PM,2,2,0,36.043930,-86.693300,BELL RD,,,,0.00,,,BROOK VIEW ESTATES DR,,,,0.00,Y,Four-Way,N,Intersection-Related,None,,,         ,Eric,Wegener,Clear,Angle,no,no,no,no,no,False
102293442,Nashville Airport Police,2019-00459,Davidson,Nashville,1/31/2019 12:00:00 AM,2,0,0,36.130090,-86.665760,TERMINAL DR,,,,1147.00,Feet,South,BNA DR,,,,0.00,N,Not at Intersection, ,Non-Junction,None,,,         ,Daniel,DePinto,Clear,"Sideswipe, Same Direction",no,no,no,no,no,False
102293453,METROPOLITAN NASHVILLE POLICE DEPT,20190084588,Davidson,Nashville,1/31/2019 9:20:00 PM,3,2,0,36.143500,-86.702500,I 40,,,,0.00,,,,,,,214.60,N,Not at Intersection,N,Non-Junction,None,,,         ,Torry,Hill,Clear,Other,no,no,no,no,no,False
102293459,METROPOLITAN NASHVILLE POLICE DEPT,20190084638,Davidson,Nashville,1/31/2019 9:55:00 PM,2,0,0,36.162900,-86.776860,3RD AVN,,,,0.00,,,COMMERCE ST,,,,0.00,Y,Four-Way,N,Intersection,None,,,         ,Ryan,Allen,Clear,Angle,no,no,no,no,no,False
102293473,METROPOLITAN NASHVILLE POLICE DEPT,20190084851,Davidson,Not in City Limit,1/31/2019 11:30:00 PM,1,0,0,36.021380,-86.711380,NOLENSVILLE PKE,,,,0.00,,,BIENVILLE DR,,,,0.00,Y,T-Intersection,N,Intersection-Related,None,,,         ,Brandon,Rardin,Clear,Not Collision with Motor Vehicle in Transport,no,no,no,no,no,False
102293477,GOODLETTSVILLE POLICE DEPT,19-03967,Davidson,Goodlettsville,1/31/2019 11:34:00 PM,1,0,0,36.310380,-86.703670,I65 S ENT RAMP,,,,0.00,Feet,,I 65,,,,0.00,Y,OTHER,N,Entrance/Exit Ramp Related,None,,,         ,James,Wells,Clear,Not Collision with Motor Vehicle in Transport,no,no,no,no,no,False
102293485,METROPOLITAN NASHVILLE POLICE DEPT,20190084922,Davidson,Nashville,2/1/2019 12:20:00 AM,1,0,0,36.023593,-86.734343,MT PISGAH,RD,,6014,50.00,Feet,North,,,,,600.00,N,Not at Intersection,N,Non-Junction,None,,,         ,William,Hamblen,Clear,Not Collision with Motor Vehicle in Transport,no,no,no,no,no,False
102293491,METROPOLITAN NASHVILLE POLICE DEPT,20190084866,Davidson,Nashville,1/31/2019 11:55:00 PM,2,0,0,36.168360,-86.766050,I 24,,,,0.00,,,,,,,48.80,N,Not at Intersection, ,Non-Junction,None,,,         ,Kelcey,Bell,Clear,"Sideswipe, Same Direction",no,no,no,no,yes,False
102293497,METROPOLITAN NASHVILLE POLICE DEPT,20190084837,Davidson,Nashville,1/31/2019 11:00:00 PM,1,0,0,36.133230,-86.801310,21ST AVS,,,,0.00,,,PORTLAND AV,,,,0.00,Y,Four-Way,N,Intersection,None,,,         ,James,Williams,Cloudy,Not Collision with Motor Vehicle in Transport,no,no,no,no,no,False
102293501,METROPOLITAN NASHVILLE POLICE DEPT,20190084762,Davidson,Nashville,1/31/2019 11:05:00 PM,2,0,0,36.039920,-86.649970,I 24,,,,0.00,,,,,,,60.00,N,Not at Intersection, ,Non-Junction,Construction Zone,,,         ,William,Williams,Clear,Front to Rear,no,no,no,no,no,False
102293502,METROPOLITAN NASHVILLE POLICE DEPT,20190084749,Davidson,Goodlettsville,1/31/2019 11:04:00 PM,1,0,0,36.291940,-86.689360,SHEPHERD HILLS DR,,,,0.00,,,,,,,0.00,,,N,Non-Junction,None,,,         ,Coleman,McKellar,Clear,Not Collision with Motor Vehicle in Transport,no,no,no,yes,yes,False
102293528,METROPOLITAN NASHVILLE POLICE DEPT,20190085239,Davidson,Nashville,2/1/2019 2:50:00 AM,2,3,0,36.167790,-86.820750,JEFFERSON ST,,,,0.00,,,ED TEMPLE BLVD,,,,0.00,Y,Four-Way,N,Intersection,None,,,         ,Christopher,Holden,Clear,Angle,no,no,no,no,no,False
102293570,METROPOLITAN NASHVILLE POLICE DEPT,20190085624,Davidson,Nashville,2/1/2019 5:40:00 AM,1,0,0,36.090950,-86.703790,I 24,,,,0.00,,,,,,,55.30,N,Not at Intersection,N,Non-Junction,None,,,         ,David,Smith,Cloudy,Not Collision with Motor Vehicle in Transport,no,no,no,no,no,False
102293577,METROPOLITAN NASHVILLE POLICE DEPT,20190085650,Davidson,Nashville,2/1/2019 6:17:00 AM,2,0,0,36.209890,-86.776050,I 65,,,,0.00,,,,,,,87.60,N,Not at Intersection, ,,None,,,         ,Jacob,Dick,,,no,no,no,no,no,False
102293590,METROPOLITAN NASHVILLE POLICE DEPT,20190085631,Davidson,Nashville,2/1/2019 6:08:00 AM,2,1,0,36.141880,-86.637210,TRAILS END LN,,,,0.00,Feet,East,ELM HILL PKE,,,,0.00,N,Not at Intersection,N,Non-Junction,None,,,         ,Bridget,Griepentrog,Rain,Angle,no,no,no,no,no,False
102293591,METROPOLITAN NASHVILLE POLICE DEPT,2019-0085540,Davidson,Nashville,2/1/2019 5:25:00 AM,2,0,0,36.149320,-86.747350,I 40,,,,0.00,,,,,,,211.80,N,Not at Intersection, ,Non-Junction,None,,,         ,Joshua,McGarvey,Cloudy,"Sideswipe, Same Direction",no,no,no,no,no,False
102293602,BERRY HILL POLICE DEPT,19-0380,Davidson,Berry Hill,1/31/2019 1:13:00 PM,2,0,0,36.127470,-86.777510,FRANKLIN PKE,,,,0.00,,,MELPARK DR,,,,0.00,Y,T-Intersection,N,Intersection,None,,,         ,Larry,Carter,Clear,Angle,no,no,no,no,no,False
102293610,METROPOLITAN NASHVILLE POLICE DEPT,20190085583,Davidson,Nashville,2/1/2019 5:43:00 AM,3,0,0,36.090510,-86.703430,I 24,,,,0.00,,,,,,,55.35,N,Not at Intersection,N,Non-Junction,None,,,         ,Jefferson,Hughes,Cloudy,Front to Rear,no,no,no,no,no,False
102293611,METROPOLITAN NASHVILLE POLICE DEPT,20190085628,Davidson,Nashville,2/1/2019 6:06:00 AM,3,1,0,36.156010,-86.710720,LEBANON PKE,,,,639.00,Feet,West,IVYWOOD DR,,,,0.00,N,Not at Intersection,N,Non-Junction,None,,,         ,Meghan,Pope,Clear,Front to Rear,no,no,no,no,no,False
102293619,METROPOLITAN NASHVILLE POLICE DEPT,20190085795,Davidson,Nashville,2/1/2019 7:22:00 AM,2,0,0,36.150150,-86.857950,WHITE BRIDGE PKE,,,,0.00,,,CHARLOTTE PKE,,,,0.00,Y,Four-Way, ,Intersection,None,,,         ,Curtis,Rich,Rain,"Sideswipe, Same Direction",no,no,no,no,yes,False
102293624,METROPOLITAN NASHVILLE POLICE DEPT,20190085746,Davidson,Nashville,2/1/2019 7:20:00 AM,2,0,0,36.090330,-86.626500,SMITH SPRINGS RD,,,,0.00,,,BELL RD,,,,0.00,Y,Four-Way, ,Intersection-Related,None,,,         ,Tien,Nguyen,Cloudy,Front to Rear,no,no,no,no,no,False
102293626,METROPOLITAN NASHVILLE POLICE DEPT,20190085695,Davidson,Nashville,2/1/2019 6:52:00 AM,1,0,0,36.175620,-86.766600,ELLINGTON PKWYN,,,,126.00,Feet,North,ELLINGTON PKWY N ENT RAMP,,,,0.00,N,Not at Intersection, ,Non-Junction,None,,,         ,Nicholas,Smith,Rain,Not Collision with Motor Vehicle in Transport,no,no,no,no,no,False
102293630,METROPOLITAN NASHVILLE POLICE DEPT,20190085791,Davidson,Nashville,2/1/2019 7:35:00 AM,2,0,0,36.136210,-86.698990,BRILEY PKWY,,,,94.00,Feet,North,ARBOR CREEK BLVD,,,,0.00,N,Not at Intersection,N,Non-Junction,None,,,         ,Samuel,Fredericks,Cloudy,"Sideswipe, Same Direction",no,no,no,no,yes,False
102293631,METROPOLITAN NASHVILLE POLICE DEPT,20190069600,Davidson,Nashville,2/1/2019 12:30:00 AM,2,2,0,36.172820,-86.584880,S NEW HOPE RD,,,,0.00,,,CENTRAL PKE,,,,0.00,Y,T-Intersection,N,Non-Junction,None,,,         ,Joao,Pinho,Cloudy,Front to Rear,no,no,no,no,yes,False
102293632,METROPOLITAN NASHVILLE POLICE DEPT,20190085704,Davidson,Not in City Limit,2/1/2019 6:55:00 AM,2,0,0,36.322630,-86.867970,I24 E ENT RAMP,,,,0.00,,,I 24,,,,0.00,Y,OTHER,Y,Entrance/Exit Ramp Related,None,,,         ,Jeanine,Sarno,Rain,Angle,no,no,no,no,no,False
102293634,METROPOLITAN NASHVILLE POLICE DEPT,20190085768,Davidson,Nashville,2/1/2019 7:20:00 AM,2,0,0,36.200320,-86.618600,LEBANON PKE,,,,0.00,,,HERMITAGE RD,,,,0.00,Y,Four-Way, ,Intersection-Related,None,,,         ,William,Mckay,Rain,"Sideswipe, Opposite Direction",no,no,no,no,no,False
102293636,METROPOLITAN NASHVILLE POLICE DEPT,20190085731,Davidson,Nashville,2/1/2019 6:41:00 AM,2,0,0,36.040220,-86.649890,I 24,,,,0.00,,,,,,,60.00,N,Not at Intersection, ,Non-Junction,None,,,         ,Jessie,Meadows,Rain,"Sideswipe, Same Direction",no,no,no,no,no,False
102293637,METROPOLITAN NASHVILLE POLICE DEPT,20190085696,Davidson,Nashville,2/1/2019 6:04:00 AM,2,0,0,36.046130,-86.660130,I 24,,,,0.00,,,,,,,59.35,N,Not at Intersection, ,Non-Junction,None,,,         ,Jessie,Meadows,Rain,Front to Rear,no,no,no,no,no,False
102293642,METROPOLITAN NASHVILLE POLICE DEPT,20190085903,Davidson,Nashville,2/1/2019 8:37:00 AM,2,0,0,36.153540,-86.742290,FESSLERS LN,,,,288.00,Feet,South,LEBANON PKE,,,,0.00,N,Not at Intersection, ,Non-Junction,None,,,         ,Michael,Dance,Cloudy,Angle,no,no,no,no,no,False
102293645,METROPOLITAN NASHVILLE POLICE DEPT,20190085893,Davidson,Nashville,2/1/2019 8:30:00 AM,1,0,0,36.039340,-86.659650,CANE RIDGE RD,,,,0.00,,,BELL HOLLOW APTS PVTDR,,,,0.00,Y,Four-Way, ,,Construction Zone,,,         ,Steven,Williams,,,no,no,no,no,no,False
102293648,METROPOLITAN NASHVILLE POLICE DEPT,20190085841,Davidson,Nashville,2/1/2019 8:00:00 AM,2,0,0,36.158730,-86.818530,28TH AVN,,,,0.00,,,CLIFTON AV,,,,0.00,Y,Four-Way, ,Intersection,None,,,         ,Wesley,Young,Rain,Front to Rear,no,no,no,no,no,False
102293652,METROPOLITAN NASHVILLE POLICE DEPT,20190085864,Davidson,Nashville,2/1/2019 8:17:00 AM,2,0,0,36.165680,-86.777580,2ND AVN,,,,168.00,Feet,North,BANKERS ALY,,,,0.00,N,Not at Intersection, ,,None,,,         ,Robert,Schohn,,,no,no,no,no,no,False
102293654,METROPOLITAN NASHVILLE POLICE DEPT,20190085946,Davidson,Nashville,2/1/2019 8:50:00 AM,2,0,0,36.245100,-86.722110,GALLATIN PKES,,,,235.00,Feet,North,LAKEWOOD DR,,,,0.00,N,Not at Intersection, ,Non-Junction,None,,,         ,Brian,Otto,Cloudy,Angle,no,no,no,no,no,False
102293655,METROPOLITAN NASHVILLE POLICE DEPT,20190085957,Davidson,Antioch,2/1/2019 9:00:00 AM,1,1,0,36.073640,-86.597780,COUNTRY WAY RD,,,,0.00,,,SEBETHA CT,,,,0.00,Y,Four-Way,N,Non-Junction,None,,,         ,Steven,Williams,Clear,Not Collision with Motor Vehicle in Transport,no,no,no,no,yes,False
102293656,METROPOLITAN NASHVILLE POLICE DEPT,20190085857,Davidson,Nashville,2/1/2019 8:15:00 AM,2,0,0,36.173100,-86.792110,JEFFERSON ST,,,,88.00,Feet,East,9TH AVN,,,,0.00,N,Not at Intersection,N,Non-Junction,None,,,         ,Wesley,Young,Rain,"Sideswipe, Same Direction",no,no,no,no,yes,False
102293660,METROPOLITAN NASHVILLE POLICE DEPT,20190085981,Davidson,Nashville,2/1/2019 9:10:00 AM,2,0,0,36.111600,-86.759590,THOMPSON LN,,,,472.00,Feet,West,E IRIS DR,,,,0.00,N,Not at Intersection,N,Non-Junction,None,,,         ,Justin,Pinkelton,Cloudy,Angle,no,no,no,no,no,False
102293662,METROPOLITAN NASHVILLE POLICE DEPT,20190085931,Davidson,Nashville,2/1/2019 8:46:00 AM,3,0,0,36.158040,-86.772500,KOREAN VETERANS BLVD,,,,190.00,Feet,West,1ST AVS,,,,0.00,N,Not at Intersection,N,Non-Junction,None,,,         ,Kyle,Eicholtz,Rain,"Sideswipe, Same Direction",no,no,no,no,no,False
102293665,METROPOLITAN NASHVILLE POLICE DEPT,20190085849,Davidson,Nashville,2/1/2019 8:12:00 AM,2,0,0,36.069440,-86.687710,HAYWOOD LN,,,,48.00,Feet,West,I24 W EXT RAMP,,,,0.00,N,Not at Intersection,N,Non-Junction,None,,,         ,Jessie,Meadows,Rain,Angle,no,no,no,no,no,False
102293671,METROPOLITAN NASHVILLE POLICE DEPT,20190085888,Davidson,Nashville,2/1/2019 8:15:00 AM,2,0,0,36.236740,-86.817340,WHITES CREEK PKE,,,,238.00,Feet,North,GREEN LN,,,,0.00,N,Not at Intersection, ,Non-Junction,None,,,         ,Wesley,Young,Rain,Angle,no,no,no,no,no,False
102293672,METROPOLITAN NASHVILLE POLICE DEPT,20190086040,Davidson,Nashville,2/1/2019 9:28:00 AM,2,0,0,36.113180,-86.771860,I440 ENT RAMP,,,,0.00,Feet,East,I 65,,,,0.00,N,Not at Intersection, ,Non-Junction,None,,,         ,Nathan,Kemp,Clear,Front to Rear,no,no,no,no,no,False
102293683,METROPOLITAN NASHVILLE POLICE DEPT,20190086042,Davidson,Nashville,2/1/2019 9:25:00 AM,2,0,0,36.166090,-86.794950,I 40,,,,0.00,,,,,,,208.35,N,Not at Intersection,N,Non-Junction,None,,,         ,Chase,Burnett,Clear,Front to Rear,no,no,no,no,no,False
102293690,METROPOLITAN NASHVILLE POLICE DEPT,20190085967,Davidson,Nashville,2/1/2019 12:00:00 AM,2,0,0,36.141560,-86.654620,I 40,,,,0.00,,,,,,,217.70,N,Not at Intersection,N,Non-Junction,None,,,         ,Michael,Dance,Cloudy,"Sideswipe, Same Direction",no,no,no,no,yes,False
102293692,METROPOLITAN NASHVILLE POLICE DEPT,20190085735,Davidson,Nashville,2/1/2019 7:13:00 AM,2,0,0,36.172160,-86.767140,JAMES ROBERTSON PKWY,,,,0.00,,,JAMES ROBERTSON PKWY ENT RAMP,,,,0.00,Y,Y-Intersection, ,Entrance/Exit Ramp Related,None,,,         ,Doyle,Price,Rain,Front to Rear,no,no,no,no,no,False
102293699,METROPOLITAN NASHVILLE POLICE DEPT,20190085980,Davidson,Nashville,2/1/2019 9:10:00 AM,2,0,0,36.086830,-86.691750,ANTIOCH PKE,,,,257.00,Feet,South,HARDING PL,,,,0.00,N,Not at Intersection,N,Non-Junction,None,,,         ,Jessie,Meadows,Rain,"Sideswipe, Same Direction",no,no,no,no,yes,False
102293700,METROPOLITAN NASHVILLE POLICE DEPT,20190085991,Davidson,Nashville,2/1/2019 9:17:00 AM,2,0,0,36.153570,-86.753200,HERMITAGE AV,,,,0.00,,,DECATUR AV,,,,0.00,Y,T-Intersection, ,,None,,,         ,Michael,Dance,,,no,no,no,no,no,False
102293709,METROPOLITAN NASHVILLE POLICE DEPT,20190086134,Davidson,Nashville,2/1/2019 9:55:00 AM,2,0,0,36.152100,-86.844730,CHARLOTTE AV,,,,0.00,,,48TH AVN,,,,0.00,Y,T-Intersection, ,Intersection,None,,,         ,Curtis,Rich,Cloudy,Front to Rear,no,no,no,no,yes,False
102293715,METROPOLITAN NASHVILLE POLICE DEPT,20190082858,Davidson,Nashville,1/31/2019 8:57:00 AM,2,1,0,36.045040,-86.659830,I24 E EXT RAMP,,,,0.00,,,I 24,,,,0.00,Y,OTHER,Y,Entrance/Exit Ramp Related,None,,,         ,Amy,Hirschmann,Clear,Angle,no,no,no,no,no,False
102293727,METROPOLITAN NASHVILLE POLICE DEPT,20190085682,Davidson,Nashville,2/1/2019 6:46:00 AM,12,1,0,36.115940,-86.786160,I 440,,,,0.00,,,,,,,4.20,N,Not at Intersection,N,Non-Junction,Construction Zone,Laneclosure,Activity Area,         ,John,Chambers,Cloudy,Other,no,no,no,no,no,False
102293729,METROPOLITAN NASHVILLE POLICE DEPT,20190086009,Davidson,Nashville,2/1/2019 10:00:00 AM,2,0,0,36.109380,-86.727760,BRILEY PKWYN,,,,88.00,Feet,East,BRILEY PKWYS,,,,0.00,N,Not at Intersection, ,Non-Junction,None,,,         ,Jessie,Meadows,Rain,Front to Rear,no,no,no,no,no,False
102293734,METROPOLITAN NASHVILLE POLICE DEPT,20190086187,Davidson,Nashville,2/1/2019 10:34:00 AM,2,0,0,36.183650,-86.610660,OLD HICKORY BLVD,,,,0.00,,,ANDREW JACKSON PKWY,,,,0.00,Y,Four-Way, ,Intersection-Related,None,,,         ,Tien,Nguyen,Cloudy,Front to Rear,no,no,no,no,no,False
102293761,METROPOLITAN NASHVILLE POLICE DEPT,20190086264,Davidson,Nashville,2/1/2019 11:05:00 AM,2,0,0,36.193250,-86.623500,LEBANON PKE,,,,168.00,Feet,North,JUAREZ DR,,,,0.00,N,Not at Intersection, ,Non-Junction,None,,,         ,Michael,Dance,Cloudy,Front to Rear,no,no,no,no,no,False
102293765,METROPOLITAN NASHVILLE POLICE DEPT,2019-0086259,Davidson,Goodlettsville,2/1/2019 11:05:00 AM,2,0,0,36.301710,-86.694660,RIVERGATE MALL PVTDR,,,,343.00,Feet,North,GALLATIN PKEN,,,,0.00,N,Not at Intersection, ,Non-Junction,None,,,         ,Arthur,Hipp,Cloudy,Front to Rear,no,no,no,no,no,False
102293770,METROPOLITAN NASHVILLE POLICE DEPT,20190086125,Davidson,Nashville,2/1/2019 10:07:00 AM,2,0,0,36.151040,-86.811200,CENTENNIAL PARK PVTDR,,,,0.00,Feet,West,PATTERSON ST,,,,0.00,N,Not at Intersection, ,Non-Junction,None,,,         ,Justan,Vance,Cloudy,Angle,no,no,no,no,no,False
102293773,METROPOLITAN NASHVILLE POLICE DEPT,20190086268,Davidson,Nashville,2/1/2019 10:35:00 AM,2,0,0,36.128120,-86.852170,WHITE BRIDGE PKE,,,,76.00,Feet,West,POST PL,,,,0.00,N,Not at Intersection, ,Non-Junction,None,,,         ,Joshua,Dale,Clear,"Sideswipe, Same Direction",no,no,no,no,no,False
102293774,METROPOLITAN NASHVILLE POLICE DEPT,20190085781,Davidson,Nashville,2/1/2019 7:30:00 AM,2,0,0,36.090250,-86.812680,HARDING PL,,,,0.00,,,GENERAL LOWREY DR,,,,0.00,Y,Four-Way, ,Intersection,None,,,         ,Earl,Davis,Cloudy,Front to Rear,no,no,no,no,no,False
102293782,METROPOLITAN NASHVILLE POLICE DEPT,20190085788,Davidson,Nashville,2/1/2019 7:34:00 AM,2,0,0,36.182500,-86.746850,STRATTON AV,,,,0.00,Feet,,N 12TH ST,,,,0.00,Y,Four-Way, ,Intersection,None,,,         ,Mary,Robinson,Cloudy,Angle,no,no,no,no,no,False
102293798,METROPOLITAN NASHVILLE POLICE DEPT,20190086229,Davidson,Nashville,2/1/2019 10:00:00 AM,2,0,0,36.153480,-86.776170,LAFAYETTE ST,,,,70.00,Feet,East,LEA AV,,,,0.00,N,Not at Intersection, ,"Driveway, Alley Access, etc",Construction Zone,,,         ,Destiny,Zunic,Cloudy,Angle,no,no,no,yes,yes,False
102293807,METROPOLITAN NASHVILLE POLICE DEPT,20190086434,Davidson,Nashville,2/1/2019 12:05:00 PM,2,0,0,36.155650,-86.789720,14TH AVS,,,,0.00,Feet,East,BROADWAY,,,,0.00,N,Not at Intersection,N,Non-Junction,None,,,         ,Justan,Vance,Clear,"Sideswipe, Same Direction",no,no,no,no,yes,False
102293808,METROPOLITAN NASHVILLE POLICE DEPT,20190085724,Davidson,Nashville,2/1/2019 7:05:00 AM,2,0,0,36.104220,-86.668380,OLD MURFREESBORO PKE,,,,0.00,,,MURFREESBORO PKE,,,,0.00,Y,Y-Intersection,N,Non-Junction,None,,,         ,Jeremy,Smith,Rain,Front to Rear,no,no,no,no,no,False
102293827,METROPOLITAN NASHVILLE POLICE DEPT,20190086503,Davidson,Nashville,2/1/2019 12:33:00 PM,2,0,0,36.146180,-86.870640,CHARLOTTE PKE,,,,37.00,Feet,East,WESTBORO DR,,,,0.00,N,Not at Intersection, ,Non-Junction,None,,,         ,Curtis,Rich,Cloudy,Front to Rear,no,no,no,no,no,False
102293828,METROPOLITAN NASHVILLE POLICE DEPT,20190086371,Davidson,Not in City Limit,2/1/2019 11:51:00 AM,2,1,0,36.318140,-86.883590,OLD CLARKSVILLE PKE,,,,1368.00,Feet,East,CLARKSVILLE PKE,,,,0.00,N,Not at Intersection,N,Non-Junction,None,,,         ,Jonathon,Sheppard,Clear,HeadOn,no,no,no,no,no,False
102293830,METROPOLITAN NASHVILLE POLICE DEPT,20190086540,Davidson,Nashville,2/1/2019 12:57:00 PM,2,0,0,36.164690,-86.688490,BRILEY PKWY N EXT RAMP,,,,0.00,,,BRILEY PKWYN,,,,0.00,Y,OTHER, ,Entrance/Exit Ramp Related,None,,,         ,Tien,Nguyen,Cloudy,Front to Rear,no,no,no,no,no,False
102293833,METROPOLITAN NASHVILLE POLICE DEPT,20190086430,Davidson,Nashville,2/1/2019 12:07:00 PM,2,1,0,36.154390,-86.759110,I40 E ENT RAMP,,,,0.00,,,I 40,,,,0.00,Y,OTHER,Y,Entrance/Exit Ramp Related,None,,,         ,Johnathan,Carlisle,Cloudy,Front to Rear,no,no,no,no,no,False
102293837,METROPOLITAN NASHVILLE POLICE DEPT,20190086514,Davidson,Nashville,2/1/2019 12:47:00 PM,1,0,0,36.140540,-86.720500,I 40,,,,0.00,,,,,,,213.60,N,Not at Intersection,N,Non-Junction,None,,,         ,Michael,Dance,Cloudy,Not Collision with Motor Vehicle in Transport,no,no,no,no,no,False
102293845,METROPOLITAN NASHVILLE POLICE DEPT,20190085765,Davidson,Nashville,2/1/2019 7:20:00 AM,2,0,0,36.154780,-86.758470,HERMITAGE AV,,,,0.00,,,DRIFTWOOD ST,,,,0.00,Y,T-Intersection,N,Intersection,None,,,         ,Lee,Davis,Cloudy,Angle,no,no,no,no,no,False
102293881,METROPOLITAN NASHVILLE POLICE DEPT,20190085794,Davidson,Nashville,2/1/2019 7:38:00 AM,2,0,0,36.188410,-86.793710,I 65,,,,0.00,,,,,,,85.50,N,Not at Intersection, ,Non-Junction,None,,,         ,Pamela,Caulder,Cloudy,"Sideswipe, Same Direction",no,no,no,no,no,False
102293922,METROPOLITAN NASHVILLE POLICE DEPT,20190086591,Davidson,Not in City Limit,2/1/2019 1:00:00 PM,2,0,0,36.257120,-86.714030,GALLATIN PKES,,,,54.00,Feet,South,HARRINGTON AV,,,,0.00,N,Not at Intersection, ,Non-Junction,None,,,         ,Brian,Otto,Clear,Front to Rear,no,no,no,no,no,False
102293968,METROPOLITAN NASHVILLE POLICE DEPT,20190086638,Davidson,Nashville,2/1/2019 1:33:00 PM,2,0,0,36.084980,-86.727890,PARAGON MILLS RD,,,,103.00,Feet,East,NOLENSVILLE PKE,,,,0.00,N,Not at Intersection, ,Non-Junction,None,,,         ,Jessie,Meadows,Clear,Front to Rear,no,no,no,no,no,False
102293971,METROPOLITAN NASHVILLE POLICE DEPT,20190086597,Davidson,Nashville,2/1/2019 1:00:00 PM,2,0,0,36.238060,-86.783170,I24 W EXT RAMP,,,,0.00,,,BRILEY PKWYE,,,,0.00,Y,Y-Intersection, ,Entrance/Exit Ramp Related,None,,,         ,Jeremy,Stricklin,Clear,"Sideswipe, Same Direction",no,no,no,no,no,False
102294126,METROPOLITAN NASHVILLE POLICE DEPT,20190086810,Davidson,Nashville,2/1/2019 2:34:00 PM,2,0,0,36.096300,-86.790130,TOWER PL,,,,110.00,Feet,East,LEALAND LN,,,,0.00,N,Not at Intersection, ,,None,,,         ,FELIKS,ABRAHAMYAN,,,no,no,no,no,no,False
102294147,METROPOLITAN NASHVILLE POLICE DEPT,20190086834,Davidson,Nashville,2/1/2019 2:54:00 PM,2,0,0,36.164890,-86.794240,I 40,,,,0.00,,,,,,,208.40,N,Not at Intersection,N,Non-Junction,None,,,         ,Christopher,Dickerson,Clear,"Sideswipe, Same Direction",no,no,no,no,no,False
102294154,METROPOLITAN NASHVILLE POLICE DEPT,20190086881,Davidson,Not in City Limit,2/1/2019 3:20:00 PM,2,0,0,36.264730,-86.737620,OLD HICKORY BLVDW,,,,180.00,Feet,West,I65 N ENT RAMP,,,,0.00,N,Not at Intersection, ,Non-Junction,None,,,         ,Michael,Quinn,Clear,Front to Rear,no,no,no,no,no,False
102294159,METROPOLITAN NASHVILLE POLICE DEPT,20190086934,Davidson,Nashville,2/1/2019 3:09:00 PM,2,0,0,36.086860,-86.695950,HARDING PL,,,,0.00,,,METROPLEX DR,,,,0.00,Y,OTHER,N,Intersection-Related,None,,,         ,Johnathon,Birdwell,Clear,Angle,no,no,no,no,yes,False