master_record_number,agency,agency_tracking_number,county,city,collision_date,vehicles_involved,number_injured,number_dead,latitude,longitude,roadway_name,roadway_suffix,roadway_number,roadway_local_id,distance_from_reference,miles-feet_indicator,direction_from_reference,intersection_road_name,intersection_road_name_suffix,intersection_road_number,intersection_local_id,mile_marker,intersection_indicator,intersect_type,interchange_related_indicator,relation_to_junction,work_zone_type,construction_maintenance_zone,construction_maintenance_zone_location,fatal_case_number,officer_first_name,officer_last_name,weather_condition(s),manner_of_crash,pedestrian,bicycle,scooter,parking,hitrun,mou
102295046,METROPOLITAN NASHVILLE POLICE DEPT,20190088969,Davidson,Not in City Limit,2/2/2019 10:13:00 AM,2,0,0,36.257530,-86.776870,BELLE ARBOR DR,,,,0.00,Feet,,BRICK CHURCH PKE,,,,0.00,Y,T-Intersection,N,Intersection,None,,,         ,Samuel,Kersten,Cloudy,Angle,no,no,no,no,no,False
102295047,METROPOLITAN NASHVILLE POLICE DEPT,20190089185,Davidson,Nashville,2/2/2019 1:17:00 PM,2,1,0,36.245970,-86.721590,GALLATIN PKES,,,,285.00,Feet,South,BERKLEY DR,,,,0.00,N,Not at Intersection,N,Non-Junction,None,,,         ,Samuel,Kersten,Cloudy,Front to Rear,no,no,no,no,no,False
102295052,METROPOLITAN NASHVILLE POLICE DEPT,20190089188,Davidson,Nashville,2/2/2019 1:13:00 PM,2,0,0,36.255630,-86.707270,NEELYS BEND RD,,,,0.00,,,IDLEWILD AV,,,,0.00,Y,Four-Way,Y,Intersection,None,,,         ,Eric,Richardson,Cloudy,Angle,no,no,no,no,no,False
102295110,METROPOLITAN NASHVILLE POLICE DEPT,20190089262,Davidson,Nashville,2/2/2019 2:28:00 PM,2,0,0,36.163100,-86.761900,I 24,,,,0.00,,,,,,,49.25,N,Not at Intersection, ,,None,,,         ,Kyle,Eicholtz,,,no,no,no,no,no,False
102295159,METROPOLITAN NASHVILLE POLICE DEPT,20190089310,Davidson,Nashville,2/2/2019 3:00:00 PM,2,0,0,36.134280,-86.780400,WEDGEWOOD AV,,,,49.00,Feet,East,BEECH AV,,,,0.00,N,Not at Intersection, ,,None,,,         ,Heather,Fox,,,no,no,no,no,no,False
102295176,METROPOLITAN NASHVILLE POLICE DEPT,20190089213,Davidson,Antioch,2/2/2019 1:38:00 PM,2,1,0,36.066880,-86.599780,MT VIEW RD,,,,766.00,Feet,East,HAMILTON CHURCH RD,,,,0.00,N,Not at Intersection,N,Non-Junction,None,,,         ,Adam,Warren,Clear,Angle,no,no,no,no,no,False
102295211,METROPOLITAN NASHVILLE POLICE DEPT,20190089385,Davidson,Nashville,2/2/2019 3:33:00 PM,2,0,0,36.229320,-86.758570,BROADMOOR DR,,,,210.00,Feet,East,DICKERSON PKE,,,,0.00,N,Not at Intersection,N,Non-Junction,None,,,         ,Jessica,Scott,Clear,Front to Rear,no,no,no,yes,yes,False
102295221,METROPOLITAN NASHVILLE POLICE DEPT,20190089255,Davidson,Nashville,2/2/2019 2:10:00 PM,3,6,0,36.067810,-86.770670,I 65,,,,0.00,,,,,,,76.80,N,Not at Intersection,N,Non-Junction,None,,,         ,Christopher,Augustin,Cloudy,Front to Rear,no,no,no,no,no,False
102295230,BERRY HILL POLICE DEPT,19-0410,Davidson,Berry Hill,2/2/2019 2:32:00 PM,2,0,0,36.116670,-86.766320,E IRIS DR,,,,0.00,,,W IRIS DR,,,,0.00,Y,OTHER, ,OtherLocation,None,,,         ,Roy,Morris,Clear,Angle,no,no,no,yes,no,False
102295232,METROPOLITAN NASHVILLE POLICE DEPT,20190089284,Davidson,Nashville,2/2/2019 1:41:00 PM,2,0,0,36.150710,-86.857850,WHITE BRIDGE PKE,,,,0.00,,,OBRIEN AV,,,,0.00,Y,T-Intersection,N,Intersection,None,,,         ,Robert,Crow,Clear,Angle,no,no,no,no,no,False
102295233,METROPOLITAN NASHVILLE POLICE DEPT,20190089308,Davidson,Nashville,2/2/2019 2:56:00 PM,2,0,0,36.217080,-86.696380,MCGAVOCK PKE,,,,0.00,,,MUSIC VALLEY DR,,,,0.00,Y,Four-Way,Y,Intersection,None,,,         ,Tony,Mingsing,Clear,Angle,no,no,no,no,no,False
102295237,METROPOLITAN NASHVILLE POLICE DEPT,20190089211,Davidson,Nashville,2/2/2019 1:40:00 PM,1,0,0,36.197130,-86.689390,OPRY MILLS DR,,,,29.00,Feet,West,BRILEY PKWY S EXT RAMP,,,,0.00,N,Not at Intersection,N,Non-Junction,None,,,         ,Gerry,Hutcheson,Clear,Not Collision with Motor Vehicle in Transport,no,no,no,no,no,False
102295256,METROPOLITAN NASHVILLE POLICE DEPT,20190089477,Davidson,Nashville,2/2/2019 3:44:00 PM,2,0,0,36.136860,-86.795760,WEDGEWOOD AV,,,,0.00,,,17TH AVS,,,,0.00,Y,T-Intersection,N,Non-Junction,None,,,         ,Jed,Baldoni,Clear,Front to Rear,no,no,no,no,no,Campus
102295259,METROPOLITAN NASHVILLE POLICE DEPT,20190089464,Davidson,Nashville,2/2/2019 12:00:00 AM,2,0,0,36.167630,-86.756920,S 7TH ST,,,,93.00,Feet,South,CAYCE PLACE PVTDR,,,,0.00,N,Not at Intersection,N,Non-Junction,None,,,         ,Trevor,Jones,Clear,Unknown,no,no,no,no,yes,False
102295263,METROPOLITAN NASHVILLE POLICE DEPT,20190089449,Davidson,Nashville,2/2/2019 4:00:00 PM,2,1,0,36.137200,-86.699670,BRILEY PKWY,,,,0.00,Feet,East,GLASTONBURY RD,,,,0.00,N,Not at Intersection,N,Non-Junction,None,,,         ,Tyler,Hall,Clear,Front to Rear,no,no,no,no,no,False
102295264,METROPOLITAN NASHVILLE POLICE DEPT,20190089515,Davidson,Nashville,2/2/2019 4:45:00 PM,1,1,0,36.184150,-86.748220,GALLATIN AV,,,,125.00,Feet,North,EASTLAND AV,,,,0.00,N,Not at Intersection,N,Non-Junction,None,,,         ,Gordon,Stovall,Clear,Not Collision with Motor Vehicle in Transport,yes,no,no,no,no,False
102295282,METROPOLITAN NASHVILLE POLICE DEPT,20190089556,Davidson,Nashville,2/2/2019 4:00:00 PM,2,0,0,36.154030,-86.787570,I40 W EXT RAMP,,,,0.00,,,I 40,,,,0.00,Y,Four-Way, ,Non-Junction,None,,,         ,Marc,Kozen,Clear,"Sideswipe, Opposite Direction",no,no,no,no,no,False
102295283,METROPOLITAN NASHVILLE POLICE DEPT,20190089557,Davidson,Nashville,2/2/2019 4:45:00 PM,2,0,0,36.045300,-86.701680,BELL RD,,,,0.00,,,OLD HICKORY BLVD,,,,0.00,Y,Four-Way, ,Intersection-Related,None,,,         ,Eric,Wegener,Clear,Front to Rear,no,no,no,no,yes,False
102295290,METROPOLITAN NASHVILLE POLICE DEPT,20190089640,Davidson,Nashville,2/2/2019 5:50:00 PM,2,0,0,36.164590,-86.776920,2ND AVN,,,,6.00,Feet,North,CHURCH ST,,,,0.00,N,Not at Intersection, ,Non-Junction,None,,,         ,Brent,Morris,Clear,"Sideswipe, Same Direction",no,no,no,no,no,False
102295308,METROPOLITAN NASHVILLE POLICE DEPT,20190089653,Davidson,Nashville,2/2/2019 5:50:00 PM,1,1,0,36.234470,-86.703570,MUSIC VALLEY DR,,,,1147.00,Feet,West,BRILEY PKWYE,,,,0.00,N,Not at Intersection,N,Non-Junction,None,,,         ,Tyler,Hall,Clear,Not Collision with Motor Vehicle in Transport,no,no,no,yes,no,False
102295311,METROPOLITAN NASHVILLE POLICE DEPT,20190089476,Davidson,Nashville,2/2/2019 3:28:00 PM,2,0,0,36.233750,-86.770970,SKYLINE VILLAGE PVTDR,,,,542.00,Feet,North,CREEKWOOD DR,,,,0.00,N,Not at Intersection,N,Non-Junction,None,,,         ,Adam,Nicholson,Clear,Rear to Rear,no,no,no,yes,yes,False
102295325,METROPOLITAN NASHVILLE POLICE DEPT,20190089676,Davidson,Nashville,2/2/2019 6:09:00 PM,2,0,0,36.151070,-86.842130,46TH AVN,,,,0.00,,,PARK AV,,,,0.00,Y,Four-Way, ,Intersection,None,,,         ,Robert,Crow,Clear,Angle,no,no,no,no,no,False
102295332,METROPOLITAN NASHVILLE POLICE DEPT,20190089591,Davidson,Nashville,2/2/2019 5:24:00 PM,2,0,0,36.030100,-86.637860,I 24,,,,0.00,,,,,,,61.00,N,Not at Intersection,N,Non-Junction,None,,,         ,Andrew,Brazee,Clear,Front to Rear,no,no,no,no,yes,False
102295333,METROPOLITAN NASHVILLE POLICE DEPT,20190089748,Davidson,Nashville,2/2/2019 6:51:00 PM,2,1,0,36.137070,-86.796320,WEDGEWOOD AV,,,,182.00,Feet,West,17TH AVS,,,,0.00,N,Not at Intersection,N,Non-Junction,None,,,         ,Randall,Ward,Clear,Angle,no,no,no,no,no,Campus
102295334,METROPOLITAN NASHVILLE POLICE DEPT,20190089795,Davidson,Nashville,2/2/2019 7:14:00 PM,2,0,0,36.163510,-86.783410,UNION ST,,,,40.00,Feet,East,7TH AVN,,,,0.00,N,Not at Intersection, ,Non-Junction,None,,,         ,Brent,Morris,Clear,Front to Rear,no,no,no,no,no,False
102295335,METROPOLITAN NASHVILLE POLICE DEPT,20190089555,Davidson,Not in City Limit,2/2/2019 5:08:00 PM,1,0,0,36.284510,-86.729330,I 65,,,,0.00,,,,,,,93.70,N,Not at Intersection,N,Non-Junction,None,,,         ,Kevin,Crawford,Cloudy,Not Collision with Motor Vehicle in Transport,no,no,no,no,no,False
102295362,METROPOLITAN NASHVILLE POLICE DEPT,20190089761,Davidson,Nashville,2/2/2019 7:02:00 PM,2,0,0,36.250780,-86.718450,GALLATIN PKES,,,,0.00,Feet,North,MOVING CENTER CT,,,,0.00,N,Not at Intersection,N,Non-Junction,None,,,         ,Cecilia,Gomez,Clear,HeadOn,no,no,no,no,yes,False
102295363,METROPOLITAN NASHVILLE POLICE DEPT,20190089624,Davidson,Nashville,2/2/2019 5:44:00 PM,3,5,0,36.195070,-86.687600,BRILEY PKWYS,,,,52.00,Feet,South,BRILEY PKWY S ENT RAMP,,,,0.00,N,Not at Intersection,N,Entrance/Exit Ramp Related,None,,,         ,Tony,Mingsing,Clear,Angle,no,no,no,no,no,False
102295412,METROPOLITAN NASHVILLE POLICE DEPT,20190089839,Davidson,Not in City Limit,2/2/2019 7:49:00 PM,2,0,0,36.320170,-86.847960,I 24,,,,0.00,,,,,,,36.10,N,Not at Intersection, ,,None,,,         ,Fabjan,Llukaj,,,no,no,no,no,no,False
102295413,METROPOLITAN NASHVILLE POLICE DEPT,20190089873,Davidson,Nashville,2/2/2019 5:17:00 PM,2,0,0,36.041320,-86.651840,I 24,,,,0.00,,,,,,,59.90,N,Not at Intersection,N,Non-Junction,None,,,         ,Andrew,Brazee,Clear,Front to Rear,no,no,no,no,yes,False
102295415,METROPOLITAN NASHVILLE POLICE DEPT,20190089765,Davidson,Nashville,2/2/2019 6:00:00 PM,2,0,0,36.149190,-86.746710,I 40,,,,0.00,,,,,,,211.80,N,Not at Intersection,N,Non-Junction,None,,,         ,Torry,Hill,Clear,Front to Rear,no,no,no,no,no,False
102295417,METROPOLITAN NASHVILLE POLICE DEPT,20190089903,Davidson,Nashville,2/2/2019 7:57:00 PM,2,0,0,36.126700,-86.711090,EAST THOMPSON LN,,,,0.00,,,MURFREESBORO PKE,,,,0.00,Y,Four-Way, ,Intersection,None,,,         ,Steven,Powers,Clear,Front to Rear,no,no,no,no,no,False
102295433,Metro Park Police,201900089771,Davidson,Nashville,2/2/2019 12:00:00 AM,2,0,0,36.146840,-86.808630,WEST END AV,,,,0.00,,,25TH AVN,,,,0.00,Y,Four-Way, ,Non-Junction,None,,,         ,Richard,Ellington,Clear,Front to Rear,no,no,no,no,no,Campus
102295440,METROPOLITAN NASHVILLE POLICE DEPT,20190089721,Davidson,Not in City Limit,2/2/2019 6:30:00 PM,2,0,0,36.290710,-86.809840,I 24,,,,0.00,,,,,,,39.45,N,Not at Intersection, ,Non-Junction,None,,,         ,Jacob,Krispin,Clear,Front to Rear,no,no,no,no,no,False
102295441,METROPOLITAN NASHVILLE POLICE DEPT,20190089932,Davidson,Nashville,2/2/2019 8:40:00 PM,2,0,0,36.183540,-86.722520,DALEBROOK CT,,,,570.00,Feet,West,DALEBROOK LN,,,,0.00,N,Not at Intersection, ,Non-Junction,None,,,         ,Christopher,Butner,Clear,HeadOn,no,no,no,no,no,False
102295446,METROPOLITAN NASHVILLE POLICE DEPT,20190089774,Davidson,Nashville,2/2/2019 7:08:00 PM,2,1,0,36.055080,-86.900730,OLD HICKORY BLVD,,,,735.00,Feet,West,GAUCHO ROAD PVTDR,,,,0.00,N,Not at Intersection,N,Non-Junction,None,,,         ,Alexander,Donald,Clear,Angle,no,no,no,no,no,False
102295450,METROPOLITAN NASHVILLE POLICE DEPT,20190090049,Davidson,Nashville,2/2/2019 10:00:00 PM,2,0,0,36.165400,-86.768600,S 2ND ST,,,,19.00,Feet,East,VICTORY AV,,,,0.00,N,Not at Intersection, ,Non-Junction,None,,,         ,Brent,Morris,Clear,Angle,no,no,no,no,no,False
102295456,METROPOLITAN NASHVILLE POLICE DEPT,20190089913,Davidson,Nashville,2/2/2019 4:00:00 PM,2,0,0,36.039750,-86.709770,CEDARHILL DR,,,,64.00,Feet,West,CEDARHILL CT,,,,0.00,N,Not at Intersection, ,Non-Junction,None,,,         ,Eric,Wegener,Clear,Angle,no,no,no,no,no,False
102295457,METROPOLITAN NASHVILLE POLICE DEPT,20190090022,Davidson,Nashville,2/2/2019 9:40:00 PM,1,0,0,36.114700,-86.709950,GLENGARRY DR,,,,142.00,Feet,West,MCDONALD DR,,,,0.00,N,Not at Intersection,N,Non-Junction,None,,,         ,Ciarra,Rench,Clear,Not Collision with Motor Vehicle in Transport,no,no,no,yes,no,False
102295469,METROPOLITAN NASHVILLE POLICE DEPT,20190090063,Davidson,Nashville,2/2/2019 12:00:00 AM,2,0,0,36.143730,-86.747150,MURFREESBORO PKE,,,,145.00,Feet,East,PARRIS AV,,,,0.00,N,Not at Intersection,N,Non-Junction,None,,,         ,Trevor,Taylor,Clear,Unknown,no,no,no,no,yes,False
102295515,METROPOLITAN NASHVILLE POLICE DEPT,20190090111,Davidson,Nashville,2/2/2019 9:34:00 PM,1,0,0,36.199740,-86.592040,TULIP GROVE RD,,,,0.00,,,CHANDLER RD,,,,0.00,Y,T-Intersection, ,Intersection-Related,None,,,         ,Craig,Amabile,Clear,Not Collision with Motor Vehicle in Transport,no,no,no,no,no,False
102295528,METROPOLITAN NASHVILLE POLICE DEPT,20190090101,Davidson,Nashville,2/2/2019 10:49:00 PM,2,0,0,36.206440,-86.775830,W TRINITY LN,,,,0.00,Feet,,I65 N ENT RAMP,,,,0.00,Y,T-Intersection, ,Intersection,None,,,         ,Lindsey,Anderson,Clear,Front to Rear,no,no,no,no,no,False
102295531,METROPOLITAN NASHVILLE POLICE DEPT,20190090036,Davidson,Not in City Limit,2/2/2019 9:47:00 PM,4,0,0,36.107890,-86.927200,I 40,,,,0.00,,,,,,,199.00,N,Not at Intersection,N,Non-Junction,None,,,         ,Ty,Cummings,Clear,Not Collision with Motor Vehicle in Transport,no,no,no,no,no,False
102295547,METROPOLITAN NASHVILLE POLICE DEPT,20190090217,Davidson,Nashville,2/3/2019 12:00:00 AM,2,0,0,36.183650,-86.610660,OLD HICKORY BLVD,,,,0.00,,,ANDREW JACKSON PKWY,,,,0.00,Y,Four-Way,N,Non-Junction,None,,,         ,Joao,Pinho,Clear,Angle,no,no,no,no,no,False
102295550,METROPOLITAN NASHVILLE POLICE DEPT,20190090186,Davidson,Nashville,2/2/2019 9:40:00 PM,2,0,0,36.049770,-86.666900,I 24,,,,0.00,,,,,,,58.90,N,Not at Intersection, ,Non-Junction,None,,,         ,Maccio,Hightower,Clear,"Sideswipe, Same Direction",no,no,no,no,no,False
102295578,METROPOLITAN NASHVILLE POLICE DEPT,20190090437,Davidson,Nashville,2/3/2019 1:35:00 AM,1,0,0,36.154460,-86.665350,DONELSON PKE,,,,258.00,Feet,North,WHITLAND CROSSING DR,,,,0.00,N,Not at Intersection, ,OtherLocation,None,,,         ,Tyler,Manivong,Clear,Not Collision with Motor Vehicle in Transport,no,no,no,yes,no,False
102295611,METROPOLITAN NASHVILLE POLICE DEPT,2019-0090571,Davidson,Nashville,2/3/2019 12:00:00 AM,1,0,0,36.148700,-86.746290,I40 E EXT RAMP,,,,0.00,Feet,East,I 40,,,,0.00,N,Not at Intersection,Y,Non-Junction,None,,,         ,Joshua,McGarvey,Cloudy,Unknown,no,no,no,no,yes,False
102295616,METROPOLITAN NASHVILLE POLICE DEPT,20190090295,Davidson,Nashville,2/3/2019 12:09:00 AM,2,0,0,36.153140,-86.795730,WEST END AV,,,,93.00,Feet,East,18TH AVS,,,,0.00,N,Not at Intersection,N,Non-Junction,None,,,         ,Dakota,Vermillion,Clear,"Sideswipe, Same Direction",no,no,no,no,yes,False
102295619,METROPOLITAN NASHVILLE POLICE DEPT,20190090282,Davidson,Nashville,2/3/2019 12:30:00 AM,2,0,0,36.153250,-86.794010,17TH AVS,,,,0.00,,,BROADWAY,,,,0.00,Y,Four-Way, ,Intersection,None,,,         ,David,Crisman,Clear,Angle,no,no,no,no,no,False
102295637,METROPOLITAN NASHVILLE POLICE DEPT,20190090205,Davidson,Nashville,2/2/2019 11:53:00 PM,2,0,0,36.067230,-86.661670,UNA ANTIOCH PKE,,,,0.00,,,RICHARDS RD,,,,0.00,Y,T-Intersection, ,Non-Junction,None,,,         ,Daryn,Yentes,Clear,Front to Rear,no,no,no,no,no,False
102295638,METROPOLITAN NASHVILLE POLICE DEPT,20190090622,Davidson,Nashville,2/3/2019 12:00:00 AM,1,1,0,36.043590,-86.720420,VALLEY BROOK TOWNHOMES PVTDR,,,,543.00,Feet,North,ZERMATT AV,,,,0.00,N,Not at Intersection,N,Non-Junction,None,,,         ,Sekou,Samassi,Clear,Not Collision with Motor Vehicle in Transport,no,no,no,no,no,False
102295657,METROPOLITAN NASHVILLE POLICE DEPT,20190090556,Davidson,Nashville,2/3/2019 3:00:00 AM,1,0,0,36.049280,-86.651730,BELL RD,,,,0.00,Feet,East,HICKORY HOLLOW LN,,,,0.00,N,Not at Intersection,N,Non-Junction,None,,,         ,Maccio,Hightower,Clear,Not Collision with Motor Vehicle in Transport,no,no,no,no,no,False
102295669,METROPOLITAN NASHVILLE POLICE DEPT,20190089172,Davidson,Nashville,2/2/2019 1:09:00 PM,2,2,0,36.124010,-86.849020,HARDING PKE,,,,17.00,Feet,West,ROYAL OAKS CONDOS PVTDR,,,,0.00,N,Not at Intersection,N,OtherLocation,None,,,         ,Jack,Crouch,Clear,Front to Rear,no,no,no,yes,no,False
102295680,METROPOLITAN NASHVILLE POLICE DEPT,20190090741,Davidson,Nashville,2/2/2019 8:15:00 PM,2,0,0,36.042390,-86.578380,GREYSTONE ST,,,,161.00,Feet,North,BLUEWILLOW CT,,,,0.00,N,Not at Intersection,N,Non-Junction,None,,,         ,Daryn,Yentes,Clear,"Sideswipe, Same Direction",no,no,no,no,yes,False
102295682,METROPOLITAN NASHVILLE POLICE DEPT,20190090677,Davidson,Nashville,2/3/2019 1:15:00 AM,2,0,0,36.038000,-86.786420,FRANKLIN PKE,,,,222.00,Feet,North,FRANKLIN PIKE CIR,,,,0.00,N,Not at Intersection,N,Non-Junction,None,,,         ,Garrett,Reingardt,Clear,Angle,no,no,no,yes,yes,False
102295693,METROPOLITAN NASHVILLE POLICE DEPT,2019-0090810,Davidson,Nashville,2/3/2019 6:43:00 AM,2,0,0,36.091360,-86.828510,HARDING PL,,,,0.00,,,HILLSBORO PKE,,,,0.00,Y,Four-Way,N,Intersection,None,,,         ,Timothy,Edwards,Clear,Angle,no,no,no,no,no,False
102295711,VANDERBILT UNIVERSITY POLICE,20190086337,Davidson,Nashville,2/1/2019 12:00:00 PM,2,0,0,36.142260,-86.815880,WEST END AV,,,,152.00,Feet,North,32ND AVS,,,,0.00,N,Not at Intersection,N,Non-Junction,None,,,         ,Casey,Clark,Clear,HeadOn,no,no,no,no,no,Campus
102295713,METROPOLITAN NASHVILLE POLICE DEPT,20190090829,Davidson,Nashville,2/3/2019 7:05:00 AM,2,1,0,36.089040,-86.636390,NASHBORO BLVD,,,,0.00,,,FLINTLOCK CT,,,,0.00,Y,Four-Way,N,Intersection,None,,,         ,Richard,Luellen,Clear,Angle,no,no,no,no,no,False
102295831,VANDERBILT UNIVERSITY POLICE,20190091002,Davidson,Nashville,2/3/2019 12:00:00 AM,2,0,0,36.141600,-86.807600,25TH AVS,,,,498.00,Feet,South,HIGHLAND AV,,,,0.00,N,Not at Intersection,N,Non-Junction,None,,,         ,Casey,Clark,Unknown,"Sideswipe, Same Direction",no,no,no,yes,no,Campus
102295834,METROPOLITAN NASHVILLE POLICE DEPT,20190091081,Davidson,Nashville,2/3/2019 10:41:00 AM,1,0,0,36.177310,-86.772750,I24 W EXT RAMP,,,,0.00,,,I 24,,,,0.00,Y,OTHER,N,Entrance/Exit Ramp Related,None,,,         ,Doyle,Price,Clear,Not Collision with Motor Vehicle in Transport,no,no,no,no,no,False
102295850,METROPOLITAN NASHVILLE POLICE DEPT,20190091059,Davidson,Nashville,2/3/2019 12:00:00 AM,1,0,0,36.154230,-86.665380,DONELSON PKE,,,,176.00,Feet,North,WHITLAND CROSSING DR,,,,0.00,N,Not at Intersection,N,Non-Junction,None,,,         ,Lee,Davis,Clear,Not Collision with Motor Vehicle in Transport,no,no,no,no,yes,False
102295852,METROPOLITAN NASHVILLE POLICE DEPT,20190091120,Davidson,Nashville,2/3/2019 11:00:00 AM,2,0,0,36.176760,-86.772460,I 24,,,,0.00,,,,,,,47.90,N,Not at Intersection, ,Non-Junction,None,,,         ,Doyle,Price,Clear,Front to Rear,no,no,no,no,no,False
102295877,METROPOLITAN NASHVILLE POLICE DEPT,20190091214,Davidson,Nashville,2/3/2019 11:45:00 AM,2,0,0,36.180590,-86.796350,GARFIELD ST,,,,0.00,,,ROSA L PARKS BLVD,,,,0.00,Y,Four-Way, ,Intersection,None,,,         ,Brian,Mclarty,Clear,Front to Rear,no,no,no,no,no,False
102295879,METROPOLITAN NASHVILLE POLICE DEPT,20190091132,Davidson,Nashville,2/3/2019 11:16:00 AM,2,0,0,36.145990,-86.758380,TRIMBLE ST,,,,0.00,Feet,East,FAIRFIELD AV,,,,0.00,N,Not at Intersection,N,Non-Junction,None,,,         ,Nopel,Stella,Clear,"Sideswipe, Same Direction",no,no,no,no,no,False
102295883,METROPOLITAN NASHVILLE POLICE DEPT,20190091164,Davidson,Nashville,2/3/2019 11:22:00 AM,2,0,0,36.105850,-86.813870,HILLSBORO PKE,,,,0.00,Feet,,ABBOTT MARTIN RD,,,,0.00,Y,T-Intersection, ,Intersection,None,,,         ,Robert,Morris,Clear,Front to Rear,no,no,no,no,no,False
102295898,METROPOLITAN NASHVILLE POLICE DEPT,20190091144,Davidson,Nashville,2/3/2019 11:29:00 AM,1,1,0,36.044460,-86.644190,MT VIEW RD,,,,512.00,Feet,East,BELL FORGE PKWY,,,,0.00,N,Not at Intersection,N,Non-Junction,None,,,         ,Jason,Kedzierski,Clear,Not Collision with Motor Vehicle in Transport,no,no,no,no,no,False
102295904,METROPOLITAN NASHVILLE POLICE DEPT,20190091221,Davidson,Nashville,2/3/2019 12:44:00 PM,2,1,0,36.139090,-86.800560,21ST AVS,,,,92.00,Feet,North,CAPERS AV,,,,0.00,N,Not at Intersection,N,Non-Junction,None,,,         ,Michael,McCord,Clear,Angle,no,no,no,no,no,Campus
102295914,METROPOLITAN NASHVILLE POLICE DEPT,20190091224,Davidson,Nashville,2/3/2019 12:46:00 PM,2,1,0,36.046180,-86.676400,BELL RD,,,,629.00,Feet,West,BLUE HOLE RD,,,,0.00,N,Not at Intersection,N,Non-Junction,None,,,         ,Charles,Wakefield,Clear,Angle,no,no,no,no,no,False
102295951,METROPOLITAN NASHVILLE POLICE DEPT,20190091309,Davidson,Nashville,2/3/2019 1:43:00 PM,2,0,0,36.173950,-86.787200,5TH AVN,,,,137.00,Feet,South,JEFFERSON ST,,,,0.00,N,Not at Intersection, ,,None,,,         ,Kyle,Eicholtz,,,no,no,no,no,no,False
102295952,METROPOLITAN NASHVILLE POLICE DEPT,20190091315,Davidson,Nashville,2/3/2019 12:00:00 AM,1,0,0,36.177940,-86.797980,9TH AVN,,,,225.00,Feet,East,GARFIELD ST,,,,0.00,N,Not at Intersection, ,Non-Junction,None,,,         ,Zachary,Goodall,Clear,Not Collision with Motor Vehicle in Transport,no,no,no,no,no,False
102295966,METROPOLITAN NASHVILLE POLICE DEPT,20190091262,Davidson,Nashville,2/3/2019 12:58:00 PM,2,0,0,36.236710,-86.724830,GALLATIN PKE NB EXT RAMP,,,,0.00,Feet,East,GALLATIN PKE SB EXT RAMP,,,,0.00,N,Not at Intersection, ,,None,,,         ,Timothy,Kearney,,,no,no,no,no,no,False
102296001,METROPOLITAN NASHVILLE POLICE DEPT,20190091277,Davidson,Nashville,2/3/2019 1:16:00 PM,2,2,0,36.215090,-86.595620,LEBANON PKE,,,,615.00,Feet,East,ANDREW JACKSON PKWY,,,,0.00,N,Not at Intersection,N,Non-Junction,None,,,         ,Richard,Luellen,Clear,Angle,no,no,no,no,no,False
102296041,METROPOLITAN NASHVILLE POLICE DEPT,20190091289,Davidson,Nashville,2/3/2019 1:25:00 PM,2,0,0,36.061780,-86.740510,ELLINGTON AG CENTER PVTDR,,,,68.00,Feet,West,EDMONDSON PKE,,,,0.00,N,Not at Intersection, ,Non-Junction,None,,,         ,Alberta,Auguste,Clear,Angle,no,no,no,no,no,False
102296048,METROPOLITAN NASHVILLE POLICE DEPT,20190091372,Davidson,Nashville,2/3/2019 12:00:00 AM,2,0,0,36.150800,-86.857840,WHITE BRIDGE PKE,,,,35.00,Feet,North,OBRIEN AV,,,,0.00,N,Not at Intersection,N,Non-Junction,None,,,         ,Kelby,Dumond,Clear,"Sideswipe, Same Direction",no,no,no,no,yes,False
102296058,METROPOLITAN NASHVILLE POLICE DEPT,20190091375,Davidson,Nashville,2/3/2019 2:55:00 PM,2,0,0,36.174930,-86.756630,WOODLAND ST,,,,0.00,,,S 9TH ST,,,,0.00,Y,Four-Way, ,Intersection,None,,,         ,Gordon,Stovall,Clear,Angle,no,no,no,no,no,False
102296098,METROPOLITAN NASHVILLE POLICE DEPT,20190091368,Davidson,Nashville,2/3/2019 2:53:00 PM,2,0,0,36.147060,-86.792460,MUSIC SQE,,,,117.00,Feet,North,MUSIC SQS,,,,0.00,N,Not at Intersection, ,"Driveway, Alley Access, etc",None,,,         ,John,Roberson,Clear,"Sideswipe, Same Direction",no,no,no,no,yes,False
102296123,METROPOLITAN NASHVILLE POLICE DEPT,20190091412,Davidson,Nashville,2/3/2019 3:00:00 PM,2,0,0,36.069790,-86.690780,I24 E EXT RAMP,,,,0.00,,,I 24,,,,0.00,Y,T-Intersection, ,Intersection-Related,None,,,         ,Taylor,Hurley,Clear,Front to Rear,no,no,no,no,no,False
102296129,METROPOLITAN NASHVILLE POLICE DEPT,20190091435,Davidson,Nashville,2/3/2019 3:30:00 PM,2,0,0,36.105940,-86.813820,HILLSBORO PKE,,,,146.00,Feet,North,ABBOTT MARTIN RD,,,,0.00,N,Not at Intersection,N,Non-Junction,None,,,         ,Robert,Crow,Clear,"Sideswipe, Same Direction",no,no,no,yes,yes,False
102296130,METROPOLITAN NASHVILLE POLICE DEPT,20190091429,Davidson,Nashville,2/3/2019 3:40:00 PM,2,0,0,36.145690,-86.741510,I 40,,,,0.00,,,,,,,212.20,N,Not at Intersection, ,,None,,,         ,Timothy,Ward,,,no,no,no,no,no,False
102296158,METROPOLITAN NASHVILLE POLICE DEPT,20190091456,Davidson,Nashville,2/3/2019 1:45:00 PM,2,0,0,36.229360,-86.759200,BROADMOOR DR,,,,23.00,Feet,East,DICKERSON PKE,,,,0.00,N,Not at Intersection,N,Non-Junction,None,,,         ,Cody,Jaworski,Clear,Angle,no,no,no,no,yes,False