master_record_number,agency,agency_tracking_number,county,city,collision_date,vehicles_involved,number_injured,number_dead,latitude,longitude,roadway_name,roadway_suffix,roadway_number,roadway_local_id,distance_from_reference,miles-feet_indicator,direction_from_reference,intersection_road_name,intersection_road_name_suffix,intersection_road_number,intersection_local_id,mile_marker,intersection_indicator,intersect_type,interchange_related_indicator,relation_to_junction,work_zone_type,construction_maintenance_zone,construction_maintenance_zone_location,fatal_case_number,officer_first_name,officer_last_name,weather_condition(s),manner_of_crash,pedestrian,bicycle,scooter,parking,hitrun,mou
102296816,METROPOLITAN NASHVILLE POLICE DEPT,20190093456,Davidson,Nashville,2/4/2019 11:30:00 AM,2,2,0,36.223980,-86.806210,KNIGHT DR,,,,100.00,Feet,North,WHITES CREEK PKE,,,,0.00,N,Not at Intersection,N,Non-Junction,None,,,         ,William,Coy,Cloudy,Angle,no,no,no,no,no,False
102296817,METROPOLITAN NASHVILLE POLICE DEPT,20190093781,Davidson,Nashville,2/4/2019 1:25:00 PM,2,1,0,36.173200,-86.791690,JEFFERSON ST,,,,87.00,Feet,West,ROSA L PARKS BLVD,,,,0.00,N,Not at Intersection,N,Non-Junction,None,,,         ,Brian,Mclarty,Clear,Angle,no,no,no,no,no,False
102296820,METROPOLITAN NASHVILLE POLICE DEPT,20190093629,Davidson,Nashville,2/4/2019 12:44:00 PM,3,0,0,36.084980,-86.703270,HARDING PL,,,,52.00,Feet,East,TRAVELERS INN DR,,,,0.00,N,Not at Intersection,N,Non-Junction,None,,,         ,Molly,Page,Cloudy,Front to Rear,no,no,no,no,yes,False
102296866,METROPOLITAN NASHVILLE POLICE DEPT,20190087316,Davidson,Nashville,2/1/2019 5:40:00 PM,2,0,0,36.161140,-86.793310,I40 E EXT RAMP,,,,0.00,,,I40 E EXT RAMP,,,,0.00,Y,Y-Intersection, ,Entrance/Exit Ramp Related,None,,,         ,Michael,Douglas,Clear,"Sideswipe, Same Direction",no,no,no,no,yes,False
102296875,METROPOLITAN NASHVILLE POLICE DEPT,20190094019,Davidson,Nashville,2/4/2019 1:35:00 PM,2,0,0,36.085690,-86.701020,HARDING PL,,,,130.00,Feet,East,I24 E ENT RAMP,,,,0.00,N,Not at Intersection, ,Non-Junction,None,,,         ,Devonte,Coleman,Clear,Front to Rear,no,no,no,no,no,False
102296883,METROPOLITAN NASHVILLE POLICE DEPT,20190093981,Davidson,Nashville,2/4/2019 2:48:00 PM,2,0,0,36.215780,-86.720220,ARDEE AV,,,,168.00,Feet,West,KENNEDY AV,,,,0.00,N,Not at Intersection, ,Non-Junction,None,,,         ,Dalton,Crum,Cloudy,Angle,no,no,no,no,no,False
102296902,METROPOLITAN NASHVILLE POLICE DEPT,20190093979,Davidson,Nashville,2/4/2019 2:48:00 PM,2,0,0,36.138700,-86.700110,BRILEY PKWYN,,,,293.00,Feet,South,I40 E ENT RAMP,,,,0.00,N,Not at Intersection, ,Non-Junction,None,,,         ,Thomas,Odom,Clear,Front to Rear,no,no,no,no,no,False
102296903,METROPOLITAN NASHVILLE POLICE DEPT,20190094063,Davidson,Nashville,2/4/2019 3:16:00 PM,2,0,0,36.203950,-86.694990,OPRY MILLS DR,,,,0.62,Miles,South,OPRYLAND DR,,,,0.00,N,Not at Intersection,N,Non-Junction,None,,,         ,Thomas,Odom,Cloudy,Unknown,no,no,no,no,yes,False
102296920,METROPOLITAN NASHVILLE POLICE DEPT,20190094098,Davidson,Not in City Limit,2/4/2019 3:34:00 PM,2,0,0,36.258680,-86.787560,I 24,,,,0.00,,,,,,,42.00,N,Not at Intersection,N,Non-Junction,None,,,         ,Thomas,Miller,Cloudy,Front to Rear,no,no,no,no,yes,False
102296921,METROPOLITAN NASHVILLE POLICE DEPT,20190093975,Davidson,Nashville,2/4/2019 12:30:00 PM,2,0,0,36.172590,-86.762800,S 6TH ST,,,,0.00,,,WOODLAND ST,,,,0.00,Y,Four-Way, ,Intersection,None,,,         ,Barrett,Teague,Cloudy,Angle,no,no,no,no,no,False
102296929,METROPOLITAN NASHVILLE POLICE DEPT,20190094029,Davidson,Nashville,2/4/2019 3:05:00 PM,2,0,0,36.248310,-86.725010,DUE WEST AVW,,,,91.00,Feet,West,FREDA VILLA,,,,0.00,N,Not at Intersection, ,Non-Junction,None,,,         ,Christopher,Littles,Cloudy,"Sideswipe, Same Direction",no,no,no,no,no,False
102296930,METROPOLITAN NASHVILLE POLICE DEPT,20190094095,Davidson,Nashville,2/4/2019 3:32:00 PM,1,0,0,36.249320,-86.746680,OLD DUE WEST AV,,,,635.00,Feet,East,SKYLINE MEMORIAL CT,,,,0.00,N,Not at Intersection,N,Non-Junction,None,,,         ,Christopher,Littles,Cloudy,Not Collision with Motor Vehicle in Transport,no,no,no,no,no,False
102296939,METROPOLITAN NASHVILLE POLICE DEPT,20190093673,Davidson,Nashville,2/4/2019 12:46:00 PM,2,0,0,36.162120,-86.782650,7TH AVN,,,,0.00,,,CHURCH ST,,,,0.00,Y,Four-Way, ,,None,,,         ,Michael,Douglas,,,no,no,no,no,no,False
102296945,METROPOLITAN NASHVILLE POLICE DEPT,20190094163,Davidson,Nashville,2/4/2019 3:56:00 PM,2,0,0,36.149700,-86.748010,I 40,,,,0.00,,,,,,,211.75,N,Not at Intersection,N,Non-Junction,None,,,         ,Jason,Milyaro Lucas,Clear,Front to Rear,no,no,no,no,yes,False
102296977,METROPOLITAN NASHVILLE POLICE DEPT,20190094166,Davidson,Nashville,2/4/2019 3:54:00 PM,2,1,0,36.175010,-86.784680,3RD AVN,,,,0.00,,,JEFFERSON ST,,,,0.00,Y,Four-Way,N,Intersection-Related,None,,,         ,Steven,Fisher,Clear,Front to Rear,no,no,no,no,no,False
102296988,METROPOLITAN NASHVILLE POLICE DEPT,2019094103,Davidson,Nashville,2/4/2019 3:34:00 PM,2,0,0,36.157880,-86.781440,8TH AVS,,,,0.00,,,MCGAVOCK ST,,,,0.00,Y,Four-Way, ,Non-Junction,None,,,         ,Michael,Douglas,Cloudy,Front to Rear,no,no,no,no,no,False
102296990,METROPOLITAN NASHVILLE POLICE DEPT,20190094278,Davidson,Not in City Limit,2/4/2019 4:25:00 PM,2,0,0,36.109000,-86.926020,I40 W ENT RAMP,,,,0.00,Feet,East,I 40,,,,0.00,N,Not at Intersection, ,Non-Junction,None,,,         ,Brandon,Pedigo,Cloudy,"Sideswipe, Same Direction",no,no,no,no,no,False
102296997,METROPOLITAN NASHVILLE POLICE DEPT,20190094289,Davidson,Nashville,2/4/2019 3:27:00 PM,2,0,0,36.044940,-86.666830,BELL RD,,,,84.00,Feet,East,CEDAR POINTE PKWY,,,,0.00,N,Not at Intersection,N,Non-Junction,None,,,         ,Taylor,Hurley,Cloudy,Front to Rear,no,no,no,no,no,False
102297000,METROPOLITAN NASHVILLE POLICE DEPT,20190094324,Davidson,Nashville,2/4/2019 4:55:00 PM,2,0,0,36.046640,-86.673910,BLUE HOLE RD,,,,352.00,Feet,North,BELL RD,,,,0.00,N,Not at Intersection, ,"Driveway, Alley Access, etc",None,,,         ,James,McDugle,Cloudy,Angle,no,no,no,no,no,False
102297009,METROPOLITAN NASHVILLE POLICE DEPT,20190094407,Davidson,Nashville,2/4/2019 5:37:00 PM,2,2,0,36.179100,-86.800610,I 65,,,,0.00,,,,,,,84.95,N,Not at Intersection,N,Non-Junction,None,,,         ,Thomas,Miller,Clear,Front to Rear,no,no,no,no,no,False
102297020,METROPOLITAN NASHVILLE POLICE DEPT,20190094204,Davidson,Nashville,2/4/2019 4:09:00 PM,2,0,0,36.139500,-86.818930,WEST END AV,,,,75.00,Feet,North,ORLEANS DR,,,,0.00,N,Not at Intersection, ,Non-Junction,None,,,         ,Randall,Ward,Clear,"Sideswipe, Same Direction",no,no,no,no,no,False
102297022,METROPOLITAN NASHVILLE POLICE DEPT,20190094405,Davidson,Not in City Limit,2/4/2019 5:36:00 PM,2,0,0,36.270930,-86.736260,I 65,,,,0.00,,,,,,,92.70,N,Not at Intersection,N,Non-Junction,None,,,         ,Christopher,Littles,Cloudy,Front to Rear,no,no,no,no,no,False
102297023,METROPOLITAN NASHVILLE POLICE DEPT,20190094308,Davidson,Nashville,2/4/2019 12:00:00 AM,2,1,0,36.065740,-86.629470,MURFREESBORO PKE,,,,0.00,,,HAMILTON CROSSINGS,,,,0.00,Y,T-Intersection,N,Intersection-Related,None,,,         ,Wesley,Carver,Cloudy,Angle,no,no,no,no,no,False
102297025,METROPOLITAN NASHVILLE POLICE DEPT,20190094338,Davidson,Nashville,2/4/2019 4:35:00 PM,2,0,0,36.105250,-86.717640,I 24,,,,0.00,,,,,,,54.10,N,Not at Intersection, ,Entrance/Exit Ramp Related,None,,,         ,Sean,Weaver,Cloudy,Front to Rear,no,no,no,no,no,False
102297026,METROPOLITAN NASHVILLE POLICE DEPT,20190094332,Davidson,Nashville,2/4/2019 5:02:00 PM,2,0,0,36.168220,-86.796270,I 40,,,,0.00,,,,,,,208.15,N,Not at Intersection, ,Non-Junction,None,,,         ,Thomas,Miller,Cloudy,Front to Rear,no,no,no,no,no,False
102297027,METROPOLITAN NASHVILLE POLICE DEPT,20190094429,Davidson,Nashville,2/4/2019 5:36:00 PM,2,0,0,36.080400,-86.721400,HARDING PL,,,,520.00,Feet,North,RECOVERY RD,,,,0.00,N,Not at Intersection,N,Non-Junction,None,,,         ,Devonte,Coleman,Cloudy,Front to Rear,no,no,no,no,no,False
102297029,METROPOLITAN NASHVILLE POLICE DEPT,20190094341,Davidson,Nashville,2/4/2019 5:10:00 PM,2,2,0,36.141130,-86.657340,I 40,,,,0.00,,,,,,,217.85,N,Not at Intersection,Y,Non-Junction,None,,,         ,Alexander,Spradling,Cloudy,Front to Rear,no,no,no,no,no,False
102297033,METROPOLITAN NASHVILLE POLICE DEPT,20190094255,Davidson,Nashville,2/4/2019 4:40:00 PM,3,0,0,36.117920,-86.810020,GOLF CLUB LN,,,,0.00,,,HILLSBORO PKE,,,,0.00,Y,Four-Way, ,Intersection,None,,,         ,Jonathan,Sharp,Cloudy,Front to Rear,no,no,no,no,no,False
102297037,METROPOLITAN NASHVILLE POLICE DEPT,20190094424,Davidson,Nashville,2/4/2019 5:48:00 PM,2,1,0,36.161580,-86.783890,ROSA L PARKS BLVD,,,,0.00,,,CHURCH ST,,,,0.00,Y,Four-Way,N,Intersection,Construction Zone,Laneclosure,Unknown,         ,Michael,Douglas,Cloudy,Front to Rear,no,no,no,no,no,False
102297042,METROPOLITAN NASHVILLE POLICE DEPT,20190094393,Davidson,Nashville,2/4/2019 5:15:00 PM,2,0,0,36.195510,-86.775550,I 65,,,,0.00,,,,,,,86.55,N,Not at Intersection,N,Non-Junction,None,,,         ,Michael,Moss,Rain,Front to Rear,no,no,no,no,yes,False
102297053,METROPOLITAN NASHVILLE POLICE DEPT,20190094546,Davidson,Nashville,2/4/2019 5:55:00 PM,2,0,0,36.170870,-86.798150,I 40,,,,0.00,,,,,,,208.00,N,Not at Intersection,N,Non-Junction,None,,,         ,Brent,Morris,Clear,"Sideswipe, Same Direction",no,no,no,no,yes,False
102297055,METROPOLITAN NASHVILLE POLICE DEPT,20190094398,Davidson,Nashville,2/4/2019 5:15:00 PM,2,0,0,36.159850,-86.703350,LEBANON PKE,,,,164.00,Feet,West,QUINN CIR,,,,0.00,N,Not at Intersection,N,Non-Junction,None,,,         ,Torry,Hill,Cloudy,Front to Rear,no,no,no,no,no,False
102297056,METROPOLITAN NASHVILLE POLICE DEPT,20190094461,Davidson,Nashville,2/4/2019 6:08:00 PM,2,1,0,36.213900,-86.730940,GALLATIN PKE,,,,100.00,Feet,South,GILLOCK ST,,,,0.00,N,Not at Intersection,N,Non-Junction,None,,,         ,Marc,Kozen,Cloudy,"Sideswipe, Same Direction",no,no,no,no,no,False
102297057,VANDERBILT UNIVERSITY POLICE,20190094154,Davidson,Nashville,2/4/2019 3:35:00 PM,1,1,0,36.141600,-86.795640,18TH AVS,,,,262.00,Feet,North,HORTON AV,,,,0.00,N,Not at Intersection, ,Non-Junction,None,,,         ,Alan,Reed,Cloudy,Not Collision with Motor Vehicle in Transport,yes,no,no,yes,no,Campus
102297083,METROPOLITAN NASHVILLE POLICE DEPT,20190094615,Davidson,Nashville,2/4/2019 5:30:00 PM,1,1,0,36.149290,-86.861660,CHARLOTTE PKE,,,,528.00,Feet,West,OCEOLA AV,,,,0.00,N,Not at Intersection,N,Non-Junction,None,,,         ,Randall,Ward,Clear,Not Collision with Motor Vehicle in Transport,yes,no,no,no,yes,False
102297084,METROPOLITAN NASHVILLE POLICE DEPT,20190094536,Davidson,Nashville,2/4/2019 5:06:00 PM,2,0,0,36.193660,-86.831220,CLARKSVILLE PKE,,,,0.00,Feet,West,BUENA VISTA PKE,,,,0.00,N,Not at Intersection, ,Non-Junction,None,,,         ,Bryan,Musgrave,Rain,Angle,no,no,no,no,no,False
102297094,METROPOLITAN NASHVILLE POLICE DEPT,20190094498,Davidson,Nashville,2/4/2019 6:26:00 PM,2,2,0,36.187520,-86.794620,I 65,,,,0.00,,,,,,,85.45,N,Not at Intersection,N,Non-Junction,None,,,         ,Thomas,Miller,Cloudy,Unknown,no,no,no,no,no,False
102297104,METROPOLITAN NASHVILLE POLICE DEPT,20190094430,Davidson,Nashville,2/4/2019 5:50:00 PM,4,1,0,36.237490,-86.731700,BRILEY PKWYW,,,,47.00,Feet,East,SAUNDERS AV,,,,0.00,N,Not at Intersection,N,Non-Junction,None,,,         ,Rodney,Phipps,Rain,Angle,no,no,no,no,yes,False
102297105,METROPOLITAN NASHVILLE POLICE DEPT,20190094572,Davidson,Nashville,2/4/2019 6:18:00 PM,2,0,0,36.044490,-86.780640,I 65,,,,0.00,,,,,,,75.00,N,Not at Intersection,N,Non-Junction,None,,,         ,Douglas,Sykes,Rain,Front to Rear,no,no,no,no,no,False
102297108,METROPOLITAN NASHVILLE POLICE DEPT,20190094596,Davidson,Nashville,2/4/2019 7:19:00 PM,2,0,0,36.053650,-86.673160,I 24,,,,0.00,,,,,,,58.40,N,Not at Intersection,N,Non-Junction,None,,,         ,Devonte,Coleman,Clear,"Sideswipe, Same Direction",no,no,no,no,no,False
102297117,METROPOLITAN NASHVILLE POLICE DEPT,20190094562,Davidson,Nashville,2/4/2019 6:15:00 PM,3,0,0,36.184110,-86.752320,W EASTLAND AV,,,,192.00,Feet,East,LAURENT ST,,,,0.00,N,Not at Intersection,N,Non-Junction,None,,,         ,Gordon,Stovall,Cloudy,"Sideswipe, Same Direction",no,no,no,no,yes,False
102297119,METROPOLITAN NASHVILLE POLICE DEPT,20190094696,Davidson,Nashville,2/4/2019 8:19:00 PM,1,1,0,36.138860,-86.732420,MURFREESBORO PKE,,,,189.00,Feet,East,ARLINGTON AV,,,,0.00,N,Not at Intersection,N,Non-Junction,None,,,         ,Je-Marc,Sears,Clear,Not Collision with Motor Vehicle in Transport,no,no,no,no,no,False
102297129,METROPOLITAN NASHVILLE POLICE DEPT,20190094693,Davidson,Nashville,2/4/2019 7:50:00 PM,2,0,0,36.129380,-86.903910,CHARLOTTE PKE,,,,132.00,Feet,East,CHARLOTTE PKE PVTDR,,,,0.00,N,Not at Intersection,N,Non-Junction,None,,,         ,Steven,Wiser,Rain,Front to Rear,no,no,no,no,yes,False
102297140,METROPOLITAN NASHVILLE POLICE DEPT,20190094423,Davidson,Not in City Limit,2/4/2019 5:48:00 PM,2,0,0,36.065630,-86.937350,BELLEVUE RDN,,,,48.00,Feet,South,OLD HARDING PKE,,,,0.00,N,Not at Intersection,N,Non-Junction,None,,,         ,Alexander,Donald,Rain,Front to Rear,no,no,no,no,no,False
102297141,METROPOLITAN NASHVILLE POLICE DEPT,20190094606,Davidson,Nashville,2/4/2019 7:15:00 PM,2,0,0,36.181440,-86.799820,I 65,,,,0.00,,,,,,,85.10,N,Not at Intersection, ,,None,,,         ,Thomas,Miller,,,no,no,no,no,no,False
102297187,METROPOLITAN NASHVILLE POLICE DEPT,20190094654,Davidson,Nashville,2/4/2019 12:00:00 AM,2,0,0,36.192500,-86.622920,JUAREZ DR,,,,302.00,Feet,East,LEBANON PKE,,,,0.00,N,Not at Intersection, ,,None,,,         ,Ricki,Armstrong,,,no,no,no,no,no,False
102297204,METROPOLITAN NASHVILLE POLICE DEPT,20190094725,Davidson,Nashville,2/4/2019 7:12:00 PM,2,0,0,36.048480,-86.695590,SUE CT,,,,227.00,Feet,North,ROXANNE DR,,,,0.00,N,Not at Intersection, ,Non-Junction,None,,,         ,Wesley,Carver,Cloudy,Angle,no,no,no,no,no,False
102297215,METROPOLITAN NASHVILLE POLICE DEPT,20190094863,Davidson,Nashville,2/4/2019 10:08:00 PM,2,0,0,36.129500,-86.816760,I 440,,,,0.00,,,,,,,2.00,N,Not at Intersection,N,Non-Junction,None,,,         ,Randall,Ward,Cloudy,Front to Rear,no,no,no,no,no,False
102297221,METROPOLITAN NASHVILLE POLICE DEPT,20190094944,Davidson,Nashville,2/4/2019 10:51:00 PM,1,0,0,36.073300,-86.924600,OLD HARDING PKE,,,,243.00,Feet,South,OLD HARDING PKE RAMP,,,,0.00,N,Not at Intersection,N,Non-Junction,None,,,         ,Cesar,Rocha,Cloudy,Not Collision with Motor Vehicle in Transport,no,no,no,no,yes,False
102297240,METROPOLITAN NASHVILLE POLICE DEPT,20190095028,Davidson,Nashville,2/4/2019 12:00:00 AM,1,0,0,36.177560,-86.749950,WOODLAND ST,,,,0.00,,,N 11TH ST,,,,0.00,Y,Five Point Or More,N,Non-Junction,None,,,         ,Colin,Bleem,Clear,Not Collision with Motor Vehicle in Transport,no,no,no,no,yes,False
102297241,METROPOLITAN NASHVILLE POLICE DEPT,20190095018,Davidson,Not in City Limit,2/4/2019 11:02:00 PM,1,0,0,36.274930,-86.717340,E CAMPBELL RD,,,,0.00,,,,,,,0.00,,,N,Non-Junction,None,,,         ,Patrick,McGinnis,Rain,Not Collision with Motor Vehicle in Transport,no,no,no,no,no,False
102297252,METROPOLITAN NASHVILLE POLICE DEPT,20190095148,Davidson,Nashville,2/4/2019 11:30:00 PM,1,0,0,36.088980,-86.702480,I 24,,,,0.00,,,,,,,55.45,N,Not at Intersection, ,Non-Junction,None,,,         ,Leonard,Cato,Clear,Not Collision with Motor Vehicle in Transport,no,no,no,no,no,False
102297266,METROPOLITAN NASHVILLE POLICE DEPT,20190095386,Davidson,Nashville,2/5/2019 1:05:00 AM,2,0,0,36.140810,-86.732480,I 40,,,,0.00,,,,,,,213.00,N,Not at Intersection,N,Non-Junction,None,,,         ,Tyler,Manivong,Clear,Front to Rear,no,no,no,no,yes,False
102297267,METROPOLITAN NASHVILLE POLICE DEPT,20190095071,Davidson,Nashville,2/4/2019 11:43:00 PM,1,0,0,36.085410,-86.727050,TRAVIS DR,,,,0.00,,,PARAGON MILLS RD,,,,0.00,Y,OTHER, ,Non-Junction,None,,,         ,Teresah,Pinho,Clear,Not Collision with Motor Vehicle in Transport,no,no,no,yes,no,False
102297280,METROPOLITAN NASHVILLE POLICE DEPT,20190095230,Davidson,Nashville,2/5/2019 12:00:00 AM,3,0,0,36.077510,-86.666010,BILLINGSGATE RD,,,,55.00,Feet,West,CAVENDISH CT,,,,0.00,N,Not at Intersection,N,Non-Junction,None,,,         ,David,Simmonds,Cloudy,"Sideswipe, Same Direction",no,no,no,no,no,False
102297292,METROPOLITAN NASHVILLE POLICE DEPT,20190095272,Davidson,Antioch,2/4/2019 11:52:00 PM,2,0,0,36.047840,-86.612050,MURFREESBORO PKE,,,,345.00,Feet,South,MT VIEW RD,,,,0.00,N,Not at Intersection, ,Non-Junction,None,,,         ,Douglas,Meringer,Clear,"Sideswipe, Same Direction",no,no,no,no,no,False
102297298,METROPOLITAN NASHVILLE POLICE DEPT,20190095045,Davidson,Not in City Limit,2/4/2019 11:31:00 PM,1,1,0,36.308950,-86.823150,I 24,,,,0.00,,,,,,,37.90,N,Not at Intersection,N,Non-Junction,None,,,         ,Daniel,Kallman,Rain,Not Collision with Motor Vehicle in Transport,no,no,no,no,no,False
102297315,METROPOLITAN NASHVILLE POLICE DEPT,20190095660,Davidson,Goodlettsville,2/5/2019 3:55:00 AM,2,0,0,36.299240,-86.712510,I 65,,,,0.00,,,,,,,95.10,N,Not at Intersection, ,Non-Junction,None,,,         ,Goran,Manojlovic,Rain,"Sideswipe, Same Direction",no,no,no,no,yes,False
102297346,METROPOLITAN NASHVILLE POLICE DEPT,20190095739,Davidson,Not in City Limit,2/5/2019 5:00:00 AM,1,0,0,36.262460,-86.709070,E OLD HICKORY BLVD,,,,462.00,Feet,West,3RD AV,,,,0.00,N,Not at Intersection,N,Non-Junction,None,,,         ,Bryant,Presley,Clear,Not Collision with Motor Vehicle in Transport,no,no,no,no,yes,False
102297354,METROPOLITAN NASHVILLE POLICE DEPT,20190095685,Davidson,Nashville,2/5/2019 4:30:00 AM,2,3,0,36.093880,-86.624860,HARBOR LIGHTS DR,,,,0.00,Feet,East,BELL RD,,,,0.00,N,Not at Intersection,N,Non-Junction,None,,,         ,Bradley,Pope,Clear,Angle,no,no,no,no,no,False
102297369,METROPOLITAN NASHVILLE POLICE DEPT,20190095864,Davidson,Nashville,2/5/2019 6:00:00 AM,2,0,0,36.185860,-86.798020,I65 S EXT RAMP,,,,0.00,,,I 65,,,,0.00,Y,T-Intersection, ,,None,,,         ,Erik,Schall,,,no,no,no,no,no,False
102297404,METROPOLITAN NASHVILLE POLICE DEPT,20190095927,Davidson,Nashville,2/5/2019 6:27:00 AM,2,0,0,36.143830,-86.727550,ELM HILL PKE,,,,0.00,,,POPLAR ST,,,,0.00,Y,Four-Way,N,Intersection-Related,None,,,         ,Tien,Nguyen,Cloudy,Angle,no,no,no,no,no,False
102297407,METROPOLITAN NASHVILLE POLICE DEPT,20190095992,Davidson,Nashville,2/5/2019 7:20:00 AM,2,1,0,36.126360,-86.710680,MURFREESBORO PKE,,,,176.00,Feet,South,THOMPSON PL,,,,0.00,N,Not at Intersection,N,Non-Junction,None,,,         ,Michael,Dance,Clear,Front to Rear,no,no,no,no,no,False
102297414,METROPOLITAN NASHVILLE POLICE DEPT,2019095980,Davidson,Nashville,2/5/2019 7:11:00 AM,2,0,0,36.174810,-86.797590,ARTHUR AV,,,,323.00,Feet,West,MONROE ST,,,,0.00,N,Not at Intersection,N,Non-Junction,None,,,         ,Wesley,Young,Cloudy,Front to Rear,no,no,no,no,no,False
102297416,METROPOLITAN NASHVILLE POLICE DEPT,20190095938,Davidson,Nashville,2/5/2019 12:00:00 AM,1,0,0,36.155980,-86.824310,I40 E EXT RAMP,,,,0.00,,,I 40,,,,0.00,Y,OTHER,N,Entrance/Exit Ramp Related,None,,,         ,Curtis,Rich,Unknown,Not Collision with Motor Vehicle in Transport,no,no,no,no,yes,False
102297433,METROPOLITAN NASHVILLE POLICE DEPT,20190095966,Davidson,Nashville,2/5/2019 6:52:00 AM,2,0,0,36.143390,-86.654320,ELM HILL PKE,,,,220.00,Feet,East,MCCRORY CREEK RD,,,,0.00,N,Not at Intersection, ,Non-Junction,None,,,         ,Richard,Luellen,Clear,Front to Rear,no,no,no,no,no,False
102297434,METROPOLITAN NASHVILLE POLICE DEPT,20190096052,Davidson,Nashville,2/5/2019 7:35:00 AM,2,0,0,36.187900,-86.755700,ELLINGTON PKWYS,,,,144.00,Feet,North,APEX ST,,,,0.00,N,Not at Intersection, ,Non-Junction,None,,,         ,Erik,Nash,Clear,Front to Rear,no,no,no,no,no,False
102297438,METROPOLITAN NASHVILLE POLICE DEPT,20190096049,Davidson,Nashville,2/5/2019 7:39:00 AM,2,0,0,36.115880,-86.836570,ESTES RD,,,,180.00,Feet,North,DARTMOUTH AV,,,,0.00,N,Not at Intersection, ,Non-Junction,None,,,         ,Curtis,Rich,Cloudy,Front to Rear,no,no,no,no,no,False
102297455,METROPOLITAN NASHVILLE POLICE DEPT,20190096092,Davidson,Nashville,2/5/2019 7:47:00 AM,2,0,0,36.140200,-86.722560,I 40,,,,0.00,,,,,,,213.50,N,Not at Intersection, ,Entrance/Exit Ramp Related,None,,,         ,Tien,Nguyen,Cloudy,Front to Rear,no,no,no,no,no,False
102297463,METROPOLITAN NASHVILLE POLICE DEPT,20190096085,Davidson,Nashville,2/5/2019 7:40:00 AM,2,0,0,36.136740,-86.775630,I 65,,,,0.00,,,,,,,81.60,N,Not at Intersection, ,Non-Junction,None,,,         ,Jon,Mcvey,Cloudy,Angle,no,no,no,no,no,False
102297475,METROPOLITAN NASHVILLE POLICE DEPT,20190096243,Davidson,Nashville,2/5/2019 8:50:00 AM,2,0,0,36.163440,-86.787640,ROSA L PARKS BLVD,,,,0.00,,,CHARLOTTE AV,,,,0.00,Y,OTHER, ,Intersection-Related,None,,,         ,Earl,Davis,Cloudy,Front to Rear,no,no,no,no,no,False
102297479,METROPOLITAN NASHVILLE POLICE DEPT,20190096173,Davidson,Nashville,2/5/2019 8:24:00 AM,2,0,0,36.185010,-86.744340,N 14TH ST,,,,16.00,Feet,South,SEYMOUR AV,,,,0.00,N,Not at Intersection, ,Non-Junction,None,,,         ,Michael,Agee,Rain,Angle,no,no,no,no,no,False
102297482,METROPOLITAN NASHVILLE POLICE DEPT,20190096081,Davidson,Nashville,2/5/2019 7:49:00 AM,2,1,0,36.105060,-86.742880,RADNOR ST,,,,181.00,Feet,West,NOLENSVILLE PKE,,,,0.00,N,Not at Intersection,N,Non-Junction,None,,,         ,Charles,Wakefield,Clear,Angle,no,no,no,no,no,False
102297484,METROPOLITAN NASHVILLE POLICE DEPT,20190096059,Davidson,Nashville,2/5/2019 7:44:00 AM,2,1,0,36.100580,-86.739930,NOLENSVILLE PKE,,,,9.00,Feet,North,CHILTON ST,,,,0.00,N,Not at Intersection,N,Non-Junction,None,,,         ,Gary,Sneed,Cloudy,Angle,no,no,no,no,no,False
102297485,METROPOLITAN NASHVILLE POLICE DEPT,20190096105,Davidson,Nashville,2/5/2019 8:00:00 AM,2,0,0,36.168270,-86.600150,OLD HICKORY BLVD,,,,78.00,Feet,South,SELLS DR,,,,0.00,N,Not at Intersection, ,Non-Junction,None,,,         ,Michael,Dance,Clear,Angle,no,no,no,no,no,False
102297486,METROPOLITAN NASHVILLE POLICE DEPT,20190096232,Davidson,Nashville,2/5/2019 8:20:00 AM,2,0,0,36.084160,-86.705890,LINBAR DR,,,,0.00,Feet,,HARDING PL,,,,0.00,Y,Four-Way,N,Intersection,None,,,         ,Adam,Warren,Cloudy,"Sideswipe, Same Direction",no,no,no,no,yes,False
102297487,METROPOLITAN NASHVILLE POLICE DEPT,2019-0096087,Davidson,Nashville,2/5/2019 8:10:00 AM,1,0,0,36.238750,-86.737630,BRILEY PKWY W EXT RAMP,,,,0.00,,,ELLINGTON PKWY S ENT RAMP,,,,0.00,Y,Y-Intersection,Y,Entrance/Exit Ramp Related,None,,,         ,Travis,Baxter,Clear,Not Collision with Motor Vehicle in Transport,no,no,no,no,no,False
102297495,METROPOLITAN NASHVILLE POLICE DEPT,20190096171,Davidson,Nashville,2/1/2019 12:00:00 AM,1,0,0,36.094120,-86.831030,TRIMBLE RD,,,,115.00,Feet,North,LA VISTA DR,,,,0.00,N,Not at Intersection,N,Non-Junction,None,,,         ,Paul,Junkmann,Unknown,Not Collision with Motor Vehicle in Transport,no,no,no,no,yes,False
102297497,METROPOLITAN NASHVILLE POLICE DEPT,20190096057,Davidson,Nashville,2/5/2019 12:00:00 AM,2,0,0,36.142390,-86.776730,I 65,,,,0.00,,,,,,,82.00,N,Not at Intersection,N,Non-Junction,None,,,         ,Alberta,Auguste,Clear,Front to Rear,no,no,no,no,no,False