master_record_number,agency,agency_tracking_number,county,city,collision_date,vehicles_involved,number_injured,number_dead,latitude,longitude,roadway_name,roadway_suffix,roadway_number,roadway_local_id,distance_from_reference,miles-feet_indicator,direction_from_reference,intersection_road_name,intersection_road_name_suffix,intersection_road_number,intersection_local_id,mile_marker,intersection_indicator,intersect_type,interchange_related_indicator,relation_to_junction,work_zone_type,construction_maintenance_zone,construction_maintenance_zone_location,fatal_case_number,officer_first_name,officer_last_name,weather_condition(s),manner_of_crash,pedestrian,bicycle,scooter,parking,hitrun,mou
102298270,METROPOLITAN NASHVILLE POLICE DEPT,20190098244,Davidson,Nashville,2/5/2019 8:43:00 PM,3,0,0,36.169940,-86.591160,I 40,,,,0.00,,,,,,,221.40,N,Not at Intersection, ,Non-Junction,None,,,         ,Patrick,Lancaster,Clear,"Sideswipe, Same Direction",no,no,no,no,yes,False
102298274,METROPOLITAN NASHVILLE POLICE DEPT,20190098592,Davidson,Nashville,2/6/2019 12:48:00 AM,1,0,0,36.165190,-86.763330,I24 W ENT RAMP,,,,0.00,,,I 24,,,,0.00,Y,Traffic Circle,N,Non-Junction,None,,,         ,Eric,Hall,Clear,Not Collision with Motor Vehicle in Transport,no,no,no,no,no,False
102298275,METROPOLITAN NASHVILLE POLICE DEPT,20190098423,Davidson,Nashville,2/5/2019 12:00:00 AM,1,0,0,36.174190,-86.605920,I40 E EXT RAMP,,,,0.00,,,CENTRAL PKE,,,,0.00,Y,OTHER,N,Non-Junction,None,,,         ,Emily,Mulready,Clear,Not Collision with Motor Vehicle in Transport,no,no,no,no,yes,False
102298302,METROPOLITAN NASHVILLE POLICE DEPT,20190098690,Davidson,Nashville,2/6/2019 1:30:00 AM,2,0,0,36.236840,-86.760270,I 65,,,,0.00,,,,,,,89.80,N,Not at Intersection,N,Non-Junction,None,,,         ,Amanda,Hane,Clear,Front to Rear,no,no,no,no,no,False
102298313,METROPOLITAN NASHVILLE POLICE DEPT,20190098779,Davidson,Nashville,2/6/2019 2:12:00 AM,1,1,0,36.045970,-86.657990,BELL RD,,,,25.00,Feet,West,COLLINS PARK DR,,,,0.00,N,Not at Intersection,N,Non-Junction,None,,,         ,Autumn,Manning,Clear,Not Collision with Motor Vehicle in Transport,no,no,no,no,no,False
102298323,METROPOLITAN NASHVILLE POLICE DEPT,20190098853,Davidson,Nashville,2/6/2019 2:47:00 AM,2,1,0,36.218500,-86.837030,CLARKSVILLE PKE,,,,0.00,,,KINGS LN,,,,0.00,Y,Four-Way,N,Intersection,None,,,         ,Abigail,Malone,Clear,Front to Rear,no,no,no,no,yes,False
102298345,THP District 3 - Nashville,319007148,Davidson,Nashville,2/3/2019 12:00:00 AM,3,0,0,36.026600,-86.712880,NOLENSVILLE PKE,,,,75.00,Feet,South,LORDS CHAPEL DR,,,,0.00,N,Not at Intersection,N,Non-Junction,None,,,         ,Abasse,Meite,Clear,Front to Rear,no,no,no,no,no,False
102298368,METROPOLITAN NASHVILLE POLICE DEPT,2019-0099237,Davidson,Antioch,2/6/2019 5:33:00 AM,2,0,0,36.015950,-86.620100,OLD HICKORY BLVD,,,,335.00,Feet,South,FIRESTONE PKWY,,,,0.00,N,Not at Intersection,N,Non-Junction,None,,,         ,Douglas,Meringer,Clear,"Sideswipe, Same Direction",no,no,no,yes,yes,False
102298369,METROPOLITAN NASHVILLE POLICE DEPT,20190099278,Davidson,Nashville,2/6/2019 5:53:00 AM,2,2,0,36.157220,-86.708330,LEBANON PKE,,,,203.00,Feet,East,OMOHUNDRO DR,,,,0.00,N,Not at Intersection,N,Non-Junction,None,,,         ,Jacob,West,Clear,HeadOn,no,no,no,no,no,False
102298371,METROPOLITAN NASHVILLE POLICE DEPT,20190099352,Davidson,Not in City Limit,2/6/2019 6:09:00 AM,2,0,0,36.077400,-87.002950,I 40,,,,0.00,,,,,,,193.50,N,Not at Intersection, ,Non-Junction,None,,,         ,Curtis,Rich,Cloudy,Front to Rear,no,no,no,no,no,False
102298377,METROPOLITAN NASHVILLE POLICE DEPT,20190099364,Davidson,Nashville,2/6/2019 6:27:00 AM,1,0,0,36.058030,-86.922090,HIGHWAY 100,,,,544.00,Feet,South,FALKIRK CT,,,,0.00,N,Not at Intersection, ,Non-Junction,None,,,         ,Benjamin,Cantrell,Rain,Not Collision with Motor Vehicle in Transport,no,no,no,no,no,False
102298378,METROPOLITAN NASHVILLE POLICE DEPT,20190099327,Davidson,Nashville,2/6/2019 6:24:00 AM,2,0,0,36.141650,-86.713740,I 40,,,,0.00,,,,,,,214.00,N,Not at Intersection,N,Non-Junction,None,,,         ,Emily,Mulready,Clear,Front to Rear,no,no,no,no,no,False
102298381,METROPOLITAN NASHVILLE POLICE DEPT,20190099354,Davidson,Not in City Limit,2/6/2019 6:45:00 AM,2,0,0,36.077000,-87.015210,I 40,,,,0.00,,,,,,,192.80,N,Not at Intersection, ,Non-Junction,None,,,         ,Wesley,Tilley,Cloudy,Front to Rear,no,no,no,no,no,False
102298384,METROPOLITAN NASHVILLE POLICE DEPT,20190099357,Davidson,Nashville,2/6/2019 6:25:00 AM,2,0,0,36.125470,-86.846970,HARDING PKE,,,,191.00,Feet,West,KENNER AV,,,,0.00,N,Not at Intersection, ,,None,,,         ,Paul,Junkmann,,,no,no,no,no,no,False
102298386,METROPOLITAN NASHVILLE POLICE DEPT,20190099276,Davidson,Antioch,2/6/2019 5:45:00 AM,2,0,0,36.035000,-86.608000,OLD HICKORY BLVD,,,,986.00,Feet,East,HOBSON PKE,,,,0.00,N,Not at Intersection,N,Non-Junction,None,,,         ,Jonathan,Phipps,Rain,"Sideswipe, Opposite Direction",no,no,no,no,no,False
102298408,METROPOLITAN NASHVILLE POLICE DEPT,20190099418,Davidson,Nashville,2/6/2019 7:19:00 AM,2,0,0,36.077330,-86.758850,TROUSDALE DR,,,,188.00,Feet,South,BRIARWOOD DR,,,,0.00,N,Not at Intersection, ,Non-Junction,None,,,         ,Gary,Sneed,Cloudy,Angle,no,no,no,no,no,False
102298412,METROPOLITAN NASHVILLE POLICE DEPT,20190099400,Davidson,Nashville,2/6/2019 7:03:00 AM,2,0,0,36.075550,-86.624890,CREEKVIEW DR,,,,200.00,Feet,North,EDGE MOOR DR,,,,0.00,N,Not at Intersection,N,Non-Junction,None,,,         ,Tien,Nguyen,Cloudy,Angle,no,no,no,no,no,False
102298421,METROPOLITAN NASHVILLE POLICE DEPT,20190099486,Davidson,Nashville,2/6/2019 7:48:00 AM,1,1,0,36.180920,-86.695710,BRILEY PKWYS,,,,803.00,Feet,West,WINDEMERE DR,,,,0.00,N,Not at Intersection,N,Non-Junction,None,,,         ,Michael,Dance,Cloudy,Not Collision with Motor Vehicle in Transport,no,no,no,no,no,False
102298427,METROPOLITAN NASHVILLE POLICE DEPT,20190099405,Davidson,Nashville,2/6/2019 6:25:00 AM,3,0,0,36.125470,-86.846970,HARDING PKE,,,,191.00,Feet,West,KENNER AV,,,,0.00,N,Not at Intersection,N,Non-Junction,None,,,         ,Paul,Junkmann,Rain,"Sideswipe, Same Direction",no,no,no,no,no,False
102298431,METROPOLITAN NASHVILLE POLICE DEPT,20190099448,Davidson,Nashville,2/6/2019 7:35:00 AM,2,0,0,36.181720,-86.799920,I 65,,,,0.00,,,,,,,85.10,N,Not at Intersection, ,Non-Junction,None,,,         ,Wesley,Young,Cloudy,Front to Rear,no,no,no,no,no,False
102298447,METROPOLITAN NASHVILLE POLICE DEPT,20190099601,Davidson,Nashville,2/6/2019 7:35:00 AM,2,0,0,36.182010,-86.799770,I 65,,,,0.00,,,,,,,85.15,N,Not at Intersection,N,Non-Junction,None,,,         ,Wesley,Young,Cloudy,Angle,no,no,no,no,no,False
102298453,METROPOLITAN NASHVILLE POLICE DEPT,20190099389,Davidson,Nashville,2/6/2019 7:01:00 AM,2,0,0,36.101180,-86.818470,HILLSBORO PKE,,,,114.00,Feet,North,OVERHILL DR,,,,0.00,N,Not at Intersection,N,Non-Junction,None,,,         ,Corey,Reed,Cloudy,Angle,no,no,no,no,no,False
102298454,METROPOLITAN NASHVILLE POLICE DEPT,20190099506,Davidson,Nashville,2/6/2019 7:54:00 AM,2,0,0,36.169390,-86.579860,I 40,,,,0.00,,,,,,,222.00,N,Not at Intersection, ,Non-Junction,None,,,         ,MIchael,Mihajlov,Clear,Front to Rear,no,no,no,no,no,False
102298470,METROPOLITAN NASHVILLE POLICE DEPT,20190099426,Davidson,Nashville,2/6/2019 7:25:00 AM,2,1,0,36.147810,-86.822470,I 440,,,,0.00,,,,,,,1.30,N,Not at Intersection,N,Non-Junction,Construction Zone,Work On Shoulder Or Median,Advanced Warning Area,         ,Jack,Crouch,Cloudy,Front to Rear,no,no,no,no,no,False
102298474,BELLE MEADE POLICE DEPT,19-0043,Davidson,Belle Meade,2/6/2019 7:20:00 AM,2,0,0,36.116410,-86.859650,HARDING PKE,,,,300.00,Feet,North,EVELYN AV,,,,0.00,N,Not at Intersection,N,Non-Junction,None,,,         ,Charles,Williams,Cloudy,Angle,no,no,no,no,no,False
102298497,METROPOLITAN NASHVILLE POLICE DEPT,20190099519,Davidson,Nashville,2/6/2019 8:00:00 AM,2,0,0,36.232240,-86.769540,I 65,,,,0.00,,,,,,,89.20,N,Not at Intersection, ,,None,,,         ,Jeremy,Stricklin,,,no,no,no,no,no,False
102298503,METROPOLITAN NASHVILLE POLICE DEPT,2019-0099626,Davidson,Nashville,2/6/2019 8:48:00 AM,2,1,0,36.156490,-86.776030,KOREAN VETERANS BLVD,,,,56.00,Feet,West,5TH AVS,,,,0.00,N,Not at Intersection,N,Non-Junction,None,,,         ,Peter,Kinsey,Cloudy,Front to Rear,no,no,no,no,no,False
102298515,METROPOLITAN NASHVILLE POLICE DEPT,20190099395,Davidson,Nashville,2/6/2019 6:29:00 AM,2,1,0,36.075140,-86.662370,UNA ANTIOCH PKE,,,,68.00,Feet,East,BILLINGSGATE RD,,,,0.00,N,Not at Intersection,N,Non-Junction,None,,,         ,Jessie,Meadows,Rain,Front to Rear,no,no,no,no,yes,False
102298517,METROPOLITAN NASHVILLE POLICE DEPT,20190099425,Davidson,Nashville,2/6/2019 7:21:00 AM,2,0,0,36.043350,-86.655360,I 24,,,,0.00,,,,,,,59.65,N,Not at Intersection, ,Non-Junction,None,,,         ,Jessie,Meadows,Rain,Front to Rear,no,no,no,no,no,False
102298554,METROPOLITAN NASHVILLE POLICE DEPT,20190099417,Davidson,Nashville,2/6/2019 7:18:00 AM,2,0,0,36.102480,-86.713420,I 24,,,,0.00,,,,,,,54.40,N,Not at Intersection,N,Non-Junction,None,,,         ,Jason,Hees,Cloudy,"Sideswipe, Same Direction",no,no,no,no,no,False
102298561,METROPOLITAN NASHVILLE POLICE DEPT,20190099806,Davidson,Nashville,2/6/2019 10:15:00 AM,2,0,0,36.171430,-86.769040,JAMES ROBERTSON PKWY,,,,0.00,,,INTERSTATE DR,,,,0.00,Y,Four-Way,N,Intersection,None,,,         ,Nicholas,Smith,Cloudy,Angle,no,no,no,no,no,False
102298586,METROPOLITAN NASHVILLE POLICE DEPT,20190100001,Davidson,Nashville,2/6/2019 11:29:00 AM,3,0,0,36.205820,-86.776550,I 65,,,,0.00,,,,,,,87.30,N,Not at Intersection,N,Non-Junction,None,,,         ,Wesley,Young,Rain,Front to Rear,no,no,no,no,yes,False
102298587,METROPOLITAN NASHVILLE POLICE DEPT,20190097514,Davidson,Nashville,2/5/2019 3:40:00 PM,2,0,0,36.125160,-86.906010,I 40,,,,0.00,,,,,,,200.50,N,Not at Intersection,N,Non-Junction,None,,,         ,Walter,Gray II,Cloudy,"Sideswipe, Same Direction",no,no,no,no,yes,False
102298590,METROPOLITAN NASHVILLE POLICE DEPT,20190099947,Davidson,Nashville,2/6/2019 11:02:00 AM,2,0,0,36.122010,-86.807180,HILLSBORO PKE,,,,29.00,Feet,South,I440 E EXT RAMP,,,,0.00,N,Not at Intersection,N,OtherLocation,None,,,         ,Jon,Mcvey,Rain,Front to Rear,no,no,no,no,no,False
102298597,METROPOLITAN NASHVILLE POLICE DEPT,20190099498,Davidson,Antioch,2/6/2019 7:41:00 AM,1,0,0,36.008770,-86.665810,OLD HICKORY BLVD,,,,302.00,Feet,North,PETTUS RD,,,,0.00,N,Not at Intersection,N,Non-Junction,None,,,         ,Jessie,Meadows,Rain,Not Collision with Motor Vehicle in Transport,no,no,no,no,no,False
102298624,METROPOLITAN NASHVILLE POLICE DEPT,2019100026,Davidson,Nashville,2/6/2019 11:36:00 AM,2,0,0,36.124560,-86.806560,I440 W ENT RAMP,,,,0.00,,,I 440,,,,0.00,Y,Y-Intersection, ,Entrance/Exit Ramp Related,None,,,         ,William,Caillouette,Rain,"Sideswipe, Same Direction",no,no,no,no,no,False
102298625,METROPOLITAN NASHVILLE POLICE DEPT,20190100086,Davidson,Nashville,2/6/2019 11:57:00 AM,2,0,0,36.140590,-86.729100,I 24,,,,0.00,,,,,,,51.55,N,Not at Intersection, ,Non-Junction,None,,,         ,Tien,Nguyen,Rain,Front to Rear,no,no,no,no,no,False
102298628,METROPOLITAN NASHVILLE POLICE DEPT,20190097835,Davidson,Nashville,2/5/2019 6:23:00 PM,3,1,0,36.041510,-86.960990,HIGHWAY 100,,,,50.00,Feet,North,CHAFFIN DR,,,,0.00,N,Not at Intersection,N,Non-Junction,None,,,         ,Walter,Gray II,Clear,Front to Rear,no,no,no,no,no,False
102298660,METROPOLITAN NASHVILLE POLICE DEPT,20190097733,Davidson,Nashville,2/5/2019 5:52:00 PM,2,1,0,36.176790,-86.772930,SPRING ST,,,,0.00,,,I24 E ENT RAMP,,,,0.00,Y,OTHER,N,Non-Junction,None,,,         ,Michael,Douglas,Clear,Front to Rear,no,no,no,no,no,False
102298663,METROPOLITAN NASHVILLE POLICE DEPT,20190100090,Davidson,Nashville,2/6/2019 11:45:00 AM,1,0,0,36.079710,-86.720390,RECOVERY RD,,,,228.00,Feet,North,WALLACE RD,,,,0.00,N,Not at Intersection,N,Non-Junction,None,,,         ,Todd,Watson,Rain,Not Collision with Motor Vehicle in Transport,no,no,no,no,no,False
102298668,METROPOLITAN NASHVILLE POLICE DEPT,20190100146,Davidson,Nashville,2/6/2019 12:18:00 PM,2,0,0,36.153440,-86.626610,PERCY PRIEST DR,,,,333.00,Feet,West,STEWARTS FERRY PKE,,,,0.00,N,Not at Intersection, ,"Driveway, Alley Access, etc",None,,,         ,Michael,Dance,Rain,Angle,no,no,no,no,no,False
102298677,BERRY HILL POLICE DEPT,19-0459,Davidson,Berry Hill,2/6/2019 10:30:00 AM,2,0,0,36.116670,-86.766320,E IRIS DR,,,,0.00,,,W IRIS DR,,,,0.00,Y,Four-Way, ,Intersection-Related,None,,,         ,Larry,Carter,Rain,Front to Rear,no,no,no,no,no,False
102298678,METROPOLITAN NASHVILLE POLICE DEPT,20190099513,Davidson,Nashville,2/6/2019 8:00:00 AM,2,0,0,36.181340,-86.749590,MANSFIELD ST,,,,51.00,Feet,West,GALLATIN AV,,,,0.00,N,Not at Intersection, ,Non-Junction,None,,,         ,Donald,Davidson,Cloudy,Angle,no,no,no,no,no,False
102298679,METROPOLITAN NASHVILLE POLICE DEPT,20190100244,Davidson,Nashville,2/6/2019 12:55:00 PM,2,0,0,36.151810,-86.851370,CHARLOTTE AV,,,,57.00,Feet,West,53RD AVN,,,,0.00,N,Not at Intersection, ,Non-Junction,None,,,         ,Curtis,Rich,Rain,"Sideswipe, Same Direction",no,no,no,no,no,False
102298713,BERRY HILL POLICE DEPT,19-0460,Davidson,Berry Hill,2/6/2019 11:45:00 AM,2,0,0,36.126320,-86.771150,MCKEAND AV,,,,0.00,,,CRAIGHEAD ST,,,,0.00,Y,OTHER, ,Intersection-Related,None,,,         ,Larry,Carter,Rain,Angle,no,no,no,no,no,False
102298714,METROPOLITAN NASHVILLE POLICE DEPT,20190100022,Davidson,Not in City Limit,2/6/2019 11:38:00 AM,2,0,0,36.262990,-86.680940,STATE RT 45,,,,0.00,Feet,,RIO VISTA DR,,,,0.00,Y,Four-Way, ,Intersection-Related,None,,,         ,Michelle,Steidl,Rain,Front to Rear,no,no,no,no,yes,False
102298728,METROPOLITAN NASHVILLE POLICE DEPT,20190100271,Davidson,Nashville,2/6/2019 1:07:00 PM,2,1,0,36.183540,-86.748490,GALLATIN AV,,,,71.00,Feet,North,W EASTLAND AV,,,,0.00,N,Not at Intersection,N,Non-Junction,None,,,         ,Joseph,Progar,Rain,Front to Rear,no,no,no,no,yes,False
102298729,METROPOLITAN NASHVILLE POLICE DEPT,20190100189,Davidson,Antioch,2/6/2019 12:20:00 PM,1,0,0,36.026730,-86.595810,HURRICANE CREEK BLVD,,,,0.88,Miles,East,OLD HICKORY BLVD,,,,0.00,N,Not at Intersection, ,Non-Junction,None,,,         ,Ernest,Swoner,Rain,Not Collision with Motor Vehicle in Transport,no,no,no,no,no,False
102298736,METROPOLITAN NASHVILLE POLICE DEPT,20190100366,Davidson,Nashville,2/6/2019 1:40:00 PM,2,0,0,36.164950,-86.861270,PENNSYLVANIA AV,,,,0.00,,,61ST AVN,,,,0.00,Y,Four-Way, ,Intersection,None,,,         ,George,Spencer,Rain,Angle,no,no,no,no,no,False
102298746,METROPOLITAN NASHVILLE POLICE DEPT,20190097096,Davidson,Nashville,2/5/2019 1:58:00 PM,2,0,0,36.124760,-86.806030,I440 W ENT RAMP,,,,0.00,,,HILLSBORO PKE,,,,0.00,Y,OTHER,N,Intersection-Related,None,,,         ,David,Lang,Clear,"Sideswipe, Same Direction",no,no,no,no,no,False
102298747,METROPOLITAN NASHVILLE POLICE DEPT,20190100210,Davidson,Nashville,2/6/2019 12:40:00 PM,2,0,0,36.139150,-86.818460,ORLEANS DR,,,,37.00,Feet,West,ACKLEN AV,,,,0.00,N,Not at Intersection, ,Intersection-Related,None,,,         ,Jon,Mcvey,Rain,Front to Rear,no,no,no,no,no,False
102298748,METROPOLITAN NASHVILLE POLICE DEPT,20190100309,Davidson,Nashville,2/6/2019 1:02:00 PM,2,0,0,36.129140,-86.802680,21ST AVS,,,,30.00,Feet,South,ASHWOOD AV,,,,0.00,N,Not at Intersection, ,Non-Junction,None,,,         ,Jon,Mcvey,Rain,Angle,no,no,no,no,no,False
102298775,METROPOLITAN NASHVILLE POLICE DEPT,20190100345,Davidson,Nashville,2/6/2019 1:32:00 PM,1,0,0,36.149580,-86.822690,I 440,,,,0.00,,,,,,,1.40,N,Not at Intersection,N,Non-Junction,Construction Zone,Work On Shoulder Or Median,Advanced Warning Area,         ,Jack,Crouch,Rain,Not Collision with Motor Vehicle in Transport,no,no,no,no,no,False
102298789,METROPOLITAN NASHVILLE POLICE DEPT,20190100382,Davidson,Nashville,2/6/2019 1:41:00 PM,2,1,0,36.090020,-86.733660,NOLENSVILLE PKE,,,,0.00,,,ZOO RD,,,,0.00,Y,T-Intersection,Y,Intersection,None,,,         ,Joseph,Simon,Rain,Angle,no,no,no,no,no,False
102298797,METROPOLITAN NASHVILLE POLICE DEPT,20190100397,Davidson,Nashville,2/6/2019 1:38:00 PM,3,3,0,36.119630,-86.766240,I 440,,,,0.00,,,,,,,5.40,N,Not at Intersection,N,Non-Junction,Construction Zone,Other,Activity Area,         ,Earl,Davis,Rain,HeadOn,no,no,no,no,no,False
102298801,METROPOLITAN NASHVILLE POLICE DEPT,20190100534,Davidson,Nashville,2/6/2019 2:22:00 PM,2,0,0,36.148480,-86.776350,I 40,,,,0.00,,,,,,,210.00,N,Not at Intersection, ,,None,,,         ,Douglas,Sykes,,,no,no,no,no,no,False
102298804,METROPOLITAN NASHVILLE POLICE DEPT,20190100432,Davidson,Nashville,2/6/2019 1:55:00 PM,2,1,0,36.111210,-86.749480,THOMPSON LN,,,,141.00,Feet,East,SEABOARD DR,,,,0.00,N,Not at Intersection,N,Non-Junction,None,,,         ,Alberta,Auguste,Rain,Angle,no,no,no,no,no,False
102298833,METROPOLITAN NASHVILLE POLICE DEPT,20190100320,Davidson,Nashville,2/6/2019 1:20:00 PM,2,0,0,36.064890,-86.622090,OWENDALE DR,,,,29.00,Feet,North,HAMILTON CHURCH RD,,,,0.00,N,Not at Intersection, ,Non-Junction,None,,,         ,Jessie,Meadows,Rain,"Sideswipe, Opposite Direction",no,no,no,no,no,False
102298837,VANDERBILT UNIVERSITY POLICE,20190097167,Davidson,Nashville,2/6/2019 2:10:00 PM,2,0,0,36.109140,-86.764970,POWELL AVE,,,,0.00,,,,,,,0.00,,, ,"Driveway, Alley Access, etc",None,,,         ,Fred,Oakley,Cloudy,Rear to Side,no,no,no,yes,no,OHO
102298848,METROPOLITAN NASHVILLE POLICE DEPT,20190100602,Davidson,Nashville,2/6/2019 2:45:00 PM,2,1,0,36.160420,-86.760160,I 24,,,,0.00,,,,,,,49.45,N,Not at Intersection,N,Non-Junction,None,,,         ,Christopher,Valdez,Rain,Front to Rear,no,no,no,no,yes,False
102298853,METROPOLITAN NASHVILLE POLICE DEPT,20190090030,Davidson,Nashville,2/2/2019 9:46:00 PM,2,0,0,36.064070,-86.724310,WHISPERING HILLS DR,,,,38.00,Feet,West,LEWISDALE CT,,,,0.00,N,Not at Intersection, ,Non-Junction,None,,,         ,Ryan,Coll,Clear,Angle,no,no,no,no,yes,False
102298860,METROPOLITAN NASHVILLE POLICE DEPT,20190100480,Davidson,Nashville,2/6/2019 2:20:00 PM,3,0,0,36.031820,-86.661570,PRESTON RD,,,,74.00,Feet,North,OLD FRANKLIN RD,,,,0.00,N,Not at Intersection, ,Non-Junction,None,,,         ,Jessie,Meadows,Rain,Front to Rear,no,no,no,no,no,False
102298868,METROPOLITAN NASHVILLE POLICE DEPT,20190100647,Davidson,Nashville,2/6/2019 3:25:00 PM,1,0,0,36.191770,-86.775170,WHITES CREEK PKE,,,,321.00,Feet,West,AUCTION WAY,,,,0.00,N,Not at Intersection,N,Non-Junction,None,,,         ,Kevin,Clausius,Rain,Not Collision with Motor Vehicle in Transport,no,no,no,no,no,False
102298875,METROPOLITAN NASHVILLE POLICE DEPT,20190100649,Davidson,Nashville,2/6/2019 3:33:00 PM,2,0,0,36.159590,-86.792430,I 40,,,,0.00,,,,,,,208.85,N,Not at Intersection, ,Non-Junction,None,,,         ,Thomas,Miller,Rain,"Sideswipe, Same Direction",no,no,no,no,no,False
102298876,METROPOLITAN NASHVILLE POLICE DEPT,20190100499,Davidson,Nashville,2/6/2019 2:26:00 PM,1,0,0,36.125080,-86.733720,I 440,,,,0.00,,,,,,,7.20,N,Not at Intersection,N,Non-Junction,None,,,         ,YUNUS,ADAK,Rain,Not Collision with Motor Vehicle in Transport,no,no,no,no,no,False
102298879,METROPOLITAN NASHVILLE POLICE DEPT,20190100740,Davidson,Nashville,2/6/2019 4:16:00 PM,2,0,0,36.144860,-86.813370,29TH AVN,,,,124.00,Feet,North,WEST END AV,,,,0.00,N,Not at Intersection, ,Non-Junction,None,,,         ,Ryan,Coll,Rain,Unknown,no,no,no,yes,yes,Campus
102298881,METROPOLITAN NASHVILLE POLICE DEPT,20190100721,Davidson,Nashville,2/6/2019 3:40:00 PM,2,0,0,36.179820,-86.798490,GARFIELD ST,,,,19.00,Feet,East,DELTA AV,,,,0.00,N,Not at Intersection, ,Non-Junction,None,,,         ,Melvin,Taylor,Rain,Angle,no,no,no,no,yes,False
102298890,METROPOLITAN NASHVILLE POLICE DEPT,20190100688,Davidson,Nashville,2/6/2019 2:21:00 PM,2,0,0,36.146680,-86.666480,DONELSON PKE,,,,269.00,Feet,North,ROYAL PKWY,,,,0.00,N,Not at Intersection, ,,None,,,         ,Tony,Mingsing,,,no,no,no,no,no,False
102298896,METROPOLITAN NASHVILLE POLICE DEPT,20190100813,Davidson,Nashville,2/6/2019 4:55:00 PM,2,2,0,36.208240,-86.767400,DICKERSON PKE,,,,0.00,,,GRIZZARD AV,,,,0.00,Y,T-Intersection,N,Intersection-Related,None,,,         ,Riley,Brewer,Rain,Angle,no,no,no,no,yes,False
102298898,METROPOLITAN NASHVILLE POLICE DEPT,20190100727,Davidson,Not in City Limit,2/6/2019 3:56:00 PM,1,0,0,36.382200,-86.783820,GREER RD,,,,2219.00,Feet,South,VALLEY VIEW CT,,,,0.00,N,Not at Intersection,N,Non-Junction,None,,,         ,Rodney,Phipps,Rain,Not Collision with Motor Vehicle in Transport,no,no,no,no,no,False
102298899,METROPOLITAN NASHVILLE POLICE DEPT,20190100595,Davidson,Nashville,2/6/2019 3:00:00 PM,2,1,0,36.086130,-86.729410,NOLENSVILLE PKE,,,,0.00,,,ELYSIAN FIELDS RD,,,,0.00,Y,Four-Way,N,Intersection,None,,,         ,Matthew,Turppa,Rain,Front to Rear,no,no,no,no,no,False
102298903,METROPOLITAN NASHVILLE POLICE DEPT,20190100829,Davidson,Nashville,2/6/2019 5:00:00 PM,2,0,0,36.125760,-86.846430,KENNER AV,,,,35.00,Feet,South,HARDING PKE,,,,0.00,N,Not at Intersection, ,,None,,,         ,Reagan,Heath,,,no,no,no,no,no,False
102298911,METROPOLITAN NASHVILLE POLICE DEPT,20190100830,Davidson,Nashville,2/6/2019 4:22:00 PM,2,0,0,36.166500,-86.761620,S 5TH ST,,,,0.00,Feet,West,SYLVAN ST,,,,0.00,N,Not at Intersection, ,Non-Junction,None,,,         ,Michael,Fitch,Rain,"Sideswipe, Same Direction",no,no,no,no,no,False
102298912,METROPOLITAN NASHVILLE POLICE DEPT,20190100511,Davidson,Nashville,2/6/2019 2:38:00 PM,1,1,0,36.125790,-86.904730,I 40,,,,0.00,,,,,,,200.60,N,Not at Intersection,N,Non-Junction,None,,,         ,Walter,Gray II,Rain,Not Collision with Motor Vehicle in Transport,no,no,no,no,no,False
102298915,METROPOLITAN NASHVILLE POLICE DEPT,20190100865,Davidson,Not in City Limit,2/6/2019 5:00:00 PM,1,0,0,36.258440,-86.713610,MADISON ST,,,,22.00,Feet,West,GALLATIN PKES,,,,0.00,N,Not at Intersection, ,Non-Junction,None,,,         ,Brittani,Campbell,Rain,Not Collision with Motor Vehicle in Transport,no,no,no,no,no,False
102298917,METROPOLITAN NASHVILLE POLICE DEPT,20190097711,Davidson,Nashville,2/5/2019 5:48:00 PM,5,3,1,36.321430,-86.853230,I 24,,,,0.00,,,,,,,35.80,N,Not at Intersection,N,Non-Junction,None,,,19-0085  ,Russell,Ward,Clear,Front to Rear,no,no,no,no,no,False
102298929,METROPOLITAN NASHVILLE POLICE DEPT,20190100866,Davidson,Nashville,2/6/2019 5:24:00 PM,1,0,0,36.212130,-86.872370,BRILEY PKWY S EXT RAMP,,,,0.00,Feet,East,BRILEY PKWYS,,,,0.00,N,Not at Intersection,N,Non-Junction,None,,,         ,Justin,Vaughn,Rain,Not Collision with Motor Vehicle in Transport,no,no,no,no,no,False
102298931,METROPOLITAN NASHVILLE POLICE DEPT,20190100814,Davidson,Nashville,2/6/2019 4:55:00 PM,2,0,0,36.127710,-86.901310,I 40,,,,0.00,,,,,,,200.80,N,Not at Intersection, ,Non-Junction,None,,,         ,Brandon,Pedigo,Rain,Front to Rear,no,no,no,no,no,False
102298934,METROPOLITAN NASHVILLE POLICE DEPT,20190100911,Davidson,Nashville,2/6/2019 5:41:00 PM,2,0,0,36.176960,-86.751430,WOODLAND ST,,,,0.00,,,S 10TH ST,,,,0.00,Y,Four-Way, ,Intersection,None,,,         ,Gordon,Stovall,Rain,Angle,no,no,no,no,no,False
102298936,METROPOLITAN NASHVILLE POLICE DEPT,20190100940,Davidson,Nashville,2/6/2019 5:45:00 PM,2,0,0,36.120050,-86.802660,I 440,,,,0.00,,,,,,,3.00,N,Not at Intersection, ,Non-Junction,None,,,         ,Reagan,Heath,Rain,Front to Rear,no,no,no,no,no,False