master_record_number,agency,agency_tracking_number,county,city,collision_date,vehicles_involved,number_injured,number_dead,latitude,longitude,roadway_name,roadway_suffix,roadway_number,roadway_local_id,distance_from_reference,miles-feet_indicator,direction_from_reference,intersection_road_name,intersection_road_name_suffix,intersection_road_number,intersection_local_id,mile_marker,intersection_indicator,intersect_type,interchange_related_indicator,relation_to_junction,work_zone_type,construction_maintenance_zone,construction_maintenance_zone_location,fatal_case_number,officer_first_name,officer_last_name,weather_condition(s),manner_of_crash,pedestrian,bicycle,scooter,parking,hitrun,mou
102300279,METROPOLITAN NASHVILLE POLICE DEPT,20190105398,Davidson,Nashville,2/8/2019 9:05:00 AM,2,0,0,36.084740,-86.894440,PERCY WARNER BLVD,,,,35.00,Feet,East,HARDING PKE,,,,0.00,N,Not at Intersection, ,Non-Junction,None,,,         ,Corey,Reed,Clear,Front to Rear,no,no,no,no,no,False
102300288,METROPOLITAN NASHVILLE POLICE DEPT,20190105274,Davidson,Nashville,2/8/2019 9:15:00 AM,2,1,0,36.158970,-86.789490,CHURCH ST,,,,492.00,Feet,North,12TH AVN,,,,0.00,N,Not at Intersection, ,Non-Junction,Utility Zone,,,         ,Michael,Schlegel,Clear,Angle,no,no,no,no,no,False
102300309,METROPOLITAN NASHVILLE POLICE DEPT,20190105467,Davidson,Nashville,2/8/2019 9:50:00 AM,2,0,0,36.146720,-86.743760,FESSLERS LN,,,,0.00,,,RUNDLE AV,,,,0.00,Y,T-Intersection, ,Intersection,None,,,         ,Michael,Dance,Clear,"Sideswipe, Same Direction",no,no,no,no,no,False
102300310,METROPOLITAN NASHVILLE POLICE DEPT,20190105506,Davidson,Nashville,2/8/2019 10:10:00 AM,2,1,0,36.116030,-86.789840,I 440,,,,0.00,,,,,,,4.00,N,Not at Intersection,N,Non-Junction,Construction Zone,Laneclosure,Transition Area,         ,John,Chambers,Clear,Front to Rear,no,no,no,no,yes,False
102300323,METROPOLITAN NASHVILLE POLICE DEPT,20190105553,Davidson,Nashville,2/8/2019 10:26:00 AM,2,0,0,36.146850,-86.744060,RUNDLE AV,,,,98.00,Feet,West,FESSLERS LN,,,,0.00,N,Not at Intersection, ,Non-Junction,None,,,         ,Michael,Dance,Clear,Front to Rear,no,no,no,no,no,False
102300325,VANDERBILT UNIVERSITY POLICE,20190105492,Davidson,Nashville,2/5/2019 1:45:00 PM,1,0,0,36.141790,-86.801450,MEDICAL CENTER DR,,,,0.00,,,,,,,0.00,,, ,Non-Junction,None,,,         ,Casey,Campbell,Unknown,Not Collision with Motor Vehicle in Transport,no,no,no,yes,no,Campus
102300332,METROPOLITAN NASHVILLE POLICE DEPT,20190105510,Davidson,Nashville,2/8/2019 9:30:00 AM,2,0,0,36.146310,-86.742210,I 40,,,,0.00,,,,,,,212.15,N,Not at Intersection,N,Non-Junction,None,,,         ,Doyle,Price,Clear,Front to Rear,no,no,no,no,yes,False
102300338,METROPOLITAN NASHVILLE POLICE DEPT,20190105312,Davidson,Nashville,2/8/2019 8:06:00 AM,2,0,0,36.161200,-86.792680,CHARLOTTE AV,,,,0.00,,,GEORGE L DAVIS BLVD,,,,0.00,Y,Four-Way, ,,None,,,         ,James,Hill,,,no,no,no,no,no,False
102300347,METROPOLITAN NASHVILLE POLICE DEPT,20190105654,Davidson,Nashville,2/8/2019 11:00:00 AM,2,0,0,36.086010,-86.700060,HARDING PL,,,,437.00,Feet,East,I24 W ENT RAMP,,,,0.00,N,Not at Intersection, ,Non-Junction,None,,,         ,Jason,Kedzierski,Clear,Front to Rear,no,no,no,no,no,False
102300349,GOODLETTSVILLE POLICE DEPT,19-05023,Davidson,Goodlettsville,2/8/2019 11:05:00 AM,2,0,0,36.300730,-86.700950,RIVERGATE PKWY,,,,0.00,,,BLUEBIRD DR,,,,0.00,Y,Four-Way,N,Intersection,None,,,         ,George,Forbes,Clear,Angle,no,no,no,no,yes,False
102300351,METROPOLITAN NASHVILLE POLICE DEPT,20190105652,Davidson,Nashville,2/8/2019 11:06:00 AM,1,0,0,36.155540,-86.759370,I24 W ENT RAMP,,,,0.00,,,I 40,,,,0.00,Y,OTHER, ,Entrance/Exit Ramp Related,None,,,         ,Ronald,Bright,Clear,Not Collision with Motor Vehicle in Transport,no,no,no,no,no,False
102300362,METROPOLITAN NASHVILLE POLICE DEPT,20190105781,Davidson,Nashville,2/8/2019 12:04:00 PM,2,0,0,36.143560,-86.737930,I 40,,,,0.00,,,,,,,212.60,N,Not at Intersection,N,Non-Junction,None,,,         ,Michael,Dance,Clear,"Sideswipe, Same Direction",no,no,no,no,yes,False
102300378,METROPOLITAN NASHVILLE POLICE DEPT,20190105696,Davidson,Nashville,2/8/2019 11:33:00 AM,2,0,0,36.108920,-86.922460,OLD HICKORY BLVD,,,,332.00,Feet,South,SONYA DR,,,,0.00,N,Not at Intersection,N,Non-Junction,None,,,         ,Curtis,Rich,Clear,Angle,no,no,no,no,no,False
102300384,METROPOLITAN NASHVILLE POLICE DEPT,2019-0105213,Davidson,Nashville,2/8/2019 7:52:00 AM,5,1,0,36.206120,-86.771610,W TRINITY LN,,,,151.00,Feet,West,LUCAS LN,,,,0.00,N,Not at Intersection, ,Non-Junction,None,,,         ,Joseph,Progar,Cloudy,Front to Rear,no,no,no,no,no,False
102300396,METROPOLITAN NASHVILLE POLICE DEPT,20190105798,Davidson,Nashville,2/8/2019 12:14:00 PM,2,0,0,36.040730,-86.779680,OLD HICKORY BLVD,,,,100.00,Feet,West,FRANKLIN PIKE CIR,,,,0.00,N,Not at Intersection, ,Non-Junction,None,,,         ,Earl,Davis,Clear,"Sideswipe, Same Direction",no,no,no,no,no,False
102300397,METROPOLITAN NASHVILLE POLICE DEPT,20190105767,Davidson,Nashville,2/8/2019 11:57:00 AM,2,0,0,36.156720,-86.790100,I 40,,,,0.00,,,,,,,209.05,N,Not at Intersection, ,Non-Junction,None,,,         ,Jon,Mcvey,Clear,"Sideswipe, Same Direction",no,no,no,no,no,False
102300411,METROPOLITAN NASHVILLE POLICE DEPT,20190105223,Davidson,Nashville,2/8/2019 7:43:00 AM,2,0,0,36.029200,-86.636870,I 24,,,,0.00,,,,,,,61.10,N,Not at Intersection, ,Non-Junction,None,,,         ,Donald,Davidson,Clear,Front to Rear,no,no,no,no,no,False
102300422,METROPOLITAN NASHVILLE POLICE DEPT,20190105823,Davidson,Nashville,2/8/2019 11:55:00 AM,2,0,0,36.067570,-86.640810,RURAL HILL RD,,,,504.00,Feet,South,RICE RD,,,,0.00,N,Not at Intersection, ,,None,,,         ,Jason,Kedzierski,,,no,no,no,no,no,False
102300432,METROPOLITAN NASHVILLE POLICE DEPT,2019-0105805,Davidson,Nashville,2/8/2019 11:45:00 AM,2,0,0,36.206710,-86.776270,I 65,,,,0.00,,,,,,,87.35,N,Not at Intersection,N,Non-Junction,None,,,         ,Arthur,Hipp,Clear,Front to Rear,no,no,no,no,yes,False
102300434,METROPOLITAN NASHVILLE POLICE DEPT,20190105737,Davidson,Nashville,2/8/2019 11:35:00 AM,2,0,0,36.153710,-86.771160,ELM ST,,,,0.00,,,3RD AVS,,,,0.00,Y,Four-Way, ,Intersection,Construction Zone,,,         ,Destiny,Zunic,Clear,Angle,no,no,no,no,no,False
102300455,METROPOLITAN NASHVILLE POLICE DEPT,20190105790,Davidson,Nashville,2/8/2019 11:50:00 AM,2,0,0,36.117420,-86.719060,EAST THOMPSON LN,,,,0.00,,,OLD GLENROSE AV,,,,0.00,Y,T-Intersection, ,Intersection-Related,None,,,         ,Todd,Watson,Clear,Front to Rear,no,no,no,no,no,False
102300463,METROPOLITAN NASHVILLE POLICE DEPT,20190105833,Davidson,Nashville,2/8/2019 12:29:00 PM,2,2,0,36.183970,-86.814210,CLARKSVILLE PKE,,,,0.00,,,23RD AVN,,,,0.00,Y,Four-Way,N,Intersection,None,,,         ,Wesley,Young,Clear,HeadOn,no,no,no,no,no,False
102300507,METROPOLITAN NASHVILLE POLICE DEPT,20190105705,Davidson,Nashville,2/8/2019 11:29:00 AM,3,0,0,36.197930,-86.776310,I 65,,,,0.00,,,,,,,86.70,N,Not at Intersection,N,Non-Junction,None,,,         ,Royce,McLester,Clear,Front to Rear,no,no,no,no,no,False
102300528,METROPOLITAN NASHVILLE POLICE DEPT,20190105989,Davidson,Nashville,2/8/2019 1:45:00 PM,2,0,0,36.149670,-86.859930,OCEOLA AV,,,,0.00,,,CHARLOTTE PKE,,,,0.00,Y,T-Intersection, ,Intersection,None,,,         ,Curtis,Rich,Clear,Angle,no,no,no,no,no,False
102300529,METROPOLITAN NASHVILLE POLICE DEPT,20190105844,Davidson,Nashville,2/8/2019 12:40:00 PM,2,0,0,36.144720,-86.739610,I 40,,,,0.00,,,,,,,212.30,N,Not at Intersection,N,Non-Junction,None,,,         ,Michael,Dance,Clear,"Sideswipe, Same Direction",no,no,no,no,no,False
102300539,METROPOLITAN NASHVILLE POLICE DEPT,20190105990,Davidson,Nashville,2/8/2019 1:48:00 PM,2,0,0,36.113020,-86.799640,WOODMONT BLVD,,,,115.00,Feet,East,BELMONT BLVD,,,,0.00,N,Not at Intersection,N,Non-Junction,None,,,         ,Randy,Puckett,Clear,Front to Rear,no,no,no,no,no,False
102300541,METROPOLITAN NASHVILLE POLICE DEPT,20190105811,Davidson,Nashville,2/8/2019 12:20:00 PM,1,0,0,36.153410,-86.751530,HERMITAGE AV,,,,131.00,Feet,West,KEITH ST,,,,0.00,N,Not at Intersection,N,Non-Junction,None,,,         ,Lee,Davis,Clear,Not Collision with Motor Vehicle in Transport,no,no,no,no,yes,False
102300544,METROPOLITAN NASHVILLE POLICE DEPT,20190105918,Davidson,Nashville,2/8/2019 1:05:00 PM,2,0,0,36.151750,-86.802210,21ST AVN,,,,130.00,Feet,North,HAYES ST,,,,0.00,N,Not at Intersection, ,Intersection-Related,None,,,         ,Jon,Mcvey,Clear,Front to Rear,no,no,no,no,no,Campus
102300545,METROPOLITAN NASHVILLE POLICE DEPT,20190105973,Davidson,Nashville,2/8/2019 1:03:00 PM,2,0,0,36.131500,-86.801480,21ST AVS,,,,71.00,Feet,North,BERNARD AV,,,,0.00,N,Not at Intersection, ,Intersection,None,,,         ,Jon,Mcvey,Clear,Front to Rear,no,no,no,no,no,False
102300554,METROPOLITAN NASHVILLE POLICE DEPT,20190105906,Davidson,Nashville,2/8/2019 1:04:00 PM,2,0,0,36.148970,-86.667130,ELM HILL PKE,,,,148.00,Feet,East,NELSON PL,,,,0.00,N,Not at Intersection, ,Non-Junction,None,,,         ,Michael,Dance,Clear,"Sideswipe, Same Direction",no,no,no,no,no,False
102300582,METROPOLITAN NASHVILLE POLICE DEPT,20190106018,Davidson,Nashville,2/8/2019 1:55:00 PM,2,0,0,36.136800,-86.724440,SPENCE LN,,,,406.00,Feet,North,MURFREESBORO PKE,,,,0.00,N,Not at Intersection, ,,None,,,         ,Michael,Dance,,,no,no,no,no,no,False
102300586,METROPOLITAN NASHVILLE POLICE DEPT,20190105933,Davidson,Nashville,2/8/2019 1:14:00 PM,2,0,0,36.154830,-86.785660,DEMONBREUN ST,,,,178.00,Feet,East,12TH AVS,,,,0.00,N,Not at Intersection,N,OtherLocation,None,,,         ,Frank,Campbell,Clear,Front to Rear,no,no,no,no,no,False
102300587,THP District 9 - Administrative,319008024,Davidson,Nashville,2/8/2019 7:45:00 AM,1,0,0,36.171040,-86.784110,4TH AVN,,,,0.00,,,,,,,0.00,,,N,OtherLocation,None,,,         ,Wayne,Jackson,Clear,Not Collision with Motor Vehicle in Transport,no,no,no,yes,no,False
102300593,METROPOLITAN NASHVILLE POLICE DEPT,20190106015,Davidson,Nashville,2/8/2019 2:06:00 PM,2,0,0,36.249420,-86.734420,S GRAYCROFT AV,,,,85.00,Feet,North,DUE WEST AVW,,,,0.00,N,Not at Intersection,N,Non-Junction,None,,,         ,Jeremy,Stricklin,Clear,Front to Rear,no,no,no,no,yes,False
102300601,METROPOLITAN NASHVILLE POLICE DEPT,20190103363,Davidson,Nashville,2/7/2019 2:49:00 PM,1,0,0,36.150940,-86.783140,DIVISION ST,,,,0.00,,,MAGAZINE ST,,,,0.00,Y,OTHER, ,Non-Junction,None,,,         ,Michael,Douglas,Cloudy,Not Collision with Motor Vehicle in Transport,no,no,no,yes,no,False
102300621,METROPOLITAN NASHVILLE POLICE DEPT,20190106152,Davidson,Goodlettsville,2/8/2019 3:15:00 PM,2,0,0,36.304710,-86.688980,NORTHSIDE FESTIVAL PVTDR,,,,0.00,,,LIBERTY LN,,,,0.00,Y,Four-Way, ,,None,,,         ,Christopher,Littles,,,no,no,no,no,no,False
102300641,METROPOLITAN NASHVILLE POLICE DEPT,20190105970,Davidson,Nashville,2/8/2019 1:38:00 PM,3,0,0,36.163190,-86.762000,I 24,,,,0.00,,,,,,,49.25,N,Not at Intersection,N,Non-Junction,None,,,         ,Destiny,Zunic,Clear,Front to Rear,no,no,no,no,no,False
102300647,THP District 9 - Administrative,319007320,Davidson,Nashville,2/4/2019 12:10:00 PM,2,0,0,36.120360,-86.911860,I 40,,,,0.00,,,,,,,200.10,N,Not at Intersection,N,Non-Junction,None,,,         ,Angie,Crawford,Clear,"Sideswipe, Same Direction",no,no,no,no,no,False
102300648,THP District 9 - Administrative,319008108,Davidson,Nashville,2/8/2019 2:55:00 PM,1,0,0,36.165880,-86.783590,CHARLOTTE AV,,,,112.00,Feet,West,6TH AVN,,,,0.00,,Not at Intersection, ,Non-Junction,None,,,         ,Jeffrey,Buchanan,Clear,Not Collision with Motor Vehicle in Transport,no,no,no,yes,no,False
102300653,METROPOLITAN NASHVILLE POLICE DEPT,20190106168,Davidson,Madison,2/8/2019 3:15:00 PM,1,0,0,36.343680,-86.756170,FREEMAN HOLLOW RD,,,,293.00,Feet,North,LICKTON PKE,,,,0.00,N,Not at Intersection,N,Non-Junction,None,,,         ,Zachary,Plese,Clear,Not Collision with Motor Vehicle in Transport,no,no,no,no,no,False
102300658,METROPOLITAN NASHVILLE POLICE DEPT,20190106153,Davidson,Nashville,2/8/2019 3:00:00 PM,1,0,0,36.169790,-86.588200,I 40,,,,0.00,,,,,,,221.50,N,Not at Intersection, ,,None,,,         ,Torry,Hill,,,no,no,no,no,no,False
102300659,METROPOLITAN NASHVILLE POLICE DEPT,20190106077,Davidson,Nashville,2/8/2019 2:30:00 PM,2,0,0,36.193280,-86.751920,ELLINGTON PKWY N EXT RAMP,,,,0.00,,,DOUGLAS AV,,,,0.00,Y,T-Intersection,N,Entrance/Exit Ramp Related,None,,,         ,Gregory,Cenicola,Clear,"Sideswipe, Same Direction",no,no,no,no,yes,False
102300672,METROPOLITAN NASHVILLE POLICE DEPT,20190106222,Davidson,Nashville,2/8/2019 3:42:00 PM,2,0,0,36.146240,-86.760950,TRIMBLE ST,,,,114.00,Feet,West,LINCOLN ST,,,,0.00,N,Not at Intersection, ,Non-Junction,None,,,         ,Ciarra,Rench,Clear,Angle,no,no,no,no,yes,False
102300673,METROPOLITAN NASHVILLE POLICE DEPT,20190106171,Davidson,Nashville,2/8/2019 3:02:00 PM,2,0,0,36.167660,-86.663320,LEBANON PKE,,,,0.00,,,DONELSON PKE,,,,0.00,Y,T-Intersection, ,Intersection-Related,None,,,         ,Thomas,Odom,Clear,Front to Rear,no,no,no,no,no,False
102300674,METROPOLITAN NASHVILLE POLICE DEPT,20190106173,Davidson,Nashville,2/8/2019 3:15:00 PM,2,0,0,36.120450,-86.803020,I 440,,,,0.00,,,,,,,3.00,N,Not at Intersection, ,,None,,,         ,Heather,Fox,,,no,no,no,no,no,False
102300675,METROPOLITAN NASHVILLE POLICE DEPT,20190103396,Davidson,Nashville,2/7/2019 3:15:00 PM,2,0,0,36.158890,-86.782110,8TH AVS,,,,0.00,,,BROADWAY,,,,0.00,Y,Four-Way, ,,None,,,         ,Timothy,Mead,,,no,no,no,no,no,False
102300683,METROPOLITAN NASHVILLE POLICE DEPT,20190103828,Davidson,Nashville,2/7/2019 6:26:00 PM,2,0,0,36.157950,-86.784310,BROADWAY,,,,0.00,,,10TH AVS,,,,0.00,Y,Four-Way,N,Non-Junction,None,,,         ,Michael,Douglas,Rain,Front to Rear,no,no,no,no,no,False
102300692,METROPOLITAN NASHVILLE POLICE DEPT,20190106189,Davidson,Nashville,2/8/2019 12:00:00 AM,2,0,0,36.149690,-86.779180,DIVISION ST,,,,0.00,,,8TH AVS,,,,0.00,Y,Four-Way, ,Intersection,None,,,         ,Trevor,Taylor,Clear,"Sideswipe, Same Direction",no,no,no,no,no,False
102300709,METROPOLITAN NASHVILLE POLICE DEPT,20190106197,Davidson,Nashville,2/8/2019 3:19:00 PM,2,0,0,36.150710,-86.800740,WEST END AV,,,,165.00,Feet,East,21ST AVN,,,,0.00,N,Not at Intersection, ,Non-Junction,None,,,         ,Randall,Ward,Clear,Angle,no,no,no,no,no,Campus
102300726,METROPOLITAN NASHVILLE POLICE DEPT,20190106131,Davidson,Nashville,2/8/2019 2:35:00 PM,2,0,0,36.155670,-86.789730,14TH AVN,,,,0.00,,,I40 E EXT RAMP,,,,0.00,Y,OTHER, ,Entrance/Exit Ramp Related,None,,,         ,John,Roberson,Clear,"Sideswipe, Same Direction",no,no,no,no,yes,False
102300738,METROPOLITAN NASHVILLE POLICE DEPT,20190106320,Davidson,Nashville,2/8/2019 2:15:00 PM,2,0,0,36.120420,-86.802990,I 440,,,,0.00,,,,,,,3.00,N,Not at Intersection, ,,None,,,         ,Heather,Fox,,,no,no,no,no,no,False
102300745,METROPOLITAN NASHVILLE POLICE DEPT,20190106283,Davidson,Nashville,2/8/2019 3:50:00 PM,3,2,0,36.162590,-86.793450,I 40,,,,0.00,,,,,,,208.60,N,Not at Intersection,N,Non-Junction,None,,,         ,Brent,Morris,Clear,Front to Rear,no,no,no,no,no,False
102300757,METROPOLITAN NASHVILLE POLICE DEPT,20190106126,Davidson,Nashville,2/8/2019 2:42:00 PM,2,1,0,36.131880,-86.895530,CHARLOTTE PKE,,,,0.00,,,OLD CHARLOTTE PKE,,,,0.00,Y,Four-Way,N,Intersection,None,,,         ,Walter,Gray II,Clear,Angle,no,no,no,no,no,False
102300758,METROPOLITAN NASHVILLE POLICE DEPT,20190106177,Davidson,Nashville,2/8/2019 3:30:00 PM,2,0,0,36.171860,-86.797080,JEFFERSON ST,,,,9.00,Feet,West,11TH AVN,,,,0.00,N,Not at Intersection, ,Non-Junction,None,,,         ,Gardiner,Bradley,Clear,Angle,no,no,no,no,no,False
102300762,METROPOLITAN NASHVILLE POLICE DEPT,20190106414,Davidson,Nashville,2/8/2019 4:55:00 PM,2,0,0,36.191970,-86.775480,I 24,,,,0.00,,,,,,,46.75,N,Not at Intersection,N,Non-Junction,None,,,         ,Riley,Brewer,Clear,Front to Rear,no,no,no,no,yes,False
102300767,METROPOLITAN NASHVILLE POLICE DEPT,20190106317,Davidson,Nashville,2/8/2019 4:14:00 PM,2,0,0,36.156150,-86.789410,I 40,,,,0.00,,,,,,,209.10,N,Not at Intersection, ,Non-Junction,None,,,         ,Gabriel,Hamilton,Clear,Front to Rear,no,no,no,no,no,False
102300769,METROPOLITAN NASHVILLE POLICE DEPT,20190106361,Davidson,Nashville,2/8/2019 4:42:00 PM,2,0,0,36.093390,-86.652580,MURFREESBORO PKE,,,,195.00,Feet,South,OLD MURFREESBORO PKE,,,,0.00,N,Not at Intersection,N,Non-Junction,None,,,         ,Andrew,Brazee,Clear,Front to Rear,no,no,no,no,no,False
102300772,METROPOLITAN NASHVILLE POLICE DEPT,20190106336,Davidson,Nashville,2/8/2019 4:31:00 PM,2,0,0,36.041200,-86.776200,BRENTWOOD COMMONS WAY,,,,22.00,Feet,North,OLD HICKORY BLVD,,,,0.00,N,Not at Intersection,N,Non-Junction,None,,,         ,Ryan,Coll,Clear,Angle,no,no,no,no,no,False
102300787,METROPOLITAN NASHVILLE POLICE DEPT,20190106188,Davidson,Nashville,2/8/2019 3:25:00 PM,3,0,0,36.130050,-86.715270,US HWY 41,,,,156.00,Feet,East,CONNECTING ROAD,,,,0.00,N,Not at Intersection,N,Non-Junction,None,,,         ,Brady,Reynolds,Clear,Front to Rear,no,no,no,no,no,False
102300792,METROPOLITAN NASHVILLE POLICE DEPT,20190106469,Davidson,Nashville,2/8/2019 5:30:00 PM,3,0,0,36.132090,-86.727180,I 24,,,,0.00,,,,,,,52.00,N,Not at Intersection,N,Non-Junction,None,,,         ,Ciarra,Rench,Clear,Front to Rear,no,no,no,no,no,False
102300797,METROPOLITAN NASHVILLE POLICE DEPT,20190106224,Davidson,Nashville,2/8/2019 3:40:00 PM,2,2,0,36.111060,-86.747360,LOUISE DR,,,,0.00,,,THOMPSON LN,,,,0.00,Y,T-Intersection,Y,Intersection-Related,None,,,         ,Nicholas,Carroll,Clear,Other,no,no,no,no,no,False
102300800,METROPOLITAN NASHVILLE POLICE DEPT,20190106584,Davidson,Nashville,2/8/2019 5:18:00 PM,2,0,0,36.106000,-86.673170,DONELSON PKE,,,,81.00,Feet,South,MURFREESBORO PKE,,,,0.00,N,Not at Intersection, ,Non-Junction,None,,,         ,Andrew,Brazee,Clear,Front to Rear,no,no,no,no,yes,False
102300806,METROPOLITAN NASHVILLE POLICE DEPT,20190106371,Davidson,Nashville,2/8/2019 7:35:00 AM,2,0,0,36.195320,-86.799000,FRENCH LANDING DR,,,,409.00,Feet,South,ATHENS WAY,,,,0.00,N,Not at Intersection, ,,None,,,         ,Andrey,Volfson,,,no,no,no,yes,no,False
102300821,METROPOLITAN NASHVILLE POLICE DEPT,20190106493,Davidson,Nashville,2/8/2019 4:53:00 PM,2,0,0,36.104130,-86.715970,I 24,,,,0.00,,,,,,,54.20,N,Not at Intersection, ,Non-Junction,None,,,         ,Taylor,Hurley,Clear,Front to Rear,no,no,no,no,no,False
102300823,GOODLETTSVILLE POLICE DEPT,19-05074,Davidson,Goodlettsville,2/8/2019 6:07:00 PM,2,1,0,36.318200,-86.713200,S MAIN ST,,,,250.00,Feet,South,DRAKE ST,,,,0.00,N,Not at Intersection,N,Non-Junction,None,,,         ,Shane,Farrell,Clear,Angle,no,no,no,no,yes,False
102300829,METROPOLITAN NASHVILLE POLICE DEPT,20190106398,Davidson,Not in City Limit,2/8/2019 3:29:00 PM,2,0,0,36.082690,-86.968480,HIGHWAY 70S,,,,674.00,Feet,West,SADDLE RIDGE CT,,,,0.00,N,Not at Intersection,N,Non-Junction,None,,,         ,Walter,Gray II,Clear,Front to Rear,no,no,no,no,no,False
102300830,METROPOLITAN NASHVILLE POLICE DEPT,20190106561,Davidson,Nashville,2/8/2019 4:55:00 PM,2,0,0,36.156810,-86.834350,40TH AVN,,,,100.00,Feet,South,CLIFTON AV,,,,0.00,N,Not at Intersection,N,"Driveway, Alley Access, etc",None,,,         ,Walter,Gray II,Clear,Angle,no,no,no,no,yes,False
102300831,METROPOLITAN NASHVILLE POLICE DEPT,20190106523,Davidson,Not in City Limit,2/8/2019 5:50:00 PM,2,0,0,36.264210,-86.735110,OLD HICKORY BLVDW,,,,25.00,Feet,North,BOYDS HILLTOP DR,,,,0.00,N,Not at Intersection, ,Non-Junction,None,,,         ,Jacob,Krispin,Clear,Front to Rear,no,no,no,no,no,False
102300832,METROPOLITAN NASHVILLE POLICE DEPT,20190106595,Davidson,Nashville,2/8/2019 6:10:00 PM,2,0,0,36.139720,-86.729850,I 24,,,,0.00,,,,,,,51.50,N,Not at Intersection, ,,None,,,         ,Trenton,Searcy,,,no,no,no,no,no,False
102300834,METROPOLITAN NASHVILLE POLICE DEPT,20190106638,Davidson,Nashville,2/8/2019 6:48:00 PM,2,0,0,36.136760,-86.727080,-- UNKNOWN RAMP/ROAD --,,,,0.00,Feet,East,I 24,,,,0.00,N,Not at Intersection,N,Non-Junction,None,,,         ,Brady,Reynolds,Clear,Front to Rear,no,no,no,no,no,False
102300837,METROPOLITAN NASHVILLE POLICE DEPT,20190106440,Davidson,Nashville,2/8/2019 4:45:00 PM,2,0,0,36.105420,-86.742400,NOLENSVILLE PKE,,,,74.00,Feet,North,RADNOR ST,,,,0.00,N,Not at Intersection, ,Non-Junction,None,,,         ,Jesse,Cox,Clear,Front to Rear,no,no,no,no,no,False
102300838,METROPOLITAN NASHVILLE POLICE DEPT,20190106593,Davidson,Nashville,2/8/2019 6:10:00 PM,3,0,0,36.099660,-86.625410,BELL RD,,,,1617.00,Feet,North,KOTTAS PL,,,,0.00,N,Not at Intersection,N,Non-Junction,None,,,         ,Steven,Powers,Clear,Front to Rear,no,no,no,no,yes,False
102300839,METROPOLITAN NASHVILLE POLICE DEPT,20190106555,Davidson,Nashville,2/8/2019 5:45:00 PM,2,0,0,36.116000,-86.793420,I 440,,,,0.00,,,,,,,3.80,N,Not at Intersection, ,Non-Junction,None,,,         ,John,Roberson,Clear,Front to Rear,no,no,no,no,no,False
102300855,METROPOLITAN NASHVILLE POLICE DEPT,20190106101,Davidson,Nashville,2/8/2019 2:17:00 PM,2,0,0,36.142980,-86.815040,WEST END AV,,,,195.00,Feet,North,31ST AVN,,,,0.00,N,Not at Intersection, ,,None,,,         ,Akira,McSwain,,,no,no,no,no,no,Campus
102300856,METROPOLITAN NASHVILLE POLICE DEPT,20190106364,Davidson,Nashville,2/8/2019 4:14:00 PM,2,0,0,36.121040,-86.790480,12TH AVS,,,,82.00,Feet,North,KIRKWOOD AV,,,,0.00,N,Not at Intersection, ,Non-Junction,None,,,         ,Akira,McSwain,Clear,"Sideswipe, Same Direction",no,no,no,no,no,False
102300857,METROPOLITAN NASHVILLE POLICE DEPT,20190106465,Davidson,Nashville,2/8/2019 5:17:00 PM,2,1,0,36.130770,-86.788770,SOUTH DOUGLAS AV,,,,0.00,,,12TH AVS,,,,0.00,Y,T-Intersection,N,Non-Junction,None,,,         ,Akira,McSwain,Clear,Angle,no,no,no,no,yes,False
102300858,METROPOLITAN NASHVILLE POLICE DEPT,20190106580,Davidson,Nashville,2/8/2019 5:00:00 PM,2,0,0,36.153760,-86.721100,LEBANON PKE,,,,137.00,Feet,East,SPENCE LN,,,,0.00,N,Not at Intersection,N,Non-Junction,None,,,         ,Akira,McSwain,Clear,"Sideswipe, Same Direction",no,no,no,no,yes,False
102300861,METROPOLITAN NASHVILLE POLICE DEPT,20190106422,Davidson,Goodlettsville,2/8/2019 5:13:00 PM,2,0,0,36.290770,-86.693840,MYATT DR,,,,87.00,Feet,South,EDENWOLD RD,,,,0.00,N,Not at Intersection, ,Non-Junction,None,,,         ,Christopher,Littles,Clear,Front to Rear,no,no,no,no,no,False
102300862,METROPOLITAN NASHVILLE POLICE DEPT,20190106412,Davidson,Not in City Limit,2/8/2019 5:10:00 PM,2,0,0,36.272470,-86.689540,MYATT DR,,,,128.00,Feet,North,ANDERSON LN,,,,0.00,N,Not at Intersection, ,,None,,,         ,Christopher,Littles,,,no,no,no,no,no,False
102300863,METROPOLITAN NASHVILLE POLICE DEPT,20190106586,Davidson,Goodlettsville,2/8/2019 6:16:00 PM,2,0,0,36.297370,-86.699500,RIVERGATE PKWY,,,,193.00,Feet,North,GALLATIN PKEN,,,,0.00,N,Not at Intersection, ,,None,,,         ,Christopher,Littles,,,no,no,no,no,no,False
102300864,METROPOLITAN NASHVILLE POLICE DEPT,20190106642,Davidson,Nashville,2/8/2019 4:14:00 PM,2,0,0,36.255140,-86.715100,GALLATIN PKES,,,,50.00,Feet,North,MADISON BLVD,,,,0.00,N,Not at Intersection, ,Non-Junction,None,,,         ,Christopher,Littles,Clear,Angle,no,no,no,no,no,False
102300865,METROPOLITAN NASHVILLE POLICE DEPT,20190106735,Davidson,Goodlettsville,2/8/2019 7:34:00 PM,1,1,0,36.288740,-86.693370,MYATT DR,,,,0.00,,,EDENWOLD RD,,,,0.00,Y,Four-Way,N,Intersection,None,,,         ,Christopher,Littles,Clear,Not Collision with Motor Vehicle in Transport,yes,no,no,no,yes,False