master_record_number,agency,agency_tracking_number,county,city,collision_date,vehicles_involved,number_injured,number_dead,latitude,longitude,roadway_name,roadway_suffix,roadway_number,roadway_local_id,distance_from_reference,miles-feet_indicator,direction_from_reference,intersection_road_name,intersection_road_name_suffix,intersection_road_number,intersection_local_id,mile_marker,intersection_indicator,intersect_type,interchange_related_indicator,relation_to_junction,work_zone_type,construction_maintenance_zone,construction_maintenance_zone_location,fatal_case_number,officer_first_name,officer_last_name,weather_condition(s),manner_of_crash,pedestrian,bicycle,scooter,parking,hitrun,mou
102303645,METROPOLITAN NASHVILLE POLICE DEPT,20190115283,Davidson,Nashville,2/12/2019 8:05:00 AM,2,1,0,36.108710,-86.867530,POST RD,,,,627.00,Feet,North,HARDING PKE,,,,0.00,N,Not at Intersection,N,Non-Junction,None,,,         ,Curtis,Rich,Rain,Front to Rear,no,no,no,no,no,False
102303649,METROPOLITAN NASHVILLE POLICE DEPT,20190115222,Davidson,Nashville,2/12/2019 7:39:00 AM,2,0,0,36.179280,-86.746870,GARTLAND AV,,,,385.00,Feet,East,N 12TH ST,,,,0.00,N,Not at Intersection, ,Non-Junction,None,,,         ,Mary,Robinson,Cloudy,"Sideswipe, Same Direction",no,no,no,no,no,False
102303652,METROPOLITAN NASHVILLE POLICE DEPT,20190115134,Davidson,Nashville,2/12/2019 6:45:00 AM,3,0,0,36.077090,-86.725560,NOLENSVILLE PKE,,,,0.00,,,WALLACE RD,,,,0.00,Y,Four-Way,N,Intersection-Related,None,,,         ,Charles,Coe,Rain,Front to Rear,no,no,no,no,yes,False
102303656,METROPOLITAN NASHVILLE POLICE DEPT,20190115280,Davidson,Nashville,2/12/2019 8:06:00 AM,2,0,0,36.170030,-86.592630,I 40,,,,0.00,,,,,,,221.30,N,Not at Intersection, ,Non-Junction,None,,,         ,Tien,Nguyen,Rain,Front to Rear,no,no,no,no,no,False
102303666,METROPOLITAN NASHVILLE POLICE DEPT,20190115282,Davidson,Nashville,2/12/2019 8:02:00 AM,3,0,0,36.041280,-86.777970,OLD HICKORY BLVD,,,,437.00,Feet,East,FRANKLIN PIKE CIR,,,,0.00,N,Not at Intersection,N,Non-Junction,None,,,         ,Gary,Sneed,Rain,Angle,no,no,no,no,yes,False
102303667,METROPOLITAN NASHVILLE POLICE DEPT,20190115141,Davidson,Nashville,2/12/2019 6:55:00 AM,2,0,0,36.047840,-86.612050,MURFREESBORO PKE,,,,1284.00,Feet,North,MOUNTAIN SPRINGS RD,,,,0.00,N,Not at Intersection,N,Non-Junction,None,,,         ,James,Jarvis,Rain,Front to Rear,no,no,no,no,no,False
102303669,METROPOLITAN NASHVILLE POLICE DEPT,20190115273,Davidson,Nashville,2/12/2019 7:54:00 AM,2,1,0,36.081580,-86.697160,I 24,,,,0.00,,,,,,,56.10,N,Not at Intersection,N,Non-Junction,None,,,         ,Jessie,Meadows,Rain,Front to Rear,no,no,no,no,no,False
102303678,METROPOLITAN NASHVILLE POLICE DEPT,20190115310,Davidson,Nashville,2/12/2019 8:20:00 AM,2,0,0,36.198160,-86.752160,ELLINGTON PKWYS,,,,437.00,Feet,West,ELLINGTON PKWYS,,,,0.00,N,Not at Intersection, ,Non-Junction,None,,,         ,Doyle,Price,Rain,Front to Rear,no,no,no,no,no,False
102303681,METROPOLITAN NASHVILLE POLICE DEPT,20190115354,Davidson,Nashville,2/12/2019 8:12:00 AM,2,1,0,36.145730,-86.776990,I 65,,,,0.00,,,,,,,82.20,N,Not at Intersection,N,Non-Junction,None,,,         ,Jon,Mcvey,Rain,Front to Rear,no,no,no,no,no,False
102303688,METROPOLITAN NASHVILLE POLICE DEPT,20190115406,Davidson,Nashville,2/12/2019 7:25:00 AM,2,0,0,36.155710,-86.805130,21ST AVN,,,,386.00,Feet,South,CHARLOTTE AV,,,,0.00,N,Not at Intersection,N,Non-Junction,None,,,         ,David,Lang,Rain,"Sideswipe, Same Direction",no,no,no,no,yes,False
102303695,METROPOLITAN NASHVILLE POLICE DEPT,20190115305,Davidson,Nashville,2/12/2019 7:52:00 AM,2,0,0,36.078210,-86.695100,I 24,,,,0.00,,,,,,,56.35,N,Not at Intersection,N,Non-Junction,None,,,         ,Jessie,Meadows,Rain,Front to Rear,no,no,no,no,no,False
102303707,METROPOLITAN NASHVILLE POLICE DEPT,20190115410,Davidson,Nashville,2/12/2019 9:00:00 AM,2,0,0,36.124440,-86.739450,I 440,,,,0.00,,,,,,,6.85,N,Not at Intersection, ,Non-Junction,None,,,         ,Jessie,Meadows,Rain,Front to Rear,no,no,no,no,no,False
102303714,METROPOLITAN NASHVILLE POLICE DEPT,20190115503,Davidson,Nashville,2/12/2019 9:42:00 AM,2,0,0,36.135810,-86.885150,BROOK HOLLOW RD,,,,0.00,,,CHARLOTTE PKE,,,,0.00,Y,Four-Way,N,Intersection,None,,,         ,Curtis,Rich,Rain,Angle,no,no,no,no,no,False
102303718,METROPOLITAN NASHVILLE POLICE DEPT,20190115159,Davidson,Not in City Limit,2/12/2019 7:09:00 AM,2,0,0,36.318370,-86.841980,I 24,,,,0.00,,,,,,,36.60,N,Not at Intersection,N,Non-Junction,None,,,         ,James,Wray,Rain,Front to Rear,no,no,no,no,no,False
102303726,METROPOLITAN NASHVILLE POLICE DEPT,20190115137,Davidson,Nashville,2/12/2019 6:50:00 AM,2,0,0,36.232510,-86.750860,WALTON LN,,,,168.00,Feet,North,MAPLEWOOD TRC,,,,0.00,N,Not at Intersection,N,OtherLocation,None,,,         ,Earnest,Fields,Rain,Other,no,no,no,yes,no,False
102303733,METROPOLITAN NASHVILLE POLICE DEPT,20190115547,Davidson,Nashville,2/12/2019 9:58:00 AM,2,0,0,36.151780,-86.678050,ELM HILL PKE,,,,312.00,Feet,West,EMERY DR,,,,0.00,N,Not at Intersection, ,OtherLocation,Unknown,,,         ,Tien,Nguyen,Unknown,Unknown,no,no,no,yes,yes,False
102303740,METROPOLITAN NASHVILLE POLICE DEPT,20190115626,Davidson,Nashville,2/12/2019 10:30:00 AM,2,0,0,36.041280,-86.726650,OLD HICKORY BLVD,,,,273.00,Feet,North,WINDYPINE DR,,,,0.00,N,Not at Intersection, ,Non-Junction,None,,,         ,Gary,Sneed,Rain,Front to Rear,no,no,no,no,no,False
102303741,BELLE MEADE POLICE DEPT,19-0048,Davidson,Belle Meade,2/12/2019 8:40:00 AM,3,0,0,36.119600,-86.854940,BELLE MEADE BLVD,,,,0.00,,,HARDING PKE,,,,0.00,Y,T-Intersection, ,Intersection-Related,None,,,         ,Keith,Samol,Rain,Front to Rear,no,no,no,no,no,False
102303746,GOODLETTSVILLE POLICE DEPT,19-05153,Davidson,Goodlettsville,2/9/2019 4:15:00 AM,1,0,0,36.310670,-86.702210,I 65,,,,0.00,,,,,,,96.05,N,Not at Intersection,N,Non-Junction,None,,,         ,Nicholas,Given,Cloudy,Not Collision with Motor Vehicle in Transport,no,no,no,no,yes,False
102303752,METROPOLITAN NASHVILLE POLICE DEPT,20190115584,Davidson,Nashville,2/12/2019 10:14:00 AM,2,0,0,36.192020,-86.673690,AUTUMN CHASE DR,,,,0.00,,,MCGAVOCK PKE,,,,0.00,Y,Four-Way,N,Intersection,None,,,         ,Michael,Dance,Rain,Angle,no,no,no,no,no,False
102303768,METROPOLITAN NASHVILLE POLICE DEPT,20190113648,Davidson,Nashville,2/11/2019 6:12:00 PM,1,0,0,36.136560,-86.883870,CHARLOTTE PKE,,,,127.00,Feet,West,SUMMERLY DR,,,,0.00,N,Not at Intersection, ,Non-Junction,None,,,         ,Walter,Gray II,Rain,Not Collision with Motor Vehicle in Transport,no,no,no,no,no,False
102303772,METROPOLITAN NASHVILLE POLICE DEPT,2019 0115617,Davidson,Nashville,2/12/2019 10:20:00 AM,2,2,0,36.047540,-86.863580,OLD HICKORY BLVD,,,,264.00,Feet,West,HILLSBORO PKE,,,,0.00,N,Not at Intersection,N,Non-Junction,None,,,         ,Paul,Junkmann,Rain,Front to Rear,no,no,no,no,no,False
102303794,METROPOLITAN NASHVILLE POLICE DEPT,20190115757,Davidson,Nashville,2/12/2019 11:33:00 AM,2,1,0,36.183650,-86.610660,OLD HICKORY BLVD,,,,0.00,,,ANDREW JACKSON PKWY,,,,0.00,Y,Four-Way,N,Intersection-Related,None,,,         ,Tien,Nguyen,Rain,Front to Rear,no,no,no,no,no,False
102303802,METROPOLITAN NASHVILLE POLICE DEPT,20190115842,Davidson,Nashville,2/12/2019 12:07:00 PM,2,0,0,36.148460,-86.744890,I40 E EXT RAMP,,,,274.00,Feet,East,I 40,,,,0.00,N,Not at Intersection, ,Non-Junction,None,,,         ,Thomas,Odom,Rain,"Sideswipe, Same Direction",no,no,no,no,no,False
102303810,METROPOLITAN NASHVILLE POLICE DEPT,20190115740,Davidson,Nashville,2/12/2019 11:15:00 AM,2,0,0,36.077420,-86.665850,BILLINGSGATE RD,,,,0.00,,,CAVENDISH CT,,,,0.00,Y,T-Intersection, ,Intersection-Related,None,,,         ,Charles,Coe,Rain,"Sideswipe, Same Direction",no,no,no,no,no,False
102303811,METROPOLITAN NASHVILLE POLICE DEPT,20190115731,Davidson,Nashville,2/12/2019 11:15:00 AM,2,1,0,36.155620,-86.810530,CHARLOTTE AV,,,,51.00,Feet,West,24TH AVN,,,,0.00,N,Not at Intersection, ,Non-Junction,None,,,         ,Jon,Mcvey,Cloudy,Front to Rear,no,no,no,no,no,False
102303829,GOODLETTSVILLE POLICE DEPT,19-05589,Davidson,Goodlettsville,2/12/2019 9:47:00 AM,2,0,0,36.306810,-86.694540,VIETNAM VETERANS BLVD NB EXT R,,,,0.00,,,CONFERENCE DR,,,,0.00,Y,Four-Way,N,Intersection,None,,,         ,Daniel,Knalls,Cloudy,Front to Rear,no,no,no,no,no,False
102303854,METROPOLITAN NASHVILLE POLICE DEPT,20190116009,Davidson,Nashville,2/12/2019 12:30:00 PM,2,0,0,36.130550,-86.803270,BLAIR BLVD,,,,376.00,Feet,West,21ST AVS,,,,0.00,N,Not at Intersection,N,Non-Junction,None,,,         ,Jon,Mcvey,Cloudy,Angle,no,no,no,yes,yes,False
102303855,METROPOLITAN NASHVILLE POLICE DEPT,20190115989,Davidson,Nashville,2/12/2019 1:00:00 PM,2,1,0,36.173050,-86.808120,DR D B TODD JR BLVD,,,,112.00,Feet,South,UNDERWOOD ST,,,,0.00,N,Not at Intersection,N,Non-Junction,None,,,         ,Wesley,Young,Cloudy,Front to Rear,no,no,no,no,no,False
102303869,METROPOLITAN NASHVILLE POLICE DEPT,20190115796,Davidson,Nashville,2/12/2019 11:56:00 AM,1,1,0,36.116300,-86.697420,MCGAVOCK PKE,,,,46.00,Feet,South,MURFREESBORO PKE,,,,0.00,N,Not at Intersection,N,Non-Junction,None,,,         ,Jessie,Meadows,Rain,Not Collision with Motor Vehicle in Transport,no,yes,no,no,no,False
102303871,METROPOLITAN NASHVILLE POLICE DEPT,20190090226,Davidson,Nashville,2/3/2019 12:03:00 AM,2,2,2,36.084960,-86.728290,NOLENSVILLE PKE,,,,54.00,Feet,North,PARAGON MILLS RD,,,,0.00,N,Not at Intersection,N,Non-Junction,None,,,19-0074  ,Kevin,Coleman,Clear,Angle,no,no,no,no,no,False
102303872,METROPOLITAN NASHVILLE POLICE DEPT,20190116031,Davidson,Not in City Limit,2/12/2019 1:00:00 PM,2,0,0,36.074620,-86.937460,HIGHWAY 70S,,,,672.00,Feet,West,COLICE JEANNE RD,,,,0.00,N,Not at Intersection,N,Non-Junction,None,,,         ,Curtis,Rich,Cloudy,HeadOn,no,no,no,no,no,False
102303873,METROPOLITAN NASHVILLE POLICE DEPT,20190115807,Davidson,Nashville,2/12/2019 11:37:00 AM,3,0,0,36.181510,-86.773700,DICKERSON PKE,,,,0.00,,,N 1ST ST,,,,0.00,Y,Y-Intersection,Y,Intersection-Related,None,,,         ,Doyle,Price,Rain,"Sideswipe, Same Direction",no,no,no,no,yes,False
102303894,METROPOLITAN NASHVILLE POLICE DEPT,20190116058,Davidson,Nashville,2/12/2019 1:17:00 PM,1,0,0,36.171040,-86.803520,I 40,,,,0.00,,,,,,,207.70,N,Not at Intersection,N,Non-Junction,None,,,         ,Patrick,Taylor,Cloudy,Not Collision with Motor Vehicle in Transport,no,no,no,no,no,False
102303896,METROPOLITAN NASHVILLE POLICE DEPT,20190115379,Davidson,Nashville,2/12/2019 8:37:00 AM,2,0,0,36.084750,-86.706100,EISENHOWER DR,,,,0.00,,,LINBAR DR,,,,0.00,Y,Four-Way, ,Non-Junction,None,,,         ,Alex,Moore,Rain,Rear to Rear,no,no,no,no,no,False
102303903,METROPOLITAN NASHVILLE POLICE DEPT,2019-0116064,Davidson,Nashville,2/12/2019 1:30:00 PM,2,0,0,36.238390,-86.780910,BRICK CHURCH PKE,,,,0.00,Feet,North,BRILEY PKWYW,,,,0.00,N,Not at Intersection,N,Non-Junction,None,,,         ,Arthur,Hipp,Cloudy,Front to Rear,no,no,no,no,no,False
102303905,METROPOLITAN NASHVILLE POLICE DEPT,20190115982,Davidson,Nashville,2/12/2019 12:59:00 PM,2,0,0,36.150390,-86.770560,I40 E EXT RAMP,,,,0.00,Feet,East,I 40,,,,0.00,N,Not at Intersection,N,Entrance/Exit Ramp Related,None,,,         ,Jessie,Meadows,Rain,Front to Rear,no,no,no,no,no,False
102303906,METROPOLITAN NASHVILLE POLICE DEPT,20190115963,Davidson,Nashville,2/12/2019 12:52:00 PM,2,0,0,36.156240,-86.802940,20TH AVN,,,,0.00,,,MURPHY AV,,,,0.00,Y,T-Intersection, ,Intersection,None,,,         ,William,Caillouette,Rain,"Sideswipe, Same Direction",no,no,no,no,no,False
102303914,METROPOLITAN NASHVILLE POLICE DEPT,20190116133,Davidson,Nashville,2/12/2019 1:51:00 PM,2,0,0,36.049530,-86.652700,HICKORY HOLLOW MALL PVTDR PL,,,,0.00,,,,,,,0.00,,, ,Non-Junction,None,,,         ,Jason,Hees,Rain,"Sideswipe, Opposite Direction",no,no,no,yes,no,False
102303920,GOODLETTSVILLE POLICE DEPT,19-05599,Davidson,Goodlettsville,2/12/2019 11:35:00 AM,2,0,0,36.310280,-86.704930,I65 S EXT RAMP,,,,0.00,,,RIVERGATE PKWY,,,,0.00,Y,Four-Way, ,Intersection,None,,,         ,Daniel,Knalls,Cloudy,Front to Rear,no,no,no,no,no,False
102303921,METROPOLITAN NASHVILLE POLICE DEPT,20190116191,Davidson,Nashville,2/12/2019 2:22:00 PM,1,0,0,36.135300,-86.705590,MASSMAN DR,,,,121.00,Feet,East,RADFORD DR,,,,0.00,N,Not at Intersection,N,Non-Junction,None,,,         ,Thomas,Odom,Rain,Not Collision with Motor Vehicle in Transport,no,no,no,no,yes,False
102303923,METROPOLITAN NASHVILLE POLICE DEPT,20190116142,Davidson,Nashville,2/12/2019 1:46:00 PM,1,0,0,36.040820,-86.773300,OLD HICKORY BLVD,,,,49.00,Feet,East,HEALTH PARK DR,,,,0.00,N,Not at Intersection, ,Non-Junction,None,,,         ,Jon,Mcvey,Cloudy,Front to Rear,no,no,no,no,no,False
102303924,METROPOLITAN NASHVILLE POLICE DEPT,20190113596,Davidson,Nashville,2/11/2019 6:35:00 PM,1,1,0,36.155550,-86.786810,12TH AVS,,,,0.00,,,MCGAVOCK ST,,,,0.00,Y,Four-Way,N,Intersection,None,,,         ,Joshua,Reece,Clear,Not Collision with Motor Vehicle in Transport,yes,no,no,no,yes,False
102303925,METROPOLITAN NASHVILLE POLICE DEPT,20190116132,Davidson,Nashville,2/12/2019 1:32:00 PM,2,0,0,36.183180,-86.773870,GRACE ST,,,,0.00,,,DICKERSON PKE,,,,0.00,Y,T-Intersection, ,Intersection,None,,,         ,Nicholas,Silinsky,Rain,Front to Rear,no,no,no,no,no,False
102303945,METROPOLITAN NASHVILLE POLICE DEPT,20190115980,Davidson,Nashville,2/12/2019 12:05:00 PM,2,0,0,36.086860,-86.695950,METROPLEX DR,,,,0.00,,,HARDING PL,,,,0.00,Y,Four-Way,N,Non-Junction,None,,,         ,Alex,Moore,Cloudy,Angle,no,no,no,no,yes,False
102303948,METROPOLITAN NASHVILLE POLICE DEPT,20190089260,Davidson,Not in City Limit,2/2/2019 2:25:00 PM,2,0,0,36.271900,-86.689590,MYATT DR,,,,79.00,Feet,South,ANDERSON LN,,,,0.00,N,Not at Intersection,N,Non-Junction,None,,,         ,Bradley,Campbell,Clear,Angle,no,no,no,no,no,False
102303953,METROPOLITAN NASHVILLE POLICE DEPT,20190116297,Davidson,Nashville,2/12/2019 2:21:00 PM,2,0,0,36.214490,-86.730520,STRATFORD AV,,,,0.00,,,GALLATIN PKE,,,,0.00,Y,T-Intersection, ,Intersection,None,,,         ,Christopher,Valdez,Cloudy,Angle,no,no,no,no,no,False
102303958,METROPOLITAN NASHVILLE POLICE DEPT,20190116289,Davidson,Nashville,2/12/2019 2:56:00 PM,2,0,0,36.112410,-86.929490,CHARLOTTE PKE,,,,50.00,Feet,East,SAWYER BROWN RD,,,,0.00,N,Not at Intersection,N,Non-Junction,None,,,         ,Walter,Gray II,Cloudy,Front to Rear,no,no,no,no,yes,False
102303964,METROPOLITAN NASHVILLE POLICE DEPT,20190113523,Davidson,Nashville,2/11/2019 6:00:00 PM,2,1,0,36.157650,-86.773410,3RD AVS,,,,0.00,,,KOREAN VETERANS BLVD,,,,0.00,Y,Four-Way,N,Intersection,None,,,         ,Brandon,O'Guin,Rain,Angle,no,no,no,no,no,False
102303971,METROPOLITAN NASHVILLE POLICE DEPT,20190116310,Davidson,Nashville,2/12/2019 3:02:00 PM,2,0,0,36.077220,-86.682150,ANTIOCH PKE,,,,105.00,Feet,North,LUNA DR,,,,0.00,N,Not at Intersection,N,Non-Junction,None,,,         ,William,Durham,Clear,"Sideswipe, Same Direction",no,no,no,no,yes,False
102303991,VANDERBILT UNIVERSITY POLICE,20190116425,Davidson,Nashville,2/12/2019 2:32:00 PM,1,0,0,36.141930,-86.801220,MEDICAL CENTER DR,,,,0.00,,,,,,,0.00,,,N,Non-Junction,None,,,         ,Lakisha,Chandler,Cloudy,Not Collision with Motor Vehicle in Transport,no,no,no,yes,no,Campus
102303992,METROPOLITAN NASHVILLE POLICE DEPT,20190116490,Davidson,Nashville,2/12/2019 3:52:00 PM,2,1,0,36.157510,-86.791120,I40 E ENT RAMP,,,,0.00,,,I 40,,,,0.00,Y,OTHER,N,Entrance/Exit Ramp Related,None,,,         ,Randall,Ward,Clear,Front to Rear,no,no,no,no,no,False
102303996,METROPOLITAN NASHVILLE POLICE DEPT,20190116578,Davidson,Nashville,2/12/2019 4:38:00 PM,2,0,0,36.044890,-86.663890,BELL RD,,,,636.00,Feet,North,CANE RIDGE RD,,,,0.00,N,Not at Intersection, ,Non-Junction,None,,,         ,William,Durham,Clear,Front to Rear,no,no,no,no,no,False
102303997,METROPOLITAN NASHVILLE POLICE DEPT,20190116399,Davidson,Nashville,2/12/2019 3:30:00 PM,4,0,0,36.136210,-86.795700,MAGNOLIA BLVD,,,,210.00,Feet,West,WEDGEWOOD AV,,,,0.00,N,Not at Intersection,N,Non-Junction,None,,,         ,John,Roberson,Cloudy,"Sideswipe, Same Direction",no,no,no,no,no,False
102304007,METROPOLITAN NASHVILLE POLICE DEPT,20190116244,Davidson,Nashville,2/12/2019 2:40:00 PM,2,2,0,36.152060,-86.803240,ELLISTON PL,,,,196.00,Feet,East,22ND AVN,,,,0.00,N,Not at Intersection,N,Non-Junction,None,,,         ,Akira,McSwain,Clear,Angle,no,no,no,no,no,Campus
102304013,METROPOLITAN NASHVILLE POLICE DEPT,20190116163,Davidson,Nashville,2/12/2019 1:58:00 PM,2,4,0,36.167630,-86.787750,ROSA L PARKS BLVD,,,,0.00,,,10TH CIRN,,,,0.00,Y,T-Intersection,N,Intersection,None,,,         ,Frank,Campbell,Cloudy,Angle,no,no,no,no,no,False
102304015,METROPOLITAN NASHVILLE POLICE DEPT,20190116560,Davidson,Nashville,2/12/2019 4:34:00 PM,2,0,0,36.151760,-86.768630,I40 W EXT RAMP,,,,0.00,,,2ND AVS,,,,0.00,Y,T-Intersection, ,,None,,,         ,Joshua,Reece,,,no,no,no,no,no,False
102304032,METROPOLITAN NASHVILLE POLICE DEPT,20190116370,Davidson,Nashville,2/12/2019 3:03:00 PM,2,0,0,36.155650,-86.789720,14TH AVS,,,,0.00,Feet,East,BROADWAY,,,,0.00,N,Not at Intersection, ,Non-Junction,None,,,         ,Darryl,Williams,Clear,"Sideswipe, Same Direction",no,no,no,no,no,False
102304033,METROPOLITAN NASHVILLE POLICE DEPT,20190116700,Davidson,Nashville,2/12/2019 5:30:00 PM,2,0,0,36.180280,-86.746450,ORDWAY PL,,,,339.00,Feet,West,N 14TH ST,,,,0.00,N,Not at Intersection, ,,None,,,         ,Gordon,Stovall,,,no,no,no,no,no,False
102304044,METROPOLITAN NASHVILLE POLICE DEPT,20190116350,Davidson,Nashville,2/12/2019 3:15:00 PM,3,1,0,36.043930,-86.693300,BELL RD,,,,0.00,,,BROOK VIEW ESTATES DR,,,,0.00,Y,Four-Way,N,Intersection,None,,,         ,Matthew,Turppa,Clear,Front to Rear,no,no,no,no,no,False
102304048,METROPOLITAN NASHVILLE POLICE DEPT,20190116792,Davidson,Nashville,2/12/2019 12:00:00 AM,2,1,0,36.068050,-86.668980,RICHARDS RD,,,,21.00,Feet,East,DOWDY DR,,,,0.00,N,Not at Intersection,N,Non-Junction,None,,,         ,Madison,Meiss,Clear,Angle,no,no,no,no,no,False
102304049,METROPOLITAN NASHVILLE POLICE DEPT,20190116636,Davidson,Nashville,2/12/2019 4:50:00 PM,2,0,0,36.087010,-86.771920,FRANKLIN PKE,,,,158.00,Feet,North,HARDING PL,,,,0.00,N,Not at Intersection,N,Non-Junction,None,,,         ,Akira,McSwain,Clear,Front to Rear,no,no,no,no,no,False
102304052,METROPOLITAN NASHVILLE POLICE DEPT,20190116552,Davidson,Nashville,2/12/2019 4:28:00 PM,2,0,0,36.146070,-86.667600,ROYAL PKWY,,,,29.00,Feet,East,CLARIDGE DR,,,,0.00,N,Not at Intersection,N,Non-Junction,None,,,         ,Trenton,Searcy,Clear,Angle,no,no,no,no,yes,False
102304053,METROPOLITAN NASHVILLE POLICE DEPT,20190116815,Davidson,Nashville,2/12/2019 6:18:00 PM,2,0,0,36.212800,-86.775680,I 65,,,,0.00,,,,,,,87.80,N,Not at Intersection,N,Non-Junction,None,,,         ,Thomas,Miller,Clear,"Sideswipe, Same Direction",no,no,no,no,yes,False
102304057,METROPOLITAN NASHVILLE POLICE DEPT,20190116666,Davidson,Nashville,2/12/2019 5:14:00 PM,2,1,0,36.119950,-86.918470,CHARLOTTE PKE,,,,0.00,,,OLD CHARLOTTE PKE,,,,0.00,Y,Four-Way,N,Intersection,None,,,         ,Walter,Gray II,Clear,Angle,no,no,no,no,no,False
102304067,METROPOLITAN NASHVILLE POLICE DEPT,20190116784,Davidson,Nashville,2/12/2019 5:10:00 PM,2,0,0,36.147490,-86.744030,I 40,,,,0.00,,,,,,,212.00,N,Not at Intersection, ,,None,,,         ,Darci,Stechman,,,no,no,no,no,no,False
102304073,METROPOLITAN NASHVILLE POLICE DEPT,20190116770,Davidson,Nashville,2/12/2019 5:56:00 PM,3,2,0,36.127360,-86.850880,WHITE BRIDGE PKE,,,,68.00,Feet,East,SAINT MARYS CAMPUS PVTDR,,,,0.00,N,Not at Intersection,N,Non-Junction,None,,,         ,Kelby,Dumond,Clear,Front to Rear,no,no,no,no,no,False
102304074,METROPOLITAN NASHVILLE POLICE DEPT,20190116799,Davidson,Not in City Limit,2/12/2019 5:57:00 PM,2,0,0,36.261180,-86.712550,GALLATIN PKES,,,,23.00,Feet,South,MAPLE ST,,,,0.00,N,Not at Intersection, ,Non-Junction,None,,,         ,Bradley,Fort,Cloudy,Angle,no,no,no,no,no,False
102304080,VANDERBILT UNIVERSITY POLICE,20190116691,Davidson,Nashville,2/12/2019 5:20:00 PM,2,0,0,36.139160,-86.807010,CHILDRENS WAY,,,,0.00,,,25TH AVE S,,,,0.00,Y,T-Intersection,N,Non-Junction,None,,,         ,Lakosha,Goodloe,Clear,Front to Rear,no,no,no,no,no,Campus
102304085,METROPOLITAN NASHVILLE POLICE DEPT,20190116660,Davidson,Nashville,2/12/2019 5:11:00 PM,2,0,0,36.047990,-86.648140,MT VIEW RD,,,,337.00,Feet,North,BELL FORGE LNE,,,,0.00,N,Not at Intersection, ,Non-Junction,None,,,         ,Andrew,Brazee,Cloudy,"Sideswipe, Same Direction",no,no,no,no,no,False
102304086,METROPOLITAN NASHVILLE POLICE DEPT,20190116842,Davidson,Nashville,2/12/2019 6:26:00 PM,2,1,0,36.050350,-86.646680,BELL FORGE LNE,,,,155.00,Feet,South,BELL RD,,,,0.00,N,Not at Intersection, ,Non-Junction,None,,,         ,Andrew,Brazee,Clear,"Sideswipe, Same Direction",no,no,no,no,no,False
102304092,METROPOLITAN NASHVILLE POLICE DEPT,20190116926,Davidson,Nashville,2/12/2019 7:09:00 PM,2,0,0,36.158480,-86.777120,DEMONBREUN ST,,,,0.00,,,5TH AVS,,,,0.00,Y,Four-Way, ,,None,,,         ,Michael,Dance,,,no,no,no,no,no,False
102304105,METROPOLITAN NASHVILLE POLICE DEPT,20190117021,Davidson,Not in City Limit,2/12/2019 7:40:00 PM,1,1,0,36.020850,-86.627510,I 24,,,,0.00,,,,,,,62.00,N,Not at Intersection,N,Non-Junction,None,,,         ,Devonte,Coleman,Clear,Not Collision with Motor Vehicle in Transport,no,no,no,no,no,False
102304110,METROPOLITAN NASHVILLE POLICE DEPT,20190116797,Davidson,Nashville,2/12/2019 6:07:00 PM,3,1,0,36.153700,-86.763950,I 40,,,,0.00,,,,,,,210.75,N,Not at Intersection,N,Non-Junction,None,,,         ,Gabriel,Hamilton,Clear,Front to Rear,no,no,no,no,no,False
102304124,METROPOLITAN NASHVILLE POLICE DEPT,20190116948,Davidson,Nashville,2/12/2019 7:18:00 PM,2,0,0,36.163720,-86.785240,ROSA L PARKS AV,,,,232.00,Feet,South,6TH AVN,,,,0.00,N,Not at Intersection, ,Non-Junction,None,,,         ,Roy,Sain Jr.,Clear,"Sideswipe, Same Direction",no,no,no,no,no,False
102304131,METROPOLITAN NASHVILLE POLICE DEPT,20190117145,Davidson,Nashville,2/12/2019 8:10:00 PM,2,0,0,36.150570,-86.749700,I 40,,,,0.00,,,,,,,211.60,N,Not at Intersection, ,,None,,,         ,Darci,Stechman,,,no,no,no,no,no,False
102304137,METROPOLITAN NASHVILLE POLICE DEPT,20190116925,Davidson,Nashville,2/12/2019 6:42:00 PM,3,0,0,36.145950,-86.666600,ROYAL PKWY,,,,0.00,,,DONELSON PKE,,,,0.00,Y,Four-Way,N,Intersection,None,,,         ,Marcus,Darden,Clear,Angle,no,no,no,no,no,False
102304139,METROPOLITAN NASHVILLE POLICE DEPT,20190116627,Davidson,Nashville,2/12/2019 5:09:00 PM,1,1,0,36.234010,-86.589400,HOLLYWOOD DR,,,,530.00,Feet,North,TYNE BLVD,,,,0.00,N,Not at Intersection,N,Non-Junction,None,,,         ,Ricki,Armstrong,Clear,Not Collision with Motor Vehicle in Transport,no,no,no,no,no,False
102304142,METROPOLITAN NASHVILLE POLICE DEPT,20190116759,Davidson,Nashville,2/12/2019 5:52:00 PM,2,1,0,36.135000,-86.775500,I 65,,,,0.00,,,,,,,81.40,N,Not at Intersection,N,Non-Junction,None,,,         ,David,Robberson,Clear,Front to Rear,no,no,no,no,no,False
102304143,METROPOLITAN NASHVILLE POLICE DEPT,20190117094,Davidson,Nashville,2/12/2019 7:33:00 PM,2,1,0,36.179300,-86.787420,3RD AVN,,,,0.00,,,TAYLOR ST,,,,0.00,Y,Four-Way,N,Intersection,None,,,         ,David,Snowden,Clear,Angle,no,no,no,no,yes,False
102304188,METROPOLITAN NASHVILLE POLICE DEPT,20190116713,Davidson,Not in City Limit,2/12/2019 5:32:00 PM,2,1,0,36.268390,-86.751560,OLD HICKORY BLVDW,,,,1610.00,Feet,West,NESBITT DR,,,,0.00,N,Not at Intersection, ,Non-Junction,None,,,         ,Christopher,Littles,Clear,Front to Rear,no,no,no,no,no,False