master_record_number,agency,agency_tracking_number,county,city,collision_date,vehicles_involved,number_injured,number_dead,latitude,longitude,roadway_name,roadway_suffix,roadway_number,roadway_local_id,distance_from_reference,miles-feet_indicator,direction_from_reference,intersection_road_name,intersection_road_name_suffix,intersection_road_number,intersection_local_id,mile_marker,intersection_indicator,intersect_type,interchange_related_indicator,relation_to_junction,work_zone_type,construction_maintenance_zone,construction_maintenance_zone_location,fatal_case_number,officer_first_name,officer_last_name,weather_condition(s),manner_of_crash,pedestrian,bicycle,scooter,parking,hitrun,mou
102305385,METROPOLITAN NASHVILLE POLICE DEPT,20190121668,Davidson,Nashville,2/14/2019 6:49:00 AM,3,1,0,36.167550,-86.869620,BRILEY PKWYS,,,,274.00,Feet,South,BRILEY PKWY N EXT RAMP,,,,0.00,N,Not at Intersection, ,Non-Junction,None,,,         ,Curtis,Rich,Clear,Angle,no,no,no,no,no,False
102305389,METROPOLITAN NASHVILLE POLICE DEPT,20190121852,Davidson,Nashville,2/14/2019 8:20:00 AM,2,0,0,36.158520,-86.792100,14TH AVN,,,,183.00,Feet,South,I40 E EXT RAMP,,,,0.00,N,Not at Intersection, ,Non-Junction,None,,,         ,Jon,Mcvey,Cloudy,Front to Rear,no,no,no,no,no,False
102305402,METROPOLITAN NASHVILLE POLICE DEPT,20190121764,Davidson,Nashville,2/14/2019 7:35:00 AM,2,1,0,36.153920,-86.857610,BRILEY PKWY S EXT RAMP,,,,0.00,,,ROBERTSON AV,,,,0.00,Y,OTHER,N,OtherLocation,None,,,         ,George,Spencer,Clear,Front to Rear,no,no,no,no,no,False
102305407,METROPOLITAN NASHVILLE POLICE DEPT,20190121732,Davidson,Not in City Limit,2/14/2019 7:15:00 AM,1,0,0,36.284130,-86.878200,CLARKSVILLE PKE,,,,302.00,Feet,North,CANTARUTTI RD,,,,0.00,N,Not at Intersection, ,Non-Junction,None,,,         ,Wesley,Young,Clear,Not Collision with Motor Vehicle in Transport,no,no,no,no,no,False
102305416,METROPOLITAN NASHVILLE POLICE DEPT,20190121206,Davidson,Nashville,2/14/2019 2:36:00 AM,1,3,0,36.124190,-86.751740,NOLENSVILLE PKE,,,,45.00,Feet,North,I440 W EXT RAMP,,,,0.00,N,Not at Intersection,N,Non-Junction,None,,,         ,Jefferson,Hughes,Clear,Not Collision with Motor Vehicle in Transport,no,no,no,no,no,False
102305420,METROPOLITAN NASHVILLE POLICE DEPT,20190121927,Davidson,Nashville,2/14/2019 8:45:00 AM,2,0,0,36.154470,-86.739590,LEBANON PKE,,,,0.00,,,OMOHUNDRO PL,,,,0.00,Y,T-Intersection, ,Intersection-Related,None,,,         ,Tien,Nguyen,Cloudy,Front to Rear,no,no,no,no,no,False
102305421,METROPOLITAN NASHVILLE POLICE DEPT,20190121717,Davidson,Nashville,2/14/2019 6:15:00 AM,2,0,0,36.159800,-86.848970,51ST AVN,,,,16.00,Feet,South,KENTUCKY AV,,,,0.00,N,Not at Intersection, ,,None,,,         ,Joshua,Dale,,,no,no,no,no,no,False
102305422,METROPOLITAN NASHVILLE POLICE DEPT,20190121673,Davidson,Antioch,2/14/2019 6:40:00 AM,3,1,0,36.066880,-86.599780,MT VIEW RD,,,,10.00,Feet,West,TRU LONG DR,,,,0.00,N,Not at Intersection,N,Non-Junction,None,,,         ,Jessie,Meadows,Clear,Angle,no,no,no,no,no,False
102305423,METROPOLITAN NASHVILLE POLICE DEPT,20190121910,Davidson,Nashville,2/14/2019 8:04:00 AM,2,0,0,36.197720,-86.838300,ASHLAND CITY HWY,,,,293.00,Feet,West,CLARKSVILLE PKE,,,,0.00,N,Not at Intersection, ,Non-Junction,None,,,         ,Wesley,Young,Clear,Front to Rear,no,no,no,no,no,False
102305429,METROPOLITAN NASHVILLE POLICE DEPT,20190121883,Davidson,Nashville,2/14/2019 8:21:00 AM,2,0,0,36.045070,-86.659390,BELL RD,,,,115.00,Feet,East,I24 E ENT RAMP,,,,0.00,N,Not at Intersection, ,,None,,,         ,Jessie,Meadows,,,no,no,no,no,no,False
102305438,METROPOLITAN NASHVILLE POLICE DEPT,20190121785,Davidson,Nashville,2/14/2019 7:45:00 AM,2,0,0,36.087430,-86.692210,ANTIOCH PKE,,,,0.00,Feet,,HARDING PL,,,,0.00,Y,Four-Way,N,Intersection-Related,None,,,         ,Charles,Wakefield,Clear,Front to Rear,no,no,no,no,no,False
102305447,METROPOLITAN NASHVILLE POLICE DEPT,20190121926,Davidson,Nashville,2/14/2019 8:46:00 AM,2,1,0,36.253720,-86.733760,S GRAYCROFT AV,,,,416.00,Feet,South,CHADWELL DR,,,,0.00,N,Not at Intersection,N,Non-Junction,None,,,         ,Jeremy,Stricklin,Clear,HeadOn,no,no,no,no,no,False
102305451,METROPOLITAN NASHVILLE POLICE DEPT,20190121810,Davidson,Nashville,2/14/2019 7:40:00 AM,2,0,0,36.205800,-86.860930,STEWARTS LN,,,,927.00,Feet,South,ASHLAND CITY HWY,,,,0.00,N,Not at Intersection, ,Non-Junction,None,,,         ,Thomas,Clingan,Cloudy,Front to Rear,no,no,no,no,no,False
102305453,METROPOLITAN NASHVILLE POLICE DEPT,20190122045,Davidson,Nashville,2/14/2019 9:54:00 AM,2,2,0,36.118400,-86.902850,CURRYWOOD DR,,,,110.00,Feet,East,WINDROWE DR,,,,0.00,N,Not at Intersection,N,Non-Junction,None,,,         ,Curtis,Rich,Cloudy,HeadOn,no,no,no,no,no,False
102305455,METROPOLITAN NASHVILLE POLICE DEPT,20190122032,Davidson,Nashville,2/14/2019 9:30:00 AM,2,0,0,36.118190,-86.809810,HILLSBORO PKE,,,,117.00,Feet,North,GOLF CLUB LN,,,,0.00,N,Not at Intersection, ,Intersection,None,,,         ,Jon,Mcvey,Cloudy,Front to Rear,no,no,no,no,no,False
102305462,METROPOLITAN NASHVILLE POLICE DEPT,20190121999,Davidson,Nashville,2/14/2019 9:18:00 AM,2,2,0,36.219820,-86.727330,GALLATIN PKE,,,,79.00,Feet,North,ARDEE AV,,,,0.00,N,Not at Intersection,N,Non-Junction,None,,,         ,Eric,Knight,Cloudy,Front to Rear,no,no,no,no,no,False
102305487,METROPOLITAN NASHVILLE POLICE DEPT,20190122113,Davidson,Nashville,2/14/2019 9:59:00 AM,2,0,0,36.149370,-86.803470,WEST END AV,,,,0.00,,,LOUISE AV,,,,0.00,Y,T-Intersection,N,Intersection,None,,,         ,John,Chambers,Cloudy,Angle,no,no,no,no,no,Campus
102305516,METROPOLITAN NASHVILLE POLICE DEPT,20190122248,Davidson,Nashville,2/14/2019 10:55:00 AM,2,0,0,36.131620,-86.778930,8TH AVS,,,,50.00,Feet,South,SOUTH DOUGLAS AV,,,,0.00,N,Not at Intersection,N,Non-Junction,None,,,         ,Jon,Mcvey,Cloudy,Rear to Rear,no,no,no,no,yes,False
102305522,Nashville Airport Police,19-00638,Davidson,Nashville,2/14/2019 8:00:00 AM,2,0,0,36.116700,-86.668180,DONELSON PKE,,,,0.00,,,HANGAR LN,,,,0.00,Y,Four-Way,Y,Intersection,None,,,         ,Mark,Lawrence,Clear,"Sideswipe, Same Direction",no,no,no,no,yes,False
102305531,METROPOLITAN NASHVILLE POLICE DEPT,20190122283,Davidson,Nashville,2/14/2019 11:04:00 AM,2,0,0,36.194630,-86.776180,I 65,,,,0.00,,,,,,,86.50,N,Not at Intersection,N,Non-Junction,None,,,         ,Wesley,Young,Cloudy,"Sideswipe, Same Direction",no,no,no,no,yes,False
102305547,METROPOLITAN NASHVILLE POLICE DEPT,20190122141,Davidson,Not in City Limit,2/14/2019 10:22:00 AM,1,0,0,36.320070,-86.847650,I 24,,,,0.00,,,,,,,36.10,N,Not at Intersection,N,Non-Junction,None,,,         ,James,Wray,Clear,Not Collision with Motor Vehicle in Transport,no,no,no,no,no,False
102305549,METROPOLITAN NASHVILLE POLICE DEPT,20190122246,Davidson,Nashville,2/14/2019 10:58:00 AM,2,0,0,36.091430,-86.704180,I 24,,,,0.00,,,,,,,55.30,N,Not at Intersection,N,Non-Junction,None,,,         ,Jessie,Meadows,Clear,"Sideswipe, Same Direction",no,no,no,no,yes,False
102305551,METROPOLITAN NASHVILLE POLICE DEPT,2019120062,Davidson,Nashville,2/13/2019 5:14:00 PM,2,0,0,36.176880,-86.776180,COWAN ST,,,,0.00,,,SPRING ST,,,,0.00,Y,T-Intersection, ,Non-Junction,None,,,         ,Michael,Douglas,Clear,Front to Rear,no,no,no,no,no,False
102305587,METROPOLITAN NASHVILLE POLICE DEPT,20190122296,Davidson,Nashville,2/14/2019 11:21:00 AM,1,0,0,36.154110,-86.774300,5TH AVS,,,,0.00,,,LEA AV,,,,0.00,Y,T-Intersection, ,,Construction Zone,,,         ,Michael,Douglas,,,no,no,no,no,no,False
102305631,METROPOLITAN NASHVILLE POLICE DEPT,20190122162,Davidson,Nashville,2/14/2019 8:45:00 AM,2,0,0,36.175890,-86.766580,ELLINGTON PKWYS,,,,66.00,Feet,South,ELLINGTON PKWYN,,,,0.00,N,Not at Intersection,N,Non-Junction,None,,,         ,Steven,Spillers,Cloudy,Front to Rear,no,no,no,no,no,False
102305632,METROPOLITAN NASHVILLE POLICE DEPT,20190122538,Davidson,Nashville,2/14/2019 12:54:00 PM,2,0,0,36.096770,-86.654560,OLD MURFREESBORO PKE,,,,0.00,,,SMITH SPRINGS RD,,,,0.00,Y,Four-Way, ,Non-Junction,None,,,         ,Michael,Dance,Clear,Front to Rear,no,no,no,no,no,False
102305647,METROPOLITAN NASHVILLE POLICE DEPT,20190122532,Davidson,Nashville,2/14/2019 11:59:00 AM,2,0,0,36.191020,-86.798950,VANTAGE WAY CT,,,,0.00,,,VANTAGE WAY,,,,0.00,Y,Four-Way,N,Intersection,None,,,         ,Wesley,Young,Cloudy,Angle,no,no,no,no,yes,False
102305675,METROPOLITAN NASHVILLE POLICE DEPT,20190122666,Davidson,Nashville,2/14/2019 1:40:00 PM,1,0,0,36.129110,-86.694110,BRILEY PKWY N ENT RAMP,,,,0.00,Feet,East,BRILEY PKWY N EXT RAMP,,,,0.00,N,Not at Intersection, ,Entrance/Exit Ramp Related,None,,,         ,Zachary,Plese,Clear,Not Collision with Motor Vehicle in Transport,no,no,no,no,no,False
102305680,METROPOLITAN NASHVILLE POLICE DEPT,20190122546,Davidson,Nashville,2/14/2019 1:00:00 PM,2,0,0,36.091780,-86.685280,HARDING PL,,,,0.00,,,MCGAVOCK PKE,,,,0.00,Y,T-Intersection, ,Intersection,None,,,         ,Troy,Loewen,Cloudy,Angle,no,no,no,no,no,False
102305706,METROPOLITAN NASHVILLE POLICE DEPT,20190122663,Davidson,Goodlettsville,2/14/2019 12:00:00 AM,2,0,0,36.306800,-86.694620,VIETNAM VETERANS BLVD NB EXT R,,,,0.00,Feet,East,VIETNAM VETERANS BLVD NB ENT R,,,,0.00,N,Not at Intersection, ,,None,,,         ,William,Monaghan,,,no,no,no,no,no,False
102305707,METROPOLITAN NASHVILLE POLICE DEPT,20190122719,Davidson,Not in City Limit,2/14/2019 1:59:00 PM,2,0,0,36.282840,-86.707220,GALLATIN PKEN,,,,213.00,Feet,South,EDGEMEADE BLVD,,,,0.00,N,Not at Intersection, ,Non-Junction,None,,,         ,Cyretha,Frazier,Cloudy,Front to Rear,no,no,no,no,no,False
102305718,VANDERBILT UNIVERSITY POLICE,20190116274,Davidson,Nashville,2/12/2019 2:22:00 PM,3,0,0,36.140860,-86.811960,NATCHEZ TRC,,,,546.00,Feet,South,CHILDRENS WAY,,,,0.00,N,Not at Intersection,N,Non-Junction,None,,,         ,Shaneithia,Lewis,Clear,Angle,no,no,no,yes,no,Campus
102305729,METROPOLITAN NASHVILLE POLICE DEPT,20190122706,Davidson,Nashville,2/14/2019 12:52:00 PM,2,0,0,36.172360,-86.795060,JEFFERSON ST,,,,77.00,Feet,West,10TH AVN,,,,0.00,N,Not at Intersection, ,Non-Junction,None,,,         ,Jonathon,Sheppard,Clear,Angle,no,no,no,no,no,False
102305753,METROPOLITAN NASHVILLE POLICE DEPT,20190122762,Davidson,Nashville,2/14/2019 2:19:00 PM,2,1,0,36.185880,-86.676170,FERNBROOK LN,,,,0.00,,,MCGAVOCK PKE,,,,0.00,Y,Four-Way, ,Intersection,None,,,         ,Michael,Dance,Cloudy,Angle,no,no,no,no,no,False
102305777,METROPOLITAN NASHVILLE POLICE DEPT,20190122867,Davidson,Nashville,2/14/2019 3:05:00 PM,2,0,0,36.168920,-86.683630,LEBANON PKE,,,,0.00,,,THE CROSSINGS PVTDR,,,,0.00,Y,T-Intersection,N,Intersection,None,,,         ,Thomas,Odom,Clear,Angle,no,no,no,no,no,False
102305816,METROPOLITAN NASHVILLE POLICE DEPT,20190122943,Davidson,Nashville,2/14/2019 3:05:00 PM,2,1,0,36.145200,-86.816460,31ST AVN,,,,8.00,Feet,South,BELWOOD ST,,,,0.00,N,Not at Intersection,N,Non-Junction,None,,,         ,Ryan,Coll,Clear,Angle,no,no,no,no,no,False
102305820,METROPOLITAN NASHVILLE POLICE DEPT,20190122842,Davidson,Nashville,2/14/2019 2:40:00 PM,2,0,0,36.150960,-86.769260,I40 E EXT RAMP,,,,0.00,Feet,East,I 40,,,,0.00,N,Not at Intersection,N,Non-Junction,None,,,         ,Darci,Stechman,Cloudy,Front to Rear,no,no,no,no,no,False
102305822,METROPOLITAN NASHVILLE POLICE DEPT,20190122909,Davidson,Not in City Limit,2/14/2019 12:00:00 AM,2,0,0,35.991290,-86.666130,BURKITT RD,,,,0.00,Feet,North,WESTCOTT LN,,,,0.00,N,Not at Intersection,N,Non-Junction,None,,,         ,Wesley,Carver,Clear,Angle,no,no,no,no,yes,False
102305832,METROPOLITAN NASHVILLE POLICE DEPT,20190122930,Davidson,Nashville,2/14/2019 3:30:00 PM,2,1,0,36.181490,-86.758740,N 9TH ST,,,,318.00,Feet,North,MARINA ST,,,,0.00,N,Not at Intersection,N,Non-Junction,None,,,         ,Gregory,Cenicola,Clear,Angle,no,no,no,no,no,False
102305834,METROPOLITAN NASHVILLE POLICE DEPT,20190122920,Davidson,Nashville,2/14/2019 3:27:00 PM,2,1,0,36.032750,-86.770840,CHURCH STE,,,,139.00,Feet,East,ANNABEL LN,,,,0.00,N,Not at Intersection,N,Non-Junction,None,,,         ,Nicholas,Carroll,Clear,Front to Rear,no,no,no,no,no,False
102305842,GOODLETTSVILLE POLICE DEPT,19-05904,Davidson,Goodlettsville,2/14/2019 3:35:00 PM,2,2,0,36.304930,-86.698590,RIVERGATE MALL PVTDR,,,,1159.00,Feet,East,RIVERGATE PKWY,,,,0.00,N,Not at Intersection,N,"Driveway, Alley Access, etc",None,,,         ,Shane,Farrell,Cloudy,Front to Rear,no,no,no,yes,no,False
102305854,METROPOLITAN NASHVILLE POLICE DEPT,20190122897,Davidson,Nashville,2/14/2019 3:19:00 PM,2,0,0,36.172560,-86.765180,S 5TH ST,,,,112.00,Feet,South,SPRING ST,,,,0.00,N,Not at Intersection,N,Non-Junction,None,,,         ,Michael,Fitch,Cloudy,Front to Rear,no,no,no,yes,yes,False
102305857,METROPOLITAN NASHVILLE POLICE DEPT,20190122372,Davidson,Nashville,2/14/2019 11:50:00 AM,2,0,0,36.177170,-86.774560,N 1ST ST,,,,96.00,Feet,North,SPRING ST,,,,0.00,N,Not at Intersection, ,Non-Junction,None,,,         ,Brandon,O'Guin,Clear,Front to Rear,no,no,no,no,no,False
102305858,METROPOLITAN NASHVILLE POLICE DEPT,20190122971,Davidson,Nashville,2/14/2019 3:50:00 PM,2,0,0,36.142590,-86.708180,I 40,,,,0.00,,,,,,,214.30,N,Not at Intersection, ,Non-Junction,None,,,         ,Jesse,Cox,Cloudy,Angle,no,no,no,no,no,False
102305859,METROPOLITAN NASHVILLE POLICE DEPT,20190123004,Davidson,Nashville,2/14/2019 4:09:00 PM,2,1,0,36.164780,-86.819710,I40 W EXT RAMP,,,,0.00,Feet,East,I 40,,,,0.00,N,Not at Intersection,Y,Entrance/Exit Ramp Related,None,,,         ,Thomas,Miller,Clear,Front to Rear,no,no,no,no,no,False
102305866,METROPOLITAN NASHVILLE POLICE DEPT,20190123091,Davidson,Nashville,2/14/2019 3:48:00 PM,2,1,0,36.150890,-86.806120,23RD AVN,,,,34.00,Feet,North,BRANDAU PL,,,,0.00,N,Not at Intersection,N,Non-Junction,None,,,         ,Ryan,Coll,Clear,Angle,no,no,no,no,no,False
102305867,METROPOLITAN NASHVILLE POLICE DEPT,20190123045,Davidson,Nashville,2/14/2019 4:26:00 PM,1,1,0,36.237800,-86.787110,I24 E EXT RAMP,,,,0.00,,,I 24,,,,0.00,Y,Y-Intersection,N,Non-Junction,None,,,         ,Christopher,Littles,Cloudy,Not Collision with Motor Vehicle in Transport,no,no,no,no,no,False
102305869,METROPOLITAN NASHVILLE POLICE DEPT,20190122895,Davidson,Nashville,2/14/2019 1:31:00 PM,2,0,0,36.095230,-86.730280,WHEELER AV,,,,0.00,Feet,East,NORMA DR,,,,0.00,N,Not at Intersection, ,Non-Junction,None,,,         ,Ciarra,Rench,Clear,Angle,no,no,no,no,no,False
102305871,METROPOLITAN NASHVILLE POLICE DEPT,20190122974,Davidson,Nashville,2/14/2019 3:40:00 PM,2,0,0,36.122150,-86.811730,SHARONDALE DR,,,,0.00,,,WHITE OAK DR,,,,0.00,Y,T-Intersection, ,Intersection-Related,None,,,         ,Torian,Cox,Clear,Angle,no,no,no,no,no,False
102305876,METROPOLITAN NASHVILLE POLICE DEPT,20190123055,Davidson,Nashville,2/14/2019 4:20:00 PM,2,1,0,36.203270,-86.769200,DICKERSON PKE,,,,1142.00,Feet,North,GATEWOOD AV,,,,0.00,N,Not at Intersection,N,Non-Junction,None,,,         ,Wade,Johnson,Cloudy,Front to Rear,no,no,no,no,no,False
102305883,METROPOLITAN NASHVILLE POLICE DEPT,20190123155,Davidson,Nashville,2/14/2019 5:00:00 PM,2,0,0,36.230580,-86.767840,EWING DR,,,,263.00,Feet,East,LARKSPUR DR,,,,0.00,N,Not at Intersection,N,Non-Junction,None,,,         ,Riley,Brewer,Clear,Front to Rear,no,no,no,no,yes,False
102305886,METROPOLITAN NASHVILLE POLICE DEPT,20190122956,Davidson,Nashville,2/14/2019 3:35:00 PM,2,0,0,36.136120,-86.724860,SPENCE LN,,,,129.00,Feet,North,MURFREESBORO PKE,,,,0.00,N,Not at Intersection, ,Non-Junction,None,,,         ,Dontaveous,Eubanks,Clear,"Sideswipe, Same Direction",no,no,no,no,no,False
102305888,METROPOLITAN NASHVILLE POLICE DEPT,20190123078,Davidson,Nashville,2/14/2019 4:14:00 PM,2,0,0,36.162090,-86.777890,4TH AVN,,,,120.00,Feet,South,COMMERCE ST,,,,0.00,N,Not at Intersection, ,Non-Junction,None,,,         ,Joshua,Reece,Clear,Angle,no,no,no,no,no,False
102305892,METROPOLITAN NASHVILLE POLICE DEPT,20190123059,Davidson,Nashville,2/14/2019 3:59:00 PM,2,0,0,36.198300,-86.620250,OLD HICKORY BLVD,,,,51.00,Feet,South,LEBANON PKE,,,,0.00,N,Not at Intersection, ,Non-Junction,None,,,         ,Jason,Milyaro Lucas,Clear,Front to Rear,no,no,no,no,no,False
102305903,METROPOLITAN NASHVILLE POLICE DEPT,20190123138,Davidson,Nashville,2/14/2019 4:36:00 PM,2,0,0,36.089620,-86.702980,I 24,,,,0.00,,,,,,,55.40,N,Not at Intersection, ,Non-Junction,None,,,         ,Andrew,Brazee,Clear,Front to Rear,no,no,no,no,no,False
102305905,METROPOLITAN NASHVILLE POLICE DEPT,20190123116,Davidson,Nashville,2/14/2019 4:15:00 PM,2,1,0,36.154480,-86.779420,8TH AVS,,,,0.00,,,8TH AVS,,,,0.00,Y,Roundabout,N,Intersection,None,,,         ,Joshua,Reece,Clear,Angle,no,no,no,no,yes,False
102305906,METROPOLITAN NASHVILLE POLICE DEPT,20190123070,Davidson,Nashville,2/14/2019 12:00:00 AM,1,1,0,36.238830,-86.779300,BRILEY PKWY W EXT RAMP,,,,0.00,,,DOVERSIDE CT,,,,0.00,Y,Y-Intersection,Y,Entrance/Exit Ramp Related,None,,,         ,Michael,Quinn,Clear,Not Collision with Motor Vehicle in Transport,no,no,no,no,no,False
102305907,METROPOLITAN NASHVILLE POLICE DEPT,20190123167,Davidson,Nashville,2/14/2019 5:23:00 PM,3,0,0,36.207220,-86.612120,LEBANON PKE,,,,103.00,Feet,South,HIGHLAND VIEW DR,,,,0.00,N,Not at Intersection,N,Non-Junction,None,,,         ,Jason,Milyaro Lucas,Clear,Front to Rear,no,no,no,no,no,False
102305915,METROPOLITAN NASHVILLE POLICE DEPT,20190122709,Davidson,Nashville,2/14/2019 1:55:00 PM,2,0,0,36.166510,-86.787370,ROSA L PARKS BLVD,,,,0.00,,,JAMES ROBERTSON PKWY,,,,0.00,Y,T-Intersection,N,Intersection,None,,,         ,Timothy,Mead,Clear,Front to Rear,no,no,no,no,no,False
102305916,METROPOLITAN NASHVILLE POLICE DEPT,20190123194,Davidson,Nashville,2/14/2019 5:30:00 PM,3,0,0,36.155040,-86.627190,STEWARTS FERRY PKE,,,,26.00,Feet,East,I40 E ENT RAMP,,,,0.00,N,Not at Intersection, ,Non-Junction,None,,,         ,Torry,Hill,Clear,Front to Rear,no,no,no,no,no,False
102305922,METROPOLITAN NASHVILLE POLICE DEPT,20190123244,Davidson,Not in City Limit,2/14/2019 5:40:00 PM,2,0,0,36.261940,-86.738080,I 65,,,,0.00,,,,,,,92.10,N,Not at Intersection, ,,None,,,         ,Christopher,Littles,,,no,no,no,no,no,False
102305923,METROPOLITAN NASHVILLE POLICE DEPT,20190123276,Davidson,Not in City Limit,2/14/2019 6:02:00 PM,2,0,0,36.261730,-86.712370,GALLATIN PKES,,,,179.00,Feet,South,E OLD HICKORY BLVD,,,,0.00,N,Not at Intersection,N,Non-Junction,None,,,         ,Christopher,Littles,Clear,Angle,no,no,no,no,no,False
102305930,THP District 3 - Nashville,319009316,Davidson,Nashville,2/14/2019 12:00:00 AM,2,0,0,36.035530,-86.783000,I 65,,,,0.00,,,,,,,74.35,N,Not at Intersection, ,Non-Junction,None,,,         ,Daniel,Nieuwenhuis,Clear,"Sideswipe, Same Direction",no,no,no,no,no,False
102305931,THP District 3 - Nashville,319009323,Davidson,Nashville,2/14/2019 6:18:00 PM,3,0,0,36.034910,-86.783070,I 65,,,,0.00,,,,,,,74.30,N,Not at Intersection, ,Non-Junction,None,,,         ,Daniel,Nieuwenhuis,Clear,Front to Rear,no,no,no,no,no,False
102305934,GOODLETTSVILLE POLICE DEPT,19-05918,Davidson,Goodlettsville,2/14/2019 5:28:00 PM,2,0,0,36.292380,-86.733730,DICKERSON PKES,,,,0.00,,,W CAMPBELL RD,,,,0.00,Y,Four-Way, ,Intersection,None,,,         ,Shane,Farrell,Cloudy,Angle,no,no,no,no,no,False
102305939,METROPOLITAN NASHVILLE POLICE DEPT,20190123015,Davidson,Nashville,2/14/2019 4:10:00 PM,2,1,0,36.191920,-86.828390,CLARKSVILLE PKE,,,,243.00,Feet,East,CLIFF DR,,,,0.00,N,Not at Intersection,N,Non-Junction,None,,,         ,Jonathan,Sharp,Clear,Front to Rear,no,no,no,no,no,False
102305941,METROPOLITAN NASHVILLE POLICE DEPT,20190123219,Davidson,Nashville,2/14/2019 5:09:00 PM,2,0,0,36.217930,-86.746470,ELLINGTON PKWY N EXT RAMP,,,,0.00,,,ELLINGTON PKWY N ENT RAMP,,,,0.00,Y,T-Intersection,Y,Intersection,None,,,         ,Gregory,Cenicola,Clear,Angle,no,no,no,no,no,False
102305942,METROPOLITAN NASHVILLE POLICE DEPT,20190123238,Davidson,Nashville,2/14/2019 5:54:00 PM,2,0,0,36.039830,-86.741030,OLD HICKORY BLVD,,,,552.00,Feet,West,HIGHLAND WAY,,,,0.00,N,Not at Intersection,N,Non-Junction,None,,,         ,William,King,Clear,"Sideswipe, Opposite Direction",no,no,no,no,no,False
102305954,METROPOLITAN NASHVILLE POLICE DEPT,20190123318,Davidson,Nashville,2/14/2019 6:23:00 PM,2,0,0,36.121300,-86.727010,I 24,,,,0.00,,,,,,,52.80,N,Not at Intersection, ,,None,,,         ,Je-Marc,Sears,,,no,no,no,no,no,False
102305958,VANDERBILT UNIVERSITY POLICE,20190123292,Davidson,Nashville,2/14/2019 5:58:00 PM,1,0,0,36.138030,-86.805050,BLAKEMORE AV,,,,0.00,,,24TH AVS,,,,0.00,Y,Four-Way,N,Intersection,None,,,         ,Christopher,Dion,Clear,Not Collision with Motor Vehicle in Transport,no,yes,no,no,no,Campus
102305968,METROPOLITAN NASHVILLE POLICE DEPT,20190123458,Davidson,Nashville,2/14/2019 6:39:00 PM,2,0,0,36.151910,-86.791420,DIVISION ST,,,,62.00,Feet,East,MUSIC SQE,,,,0.00,N,Not at Intersection, ,Non-Junction,None,,,         ,Ryan,Coll,Clear,Front to Rear,no,no,no,no,no,False
102305970,METROPOLITAN NASHVILLE POLICE DEPT,20190123309,Davidson,Nashville,2/14/2019 6:04:00 PM,2,2,0,36.030470,-86.743980,EDMONDSON PKE,,,,0.00,,,CLOVERLAND DR,,,,0.00,Y,T-Intersection,Y,Intersection,None,,,         ,Nicholas,Carroll,Clear,Other,no,no,no,no,no,False
102305971,METROPOLITAN NASHVILLE POLICE DEPT,20190123218,Davidson,Nashville,2/14/2019 5:44:00 PM,1,1,0,36.144340,-86.739290,I 40,,,,0.00,,,,,,,212.35,N,Not at Intersection,N,Non-Junction,None,,,         ,Samuel,Sundra,Clear,Not Collision with Motor Vehicle in Transport,no,no,no,no,no,False
102305982,METROPOLITAN NASHVILLE POLICE DEPT,20190123421,Davidson,Nashville,2/14/2019 6:10:00 PM,2,0,0,36.183860,-86.610500,ANDREW JACKSON PKWY,,,,20.00,Feet,South,RAMP,,,,0.00,N,Not at Intersection, ,Non-Junction,None,,,         ,Brady,Reynolds,Clear,Front to Rear,no,no,no,no,no,False
102305990,METROPOLITAN NASHVILLE POLICE DEPT,20190123389,Davidson,Nashville,2/14/2019 6:21:00 PM,2,0,0,36.242040,-86.762380,DOVERSIDE DR,,,,680.00,Feet,West,SKYLINE COMMONS PVTDR,,,,0.00,N,Not at Intersection,N,Non-Junction,None,,,         ,Christopher,Littles,Clear,Front to Rear,no,no,no,no,yes,False
102305991,METROPOLITAN NASHVILLE POLICE DEPT,20190123472,Davidson,Not in City Limit,2/14/2019 7:48:00 PM,1,0,0,36.269490,-86.793110,I 24,,,,0.00,,,,,,,41.20,N,Not at Intersection,N,Non-Junction,None,,,         ,Christopher,Littles,Clear,Not Collision with Motor Vehicle in Transport,no,no,no,no,no,False
102306001,METROPOLITAN NASHVILLE POLICE DEPT,20190123357,Davidson,Nashville,2/14/2019 6:51:00 PM,2,2,0,36.245460,-86.779840,BRICK CHURCH PKE,,,,302.00,Feet,South,CHESAPEAKE PL,,,,0.00,N,Not at Intersection,N,Non-Junction,None,,,         ,Bradley,Fort,Cloudy,Front to Rear,no,no,no,no,no,False
102306007,METROPOLITAN NASHVILLE POLICE DEPT,20190123293,Davidson,Nashville,2/14/2019 5:52:00 PM,2,0,0,36.109550,-86.769970,I 65,,,,0.00,,,,,,,79.70,N,Not at Intersection, ,Non-Junction,None,,,         ,Brandon,Harbaugh,Clear,Front to Rear,no,no,no,no,no,False
102306029,METROPOLITAN NASHVILLE POLICE DEPT,20190123534,Davidson,Nashville,2/14/2019 8:20:00 PM,2,0,0,36.176080,-86.742040,S 16TH ST,,,,221.00,Feet,North,HOLLY ST,,,,0.00,N,Not at Intersection, ,Non-Junction,None,,,         ,Michael,Fitch,Cloudy,"Sideswipe, Same Direction",no,no,no,no,no,False