master_record_number,agency,agency_tracking_number,county,city,collision_date,vehicles_involved,number_injured,number_dead,latitude,longitude,roadway_name,roadway_suffix,roadway_number,roadway_local_id,distance_from_reference,miles-feet_indicator,direction_from_reference,intersection_road_name,intersection_road_name_suffix,intersection_road_number,intersection_local_id,mile_marker,intersection_indicator,intersect_type,interchange_related_indicator,relation_to_junction,work_zone_type,construction_maintenance_zone,construction_maintenance_zone_location,fatal_case_number,officer_first_name,officer_last_name,weather_condition(s),manner_of_crash,pedestrian,bicycle,scooter,parking,hitrun,mou
102306968,METROPOLITAN NASHVILLE POLICE DEPT,20190126083,Davidson,Nashville,2/15/2019 5:00:00 PM,2,0,0,36.072420,-86.733440,BLACKMAN RD,,,,193.00,Feet,West,EDMONDSON PKE,,,,0.00,N,Not at Intersection,N,Non-Junction,None,,,         ,Nicholas,Carroll,Rain,Front to Rear,no,no,no,no,yes,False
102306969,METROPOLITAN NASHVILLE POLICE DEPT,20190125932,Davidson,Nashville,2/15/2019 3:00:00 PM,2,0,0,36.250630,-86.718550,GALLATIN PKES,,,,534.00,Feet,South,W WEBSTER ST,,,,0.00,N,Not at Intersection, ,,None,,,         ,Derek,Sibley,,,no,no,no,no,no,False
102306970,METROPOLITAN NASHVILLE POLICE DEPT,20190125981,Davidson,Nashville,2/15/2019 3:30:00 PM,2,0,0,36.251920,-86.717690,W WEBSTER ST,,,,0.00,,,GALLATIN PKES,,,,0.00,Y,Four-Way,Y,Intersection,None,,,         ,Derek,Sibley,Rain,Front to Rear,no,no,no,no,yes,False
102306975,METROPOLITAN NASHVILLE POLICE DEPT,20190126014,Davidson,Nashville,2/15/2019 3:55:00 PM,2,0,0,36.056970,-86.648470,RURAL HILL RD,,,,302.00,Feet,East,TOOK DR,,,,0.00,N,Not at Intersection,N,Non-Junction,None,,,         ,Andrew,Brazee,Rain,"Sideswipe, Opposite Direction",no,no,no,no,no,False
102306981,METROPOLITAN NASHVILLE POLICE DEPT,20190126074,Davidson,Nashville,2/15/2019 5:00:00 PM,2,0,0,36.228920,-86.591340,SAUNDERSVILLE RD,,,,0.00,,,WOODSIDE DR,,,,0.00,Y,Four-Way, ,,None,,,         ,Tyler,Hall,,,no,no,no,no,no,False
102306991,METROPOLITAN NASHVILLE POLICE DEPT,20190126067,Davidson,Nashville,2/15/2019 12:00:00 AM,3,3,0,36.157110,-86.692640,BRILEY PKWYS,,,,353.00,Feet,North,BRILEY PKWYN,,,,0.00,N,Not at Intersection,N,Non-Junction,None,,,         ,Alexander,Spradling,Rain,Front to Rear,no,no,no,no,yes,False
102306992,METROPOLITAN NASHVILLE POLICE DEPT,20190126153,Davidson,Nashville,2/15/2019 5:50:00 PM,1,1,0,36.069450,-86.692970,HAYWOOD LN,,,,72.00,Feet,West,HAYWOOD SQUARE PVTDR,,,,0.00,N,Not at Intersection,N,Non-Junction,None,,,         ,Richard,Olive,Rain,Not Collision with Motor Vehicle in Transport,yes,no,no,no,yes,False
102306993,METROPOLITAN NASHVILLE POLICE DEPT,20190125998,Davidson,Nashville,2/15/2019 4:17:00 PM,2,0,0,36.167430,-86.787010,ROSA L PARKS BLVD,,,,0.00,,,JAMES ROBERTSON PKWY,,,,0.00,Y,T-Intersection,Y,Intersection-Related,None,,,         ,Joseph,Bingham,Rain,"Sideswipe, Same Direction",no,no,no,no,no,False
102307000,METROPOLITAN NASHVILLE POLICE DEPT,20190126079,Davidson,Nashville,2/15/2019 5:02:00 PM,2,0,0,36.071350,-86.636370,BELL RD,,,,198.00,Feet,South,MURFREESBORO PKE,,,,0.00,N,Not at Intersection,N,Non-Junction,None,,,         ,Wesley,Carver,Rain,Angle,no,no,no,no,no,False
102307005,METROPOLITAN NASHVILLE POLICE DEPT,20190126018,Davidson,Nashville,2/15/2019 3:50:00 PM,2,0,0,36.037480,-86.768550,FREDERICKSBURG WAYW,,,,0.00,,,CLOVERLAND DR,,,,0.00,Y,T-Intersection,N,Non-Junction,None,,,         ,William,King,Rain,Front to Rear,no,no,no,no,no,False
102307009,METROPOLITAN NASHVILLE POLICE DEPT,20190125922,Davidson,Nashville,2/15/2019 3:44:00 PM,2,1,0,36.163510,-86.761970,I24 W EXT RAMP,,,,0.00,Feet,East,I 24,,,,0.00,N,Not at Intersection,N,Non-Junction,None,,,         ,Brynn,Cellan,Rain,Front to Rear,no,no,no,no,no,False
102307012,METROPOLITAN NASHVILLE POLICE DEPT,20190126071,Davidson,Nashville,2/15/2019 12:00:00 AM,1,0,0,36.129840,-86.820300,ELMINGTON AV,,,,16.00,Feet,East,WHITWORTH BLVD,,,,0.00,N,Not at Intersection,N,Non-Junction,None,,,         ,Kelby,Dumond,Rain,Not Collision with Motor Vehicle in Transport,no,no,no,yes,yes,False
102307013,METROPOLITAN NASHVILLE POLICE DEPT,20190126161,Davidson,Nashville,2/15/2019 12:00:00 AM,2,1,0,36.127710,-86.851480,WHITE BRIDGE PKE,,,,149.00,Feet,West,SAINT MARYS CAMPUS PVTDR,,,,0.00,N,Not at Intersection, ,Non-Junction,None,,,         ,Kelby,Dumond,Rain,Front to Rear,no,no,no,no,no,False
102307014,METROPOLITAN NASHVILLE POLICE DEPT,20190126125,Davidson,Nashville,2/15/2019 6:45:00 PM,2,0,0,36.133200,-86.726760,I 24,,,,0.00,,,,,,,52.00,N,Not at Intersection, ,Non-Junction,None,,,         ,Jason,Milyaro Lucas,Rain,"Sideswipe, Same Direction",no,no,no,no,no,False
102307023,METROPOLITAN NASHVILLE POLICE DEPT,20190126193,Davidson,Nashville,2/15/2019 4:12:00 PM,2,0,0,36.082000,-86.697410,I 24,,,,0.00,,,,,,,56.05,N,Not at Intersection,N,Non-Junction,None,,,         ,William,Durham,Rain,Front to Rear,no,no,no,no,no,False
102307024,METROPOLITAN NASHVILLE POLICE DEPT,20190126103,Davidson,Nashville,2/15/2019 5:21:00 PM,2,0,0,36.169510,-86.770960,S 2ND ST,,,,0.00,,,WOODLAND ST,,,,0.00,Y,Four-Way, ,Intersection,None,,,         ,Timothy,Mead,Rain,Angle,no,no,no,no,no,False
102307034,METROPOLITAN NASHVILLE POLICE DEPT,20190126216,Davidson,Nashville,2/15/2019 4:49:00 PM,2,0,0,36.137060,-86.821430,I 440,,,,0.00,,,,,,,1.45,N,Not at Intersection, ,Non-Junction,None,,,         ,Randall,Ward,Rain,Front to Rear,no,no,no,no,no,False
102307036,METROPOLITAN NASHVILLE POLICE DEPT,2019-0126204,Davidson,Nashville,2/15/2019 5:40:00 PM,2,1,0,36.075380,-86.768050,I 65,,,,0.00,,,,,,,77.30,N,Not at Intersection,N,Non-Junction,None,,,         ,Jonathan,Seidl,Rain,Front to Rear,no,no,no,no,no,False
102307040,METROPOLITAN NASHVILLE POLICE DEPT,20190126203,Davidson,Nashville,2/15/2019 6:16:00 PM,3,0,0,36.110080,-86.770340,I 65,,,,0.00,,,,,,,79.75,N,Not at Intersection,N,Entrance/Exit Ramp Related,None,,,         ,Edin,Plancic,Rain,Front to Rear,no,no,no,no,no,False
102307041,METROPOLITAN NASHVILLE POLICE DEPT,20190126169,Davidson,Nashville,2/15/2019 5:47:00 PM,2,2,0,36.096770,-86.654560,OLD MURFREESBORO PKE,,,,0.00,Feet,East,SMITH SPRINGS RD,,,,0.00,N,Not at Intersection,N,Non-Junction,None,,,         ,Deandera,Payne,Rain,Front to Rear,no,no,no,no,no,False
102307042,METROPOLITAN NASHVILLE POLICE DEPT,20190126077,Davidson,Nashville,2/15/2019 4:40:00 PM,2,0,0,36.152820,-86.728800,LEBANON PKE,,,,2162.00,Feet,West,SPENCE LN,,,,0.00,N,Not at Intersection, ,Non-Junction,None,,,         ,Trenton,Searcy,Rain,Front to Rear,no,no,no,no,no,False
102307046,METROPOLITAN NASHVILLE POLICE DEPT,20190126186,Davidson,Nashville,2/15/2019 5:29:00 PM,2,0,0,36.167040,-86.661000,LEBANON PKE,,,,363.00,Feet,East,EDDINGS LN,,,,0.00,N,Not at Intersection, ,Non-Junction,None,,,         ,Torry,Hill,Rain,"Sideswipe, Same Direction",no,no,no,no,no,False
102307047,METROPOLITAN NASHVILLE POLICE DEPT,20190126166,Davidson,Nashville,2/15/2019 5:30:00 PM,2,0,0,36.152150,-86.681200,ELM HILL PKE,,,,72.00,Feet,West,AIRWAYS CIR,,,,0.00,N,Not at Intersection,N,Non-Junction,None,,,         ,Darci,Stechman,Rain,Front to Rear,no,no,no,no,yes,False
102307048,METROPOLITAN NASHVILLE POLICE DEPT,20190125945,Davidson,Nashville,2/15/2019 3:33:00 PM,2,0,0,36.149900,-86.859060,CHARLOTTE PKE,,,,104.00,Feet,East,MIDLAND AV,,,,0.00,N,Not at Intersection,N,Non-Junction,None,,,         ,Ty,Cummings,Rain,Front to Rear,no,no,no,no,yes,False
102307049,METROPOLITAN NASHVILLE POLICE DEPT,20190126289,Davidson,Nashville,2/15/2019 7:00:00 PM,2,0,0,36.191300,-86.772780,DICKERSON PKE,,,,165.00,Feet,South,RICHARDSON AV,,,,0.00,N,Not at Intersection, ,Non-Junction,None,,,         ,Chase,Harriman,Rain,Angle,no,no,no,no,no,False
102307051,METROPOLITAN NASHVILLE POLICE DEPT,20190126177,Davidson,Nashville,2/15/2019 12:00:00 AM,2,0,0,36.111000,-86.746430,THOMPSON LN,,,,110.00,Feet,East,GRANDVIEW AV,,,,0.00,N,Not at Intersection, ,Non-Junction,None,,,         ,Ryan,Sherry,Rain,Angle,no,no,no,no,no,False
102307053,METROPOLITAN NASHVILLE POLICE DEPT,20190126187,Davidson,Nashville,2/15/2019 4:00:00 PM,2,0,0,36.177800,-86.605010,I40 E EXT RAMP,,,,0.00,Feet,East,OLD HICKORY BLVD,,,,0.00,N,Not at Intersection, ,Non-Junction,None,,,         ,Terence,Mitchell,Rain,Front to Rear,no,no,no,no,no,False
102307069,METROPOLITAN NASHVILLE POLICE DEPT,20190126343,Davidson,Nashville,2/15/2019 12:00:00 AM,2,0,0,36.149540,-86.747720,I 40,,,,0.00,,,,,,,211.75,N,Not at Intersection,Y,Non-Junction,None,,,         ,Alexander,Spradling,Rain,"Sideswipe, Same Direction",no,no,no,no,yes,False
102307070,GOODLETTSVILLE POLICE DEPT,19-06077,Davidson,Goodlettsville,2/15/2019 6:58:00 PM,2,0,0,36.307820,-86.704010,I65 N EXT RAMP,,,,0.00,,,I 65,,,,0.00,Y,T-Intersection, ,Entrance/Exit Ramp Related,None,,,         ,Dequionta,Rucker,Rain,Front to Rear,no,no,no,no,no,False
102307071,METROPOLITAN NASHVILLE POLICE DEPT,20190126254,Davidson,Nashville,2/15/2019 6:30:00 PM,2,0,0,36.150130,-86.748780,I 40,,,,0.00,,,,,,,211.70,N,Not at Intersection,N,Non-Junction,None,,,         ,Darci,Stechman,Rain,Front to Rear,no,no,no,no,no,False
102307072,Nashville Airport Police,2019-00564,Davidson,Nashville,2/8/2019 12:00:00 AM,2,1,0,36.137170,-86.664870,SATELLITE WAY,,,,0.00,,,SATELLITE WAY ENT RAMP,,,,0.00,Y,Four-Way,N,Intersection,None,,,         ,Zachary,Voigts,Clear,Angle,no,no,no,no,no,False
102307073,Nashville Airport Police,2019-00661,Davidson,Nashville,2/15/2019 2:46:00 PM,2,0,0,36.134240,-86.668250,TERMINAL DR,,,,726.00,Feet,South,I40 E EXT RAMP,,,,0.00,N,Not at Intersection, ,,None,,,         ,Christopher,Swisher,,,no,no,no,yes,no,False
102307078,METROPOLITAN NASHVILLE POLICE DEPT,20190126385,Davidson,Nashville,2/15/2019 8:03:00 PM,1,0,0,36.193700,-86.776600,I 65,,,,0.00,,,,,,,86.55,N,Not at Intersection,N,Non-Junction,None,,,         ,Thomas,Miller,Rain,Not Collision with Motor Vehicle in Transport,no,no,no,no,no,False
102307086,METROPOLITAN NASHVILLE POLICE DEPT,20190126310,Davidson,Nashville,2/15/2019 12:00:00 AM,2,0,0,36.044770,-86.661530,BELL RD,,,,10.00,Feet,West,CANE RIDGE RD,,,,0.00,N,Not at Intersection,N,Non-Junction,None,,,         ,Wesley,Carver,Rain,Angle,no,no,no,no,yes,False
102307088,METROPOLITAN NASHVILLE POLICE DEPT,20190126335,Davidson,Nashville,2/15/2019 7:31:00 PM,2,0,0,36.129450,-86.778190,8TH AVS,,,,326.00,Feet,North,FRANKLIN PKE,,,,0.00,N,Not at Intersection,N,Non-Junction,None,,,         ,Brandon,Harbaugh,Rain,Front to Rear,no,no,no,no,no,False
102307089,METROPOLITAN NASHVILLE POLICE DEPT,20190126304,Davidson,Nashville,2/15/2019 6:27:00 PM,2,0,0,36.128380,-86.713280,MURFREESBORO PKE,,,,110.00,Feet,North,PHILFRE CT,,,,0.00,N,Not at Intersection,N,Non-Junction,None,,,         ,Andrew,Brazee,Rain,Front to Rear,no,no,no,no,no,False
102307090,METROPOLITAN NASHVILLE POLICE DEPT,20190126033,Davidson,Nashville,2/15/2019 3:55:00 PM,2,0,0,36.120820,-86.790540,KIRKWOOD AV,,,,0.00,,,12TH AVS,,,,0.00,Y,Four-Way, ,,None,,,         ,Heather,Fox,,,no,no,no,no,no,False
102307091,METROPOLITAN NASHVILLE POLICE DEPT,20190126324,Davidson,Nashville,2/15/2019 7:15:00 PM,2,0,0,36.081720,-86.697510,I 24,,,,0.00,,,,,,,56.05,N,Not at Intersection,N,Non-Junction,None,,,         ,Richard,Olive,Rain,Front to Rear,no,no,no,no,no,False
102307094,METROPOLITAN NASHVILLE POLICE DEPT,20190126344,Davidson,Nashville,2/15/2019 7:30:00 PM,2,0,0,36.110300,-86.770520,I 65,,,,0.00,,,,,,,79.75,N,Not at Intersection,Y,Entrance/Exit Ramp Related,None,,,         ,William,King,Rain,"Sideswipe, Same Direction",no,no,no,no,yes,False
102307097,METROPOLITAN NASHVILLE POLICE DEPT,20190126327,Davidson,Nashville,2/15/2019 7:00:00 PM,2,0,0,36.098750,-86.739020,NOLENSVILLE PKE,,,,19.00,Feet,South,RAYMOND ST,,,,0.00,N,Not at Intersection, ,Non-Junction,None,,,         ,Ciarra,Rench,Rain,"Sideswipe, Same Direction",no,no,no,no,yes,False
102307106,METROPOLITAN NASHVILLE POLICE DEPT,20190126433,Davidson,Not in City Limit,2/15/2019 8:18:00 PM,2,0,0,35.991300,-86.679470,BURKITT RD,,,,521.00,Feet,North,OLD BURKITT RD,,,,0.00,N,Not at Intersection, ,,Construction Zone,,,         ,Arend,Groeneweg,,,no,no,no,no,no,False
102307108,METROPOLITAN NASHVILLE POLICE DEPT,20190126131,Davidson,Nashville,2/15/2019 5:38:00 PM,1,1,0,36.124160,-86.848810,HARDING PKE,,,,65.00,Feet,East,ROYAL OAKS CONDOS PVTDR,,,,0.00,N,Not at Intersection,N,Non-Junction,None,,,         ,Robert,Leverick,Rain,Not Collision with Motor Vehicle in Transport,yes,no,no,yes,no,False
102307123,METROPOLITAN NASHVILLE POLICE DEPT,20190126480,Davidson,Nashville,2/15/2019 8:38:00 PM,2,0,0,36.150440,-86.770430,I40 E EXT RAMP,,,,0.00,Feet,East,I 40,,,,0.00,N,Not at Intersection, ,Non-Junction,None,,,         ,Ryan,Coll,Rain,Angle,no,no,no,no,no,False
102307141,METROPOLITAN NASHVILLE POLICE DEPT,20190126429,Davidson,Nashville,2/15/2019 8:21:00 PM,2,0,0,36.167930,-86.609930,I40 W ENT RAMP,,,,0.00,Feet,East,I 40,,,,0.00,N,Not at Intersection, ,Non-Junction,None,,,         ,Jason,Milyaro Lucas,Rain,"Sideswipe, Same Direction",no,no,no,no,no,False
102307149,METROPOLITAN NASHVILLE POLICE DEPT,20190126386,Davidson,Nashville,2/15/2019 7:30:00 PM,2,1,0,36.092060,-86.828010,HILLSBORO PKE,,,,92.00,Feet,East,FOREST PLACE CIR,,,,0.00,N,Not at Intersection,N,Non-Junction,None,,,         ,Nicholas,Carroll,Rain,Front to Rear,no,no,no,no,no,False
102307151,METROPOLITAN NASHVILLE POLICE DEPT,20190126170,Davidson,Nashville,2/9/2019 9:15:00 PM,2,0,0,36.049280,-86.651730,BELL RD,,,,0.00,Feet,,HICKORY HOLLOW LN,,,,0.00,Y,Four-Way,N,Intersection,None,,,         ,Ryan,Hampton,Clear,"Sideswipe, Same Direction",no,no,no,no,yes,False
102307155,METROPOLITAN NASHVILLE POLICE DEPT,20190126481,Davidson,Nashville,2/15/2019 8:44:00 PM,1,1,0,36.205700,-86.776560,I 65,,,,0.00,,,,,,,87.25,N,Not at Intersection,N,Non-Junction,None,,,         ,Thomas,Miller,Rain,Not Collision with Motor Vehicle in Transport,no,no,no,no,no,False
102307156,METROPOLITAN NASHVILLE POLICE DEPT,20190126545,Davidson,Nashville,2/15/2019 8:25:00 PM,2,0,0,36.073060,-86.637310,MURFREESBORO PKE,,,,544.00,Feet,North,BELL RD,,,,0.00,N,Not at Intersection,N,Non-Junction,None,,,         ,Eric,Wegener,Rain,"Sideswipe, Same Direction",no,no,no,no,yes,False
102307157,METROPOLITAN NASHVILLE POLICE DEPT,20190126159,Davidson,Nashville,2/15/2019 5:24:00 PM,2,0,0,36.126390,-86.710710,MURFREESBORO PKE,,,,161.00,Feet,South,THOMPSON PL,,,,0.00,N,Not at Intersection,N,Non-Junction,None,,,         ,Seth,Vaughn,Rain,Angle,no,no,no,no,yes,False
102307163,METROPOLITAN NASHVILLE POLICE DEPT,20190125915,Davidson,Not in City Limit,2/15/2019 3:24:00 PM,2,0,0,36.269010,-86.736650,I 65,,,,0.00,,,,,,,92.60,N,Not at Intersection, ,Non-Junction,None,,,         ,Joel,Callies,Rain,Front to Rear,no,no,no,no,no,False
102307168,METROPOLITAN NASHVILLE POLICE DEPT,20190126072,Davidson,Nashville,2/15/2019 5:11:00 PM,5,0,0,36.048610,-86.653840,BELL RD,,,,671.00,Feet,West,HICKORY HOLLOW MALL PVTDR PL,,,,0.00,N,Not at Intersection,N,Non-Junction,None,,,         ,Sean,Weaver,Rain,Angle,no,no,no,no,yes,False
102307170,METROPOLITAN NASHVILLE POLICE DEPT,20190126508,Davidson,Nashville,2/15/2019 8:57:00 PM,1,0,0,36.036420,-86.671590,HICKORY PARK DR,,,,215.00,Feet,South,RIVENDELL CT,,,,0.00,N,Not at Intersection,N,Non-Junction,None,,,         ,Melissa,Flores,Rain,Not Collision with Motor Vehicle in Transport,no,no,no,no,no,False
102307171,METROPOLITAN NASHVILLE POLICE DEPT,20190126419,Davidson,Nashville,2/15/2019 8:12:00 PM,2,0,0,36.114400,-86.719740,EAST THOMPSON LN,,,,174.00,Feet,South,DRUMMOND DR,,,,0.00,N,Not at Intersection,N,Non-Junction,None,,,         ,Andrew,Brazee,Rain,Front to Rear,no,no,no,no,yes,False
102307172,METROPOLITAN NASHVILLE POLICE DEPT,20190126546,Davidson,Nashville,2/15/2019 9:10:00 PM,2,0,0,36.163400,-86.761900,I 24,,,,0.00,,,,,,,49.20,N,Not at Intersection, ,Entrance/Exit Ramp Related,None,,,         ,Christopher,Butner,Rain,Angle,no,no,no,no,no,False
102307176,METROPOLITAN NASHVILLE POLICE DEPT,20190126331,Davidson,Nashville,2/15/2019 7:25:00 PM,1,0,0,36.116230,-86.788480,I 440,,,,0.00,,,,,,,3.95,N,Not at Intersection,N,Non-Junction,None,,,         ,John,Roberson,Rain,Not Collision with Motor Vehicle in Transport,no,no,no,no,no,False
102307177,METROPOLITAN NASHVILLE POLICE DEPT,20190126400,Davidson,Nashville,2/15/2019 7:25:00 PM,1,0,0,36.116230,-86.788480,I 440,,,,0.00,,,,,,,3.95,N,Not at Intersection, ,Non-Junction,None,,,         ,John,Roberson,Rain,Not Collision with Motor Vehicle in Transport,no,no,no,no,no,False
102307178,METROPOLITAN NASHVILLE POLICE DEPT,20190126418,Davidson,Nashville,2/15/2019 7:28:00 PM,1,0,0,36.116230,-86.788480,I 440,,,,0.00,,,,,,,3.95,N,Not at Intersection, ,Non-Junction,None,,,         ,John,Roberson,Rain,Not Collision with Motor Vehicle in Transport,no,no,no,no,no,False
102307193,METROPOLITAN NASHVILLE POLICE DEPT,20190126634,Davidson,Nashville,2/15/2019 9:50:00 PM,2,0,0,36.193060,-86.777300,I 65,,,,0.00,,,,,,,86.50,N,Not at Intersection,N,Non-Junction,None,,,         ,Joseph,Bingham,Rain,"Sideswipe, Same Direction",no,no,no,no,yes,False
102307195,METROPOLITAN NASHVILLE POLICE DEPT,20190126556,Davidson,Nashville,2/15/2019 8:36:00 PM,2,0,0,36.085530,-86.690750,ANTIOCH PKE,,,,0.00,Feet,,PERIMETER HILL DR,,,,0.00,Y,T-Intersection, ,Intersection-Related,None,,,         ,Andrew,Brazee,Rain,Angle,no,no,no,no,no,False
102307199,METROPOLITAN NASHVILLE POLICE DEPT,20190126476,Davidson,Nashville,2/15/2019 8:41:00 PM,2,0,0,36.171160,-86.798650,I 40,,,,0.00,,,,,,,207.90,N,Not at Intersection, ,Non-Junction,None,,,         ,Thomas,Miller,Rain,"Sideswipe, Same Direction",no,no,no,no,no,False
102307204,METROPOLITAN NASHVILLE POLICE DEPT,20190126439,Davidson,Nashville,2/15/2019 7:25:00 PM,1,0,0,36.116160,-86.786220,I 440,,,,0.00,,,,,,,4.20,N,Not at Intersection,N,Non-Junction,None,,,         ,John,Roberson,Rain,Not Collision with Motor Vehicle in Transport,no,no,no,no,no,False
102307223,METROPOLITAN NASHVILLE POLICE DEPT,20190126695,Davidson,Nashville,2/15/2019 9:10:00 PM,2,0,0,36.180500,-86.800230,I 65,,,,0.00,,,,,,,85.00,N,Not at Intersection,N,Non-Junction,None,,,         ,Myriah,Iles,Rain,Front to Rear,no,no,no,no,yes,False
102307224,METROPOLITAN NASHVILLE POLICE DEPT,20190126497,Davidson,Nashville,2/15/2019 8:49:00 PM,3,2,0,36.141950,-86.652460,I 40,,,,0.00,,,,,,,217.60,N,Not at Intersection,N,Non-Junction,None,,,         ,Brady,Reynolds,Rain,"Sideswipe, Same Direction",no,no,no,no,no,False
102307238,METROPOLITAN NASHVILLE POLICE DEPT,20190126653,Davidson,Nashville,2/15/2019 10:17:00 PM,3,2,0,36.123890,-86.773030,I 65,,,,0.00,,,,,,,80.65,N,Not at Intersection,N,Non-Junction,None,,,         ,Edin,Plancic,Rain,"Sideswipe, Same Direction",no,no,no,no,yes,False
102307241,METROPOLITAN NASHVILLE POLICE DEPT,20190126790,Davidson,Nashville,2/15/2019 9:30:00 PM,2,0,0,36.187250,-86.795240,I 65,,,,0.00,,,,,,,85.60,N,Not at Intersection,N,Non-Junction,None,,,         ,Joshua,Green,Rain,"Sideswipe, Same Direction",no,no,no,no,yes,False
102307242,METROPOLITAN NASHVILLE POLICE DEPT,20190126725,Davidson,Nashville,2/15/2019 10:34:00 PM,2,0,0,36.152730,-86.759190,MAURY ST,,,,77.00,Feet,South,GREEN ST,,,,0.00,N,Not at Intersection,N,Non-Junction,None,,,         ,Brandon,Epps,Rain,Front to Rear,no,no,no,no,yes,False
102307249,METROPOLITAN NASHVILLE POLICE DEPT,20190126719,Davidson,Nashville,2/15/2019 8:50:00 PM,2,1,0,36.210950,-86.775920,I 65,,,,0.00,,,,,,,87.65,N,Not at Intersection,N,Non-Junction,None,,,         ,Joseph,Gawlowski,Rain,Front to Rear,no,no,no,no,yes,False
102307251,METROPOLITAN NASHVILLE POLICE DEPT,20190126709,Davidson,Not in City Limit,2/15/2019 10:55:00 PM,2,0,0,36.264190,-86.735320,I65 N EXT RAMP,,,,0.00,,,OLD HICKORY BLVDW,,,,0.00,Y,OTHER,N,Entrance/Exit Ramp Related,None,,,         ,David,Williford,Rain,Front to Rear,no,no,no,no,yes,False
102307260,METROPOLITAN NASHVILLE POLICE DEPT,20190126910,Davidson,Nashville,2/16/2019 12:38:00 AM,2,0,0,36.153250,-86.794010,17TH AVS,,,,0.00,,,BROADWAY,,,,0.00,Y,Four-Way,Y,Intersection,None,,,         ,Dakota,Vermillion,Rain,Angle,no,no,no,no,no,False
102307261,METROPOLITAN NASHVILLE POLICE DEPT,20190126879,Davidson,Nashville,2/16/2019 12:20:00 AM,2,2,0,36.194970,-86.775570,I 65,,,,0.00,,,,,,,86.50,N,Not at Intersection,N,Non-Junction,None,,,         ,Reginald,Pierre-Paul,Rain,Angle,no,no,no,no,no,False
102307271,METROPOLITAN NASHVILLE POLICE DEPT,20190126891,Davidson,Nashville,2/15/2019 11:45:00 PM,2,0,0,36.248010,-86.720360,GALLATIN PKES,,,,0.00,,,DUE WEST AVW,,,,0.00,Y,Four-Way,Y,Intersection,None,,,         ,Bryant,Presley,Rain,Angle,no,no,no,no,no,False
102307280,METROPOLITAN NASHVILLE POLICE DEPT,20190126769,Davidson,Nashville,2/15/2019 11:28:00 PM,1,0,0,36.164860,-86.763510,I 24,,,,0.00,,,,,,,49.10,N,Not at Intersection,N,Non-Junction,None,,,         ,Ryan,Worstall,Rain,Not Collision with Motor Vehicle in Transport,no,no,no,no,no,False
102307281,METROPOLITAN NASHVILLE POLICE DEPT,20190126862,Davidson,Nashville,2/15/2019 11:50:00 PM,1,0,0,36.209500,-86.776100,I 65,,,,0.00,,,,,,,87.55,N,Not at Intersection,N,Non-Junction,None,,,         ,Jacob,Dick,Rain,Not Collision with Motor Vehicle in Transport,no,no,no,no,no,False
102307293,METROPOLITAN NASHVILLE POLICE DEPT,20190126918,Davidson,Nashville,2/16/2019 12:38:00 AM,2,0,0,36.191820,-86.778960,I 65,,,,0.00,,,,,,,86.40,N,Not at Intersection,N,Non-Junction,None,,,         ,Jacob,Dick,Rain,Front to Rear,no,no,no,no,yes,False
102307294,METROPOLITAN NASHVILLE POLICE DEPT,20190126732,Davidson,Nashville,2/15/2019 11:12:00 PM,2,0,0,36.134020,-86.722560,MURFREESBORO PKE,,,,0.00,,,PLUS PARK BLVD,,,,0.00,Y,T-Intersection,N,Intersection,None,,,         ,Robert,Erickson,Rain,Angle,no,no,no,no,no,False
102307312,METROPOLITAN NASHVILLE POLICE DEPT,20190127030,Davidson,Nashville,2/16/2019 1:45:00 AM,2,0,0,36.150880,-86.770680,4TH AVS,,,,0.00,,,I40 W ENT RAMP,,,,0.00,Y,OTHER,Y,Intersection-Related,None,,,         ,William,Erickson,Rain,"Sideswipe, Same Direction",no,no,no,no,no,False
102307314,METROPOLITAN NASHVILLE POLICE DEPT,20190127014,Davidson,Nashville,2/16/2019 1:38:00 AM,1,0,0,36.145020,-86.812430,WEST END AV,,,,24.00,Feet,West,28TH AVN,,,,0.00,N,Not at Intersection,N,Non-Junction,None,,,         ,Brian,Warstadt,Rain,Not Collision with Motor Vehicle in Transport,no,no,no,no,no,Campus
102307322,METROPOLITAN NASHVILLE POLICE DEPT,20190127100,Davidson,Nashville,2/16/2019 12:00:00 AM,1,0,0,36.069500,-86.860510,CHICKERING LN,,,,2169.00,Feet,North,CHICKERING CT,,,,0.00,N,Not at Intersection,N,OtherLocation,None,,,         ,Kenneth,Bray,Rain,Not Collision with Motor Vehicle in Transport,no,no,no,no,yes,False
102307331,METROPOLITAN NASHVILLE POLICE DEPT,20190127109,Davidson,Nashville,2/16/2019 1:55:00 AM,2,0,0,36.084160,-86.705890,LINBAR DR,,,,0.00,,,HARDING PL,,,,0.00,Y,Four-Way,N,Intersection,None,,,         ,Teresah,Pinho,Clear,Front to Rear,no,no,no,no,yes,False
102307333,METROPOLITAN NASHVILLE POLICE DEPT,20190127107,Davidson,Nashville,2/16/2019 2:30:00 AM,1,2,0,36.115270,-86.772730,I440 W ENT RAMP,,,,0.00,,,I 65,,,,0.00,Y,Y-Intersection,Y,Entrance/Exit Ramp Related,None,,,         ,David,Barras,Rain,Not Collision with Motor Vehicle in Transport,no,no,no,no,no,False