master_record_number,agency,agency_tracking_number,county,city,collision_date,vehicles_involved,number_injured,number_dead,latitude,longitude,roadway_name,roadway_suffix,roadway_number,roadway_local_id,distance_from_reference,miles-feet_indicator,direction_from_reference,intersection_road_name,intersection_road_name_suffix,intersection_road_number,intersection_local_id,mile_marker,intersection_indicator,intersect_type,interchange_related_indicator,relation_to_junction,work_zone_type,construction_maintenance_zone,construction_maintenance_zone_location,fatal_case_number,officer_first_name,officer_last_name,weather_condition(s),manner_of_crash,pedestrian,bicycle,scooter,parking,hitrun,mou
102307340,METROPOLITAN NASHVILLE POLICE DEPT,20190127239,Davidson,Nashville,2/16/2019 4:38:00 AM,1,0,0,36.052910,-86.687710,TUSCULUM RD,,,,72.00,Feet,West,OCALA DR,,,,0.00,N,Not at Intersection,N,Non-Junction,None,,,         ,Kaleb,Stella,Clear,Not Collision with Motor Vehicle in Transport,no,no,no,no,no,False
102307343,METROPOLITAN NASHVILLE POLICE DEPT,20190127210,Davidson,Nashville,2/16/2019 4:09:00 AM,2,0,0,36.080490,-86.954890,I40 E ENT RAMP,,,,0.00,Feet,East,I 40,,,,0.00,N,Not at Intersection, ,Non-Junction,None,,,         ,Cesar,Rocha,Cloudy,Front to Rear,no,no,no,no,no,False
102307344,METROPOLITAN NASHVILLE POLICE DEPT,20190127206,Davidson,Nashville,2/16/2019 12:00:00 AM,1,0,0,36.054340,-86.899820,OLD HICKORY BLVD,,,,369.00,Feet,West,GAUCHO ROAD PVTDR,,,,0.00,N,Not at Intersection,N,Non-Junction,None,,,         ,Kenneth,Bray,Rain,Not Collision with Motor Vehicle in Transport,no,no,no,no,yes,False
102307346,METROPOLITAN NASHVILLE POLICE DEPT,20190126924,Davidson,Nashville,2/16/2019 12:23:00 AM,1,0,0,36.186890,-86.718020,PRESTON DR,,,,112.00,Feet,North,ROSEBANK AV,,,,0.00,N,Not at Intersection,N,Non-Junction,None,,,         ,Reginald,Pierre-Paul,Rain,Not Collision with Motor Vehicle in Transport,no,no,no,no,no,False
102307351,METROPOLITAN NASHVILLE POLICE DEPT,20190127115,Davidson,Nashville,2/16/2019 2:48:00 AM,2,1,0,36.152280,-86.634600,I 40,,,,0.00,,,,,,,218.60,N,Not at Intersection,N,Non-Junction,None,,,         ,Bridget,Griepentrog,Rain,Front to Rear,no,no,no,no,no,False
102307356,METROPOLITAN NASHVILLE POLICE DEPT,20190127201,Davidson,Nashville,2/16/2019 4:00:00 AM,1,0,0,36.058300,-86.722570,MCMURRAY DR,,,,40.00,Feet,North,TUSCULUM RD,,,,0.00,N,Not at Intersection,N,Non-Junction,None,,,         ,Garrett,Reingardt,Cloudy,Not Collision with Motor Vehicle in Transport,no,no,no,no,no,False
102307368,METROPOLITAN NASHVILLE POLICE DEPT,20190127312,Davidson,Nashville,2/16/2019 5:29:00 AM,1,0,0,36.184920,-86.797660,I 65,,,,0.00,,,,,,,85.40,N,Not at Intersection, ,,None,,,         ,Myriah,Iles,,,no,no,no,no,no,False
102307377,METROPOLITAN NASHVILLE POLICE DEPT,20190127187,Davidson,Nashville,2/16/2019 12:00:00 AM,1,0,0,36.168810,-86.656980,MUNN RD,,,,170.00,Feet,North,LEBANON PKE,,,,0.00,N,Not at Intersection,N,Non-Junction,None,,,         ,Curtis,Fisher,Rain,Unknown,no,no,no,no,yes,False
102307422,METROPOLITAN NASHVILLE POLICE DEPT,20190127394,Davidson,Nashville,2/16/2019 5:50:00 AM,2,0,0,36.069590,-86.693910,HAYWOOD LN,,,,0.00,,,EZELL RD,,,,0.00,Y,Four-Way, ,,None,,,         ,Troy,Loewen,,,no,no,no,no,no,False
102307490,METROPOLITAN NASHVILLE POLICE DEPT,20190127641,Davidson,Nashville,2/16/2019 9:48:00 AM,2,0,0,36.176960,-86.751430,WOODLAND ST,,,,0.00,,,S 10TH ST,,,,0.00,Y,Four-Way,N,Intersection,None,,,         ,Nathan,Mayo,Cloudy,Angle,no,no,no,no,no,False
102307491,METROPOLITAN NASHVILLE POLICE DEPT,20190127631,Davidson,Nashville,2/16/2019 10:06:00 AM,2,0,0,36.106780,-86.672740,DONELSON PKE,,,,227.00,Feet,North,MURFREESBORO PKE,,,,0.00,N,Not at Intersection,N,Non-Junction,None,,,         ,John,Frazier,Clear,Other,no,no,no,no,no,False
102307494,METROPOLITAN NASHVILLE POLICE DEPT,20190127595,Davidson,Nashville,2/16/2019 3:00:00 AM,2,0,0,36.166400,-86.761560,S 5TH ST,,,,42.00,Feet,South,SYLVAN ST,,,,0.00,N,Not at Intersection,N,"Driveway, Alley Access, etc",None,,,         ,Faye,Denson,Clear,"Sideswipe, Same Direction",no,no,no,no,yes,False
102307535,METROPOLITAN NASHVILLE POLICE DEPT,20190127750,Davidson,Not in City Limit,2/16/2019 7:55:00 AM,2,0,0,36.022930,-86.709720,PERSIA WAY,,,,218.00,Feet,North,VAN ANTWERP LN,,,,0.00,N,Not at Intersection,N,Non-Junction,None,,,         ,James,Jarvis,Cloudy,"Sideswipe, Same Direction",no,no,no,no,yes,False
102307536,METROPOLITAN NASHVILLE POLICE DEPT,20190127721,Davidson,Nashville,2/16/2019 11:00:00 AM,1,1,0,36.148850,-86.804560,WEST END AV,,,,0.00,Feet,,23RD AVN,,,,0.00,Y,Four-Way,N,Intersection,None,,,         ,Justan,Vance,Cloudy,Not Collision with Motor Vehicle in Transport,yes,no,no,no,no,Campus
102307537,METROPOLITAN NASHVILLE POLICE DEPT,20190127736,Davidson,Not in City Limit,2/16/2019 11:15:00 AM,2,0,0,36.079030,-86.950580,BELLEVUE CTR PVTDR,,,,191.00,Feet,North,HIGHWAY 70S,,,,0.00,N,Not at Intersection, ,Non-Junction,None,,,         ,Wesley,Tilley,Cloudy,Angle,no,no,no,yes,yes,False
102307542,METROPOLITAN NASHVILLE POLICE DEPT,20190127820,Davidson,Nashville,2/16/2019 12:05:00 PM,2,1,0,36.038990,-86.782580,OLD HICKORY BLVD,,,,0.00,Feet,East,I65 N EXT RAMP,,,,0.00,N,Not at Intersection,N,Non-Junction,None,,,         ,Gregory,Scott,Clear,Front to Rear,no,no,no,no,no,False
102307543,METROPOLITAN NASHVILLE POLICE DEPT,20190127774,Davidson,Nashville,2/16/2019 11:37:00 AM,2,0,0,36.077100,-86.641510,DOVER GLEN DR,,,,18.00,Feet,West,MURFREESBORO PKE,,,,0.00,N,Not at Intersection, ,Non-Junction,None,,,         ,John,Frazier,Clear,"Sideswipe, Opposite Direction",no,no,no,no,no,False
102307545,METROPOLITAN NASHVILLE POLICE DEPT,20190127787,Davidson,Nashville,2/16/2019 11:47:00 AM,2,1,0,36.169880,-86.809490,I 40,,,,0.00,,,,,,,207.15,N,Not at Intersection,N,Non-Junction,None,,,         ,Patrick,Taylor,Cloudy,"Sideswipe, Same Direction",no,no,no,no,yes,False
102307550,METROPOLITAN NASHVILLE POLICE DEPT,20190127811,Davidson,Nashville,2/16/2019 11:52:00 AM,3,1,0,36.034010,-86.642200,I 24,,,,0.00,,,,,,,60.65,N,Not at Intersection,N,Non-Junction,None,,,         ,James,Jarvis,Cloudy,Front to Rear,no,no,no,no,yes,False
102307559,METROPOLITAN NASHVILLE POLICE DEPT,20190127687,Davidson,Nashville,2/16/2019 10:43:00 AM,1,0,0,36.150820,-86.785440,I40 W EXT RAMP,,,,0.00,,,I 40,,,,0.00,Y,Y-Intersection,N,Entrance/Exit Ramp Related,None,,,         ,Johnathan,Carlisle,Cloudy,Not Collision with Motor Vehicle in Transport,no,no,no,no,no,False
102307569,METROPOLITAN NASHVILLE POLICE DEPT,20190127797,Davidson,Nashville,2/16/2019 11:50:00 AM,2,0,0,36.150900,-86.770640,4TH AVS,,,,0.00,,,I40 W EXT RAMP,,,,0.00,Y,Four-Way, ,,None,,,         ,James,Hill,,,no,no,no,no,no,False
102307598,METROPOLITAN NASHVILLE POLICE DEPT,20190127751,Davidson,Nashville,2/16/2019 11:24:00 AM,2,2,0,36.158780,-86.774150,3RD AVS,,,,0.00,,,MOLLOY ST,,,,0.00,Y,Four-Way,N,Intersection,None,,,         ,Destiny,Zunic,Cloudy,Angle,no,no,no,no,no,False
102307599,METROPOLITAN NASHVILLE POLICE DEPT,20190127744,Davidson,Nashville,2/16/2019 11:15:00 AM,4,1,0,36.130800,-86.817610,I 440,,,,0.00,,,,,,,1.95,N,Not at Intersection,N,Non-Junction,None,,,         ,Brian,Myatt,Cloudy,Front to Rear,no,no,no,no,no,False
102307621,METROPOLITAN NASHVILLE POLICE DEPT,20190127758,Davidson,Nashville,2/16/2019 11:20:00 AM,2,0,0,36.157540,-86.792380,CHURCH ST,,,,86.00,Feet,East,15TH AVN,,,,0.00,N,Not at Intersection, ,,None,,,         ,David,Lang,,,no,no,no,no,no,False
102307634,METROPOLITAN NASHVILLE POLICE DEPT,20190127914,Davidson,Old Hickory,2/16/2019 1:00:00 PM,2,0,0,36.257540,-86.650280,13TH ST,,,,0.00,,,BERRY ST,,,,0.00,Y,OTHER, ,,None,,,         ,William,Mckay,,,no,no,no,yes,no,False
102307643,METROPOLITAN NASHVILLE POLICE DEPT,20190127768,Davidson,Nashville,2/16/2019 11:33:00 AM,2,2,0,36.049600,-86.666110,I 24,,,,0.00,,,,,,,58.90,N,Not at Intersection,N,Non-Junction,None,,,         ,Molly,Page,Cloudy,"Sideswipe, Same Direction",no,no,no,no,no,False
102307645,METROPOLITAN NASHVILLE POLICE DEPT,20190127928,Davidson,Nashville,2/16/2019 1:41:00 PM,4,2,0,36.049270,-86.651790,BELL RD,,,,18.00,Feet,West,HICKORY HOLLOW LN,,,,0.00,N,Not at Intersection,N,Non-Junction,None,,,         ,James,Jarvis,Cloudy,Front to Rear,no,no,no,no,no,False
102307646,METROPOLITAN NASHVILLE POLICE DEPT,20190127920,Davidson,Nashville,2/16/2019 12:55:00 PM,2,0,0,36.185170,-86.797430,I 65,,,,0.00,,,,,,,85.40,N,Not at Intersection, ,Non-Junction,None,,,         ,Justan,Vance,Cloudy,"Sideswipe, Same Direction",no,no,no,no,no,False
102307652,METROPOLITAN NASHVILLE POLICE DEPT,20190127753,Davidson,Nashville,2/16/2019 11:25:00 AM,2,0,0,36.195210,-86.834160,MANCHESTER AV,,,,72.00,Feet,South,CLARKSVILLE PKE,,,,0.00,N,Not at Intersection, ,Non-Junction,None,,,         ,Jamel,Griffin,Cloudy,Front to Rear,no,no,no,no,no,False
102307654,METROPOLITAN NASHVILLE POLICE DEPT,20190127951,Davidson,Not in City Limit,2/16/2019 2:05:00 PM,2,0,0,36.272560,-86.694630,ANDERSON LN,,,,0.00,Feet,,MAY DR,,,,0.00,Y,Four-Way, ,Intersection,None,,,         ,Timothy,Kearney,Clear,Angle,no,no,no,no,no,False
102307664,METROPOLITAN NASHVILLE POLICE DEPT,20180127887,Davidson,Nashville,2/16/2019 1:44:00 PM,3,2,0,36.144100,-86.873100,WATTS LN,,,,0.00,Feet,North,CHARLOTTE PKE,,,,0.00,N,Not at Intersection,N,Non-Junction,None,,,         ,Terrence,Bradley,Clear,Rear to Rear,no,no,no,no,no,False
102307666,METROPOLITAN NASHVILLE POLICE DEPT,20190127922,Davidson,Not in City Limit,2/16/2019 1:34:00 PM,2,1,0,36.324000,-86.868330,I 24,,,,0.00,,,,,,,35.00,N,Not at Intersection,N,Non-Junction,None,,,         ,Patrick,Taylor,Cloudy,Front to Rear,no,no,no,no,no,False
102307696,METROPOLITAN NASHVILLE POLICE DEPT,2019 0127916,Davidson,Not in City Limit,2/16/2019 1:37:00 PM,1,1,0,36.075070,-86.969600,I 40,,,,0.00,,,,,,,195.45,N,Not at Intersection,N,Non-Junction,None,,,         ,Paul,Junkmann,Cloudy,Not Collision with Motor Vehicle in Transport,no,no,no,no,no,False
102307715,METROPOLITAN NASHVILLE POLICE DEPT,20190128015,Davidson,Nashville,2/16/2019 12:00:00 AM,2,0,0,36.198860,-86.732300,OTAY ST,,,,72.00,Feet,West,SCOTT AV,,,,0.00,N,Not at Intersection, ,Non-Junction,None,,,         ,Christopher,Butner,Cloudy,Unknown,no,no,no,no,yes,False
102307716,BERRY HILL POLICE DEPT,19-0579,Davidson,Berry Hill,2/15/2019 10:00:00 PM,2,0,0,36.124980,-86.776670,INVERNESS AV,,,,0.00,,,,,,,0.00,,Not at Intersection, ,,None,,,         ,Roy,Morris,,,no,no,no,yes,no,False
102307741,METROPOLITAN NASHVILLE POLICE DEPT,20190128018,Davidson,Nashville,2/16/2019 2:30:00 PM,2,0,0,36.087170,-86.693810,HARDING PL,,,,0.00,,,,,,,0.00,,, ,Non-Junction,None,,,         ,Arend,Groeneweg,Clear,"Sideswipe, Same Direction",no,no,no,yes,yes,False
102307776,METROPOLITAN NASHVILLE POLICE DEPT,20190126329,Davidson,Nashville,2/15/2019 8:22:00 PM,2,0,0,36.130030,-86.900940,CHARLOTTE PKE,,,,49.00,Feet,West,CABOT DR,,,,0.00,N,Not at Intersection, ,Non-Junction,None,,,         ,Alexander,Donald,Rain,Angle,no,no,no,no,no,False
102307780,METROPOLITAN NASHVILLE POLICE DEPT,20190128113,Davidson,Nashville,2/16/2019 3:23:00 PM,2,1,0,36.115860,-86.729340,MASHBURN RD,,,,0.00,,,ENNIS RD,,,,0.00,Y,Four-Way,N,Intersection,None,,,         ,YUNUS,ADAK,Clear,Angle,no,no,no,no,no,False
102307785,METROPOLITAN NASHVILLE POLICE DEPT,20190128191,Davidson,Nashville,2/16/2019 4:28:00 PM,2,0,0,36.086580,-86.771970,FRANKLIN PKE,,,,0.00,,,HARDING PL,,,,0.00,Y,Four-Way, ,Intersection-Related,None,,,         ,Douglas,Sykes,Clear,Front to Rear,no,no,no,no,no,False
102307787,METROPOLITAN NASHVILLE POLICE DEPT,20190128174,Davidson,Nashville,2/16/2019 1:20:00 PM,2,0,0,36.158280,-86.800790,DR D B TODD JR BLVD,,,,0.00,,,,,,,0.00,,,N,Non-Junction,None,,,         ,Timothy,Skopek,Cloudy,Rear to Rear,no,no,no,yes,yes,False
102307789,METROPOLITAN NASHVILLE POLICE DEPT,20190128132,Davidson,Nashville,2/16/2019 3:54:00 PM,2,2,0,36.091110,-86.771420,FRANKLIN PKE,,,,92.00,Feet,South,ELYSIAN FIELDS RD,,,,0.00,N,Not at Intersection,N,Non-Junction,None,,,         ,Brandon,Harbaugh,Clear,Front to Rear,no,no,no,no,no,False
102307791,METROPOLITAN NASHVILLE POLICE DEPT,20190127982,Davidson,Nashville,2/16/2019 2:40:00 PM,2,1,0,36.218950,-86.817930,CROUCH DR,,,,0.00,,,ROWAN DR,,,,0.00,Y,Four-Way,N,Intersection,None,,,         ,Janelle,Keslar,Clear,HeadOn,no,no,no,no,no,False
102307793,METROPOLITAN NASHVILLE POLICE DEPT,20190128193,Davidson,Nashville,2/16/2019 2:06:00 PM,1,0,0,36.204160,-86.768640,DICKERSON PKE,,,,0.00,,,,,,,0.00,,,N,Non-Junction,None,,,         ,Chase,Harriman,Cloudy,Not Collision with Motor Vehicle in Transport,no,no,no,yes,yes,False
102307795,METROPOLITAN NASHVILLE POLICE DEPT,20190128237,Davidson,Nashville,2/16/2019 4:45:00 PM,2,0,0,36.171090,-86.767680,I 24,,,,0.00,,,,,,,48.60,N,Not at Intersection, ,,None,,,         ,Riley,Brewer,,,no,no,no,no,no,False
102307796,METROPOLITAN NASHVILLE POLICE DEPT,20190127945,Davidson,Nashville,2/16/2019 1:55:00 PM,2,0,0,36.192030,-86.687240,BRILEY PKWYN,,,,152.00,Feet,South,BRILEY PKWYS,,,,0.00,N,Not at Intersection,N,Non-Junction,None,,,         ,Gerry,Hutcheson,Cloudy,Angle,no,no,no,no,no,False
102307803,METROPOLITAN NASHVILLE POLICE DEPT,20190128236,Davidson,Nashville,2/16/2019 4:45:00 PM,2,0,0,36.107350,-86.812940,HILLSBORO PKE,,,,182.00,Feet,South,GREEN HILLS VILLAGE DR,,,,0.00,N,Not at Intersection,N,Non-Junction,None,,,         ,Heather,Fox,Clear,Angle,no,no,no,no,no,False
102307833,METROPOLITAN NASHVILLE POLICE DEPT,20190128221,Davidson,Nashville,2/16/2019 4:19:00 PM,2,0,0,36.156250,-86.775660,5TH AVS,,,,132.00,Feet,South,KOREAN VETERANS BLVD,,,,0.00,N,Not at Intersection,N,Non-Junction,None,,,         ,Jordan,Vrbas,Clear,Rear to Rear,no,no,no,yes,yes,False
102307835,METROPOLITAN NASHVILLE POLICE DEPT,20190128101,Davidson,Nashville,2/16/2019 2:00:00 AM,3,0,0,36.172930,-86.752120,S 10TH ST,,,,48.00,Feet,North,BOSCOBEL ST,,,,0.00,N,Not at Intersection,N,Non-Junction,None,,,         ,Brynn,Cellan,Unknown,Angle,no,no,no,yes,yes,False
102307841,METROPOLITAN NASHVILLE POLICE DEPT,20190128258,Davidson,Nashville,2/16/2019 5:00:00 PM,2,0,0,36.074480,-86.920940,HIGHWAY 70S,,,,0.00,Feet,,OLD HICKORY BLVD,,,,0.00,Y,Four-Way,Y,Intersection,None,,,         ,Jeffrey,Mullins,Cloudy,Front to Rear,no,no,no,no,yes,False
102307846,METROPOLITAN NASHVILLE POLICE DEPT,20190128141,Davidson,Nashville,2/16/2019 1:40:00 PM,2,0,0,36.064180,-86.683940,I 24,,,,0.00,,,,,,,57.50,N,Not at Intersection, ,Non-Junction,None,,,         ,Jesse,Cox,Cloudy,Front to Rear,no,no,no,no,no,False
102307853,METROPOLITAN NASHVILLE POLICE DEPT,20190128270,Davidson,Nashville,2/16/2019 4:57:00 PM,2,0,0,36.187780,-86.821210,CLARKSVILLE PKE,,,,130.00,Feet,East,ROSA L PARKS BLVD,,,,0.00,N,Not at Intersection, ,Non-Junction,None,,,         ,Andrey,Volfson,Clear,"Sideswipe, Same Direction",no,no,no,no,no,False
102307856,METROPOLITAN NASHVILLE POLICE DEPT,20190128327,Davidson,Nashville,2/16/2019 5:48:00 PM,2,1,0,36.181010,-86.773940,DICKERSON PKE,,,,31.00,Feet,North,DICKERSON PKE NB ENT RAMP,,,,0.00,N,Not at Intersection,N,Non-Junction,None,,,         ,Cody,Jaworski,Clear,Angle,no,no,no,no,no,False
102307869,METROPOLITAN NASHVILLE POLICE DEPT,20190128348,Davidson,Nashville,2/16/2019 5:56:00 PM,2,0,0,36.077140,-86.641460,MURFREESBORO PKE,,,,0.00,,,LAKEVILLA DR,,,,0.00,Y,Four-Way,N,Intersection-Related,None,,,         ,Deandera,Payne,Cloudy,"Sideswipe, Same Direction",no,no,no,no,yes,False
102307874,METROPOLITAN NASHVILLE POLICE DEPT,20190128328,Davidson,Nashville,2/16/2019 5:25:00 PM,3,0,0,36.154020,-86.757500,I 40,,,,0.00,,,,,,,211.10,N,Not at Intersection,N,Non-Junction,None,,,         ,Darci,Stechman,Clear,Front to Rear,no,no,no,no,yes,False
102307881,METROPOLITAN NASHVILLE POLICE DEPT,20190128469,Davidson,Goodlettsville,2/16/2019 6:25:00 PM,2,0,0,36.301320,-86.693930,GALLATIN PKEN,,,,188.00,Feet,West,THE GALLERY AT RIVERGATE PVTDR,,,,0.00,N,Not at Intersection, ,,None,,,         ,Jacob,Krispin,,,no,no,no,no,no,False
102307882,METROPOLITAN NASHVILLE POLICE DEPT,20190128403,Davidson,Nashville,2/16/2019 1:30:00 PM,2,0,0,36.031330,-86.679450,STREAMDALE PTE,,,,319.00,Feet,West,CREEKEDGE CT,,,,0.00,N,Not at Intersection, ,Non-Junction,None,,,         ,Arend,Groeneweg,Clear,"Sideswipe, Same Direction",no,no,no,no,yes,False
102307887,METROPOLITAN NASHVILLE POLICE DEPT,20190128213,Davidson,Nashville,2/16/2019 4:45:00 PM,1,0,0,36.074290,-86.725050,NOLENSVILLE PKE,,,,154.00,Feet,West,GOINS RD,,,,0.00,N,Not at Intersection, ,Non-Junction,None,,,         ,John,Roberson,Cloudy,Not Collision with Motor Vehicle in Transport,no,no,no,yes,no,False
102307888,METROPOLITAN NASHVILLE POLICE DEPT,20190128357,Davidson,Nashville,2/16/2019 5:50:00 PM,2,0,0,36.080780,-86.726710,NOLENSVILLE PKE,,,,444.00,Feet,North,HARDING PL,,,,0.00,N,Not at Intersection, ,"Driveway, Alley Access, etc",None,,,         ,John,Roberson,Cloudy,Angle,no,no,no,no,no,False
102307899,METROPOLITAN NASHVILLE POLICE DEPT,20190128517,Davidson,Nashville,2/16/2019 6:45:00 PM,1,0,0,36.066640,-86.643990,RURAL HILL RD,,,,1438.00,Feet,West,RICE RD,,,,0.00,N,Not at Intersection,N,Non-Junction,None,,,         ,Jesse,Cox,Clear,Not Collision with Motor Vehicle in Transport,no,no,no,no,no,False
102307900,METROPOLITAN NASHVILLE POLICE DEPT,20190128434,Davidson,Nashville,2/16/2019 6:15:00 PM,2,0,0,36.110940,-86.745220,THOMPSON LN,,,,0.00,Feet,,NOLENSVILLE PKE,,,,0.00,Y,Four-Way, ,Intersection-Related,None,,,         ,David,Robberson,Clear,Front to Rear,no,no,no,no,yes,False
102307901,METROPOLITAN NASHVILLE POLICE DEPT,20190128472,Davidson,Nashville,2/16/2019 6:50:00 PM,2,0,0,36.167920,-86.777910,JAMES ROBERTSON PKWY,,,,17.00,Feet,East,PUBLIC SQ,,,,0.00,N,Not at Intersection,N,Non-Junction,None,,,         ,Brent,Morris,Clear,"Sideswipe, Same Direction",no,no,no,no,no,False
102307922,METROPOLITAN NASHVILLE POLICE DEPT,20190128433,Davidson,Nashville,2/16/2019 6:55:00 PM,2,2,0,36.205520,-86.763360,E TRINITY LN,,,,0.00,,,SULTANA AV,,,,0.00,Y,T-Intersection,Y,Intersection,None,,,         ,Chase,Harriman,Clear,Angle,no,no,no,no,yes,False
102307932,METROPOLITAN NASHVILLE POLICE DEPT,20190128311,Davidson,Nashville,2/16/2019 5:37:00 PM,3,0,0,36.199780,-86.688680,BRILEY PKWYS,,,,157.00,Feet,North,BRILEY PKWY S EXT RAMP,,,,0.00,N,Not at Intersection,N,Non-Junction,None,,,         ,Torry,Hill,Clear,Front to Rear,no,no,no,no,no,False
102307933,METROPOLITAN NASHVILLE POLICE DEPT,20190128551,Davidson,Antioch,2/16/2019 8:00:00 PM,2,1,0,36.068920,-86.592310,MOOREGATE DR,,,,798.00,Feet,North,MT VIEW RIDGE DR,,,,0.00,N,Not at Intersection,N,Non-Junction,None,,,         ,Eric,Wegener,Clear,Front to Rear,no,no,no,no,no,False
102307934,METROPOLITAN NASHVILLE POLICE DEPT,20190128253,Davidson,Nashville,2/16/2019 12:20:00 PM,1,0,0,36.211750,-86.837090,E FAIRVIEW DR,,,,94.00,Feet,West,KINGVIEW DR,,,,0.00,N,Not at Intersection,N,Non-Junction,None,,,         ,Jonathan,Sharp,Clear,Not Collision with Motor Vehicle in Transport,no,no,no,no,yes,False
102307935,METROPOLITAN NASHVILLE POLICE DEPT,20190128588,Davidson,Nashville,2/16/2019 8:06:00 PM,2,0,0,36.111030,-86.770870,I440 ENT RAMP,,,,0.00,Feet,East,I 65,,,,0.00,N,Not at Intersection, ,Non-Junction,None,,,         ,Brandon,Harbaugh,Clear,"Sideswipe, Same Direction",no,no,no,no,yes,False
102307962,METROPOLITAN NASHVILLE POLICE DEPT,20190128368,Davidson,Nashville,2/16/2019 6:18:00 PM,4,1,0,36.247450,-86.720700,GALLATIN PKES,,,,226.00,Feet,South,DUE WEST AVW,,,,0.00,N,Not at Intersection,N,Non-Junction,None,,,         ,Kevin,Crawford,Cloudy,Front to Rear,no,no,no,no,no,False
102307973,METROPOLITAN NASHVILLE POLICE DEPT,27911,Davidson,Nashville,2/16/2019 8:59:00 PM,2,4,0,36.104850,-86.669890,MURFREESBORO PKE,,,,498.00,Feet,West,OLD MURFREESBORO PKE,,,,0.00,N,Not at Intersection,Y,OtherLocation,None,,,         ,Laura,Williams,Clear,Angle,no,no,no,no,no,False
102307984,METROPOLITAN NASHVILLE POLICE DEPT,20190128666,Davidson,Nashville,2/16/2019 8:40:00 PM,2,0,0,36.161980,-86.775230,2ND AVN,,,,39.00,Feet,North,BROADWAY,,,,0.00,N,Not at Intersection, ,Non-Junction,None,,,         ,Brent,Morris,Clear,"Sideswipe, Same Direction",no,no,no,no,no,False
102307985,METROPOLITAN NASHVILLE POLICE DEPT,20190128574,Davidson,Nashville,2/16/2019 8:14:00 PM,2,1,0,36.200580,-86.824520,BUENA VISTA PKE,,,,551.00,Feet,East,EAST LN,,,,0.00,N,Not at Intersection,N,Non-Junction,None,,,         ,Janelle,Keslar,Clear,HeadOn,no,no,no,no,yes,False
102307991,METROPOLITAN NASHVILLE POLICE DEPT,20190128736,Davidson,Nashville,2/16/2019 9:27:00 PM,2,0,0,36.159380,-86.780990,7TH AVS,,,,0.00,,,BROADWAY,,,,0.00,Y,Four-Way, ,Intersection,None,,,         ,Joseph,Bingham,Clear,Angle,no,no,no,no,no,False
102307992,METROPOLITAN NASHVILLE POLICE DEPT,20190128353,Davidson,Nashville,2/16/2019 5:25:00 PM,2,0,0,36.252640,-86.717190,GALLATIN PKES,,,,238.00,Feet,South,EMMITT AV,,,,0.00,N,Not at Intersection,N,Non-Junction,None,,,         ,Derek,Sibley,Clear,Angle,no,no,no,no,no,False
102308061,METROPOLITAN NASHVILLE POLICE DEPT,20190128848,Davidson,Nashville,2/16/2019 9:55:00 PM,2,0,0,36.207150,-86.791290,W TRINITY LN,,,,106.00,Feet,East,WHITES CREEK PKE,,,,0.00,N,Not at Intersection, ,Non-Junction,None,,,         ,Joseph,Gawlowski,Cloudy,Angle,no,no,no,no,no,False
102308085,METROPOLITAN NASHVILLE POLICE DEPT,20190128948,Davidson,Nashville,2/16/2019 11:21:00 PM,2,0,0,36.077840,-86.758790,BRIARWOOD DR,,,,0.00,,,TROUSDALE DR,,,,0.00,Y,T-Intersection,N,Intersection-Related,None,,,         ,Bryce,Hatten,Clear,"Sideswipe, Same Direction",no,no,no,no,no,False
102308095,Nashville Airport Police,2019-00667,Davidson,Nashville,2/16/2019 3:54:00 AM,2,0,0,36.135960,-86.663620,DONELSON PKE,,,,0.00,,,DONELSON PKES,,,,0.00,Y,Y-Intersection,Y,Entrance/Exit Ramp Related,None,,,         ,Patrick,Nicholson,Clear,Front to Rear,no,no,no,no,no,False
102308101,METROPOLITAN NASHVILLE POLICE DEPT,20190129005,Davidson,Nashville,2/16/2019 11:28:00 PM,2,2,0,36.096800,-86.763030,I 65,,,,0.00,,,,,,,78.80,N,Not at Intersection,N,Non-Junction,None,,,         ,Randall,Atkinson,Clear,Front to Rear,no,no,no,no,yes,False
102308107,METROPOLITAN NASHVILLE POLICE DEPT,20190128792,Davidson,Nashville,2/16/2019 9:49:00 PM,2,0,0,36.161300,-86.784520,9TH AVN,,,,0.00,,,CHURCH ST,,,,0.00,Y,Four-Way,N,Intersection,None,,,         ,Daniel,Caruth,Clear,Front to Rear,no,no,no,no,no,False
102308108,METROPOLITAN NASHVILLE POLICE DEPT,20190129116,Davidson,Nashville,2/17/2019 1:18:00 AM,2,0,0,36.193490,-86.775550,I 24,,,,0.00,,,,,,,46.65,N,Not at Intersection,N,Non-Junction,None,,,         ,Lindsey,Anderson,Clear,"Sideswipe, Same Direction",no,no,no,no,yes,False
102308126,METROPOLITAN NASHVILLE POLICE DEPT,20190129082,Davidson,Nashville,2/17/2019 1:01:00 AM,2,0,0,36.142560,-86.767680,BROWN ST,,,,138.00,Feet,South,HOUSTON ST,,,,0.00,N,Not at Intersection, ,Non-Junction,None,,,         ,Stephen,Johnston,Clear,"Sideswipe, Same Direction",no,no,no,no,no,False