master_record_number,agency,agency_tracking_number,county,city,collision_date,vehicles_involved,number_injured,number_dead,latitude,longitude,roadway_name,roadway_suffix,roadway_number,roadway_local_id,distance_from_reference,miles-feet_indicator,direction_from_reference,intersection_road_name,intersection_road_name_suffix,intersection_road_number,intersection_local_id,mile_marker,intersection_indicator,intersect_type,interchange_related_indicator,relation_to_junction,work_zone_type,construction_maintenance_zone,construction_maintenance_zone_location,fatal_case_number,officer_first_name,officer_last_name,weather_condition(s),manner_of_crash,pedestrian,bicycle,scooter,parking,hitrun,mou
102310335,METROPOLITAN NASHVILLE POLICE DEPT,20190136614,Davidson,Nashville,2/19/2019 6:07:00 PM,2,0,0,36.110820,-86.743410,THOMPSON LN,,,,134.00,Feet,West,NOLENSVILLE PKE,,,,0.00,N,Not at Intersection, ,Non-Junction,None,,,         ,Devonte,Coleman,Rain,Front to Rear,no,no,no,no,no,False
102310336,METROPOLITAN NASHVILLE POLICE DEPT,20190136423,Davidson,Nashville,2/19/2019 5:41:00 PM,3,1,0,36.075240,-86.768160,I 65,,,,0.00,,,,,,,77.30,N,Not at Intersection,N,Non-Junction,None,,,         ,FELIKS,ABRAHAMYAN,Rain,Front to Rear,no,no,no,no,no,False
102310338,METROPOLITAN NASHVILLE POLICE DEPT,20190136821,Davidson,Nashville,2/19/2019 12:00:00 AM,1,0,0,36.171320,-86.790260,LOCKLAYER ST,,,,36.00,Feet,South,ROSA L PARKS BLVD,,,,0.00,N,Not at Intersection,N,Non-Junction,None,,,         ,Trevor,Taylor,Rain,Not Collision with Motor Vehicle in Transport,no,no,no,no,no,False
102310341,METROPOLITAN NASHVILLE POLICE DEPT,20190130588,Davidson,Nashville,2/17/2019 7:14:00 PM,1,0,0,36.170650,-86.599690,EXIT 221,,,,0.00,Feet,East,I 40,,,,0.00,N,Not at Intersection, ,,None,,,         ,Tony,Mingsing,,,no,no,no,no,no,False
102310342,METROPOLITAN NASHVILLE POLICE DEPT,20190136290,Davidson,Nashville,2/19/2019 4:30:00 PM,2,0,0,36.170750,-86.764090,S 5TH ST,,,,36.00,Feet,South,RUSSELL ST,,,,0.00,N,Not at Intersection,N,Non-Junction,None,,,         ,Gordon,Stovall,Rain,Angle,no,no,no,no,yes,False
102310344,METROPOLITAN NASHVILLE POLICE DEPT,20190136126,Davidson,Nashville,2/19/2019 3:30:00 PM,2,0,0,36.141660,-86.740920,MURFREESBORO PKE,,,,115.00,Feet,West,FOSTER AV,,,,0.00,N,Not at Intersection, ,Non-Junction,None,,,         ,Ciarra,Rench,Rain,Angle,no,no,no,no,no,False
102310347,METROPOLITAN NASHVILLE POLICE DEPT,20190136393,Davidson,Nashville,2/19/2019 5:10:00 PM,2,0,0,36.255900,-86.738360,I 65,,,,0.00,,,,,,,91.65,N,Not at Intersection,N,Non-Junction,None,,,         ,Peter,Vaught,Rain,"Sideswipe, Same Direction",no,no,no,no,yes,False
102310348,METROPOLITAN NASHVILLE POLICE DEPT,20190136371,Davidson,Nashville,2/19/2019 5:18:00 PM,2,0,0,36.052610,-86.673110,BLUE HOLE RD,,,,0.00,,,TUSCULUM RD,,,,0.00,Y,T-Intersection, ,Intersection,None,,,         ,Devonte,Coleman,Rain,Front to Rear,no,no,no,no,no,False
102310349,METROPOLITAN NASHVILLE POLICE DEPT,20190136428,Davidson,Nashville,2/19/2019 5:44:00 PM,2,0,0,36.157600,-86.778420,6TH AVS,,,,75.00,Feet,South,DEMONBREUN ST,,,,0.00,N,Not at Intersection, ,Non-Junction,None,,,         ,Joshua,Reece,Rain,Angle,no,no,no,no,no,False
102310353,METROPOLITAN NASHVILLE POLICE DEPT,20190136323,Davidson,Nashville,2/19/2019 4:30:00 PM,2,0,0,36.104370,-86.808640,RICHARD JONES RD,,,,0.00,Feet,West,LONE OAK RD,,,,0.00,N,Not at Intersection,N,Non-Junction,None,,,         ,Conor,Cronin,Rain,Front to Rear,no,no,no,no,yes,False
102310361,METROPOLITAN NASHVILLE POLICE DEPT,20190136274,Davidson,Nashville,2/19/2019 2:40:00 PM,2,0,0,36.045070,-86.713220,NOLENSVILLE PKE,,,,107.00,Feet,South,OLD HICKORY BLVD,,,,0.00,N,Not at Intersection,N,Non-Junction,None,,,         ,YUNUS,ADAK,Rain,Angle,no,no,no,no,yes,False
102310363,METROPOLITAN NASHVILLE POLICE DEPT,20190136034,Davidson,Nashville,2/19/2019 3:00:00 PM,2,0,0,36.135470,-86.760200,WINGROVE ST,,,,69.00,Feet,West,NOLENSVILLE PKE,,,,0.00,N,Not at Intersection, ,,None,,,         ,Akira,McSwain,,,no,no,no,no,no,False
102310368,METROPOLITAN NASHVILLE POLICE DEPT,20190136178,Davidson,Nashville,2/19/2019 3:20:00 PM,2,0,0,36.077470,-86.773100,FRANKLIN PKE,,,,0.00,,,TYNE BLVD,,,,0.00,Y,T-Intersection, ,Intersection,None,,,         ,Jarrett,Ipox,Rain,Front to Rear,no,no,no,no,no,False
102310370,METROPOLITAN NASHVILLE POLICE DEPT,20190136286,Davidson,Nashville,2/19/2019 4:38:00 PM,2,1,0,36.156430,-86.787380,12TH AVS,,,,64.00,Feet,South,BROADWAY,,,,0.00,N,Not at Intersection,N,Non-Junction,None,,,         ,Brandon,O'Guin,Rain,Front to Rear,no,no,no,no,no,False
102310371,METROPOLITAN NASHVILLE POLICE DEPT,20190136209,Davidson,Nashville,2/19/2019 3:49:00 PM,2,0,0,36.123470,-86.748930,I 440,,,,0.00,,,,,,,6.40,N,Not at Intersection, ,Non-Junction,None,,,         ,Johnathon,Birdwell,Rain,Front to Rear,no,no,no,no,no,False
102310376,METROPOLITAN NASHVILLE POLICE DEPT,20190136123,Davidson,Nashville,2/19/2019 12:00:00 AM,2,0,0,36.070100,-86.699460,HAYWOOD LN,,,,198.00,Feet,West,EAST RIDGE DR,,,,0.00,N,Not at Intersection,N,Non-Junction,None,,,         ,Madison,Meiss,Rain,Angle,no,no,no,no,no,False
102310379,METROPOLITAN NASHVILLE POLICE DEPT,20190135968,Davidson,Nashville,2/19/2019 2:29:00 PM,2,0,0,36.127080,-86.815170,I 440,,,,0.00,,,,,,,2.20,N,Not at Intersection,N,Non-Junction,Construction Zone,Work On Shoulder Or Median,Before First Warning Area,         ,Broderick,Jones,Rain,Front to Rear,no,no,no,no,no,False
102310380,METROPOLITAN NASHVILLE POLICE DEPT,20190136142,Davidson,Nashville,2/19/2019 3:40:00 PM,2,1,0,36.084950,-86.699510,I 24,,,,0.00,,,,,,,55.80,N,Not at Intersection,N,Non-Junction,None,,,         ,Devonte,Coleman,Rain,"Sideswipe, Same Direction",no,no,no,no,no,False
102310394,METROPOLITAN NASHVILLE POLICE DEPT,2019-0135936,Davidson,Nashville,2/19/2019 2:08:00 PM,2,0,0,36.154270,-86.792890,16TH AVS,,,,0.00,,,BROADWAY,,,,0.00,Y,Four-Way, ,Intersection,None,,,         ,William,Caillouette,Cloudy,"Sideswipe, Same Direction",no,no,no,no,no,False
102310397,METROPOLITAN NASHVILLE POLICE DEPT,20190135937,Davidson,Nashville,2/19/2019 2:00:00 PM,2,0,0,36.069550,-86.693500,HAYWOOD LN,,,,122.00,Feet,East,EZELL RD,,,,0.00,N,Not at Intersection,N,Non-Junction,None,,,         ,Jessie,Meadows,Clear,Front to Rear,no,no,no,no,no,False
102310404,METROPOLITAN NASHVILLE POLICE DEPT,20190135735,Davidson,Nashville,2/19/2019 1:02:00 PM,2,0,0,36.178620,-86.750910,GALLATIN AV,,,,0.00,,,FORREST AV,,,,0.00,Y,T-Intersection,N,Intersection,None,,,         ,Russell,Freeman,Cloudy,Angle,no,no,no,no,no,False
102310405,METROPOLITAN NASHVILLE POLICE DEPT,20190135842,Davidson,Nashville,2/19/2019 1:30:00 PM,2,2,0,36.126340,-86.845710,HARDING PKE,,,,88.00,Feet,West,RIDGEFIELD WAY,,,,0.00,N,Not at Intersection,N,Non-Junction,None,,,         ,Curtis,Rich,Cloudy,Angle,no,no,no,no,no,False
102310406,METROPOLITAN NASHVILLE POLICE DEPT,20190135629,Davidson,Nashville,2/19/2019 12:00:00 AM,2,0,0,36.142710,-86.744100,MURFREESBORO PKE,,,,83.00,Feet,East,FESSLERS LN,,,,0.00,N,Not at Intersection,N,OtherLocation,None,,,         ,Tien,Nguyen,Cloudy,"Sideswipe, Same Direction",no,no,no,yes,yes,False
102310408,METROPOLITAN NASHVILLE POLICE DEPT,20190135683,Davidson,Nashville,2/19/2019 12:40:00 PM,2,0,0,36.104120,-86.715580,I 24,,,,0.00,,,,,,,54.20,N,Not at Intersection,N,Non-Junction,None,,,         ,Jessie,Meadows,Clear,"Sideswipe, Same Direction",no,no,no,no,yes,False
102310420,METROPOLITAN NASHVILLE POLICE DEPT,20190135189,Davidson,Nashville,2/19/2019 9:45:00 AM,2,0,0,36.180000,-86.749960,GALLATIN AV,,,,54.00,Feet,South,N 11TH ST,,,,0.00,N,Not at Intersection, ,Non-Junction,None,,,         ,Russell,Freeman,Cloudy,Front to Rear,no,no,no,no,no,False
102310426,METROPOLITAN NASHVILLE POLICE DEPT,20190134769,Davidson,Nashville,2/19/2019 7:15:00 AM,2,0,0,36.167010,-86.763730,SHELBY AV,,,,0.00,,,S 4TH ST,,,,0.00,Y,Four-Way,N,Intersection,None,,,         ,Russell,Freeman,Clear,"Sideswipe, Same Direction",no,no,no,no,no,False
102310427,METROPOLITAN NASHVILLE POLICE DEPT,20190134853,Davidson,Nashville,2/19/2019 7:45:00 AM,2,0,0,36.218960,-86.748880,ELLINGTON PKWY S EXT RAMP,,,,0.00,,,HART LN,,,,0.00,Y,Y-Intersection, ,,None,,,         ,Russell,Freeman,,,no,no,no,no,no,False
102310429,METROPOLITAN NASHVILLE POLICE DEPT,20190135137,Davidson,Goodlettsville,2/19/2019 9:26:00 AM,2,1,0,36.286790,-86.705440,W MONTICELLO AV,,,,0.00,,,GALLATIN PKEN,,,,0.00,Y,Four-Way,N,Intersection-Related,None,,,         ,Samuel,Kersten,Cloudy,Front to Rear,no,no,no,no,no,False
102310430,METROPOLITAN NASHVILLE POLICE DEPT,20190135261,Davidson,Nashville,2/19/2019 10:19:00 AM,1,1,0,36.078410,-86.744670,HARDING PL,,,,180.00,Feet,East,DANBY DR,,,,0.00,N,Not at Intersection,N,Non-Junction,None,,,         ,Jon,Mcvey,Cloudy,Not Collision with Motor Vehicle in Transport,no,no,no,no,no,False
102310439,METROPOLITAN NASHVILLE POLICE DEPT,20190134790,Davidson,Antioch,2/19/2019 7:12:00 AM,2,0,0,36.047840,-86.612050,MURFREESBORO PKE,,,,1284.00,Feet,North,MOUNTAIN SPRINGS RD,,,,0.00,N,Not at Intersection, ,Non-Junction,None,,,         ,Jessie,Meadows,Clear,"Sideswipe, Same Direction",no,no,no,no,no,False
102310441,METROPOLITAN NASHVILLE POLICE DEPT,20190135058,Davidson,Nashville,2/19/2019 8:52:00 AM,2,0,0,36.134310,-86.726910,I24E,,,,69.00,Feet,East,I24 E ENT RAMP,,,,0.00,N,Not at Intersection, ,Non-Junction,None,,,         ,Jessie,Meadows,Clear,Front to Rear,no,no,no,no,no,False
102310443,METROPOLITAN NASHVILLE POLICE DEPT,20190132992,Davidson,Goodlettsville,2/18/2019 4:30:00 PM,2,0,0,36.305910,-86.693820,CONFERENCE DR,,,,0.00,,,RIVERGATE MALL PVTDR,,,,0.00,Y,T-Intersection, ,Intersection,None,,,         ,Joel,Callies,Cloudy,Front to Rear,no,no,no,no,no,False
102310444,METROPOLITAN NASHVILLE POLICE DEPT,20190133231,Davidson,Goodlettsville,2/18/2019 6:06:00 PM,2,0,0,36.288160,-86.704800,GALLATIN PKEN,,,,533.00,Feet,North,EDENWOLD RD,,,,0.00,N,Not at Intersection,N,Non-Junction,None,,,         ,Joel,Callies,Cloudy,Front to Rear,no,no,no,no,yes,False
102310448,METROPOLITAN NASHVILLE POLICE DEPT,20190125094,Davidson,Nashville,2/15/2019 9:17:00 AM,3,1,0,36.049680,-86.713860,NOLENSVILLE PKE,,,,47.00,Feet,North,ASH GROVE DR,,,,0.00,N,Not at Intersection,N,Non-Junction,None,,,         ,Jessie,Meadows,Clear,Front to Rear,no,no,no,no,no,False
102310450,METROPOLITAN NASHVILLE POLICE DEPT,20190126716,Davidson,Nashville,2/15/2019 11:00:00 PM,1,0,0,36.243610,-86.722400,GALLATIN PKES,,,,299.00,Feet,South,LAKEWOOD DR,,,,0.00,,Not at Intersection,N,Non-Junction,None,,,         ,Bryant,Presley,Rain,Not Collision with Motor Vehicle in Transport,no,no,no,no,no,False
102310452,Nashville Airport Police,2018-00650,Davidson,Nashville,2/14/2019 5:44:00 PM,3,0,0,36.111140,-86.672670,KNAPP BLVD,,,,0.00,,,TN AIR NATIONAL GUARD PVTDR,,,,0.00,Y,Four-Way, ,Intersection-Related,None,,,         ,Lucas,Delheimer,Clear,Front to Rear,no,no,no,no,no,False
102310458,METROPOLITAN NASHVILLE POLICE DEPT,20190130323,Davidson,Nashville,2/17/2019 3:57:00 PM,2,0,0,36.185940,-86.797170,I65 S EXT RAMP,,,,0.00,Feet,East,I 65,,,,0.00,N,Not at Intersection,Y,Entrance/Exit Ramp Related,None,,,         ,Gene,McCollum,Rain,"Sideswipe, Same Direction",no,no,no,no,yes,False
102310459,METROPOLITAN NASHVILLE POLICE DEPT,20190130316,Davidson,Nashville,2/17/2019 3:58:00 PM,1,0,0,36.056940,-86.648590,RURAL HILL RD,,,,267.00,Feet,East,TOOK DR,,,,0.00,N,Not at Intersection,N,Non-Junction,None,,,         ,Jarret,Sonnenberg,Rain,Not Collision with Motor Vehicle in Transport,no,no,no,no,yes,False
102310460,METROPOLITAN NASHVILLE POLICE DEPT,20190130425,Davidson,Nashville,2/17/2019 5:02:00 PM,2,1,0,36.154340,-86.798960,19TH AVN,,,,0.00,,,CHURCH ST,,,,0.00,Y,Four-Way,Y,Intersection,None,,,         ,Gary,Peters,Rain,Angle,no,no,no,no,no,False
102310462,METROPOLITAN NASHVILLE POLICE DEPT,20190130594,Davidson,Nashville,2/17/2019 7:29:00 PM,2,1,0,36.087550,-86.713240,PARAGON MILLS RD,,,,164.00,Feet,West,DAWN DR,,,,0.00,N,Not at Intersection,N,Non-Junction,None,,,         ,Jarret,Sonnenberg,Rain,Front to Rear,no,no,no,no,no,False
102310464,METROPOLITAN NASHVILLE POLICE DEPT,20190131668,Davidson,Nashville,2/18/2019 6:19:00 AM,2,0,0,36.103840,-86.715160,I 24,,,,0.00,,,,,,,54.25,N,Not at Intersection,N,Non-Junction,None,,,         ,Jessie,Meadows,Clear,Front to Rear,no,no,no,no,no,False
102310465,METROPOLITAN NASHVILLE POLICE DEPT,20190132113,Davidson,Nashville,2/18/2019 10:20:00 AM,2,0,0,36.114260,-86.706900,BRILEY PKWYS,,,,451.00,Feet,East,BRILEY PKWYN,,,,0.00,N,Not at Intersection, ,,None,,,         ,Jessie,Meadows,,,no,no,no,no,no,False
102310468,METROPOLITAN NASHVILLE POLICE DEPT,20190132643,Davidson,Nashville,2/18/2019 1:51:00 PM,2,0,0,36.134190,-86.776380,I65 S ENT RAMP,,,,0.00,Feet,East,I65 S EXT RAMP,,,,0.00,N,Not at Intersection,N,Entrance/Exit Ramp Related,None,,,         ,Alberta,Auguste,Clear,Angle,no,no,no,no,no,False
102310469,METROPOLITAN NASHVILLE POLICE DEPT,20190132864,Davidson,Nashville,2/18/2019 3:29:00 PM,2,0,0,36.120530,-86.750020,MELROSE AV,,,,0.00,,,I440 E ENT RAMP,,,,0.00,Y,T-Intersection, ,Non-Junction,None,,,         ,Je-Marc,Sears,Clear,Angle,no,no,no,no,yes,False
102310470,METROPOLITAN NASHVILLE POLICE DEPT,20190132347,Davidson,Nashville,2/18/2019 11:44:00 AM,2,0,0,36.047850,-86.655430,BELL RD,,,,184.00,Feet,East,HICKORY HOLLOW PKWY,,,,0.00,N,Not at Intersection, ,Non-Junction,None,,,         ,Jessie,Meadows,Clear,Front to Rear,no,no,no,no,no,False
102310471,METROPOLITAN NASHVILLE POLICE DEPT,20190132394,Davidson,Nashville,2/18/2019 12:10:00 PM,1,0,0,36.109750,-86.709010,CURREY RD,,,,448.00,Feet,North,FINLEY DR,,,,0.00,N,Not at Intersection,N,Non-Junction,None,,,         ,Jessie,Meadows,Clear,Not Collision with Motor Vehicle in Transport,no,no,no,no,no,False
102310472,METROPOLITAN NASHVILLE POLICE DEPT,20190133033,Davidson,Nashville,2/18/2019 4:51:00 PM,2,2,0,36.099360,-86.710870,I 24,,,,0.00,,,,,,,54.60,N,Not at Intersection,Y,Non-Junction,None,,,         ,Je-Marc,Sears,Clear,Front to Rear,no,no,no,no,no,False
102310473,METROPOLITAN NASHVILLE POLICE DEPT,20190133147,Davidson,Antioch,2/18/2019 3:47:00 PM,2,0,0,35.982640,-86.617100,VINEYARD GARDEN LN,,,,30.00,Feet,West,CROWS NEST ALY,,,,0.00,N,Not at Intersection,N,Non-Junction,None,,,         ,Andrew,Brazee,Clear,"Sideswipe, Same Direction",no,no,no,no,yes,False
102310476,METROPOLITAN NASHVILLE POLICE DEPT,20190136629,Davidson,Nashville,2/19/2019 6:11:00 PM,2,0,0,36.060300,-86.640350,BELL RD,,,,147.00,Feet,South,HICKORY HIGHLANDS DR,,,,0.00,N,Not at Intersection, ,Non-Junction,None,,,         ,Devonte,Coleman,Rain,Front to Rear,no,no,no,no,no,False
102310477,METROPOLITAN NASHVILLE POLICE DEPT,20190136825,Davidson,Nashville,2/19/2019 9:13:00 PM,2,0,0,36.155590,-86.771070,2ND AVS,,,,0.00,,,LEA AV,,,,0.00,Y,Four-Way,N,Intersection,None,,,         ,Phillip,Burke,Rain,Angle,no,no,no,no,no,False
102310492,METROPOLITAN NASHVILLE POLICE DEPT,20190136956,Davidson,Nashville,2/19/2019 10:18:00 PM,1,0,0,36.128080,-86.907430,CHARLOTTE PKE,,,,238.00,Feet,West,RIVER RD,,,,0.00,N,Not at Intersection,N,Non-Junction,None,,,         ,Aaron,Wigginton,Rain,Not Collision with Motor Vehicle in Transport,no,no,no,yes,yes,False
102310494,METROPOLITAN NASHVILLE POLICE DEPT,20190136982,Davidson,Nashville,2/19/2019 11:25:00 PM,1,0,0,36.108900,-86.720200,I24 W EXT RAMP,,,,0.00,Feet,East,I 24,,,,0.00,N,Not at Intersection, ,Non-Junction,None,,,         ,Dalton,Crum,Rain,Not Collision with Motor Vehicle in Transport,no,no,no,no,no,False
102310498,METROPOLITAN NASHVILLE POLICE DEPT,20190136909,Davidson,Nashville,2/19/2019 10:05:00 PM,2,0,0,36.187330,-86.795120,I 65,,,,0.00,,,,,,,85.60,N,Not at Intersection,N,Non-Junction,None,,,         ,Jonathan,Sharp,Rain,Front to Rear,no,no,no,no,no,False
102310503,METROPOLITAN NASHVILLE POLICE DEPT,20190137005,Davidson,Not in City Limit,2/19/2019 11:10:00 PM,2,1,0,36.270170,-86.736450,I 65,,,,0.00,,,,,,,92.65,N,Not at Intersection,N,Non-Junction,None,,,         ,Patrick,McGinnis,Rain,Front to Rear,no,no,no,no,yes,False
102310512,METROPOLITAN NASHVILLE POLICE DEPT,20190136940,Davidson,Nashville,2/19/2019 10:35:00 PM,2,0,0,36.164110,-86.763000,I 24,,,,0.00,,,,,,,49.15,N,Not at Intersection,N,Non-Junction,None,,,         ,Eric,Hall,Rain,Not Collision with Motor Vehicle in Transport,no,no,no,no,no,False
102310523,METROPOLITAN NASHVILLE POLICE DEPT,20190137509,Davidson,Nashville,2/20/2019 2:20:00 AM,1,0,0,36.160910,-86.819060,28TH AVN,,,,116.00,Feet,South,BATAVIA ST,,,,0.00,N,Not at Intersection, ,,None,,,         ,Myriah,Iles,,,no,no,no,no,no,False
102310525,METROPOLITAN NASHVILLE POLICE DEPT,20190136984,Davidson,Nashville,2/19/2019 9:50:00 PM,2,1,0,36.011110,-86.631780,CATSPAW DR,,,,0.80,Miles,West,OLD HICKORY BLVD,,,,0.00,N,Not at Intersection, ,Non-Junction,None,,,         ,David,Moser,Rain,Front to Rear,no,no,no,no,no,False
102310536,METROPOLITAN NASHVILLE POLICE DEPT,20190137584,Davidson,Nashville,2/20/2019 2:17:00 AM,2,0,0,36.155200,-86.797190,CHURCH ST,,,,115.00,Feet,East,18TH AVN,,,,0.00,N,Not at Intersection,N,Non-Junction,None,,,         ,Brian,Warstadt,Clear,Rear to Rear,no,no,no,yes,yes,False
102310555,METROPOLITAN NASHVILLE POLICE DEPT,20190136981,Davidson,Nashville,2/19/2019 11:00:00 PM,2,1,0,36.215380,-86.597670,ANDREW JACKSON PKWY,,,,92.00,Feet,North,LEBANON PKE,,,,0.00,N,Not at Intersection,N,Non-Junction,None,,,         ,Emily,Mulready,Rain,Front to Rear,no,no,no,no,yes,False
102310576,METROPOLITAN NASHVILLE POLICE DEPT,20190137579,Davidson,Nashville,2/20/2019 2:52:00 AM,3,1,0,36.056420,-86.676180,I 24,,,,0.00,,,,,,,58.15,N,Not at Intersection,N,Non-Junction,Construction Zone,Other,Advanced Warning Area,         ,David,Moser,Rain,Angle,no,no,no,no,no,False
102310579,METROPOLITAN NASHVILLE POLICE DEPT,20190137775,Davidson,Nashville,2/20/2019 2:50:00 AM,2,0,0,36.014670,-86.619780,I24 W EXT RAMP,,,,0.00,Feet,East,I 24,,,,0.00,N,Not at Intersection,N,Non-Junction,None,,,         ,Leonard,Cato,Rain,"Sideswipe, Same Direction",no,no,no,yes,yes,False
102310589,METROPOLITAN NASHVILLE POLICE DEPT,20190137826,Davidson,Nashville,2/20/2019 5:32:00 AM,2,1,0,36.071870,-86.636180,MURFREESBORO PKE,,,,0.00,,,BELL RD,,,,0.00,Y,Four-Way,N,Intersection,None,,,         ,Jacob,West,Rain,Angle,no,no,no,no,no,False
102310600,METROPOLITAN NASHVILLE POLICE DEPT,20190137846,Davidson,Nashville,2/20/2019 5:41:00 AM,2,1,0,36.121470,-86.763860,I 440,,,,0.00,,,,,,,5.55,N,Not at Intersection,N,Non-Junction,None,,,         ,Stephen,Johnston,Rain,"Sideswipe, Same Direction",no,no,no,no,no,False
102310601,METROPOLITAN NASHVILLE POLICE DEPT,20190137871,Davidson,Nashville,2/20/2019 6:04:00 AM,2,0,0,36.209780,-86.776060,I 65,,,,0.00,,,,,,,87.60,N,Not at Intersection, ,Entrance/Exit Ramp Related,None,,,         ,Joseph,Gawlowski,Rain,"Sideswipe, Same Direction",no,no,no,no,no,False
102310609,METROPOLITAN NASHVILLE POLICE DEPT,20190137834,Davidson,Nashville,2/20/2019 5:30:00 AM,2,1,0,36.211850,-86.893390,ASHLAND CITY HWY,,,,624.00,Feet,East,WWCR AV,,,,0.00,N,Not at Intersection,N,Non-Junction,None,,,         ,Charles,Duke,Rain,HeadOn,no,no,no,no,no,False
102310612,METROPOLITAN NASHVILLE POLICE DEPT,20190137899,Davidson,Nashville,2/20/2019 12:00:00 AM,1,0,0,36.224020,-86.774540,I 65,,,,0.00,,,,,,,88.55,N,Not at Intersection,N,Non-Junction,None,,,         ,Abigail,Malone,Rain,Not Collision with Motor Vehicle in Transport,no,no,no,no,no,False
102310617,METROPOLITAN NASHVILLE POLICE DEPT,20190137944,Davidson,Nashville,2/20/2019 6:52:00 AM,2,0,0,36.140950,-86.720940,I40 W EXT RAMP,,,,0.00,Feet,East,I 40,,,,0.00,N,Not at Intersection, ,Non-Junction,None,,,         ,Tien,Nguyen,Rain,Front to Rear,no,no,no,no,no,False
102310618,METROPOLITAN NASHVILLE POLICE DEPT,20190137919,Davidson,Nashville,2/20/2019 5:47:00 AM,2,0,0,36.141660,-86.673570,I40 W ENT RAMP,,,,0.00,Feet,East,I 40,,,,0.00,N,Not at Intersection,N,Non-Junction,None,,,         ,Michael,Dance,Rain,Angle,no,no,no,no,no,False
102310619,METROPOLITAN NASHVILLE POLICE DEPT,20190137616,Davidson,Nashville,2/20/2019 3:05:00 AM,1,0,0,36.205220,-86.769230,DICKERSON PKE,,,,0.00,,,,,,,0.00,,Not at Intersection,N,Non-Junction,None,,,         ,Lindsey,Anderson,Rain,Not Collision with Motor Vehicle in Transport,no,no,no,yes,yes,False
102310622,BERRY HILL POLICE DEPT,19-0619,Davidson,Berry Hill,2/19/2019 1:48:00 PM,1,0,0,36.125700,-86.767400,CRAIGHEAD ST,,,,452.00,Feet,West,BRANSFORD AV,,,,0.00,N,Not at Intersection, ,"Driveway, Alley Access, etc",None,,,         ,Ronnie,Hill,Cloudy,Not Collision with Motor Vehicle in Transport,no,no,no,yes,no,False
102310634,METROPOLITAN NASHVILLE POLICE DEPT,20190138026,Davidson,Not in City Limit,2/20/2019 7:33:00 AM,2,0,0,36.114520,-86.926420,CHARLOTTE PKE,,,,203.00,Feet,West,SAWYER BROWN RD,,,,0.00,N,Not at Intersection, ,Non-Junction,None,,,         ,Curtis,Rich,Rain,Front to Rear,no,no,no,no,no,False
102310641,METROPOLITAN NASHVILLE POLICE DEPT,20190137963,Davidson,Nashville,2/20/2019 7:05:00 AM,2,1,0,36.096150,-86.737670,NOLENSVILLE PKE,,,,0.00,,,ALLIED DR,,,,0.00,Y,T-Intersection,Y,Intersection,None,,,         ,Joseph,Simon,Rain,Front to Rear,no,no,no,no,no,False
102310647,METROPOLITAN NASHVILLE POLICE DEPT,20190138057,Davidson,Not in City Limit,2/20/2019 7:45:00 AM,2,0,0,36.271260,-86.689660,MYATT DR,,,,314.00,Feet,South,ANDERSON LN,,,,0.00,N,Not at Intersection, ,Non-Junction,None,,,         ,Michelle,Steidl,Rain,Front to Rear,no,no,no,no,no,False
102310648,METROPOLITAN NASHVILLE POLICE DEPT,20190137941,Davidson,Nashville,2/20/2019 6:45:00 AM,2,0,0,36.200000,-86.751660,ELLINGTON PKWY,,,,66.00,Feet,North,CHICKASAW AV,,,,0.00,N,Not at Intersection,N,Non-Junction,None,,,         ,Steven,Spillers,Rain,Front to Rear,no,no,no,no,no,False
102310659,METROPOLITAN NASHVILLE POLICE DEPT,20190138009,Davidson,Nashville,2/20/2019 7:25:00 AM,2,0,0,36.150370,-86.770600,I40 E EXT RAMP,,,,84.00,Feet,West,4TH AVS,,,,0.00,N,Not at Intersection, ,Non-Junction,None,,,         ,Nathan,Kemp,Rain,Front to Rear,no,no,no,no,no,False
102310660,METROPOLITAN NASHVILLE POLICE DEPT,20190138109,Davidson,Nashville,2/20/2019 8:10:00 AM,1,3,0,36.139460,-86.778420,8TH AVS,,,,90.00,Feet,North,HAMILTON AV,,,,0.00,N,Not at Intersection,N,Non-Junction,None,,,         ,Nathan,Kemp,Rain,Not Collision with Motor Vehicle in Transport,no,no,no,no,no,False
102310661,METROPOLITAN NASHVILLE POLICE DEPT,20190138181,Davidson,Nashville,2/20/2019 8:41:00 AM,2,0,0,36.133920,-86.819320,I 440,,,,0.00,,,,,,,1.70,N,Not at Intersection,N,Non-Junction,None,,,         ,Nathan,Kemp,Rain,"Sideswipe, Same Direction",no,no,no,no,yes,False
102310663,METROPOLITAN NASHVILLE POLICE DEPT,20190138194,Davidson,Nashville,2/20/2019 8:33:00 AM,2,0,0,36.108930,-86.922460,OLD HICKORY BLVD,,,,327.00,Feet,South,SONYA DR,,,,0.00,N,Not at Intersection, ,Non-Junction,None,,,         ,Curtis,Rich,Rain,Angle,no,no,no,no,no,False
102310673,METROPOLITAN NASHVILLE POLICE DEPT,20190138139,Davidson,Nashville,2/20/2019 7:39:00 AM,3,0,0,36.127570,-86.843880,WOODLAWN DR,,,,0.00,,,HARDING PKE,,,,0.00,Y,Four-Way, ,Intersection-Related,None,,,         ,Shawn,Taylor,Rain,Front to Rear,no,no,no,no,no,False