master_record_number,agency,agency_tracking_number,county,city,collision_date,vehicles_involved,number_injured,number_dead,latitude,longitude,roadway_name,roadway_suffix,roadway_number,roadway_local_id,distance_from_reference,miles-feet_indicator,direction_from_reference,intersection_road_name,intersection_road_name_suffix,intersection_road_number,intersection_local_id,mile_marker,intersection_indicator,intersect_type,interchange_related_indicator,relation_to_junction,work_zone_type,construction_maintenance_zone,construction_maintenance_zone_location,fatal_case_number,officer_first_name,officer_last_name,weather_condition(s),manner_of_crash,pedestrian,bicycle,scooter,parking,hitrun,mou
102311035,METROPOLITAN NASHVILLE POLICE DEPT,20190139434,Davidson,Nashville,2/20/2019 5:59:00 PM,3,0,0,36.125050,-86.733850,I 440,,,,0.00,,,,,,,7.20,N,Not at Intersection,N,Non-Junction,None,,,         ,Je-Marc,Sears,Rain,Front to Rear,no,no,no,no,no,False
102311042,METROPOLITAN NASHVILLE POLICE DEPT,20190139427,Davidson,Nashville,2/20/2019 6:00:00 PM,2,1,0,36.166350,-86.780690,4TH AVN,,,,0.00,,,CHARLOTTE AV,,,,0.00,Y,Four-Way,Y,Intersection,None,,,         ,Joseph,Bingham,Rain,Angle,no,no,no,no,no,False
102311054,METROPOLITAN NASHVILLE POLICE DEPT,20190139134,Davidson,Nashville,2/20/2019 3:58:00 PM,2,1,0,36.143060,-86.626830,BELL RD,,,,454.00,Feet,South,LAKERIDGE RUN,,,,0.00,N,Not at Intersection,N,Non-Junction,None,,,         ,Ryan,Allen,Rain,Front to Rear,no,no,no,no,no,False
102311055,METROPOLITAN NASHVILLE POLICE DEPT,20190139582,Davidson,Not in City Limit,2/20/2019 7:19:00 PM,2,2,0,36.262920,-86.757320,DICKERSON PKE,,,,105.00,Feet,South,WESTCHESTER DR,,,,0.00,N,Not at Intersection,N,Non-Junction,None,,,         ,Christopher,Littles,Cloudy,Angle,no,no,no,no,no,False
102311057,METROPOLITAN NASHVILLE POLICE DEPT,20190139361,Davidson,Nashville,2/20/2019 4:30:00 PM,2,0,0,36.197060,-86.828130,BUENA VISTA PKE,,,,0.00,Feet,,CLIFF DR,,,,0.00,Y,Four-Way,N,Intersection-Related,None,,,         ,Jonathan,Sharp,Cloudy,"Sideswipe, Same Direction",no,no,no,no,yes,False
102311064,METROPOLITAN NASHVILLE POLICE DEPT,20190139161,Davidson,Antioch,2/20/2019 3:58:00 PM,2,1,0,36.034790,-86.586770,HICKORY VISTA DR,,,,0.00,,,ROUND ROCK DR,,,,0.00,Y,Four-Way,N,Intersection-Related,None,,,         ,Andrew,Brazee,Cloudy,Front to Rear,no,no,no,no,yes,False
102311066,METROPOLITAN NASHVILLE POLICE DEPT,20190139359,Davidson,Antioch,2/20/2019 4:10:00 PM,2,1,0,36.043490,-86.607160,MURFREESBORO PKE,,,,293.00,Feet,North,HOBSON PKE,,,,0.00,N,Not at Intersection,N,Non-Junction,None,,,         ,Andrew,Brazee,Rain,Angle,no,no,no,no,no,False
102311068,METROPOLITAN NASHVILLE POLICE DEPT,20190139375,Davidson,Nashville,2/20/2019 5:21:00 PM,2,0,0,36.143300,-86.686320,I 40,,,,0.00,,,,,,,215.50,N,Not at Intersection,N,Non-Junction,None,,,         ,Dontaveous,Eubanks,Rain,Front to Rear,no,no,no,no,yes,False
102311072,METROPOLITAN NASHVILLE POLICE DEPT,20190139619,Davidson,Nashville,2/20/2019 6:40:00 PM,2,0,0,36.148690,-86.683880,CENTURY BLVD,,,,0.00,,,MCGAVOCK PKE,,,,0.00,Y,Four-Way, ,Non-Junction,None,,,         ,Samuel,Sundra,Rain,"Sideswipe, Same Direction",no,no,no,no,no,False
102311076,METROPOLITAN NASHVILLE POLICE DEPT,20190139586,Davidson,Nashville,2/20/2019 7:15:00 PM,2,0,0,36.153570,-86.757240,I 40,,,,0.00,,,,,,,211.15,N,Not at Intersection,N,Non-Junction,None,,,         ,Darci,Stechman,Rain,Front to Rear,no,no,no,no,no,False
102311077,METROPOLITAN NASHVILLE POLICE DEPT,20190139439,Davidson,Nashville,2/20/2019 6:05:00 PM,2,1,0,36.054220,-86.667340,HICKORY HOLLOW PKWY,,,,1479.00,Feet,East,MT VIEW RD,,,,0.00,N,Not at Intersection,N,Non-Junction,None,,,         ,Andrew,Brazee,Rain,Front to Rear,no,no,no,no,yes,False
102311079,METROPOLITAN NASHVILLE POLICE DEPT,20190139552,Davidson,Nashville,2/20/2019 6:50:00 PM,2,0,0,36.106000,-86.755870,SIDCO DR,,,,367.00,Feet,North,NORRIS AV,,,,0.00,N,Not at Intersection,N,Non-Junction,None,,,         ,Jarrett,Ipox,Rain,Angle,no,no,no,no,no,False
102311083,METROPOLITAN NASHVILLE POLICE DEPT,20190139488,Davidson,Nashville,2/20/2019 6:27:00 PM,2,0,0,36.161580,-86.783890,ROSA L PARKS BLVD,,,,0.00,,,ROSA L PARKS AV,,,,0.00,Y,Four-Way,N,Intersection,None,,,         ,Phillip,Burke,Rain,Front to Rear,no,no,no,no,yes,False
102311087,METROPOLITAN NASHVILLE POLICE DEPT,20190139738,Davidson,Nashville,2/20/2019 6:23:00 PM,2,0,0,36.151820,-86.691030,ELM HILL PKE,,,,47.00,Feet,South,ELM HILL PKE WB EXT RAMP,,,,0.00,N,Not at Intersection,N,Non-Junction,None,,,         ,Trenton,Searcy,Rain,Front to Rear,no,no,no,no,yes,False
102311093,METROPOLITAN NASHVILLE POLICE DEPT,20190139418,Davidson,Nashville,2/20/2019 5:24:00 PM,2,0,0,36.071390,-86.684650,HAYSTACK LN,,,,146.00,Feet,West,ANTIOCH PKE,,,,0.00,N,Not at Intersection,N,"Driveway, Alley Access, etc",None,,,         ,Marcus,Darden,Rain,Angle,no,no,no,no,no,False
102311102,METROPOLITAN NASHVILLE POLICE DEPT,20190139750,Davidson,Nashville,2/20/2019 8:39:00 PM,1,1,0,36.124580,-86.807780,I440 W EXT RAMP,,,,472.00,Feet,West,I 440,,,,0.00,N,Not at Intersection,N,Non-Junction,None,,,         ,FELIKS,ABRAHAMYAN,Rain,Not Collision with Motor Vehicle in Transport,no,no,no,no,no,False
102311103,METROPOLITAN NASHVILLE POLICE DEPT,20190139722,Davidson,Nashville,2/20/2019 8:15:00 PM,2,0,0,36.161440,-86.793210,I 40,,,,0.00,,,,,,,208.70,N,Not at Intersection, ,,None,,,         ,Christopher,Dickerson,,,no,no,no,no,no,False
102311108,METROPOLITAN NASHVILLE POLICE DEPT,20190139729,Davidson,Not in City Limit,2/20/2019 8:25:00 PM,1,0,0,36.293260,-86.741690,CAMPBELL RD,,,,58.00,Feet,West,OLD DICKERSON PKE,,,,0.00,N,Not at Intersection, ,Non-Junction,None,,,         ,Rodney,Phipps,Rain,Not Collision with Motor Vehicle in Transport,no,no,no,no,no,False
102311113,METROPOLITAN NASHVILLE POLICE DEPT,20190139781,Davidson,Nashville,2/20/2019 8:10:00 PM,1,2,0,36.169590,-86.606530,I40 E EXT RAMP,,,,0.00,,,I 40,,,,0.00,Y,OTHER,N,Entrance/Exit Ramp Related,None,,,         ,Seth,Vaughn,Rain,Not Collision with Motor Vehicle in Transport,no,no,no,no,no,False
102311119,METROPOLITAN NASHVILLE POLICE DEPT,20190139605,Davidson,Nashville,2/20/2019 6:42:00 PM,2,0,0,36.161850,-86.785320,YMCA WAY,,,,0.00,,,ROSA L PARKS BLVD EXT RAMP,,,,0.00,Y,OTHER,N,Intersection,None,,,         ,Derek,Betty,Rain,"Sideswipe, Same Direction",no,no,no,no,no,False
102311136,METROPOLITAN NASHVILLE POLICE DEPT,20190139630,Davidson,Nashville,2/20/2019 6:08:00 PM,2,0,0,36.135050,-86.724050,MURFREESBORO PKE,,,,101.00,Feet,East,I24 W EXT RAMP,,,,0.00,N,Not at Intersection, ,Non-Junction,None,,,         ,Aimee,Ortiz,Rain,Front to Rear,no,no,no,no,no,False
102311137,METROPOLITAN NASHVILLE POLICE DEPT,20190139404,Davidson,Nashville,2/20/2019 5:45:00 PM,2,0,0,36.132950,-86.818700,I 440,,,,0.00,,,,,,,1.80,N,Not at Intersection,N,Non-Junction,None,,,         ,Akira,McSwain,Rain,Front to Rear,no,no,no,no,no,False
102311138,METROPOLITAN NASHVILLE POLICE DEPT,20190139641,Davidson,Nashville,2/20/2019 7:20:00 PM,2,0,0,36.152700,-86.796630,WEST END AV,,,,217.00,Feet,West,18TH AVS,,,,0.00,N,Not at Intersection,N,Non-Junction,None,,,         ,Akira,McSwain,Clear,Angle,no,no,no,yes,yes,False
102311139,METROPOLITAN NASHVILLE POLICE DEPT,20190139799,Davidson,Nashville,2/20/2019 9:12:00 PM,1,0,0,36.048030,-86.776340,I 65,,,,0.00,,,,,,,75.35,N,Not at Intersection,N,Non-Junction,None,,,         ,Akira,McSwain,Rain,Not Collision with Motor Vehicle in Transport,no,no,no,no,no,False
102311140,METROPOLITAN NASHVILLE POLICE DEPT,20190139777,Davidson,Nashville,2/20/2019 12:00:00 AM,2,1,0,36.068300,-86.712370,HAYWOOD LN,,,,108.00,Feet,West,HOLLIS HILL DR,,,,0.00,N,Not at Intersection,N,Non-Junction,None,,,         ,Madison,Meiss,Rain,Angle,no,no,no,no,no,False
102311150,METROPOLITAN NASHVILLE POLICE DEPT,20190139864,Davidson,Nashville,2/20/2019 9:09:00 PM,1,0,0,36.145400,-86.686250,CENTURY BLVD,,,,51.00,Feet,South,CONNECTING ROAD,,,,0.00,N,Not at Intersection, ,Non-Junction,None,,,         ,Tony,Mingsing,Rain,Not Collision with Motor Vehicle in Transport,no,no,no,no,no,False
102311161,METROPOLITAN NASHVILLE POLICE DEPT,20190139813,Davidson,Nashville,2/20/2019 9:20:00 PM,2,0,0,36.177760,-86.605020,I40 E EXT RAMP,,,,0.00,Feet,East,OLD HICKORY BLVD,,,,0.00,N,Not at Intersection, ,Entrance/Exit Ramp Related,None,,,         ,Abbey,Sawl,Clear,Front to Rear,no,no,no,no,no,False
102311179,METROPOLITAN NASHVILLE POLICE DEPT,20190139916,Davidson,Nashville,2/20/2019 10:10:00 PM,1,1,0,36.170300,-86.606800,CENTRAL PKE EXIT RAMP,,,,0.00,Feet,East,I 40,,,,0.00,N,Not at Intersection, ,Entrance/Exit Ramp Related,None,,,         ,Kevin,Lovell,Cloudy,Not Collision with Motor Vehicle in Transport,no,no,no,no,no,False
102311217,METROPOLITAN NASHVILLE POLICE DEPT,20190139701,Davidson,Nashville,2/20/2019 12:00:00 AM,2,0,0,36.281480,-86.707840,MCKINLEY ST,,,,0.00,,,GALLATIN PKEN,,,,0.00,Y,T-Intersection,N,Intersection,None,,,         ,Joel,Callies,Cloudy,"Sideswipe, Same Direction",no,no,no,no,no,False
102311231,VANDERBILT UNIVERSITY POLICE,20190137903,Davidson,Nashville,2/20/2019 6:05:00 AM,2,0,0,36.144570,-86.806580,25TH AVS,,,,116.00,Feet,South,VANDERBILT PL,,,,0.00,N,Not at Intersection, ,Non-Junction,None,,,         ,Michael,Walker,Rain,"Sideswipe, Same Direction",no,no,no,no,no,Campus
102311252,METROPOLITAN NASHVILLE POLICE DEPT,20190140017,Davidson,Nashville,2/20/2019 8:30:00 PM,2,0,0,36.218260,-86.837110,CLARKSVILLE PKE,,,,88.00,Feet,South,KINGS LN,,,,0.00,N,Not at Intersection, ,Non-Junction,None,,,         ,Charles,Duke,Clear,Front to Rear,no,no,no,no,no,False
102311256,METROPOLITAN NASHVILLE POLICE DEPT,20190140002,Davidson,Nashville,2/20/2019 11:12:00 PM,2,1,0,36.077090,-86.725560,EDMONDSON PKE,,,,0.00,,,WALLACE RD,,,,0.00,Y,Four-Way,N,Intersection,None,,,         ,William,Hamblen,Clear,Angle,no,no,no,no,no,False
102311268,METROPOLITAN NASHVILLE POLICE DEPT,20190140194,Davidson,Nashville,2/21/2019 12:25:00 AM,1,0,0,36.033900,-86.692740,OLD HICKORY BLVD,,,,1667.00,Feet,East,PRATT PROPERTY PVTDR,,,,0.00,N,Not at Intersection,N,Non-Junction,None,,,         ,Sandra,Fly,Cloudy,Not Collision with Motor Vehicle in Transport,no,no,no,no,no,False
102311273,METROPOLITAN NASHVILLE POLICE DEPT,20190140646,Davidson,Nashville,2/21/2019 3:10:00 AM,1,0,0,36.083260,-86.725540,WELCH RD,,,,0.00,Feet,,TRAVIS DR,,,,0.00,Y,T-Intersection, ,Intersection,None,,,         ,Dalton,Crum,Rain,Not Collision with Motor Vehicle in Transport,no,no,no,no,no,False
102311281,METROPOLITAN NASHVILLE POLICE DEPT,20190140791,Davidson,Nashville,2/21/2019 3:47:00 AM,2,0,0,36.120260,-86.710880,WOODMERE DR,,,,0.00,,,ROBERT BURNS DR,,,,0.00,Y,T-Intersection,N,Non-Junction,None,,,         ,Dalton,Crum,Fog,Front to Rear,no,no,no,no,no,False
102311285,METROPOLITAN NASHVILLE POLICE DEPT,20190140839,Davidson,Nashville,2/21/2019 4:27:00 AM,1,0,0,36.137240,-86.699570,GLASTONBURY RD,,,,0.00,,,BRILEY PKWYN,,,,0.00,Y,T-Intersection, ,Intersection,None,,,         ,Bridget,Griepentrog,Clear,Not Collision with Motor Vehicle in Transport,no,no,no,no,no,False
102311304,METROPOLITAN NASHVILLE POLICE DEPT,20190140781,Davidson,Nashville,2/21/2019 4:13:00 AM,1,0,0,36.137200,-86.699670,BRILEY PKWY,,,,0.00,,,GLASTONBURY RD,,,,0.00,Y,T-Intersection,N,Intersection,None,,,         ,Ralph,Smith IV,Clear,Not Collision with Motor Vehicle in Transport,no,no,no,no,yes,False
102311305,METROPOLITAN NASHVILLE POLICE DEPT,20190140667,Davidson,Nashville,2/21/2019 3:30:00 AM,3,0,0,36.036500,-86.613450,SADDLECREEK WAY,,,,157.00,Feet,West,SPRUCEDALE DR,,,,0.00,N,Not at Intersection,N,Non-Junction,None,,,         ,Leonard,Cato,Cloudy,Angle,no,no,no,no,yes,False
102311313,METROPOLITAN NASHVILLE POLICE DEPT,20190140906,Davidson,Nashville,2/21/2019 5:29:00 AM,2,0,0,36.155650,-86.789720,14TH AVS,,,,0.00,,,BROADWAY,,,,0.00,Y,Four-Way, ,Intersection-Related,None,,,         ,Dakota,Vermillion,Clear,Front to Rear,no,no,no,no,no,False
102311323,METROPOLITAN NASHVILLE POLICE DEPT,20190137788,Davidson,Nashville,2/20/2019 4:54:00 AM,2,0,0,36.174610,-86.771130,I 24,,,,0.00,,,,,,,48.10,N,Not at Intersection,N,Non-Junction,None,,,         ,Kelcey,Bell,Rain,Other,no,no,no,no,no,False
102311326,METROPOLITAN NASHVILLE POLICE DEPT,20190140902,Davidson,Nashville,2/21/2019 5:32:00 AM,2,1,0,36.110460,-86.739810,THOMPSON LN,,,,273.00,Feet,East,SIMMONS AV,,,,0.00,N,Not at Intersection,N,Non-Junction,None,,,         ,Robert,Erickson,Clear,"Sideswipe, Same Direction",no,no,no,no,no,False
102311362,METROPOLITAN NASHVILLE POLICE DEPT,20190140959,Davidson,Nashville,2/21/2019 12:00:00 AM,1,0,0,36.209680,-86.749310,ELLINGTON PKWYS,,,,1006.00,Feet,North,ELLINGTON PKWYN,,,,0.00,N,Not at Intersection, ,Non-Junction,None,,,         ,Amanda,Hane,Rain,Not Collision with Motor Vehicle in Transport,no,no,no,no,no,False
102311368,VANDERBILT UNIVERSITY POLICE,20190138202,Davidson,Nashville,2/20/2019 8:20:00 AM,2,0,0,36.139410,-86.804050,CHILDRENS WAY,,,,0.00,,,,,,,0.00,,, ,Non-Junction,None,,,         ,Casey,Campbell,Rain,Angle,no,no,no,yes,no,Campus
102311369,METROPOLITAN NASHVILLE POLICE DEPT,20190141087,Davidson,Nashville,2/21/2019 12:00:00 AM,1,0,0,36.123630,-86.880610,GREELEY DR,,,,445.00,Feet,South,HUCKLEBERRY RD,,,,0.00,N,Not at Intersection, ,Non-Junction,None,,,         ,Curtis,Rich,Unknown,Not Collision with Motor Vehicle in Transport,no,no,no,no,yes,False
102311370,THP District 3 - Nashville,319010553,Davidson,Nashville,2/20/2019 3:15:00 PM,1,0,0,36.051830,-86.669970,I 24,,,,0.00,,,,,,,58.65,N,Not at Intersection, ,Non-Junction,None,,,         ,Kevin,Kennett,Cloudy,Not Collision with Motor Vehicle in Transport,no,no,no,no,no,False
102311372,METROPOLITAN NASHVILLE POLICE DEPT,20190140995,Davidson,Nashville,2/21/2019 12:00:00 AM,1,0,0,36.089890,-86.630800,NASHBORO BLVD,,,,136.00,Feet,East,FAIRWAY POINTE PVTDR,,,,0.00,N,Not at Intersection,N,OtherLocation,None,,,         ,Tien,Nguyen,Cloudy,Not Collision with Motor Vehicle in Transport,no,no,no,no,yes,False
102311374,METROPOLITAN NASHVILLE POLICE DEPT,2019 0141120,Davidson,Nashville,2/21/2019 7:30:00 AM,2,0,0,36.115130,-86.810700,HILLSBORO PKE,,,,243.00,Feet,South,HAMPTON PL,,,,0.00,N,Not at Intersection, ,,None,,,         ,Paul,Junkmann,,,no,no,no,no,no,False
102311386,METROPOLITAN NASHVILLE POLICE DEPT,20190141095,Davidson,Nashville,2/21/2019 7:34:00 AM,3,1,0,36.141550,-86.715220,I 40,,,,0.00,,,,,,,213.90,N,Not at Intersection,N,Non-Junction,None,,,         ,Zachary,Plese,Clear,Front to Rear,no,no,no,no,no,False
102311400,METROPOLITAN NASHVILLE POLICE DEPT,20190141013,Davidson,Nashville,2/21/2019 6:52:00 AM,2,1,0,36.085250,-86.763500,I 65,,,,0.00,,,,,,,78.00,N,Not at Intersection,N,Non-Junction,None,,,         ,Jon,Mcvey,Cloudy,Front to Rear,no,no,no,no,no,False
102311401,METROPOLITAN NASHVILLE POLICE DEPT,20190141187,Davidson,Nashville,2/21/2019 7:57:00 AM,2,0,0,36.124990,-86.752200,NOLENSVILLE PKE,,,,0.00,,,ROSEDALE AV,,,,0.00,Y,T-Intersection, ,Intersection-Related,None,,,         ,Jon,Mcvey,Cloudy,Angle,no,no,no,no,no,False
102311403,METROPOLITAN NASHVILLE POLICE DEPT,20190140977,Davidson,Antioch,2/21/2019 6:20:00 AM,1,1,0,36.030530,-86.619700,OLD HICKORY,BLVD,SR171,,0.20,Miles,West,OLD HICKORY,BLVD,SR171,,0.00,N,Not at Intersection,N,Non-Junction,None,,,         ,Joseph,Smith,Clear,Not Collision with Motor Vehicle in Transport,no,no,no,yes,no,False
102311405,METROPOLITAN NASHVILLE POLICE DEPT,20190141106,Davidson,Nashville,2/21/2019 7:30:00 AM,2,0,0,36.110690,-86.722210,I 24,,,,0.00,,,,,,,53.65,N,Not at Intersection, ,Non-Junction,None,,,         ,James,Thomas,Clear,Front to Rear,no,no,no,no,no,False
102311406,METROPOLITAN NASHVILLE POLICE DEPT,20190141089,Davidson,Nashville,2/21/2019 12:00:00 AM,2,0,0,36.233090,-86.768550,I 65,,,,0.00,,,,,,,89.25,N,Not at Intersection,N,Non-Junction,None,,,         ,William,Monaghan,Clear,Not Collision with Motor Vehicle in Transport,no,no,no,no,no,False
102311420,METROPOLITAN NASHVILLE POLICE DEPT,20190141155,Davidson,Nashville,2/21/2019 7:27:00 AM,2,1,0,36.092810,-86.678860,HARDING PL,,,,0.00,,,DONELSON PKE,,,,0.00,Y,Y-Intersection,Y,Intersection,None,,,         ,Joseph,Simon,Clear,Front to Rear,no,no,no,no,no,False
102311422,METROPOLITAN NASHVILLE POLICE DEPT,20190141311,Davidson,Nashville,2/21/2019 9:01:00 AM,2,0,0,36.077900,-86.694910,I 24,,,,0.00,,,,,,,56.35,N,Not at Intersection, ,Non-Junction,None,,,         ,Randy,Puckett,Clear,Angle,no,no,no,no,no,False
102311429,METROPOLITAN NASHVILLE POLICE DEPT,20190141169,Davidson,Nashville,2/21/2019 8:03:00 AM,2,0,0,36.171320,-86.870930,BRILEY PKWY S EXT RAMP,,,,0.00,,,CENTENNIAL BLVD,,,,0.00,Y,T-Intersection, ,Entrance/Exit Ramp Related,None,,,         ,Jack,Crouch,Clear,Front to Rear,no,no,no,no,no,False
102311431,METROPOLITAN NASHVILLE POLICE DEPT,20190141088,Davidson,Nashville,2/21/2019 7:30:00 AM,2,0,0,36.169620,-86.806690,DR D B TODD JR BLVD,,,,60.00,Feet,North,JEFFERSON ST,,,,0.00,N,Not at Intersection, ,Non-Junction,None,,,         ,Wesley,Young,Clear,Angle,no,no,no,no,no,False
102311437,METROPOLITAN NASHVILLE POLICE DEPT,20190141281,Davidson,Nashville,2/21/2019 7:55:00 AM,2,0,0,36.141800,-86.672230,I 40,,,,0.00,,,,,,,215.00,N,Not at Intersection, ,Non-Junction,None,,,         ,Lee,Davis,Clear,Front to Rear,no,no,no,no,no,False
102311447,METROPOLITAN NASHVILLE POLICE DEPT,20190141382,Davidson,Nashville,2/21/2019 9:40:00 AM,2,1,0,36.136990,-86.891680,I 40,,,,0.00,,,,,,,201.70,N,Not at Intersection,N,Non-Junction,Maintenance Zone,Intermittent Moving Work,Before First Warning Area,         ,Curtis,Rich,Clear,Front to Rear,no,no,no,no,no,False
102311448,METROPOLITAN NASHVILLE POLICE DEPT,20190141225,Davidson,Nashville,2/21/2019 7:30:00 AM,2,0,0,36.110850,-86.721390,I24 W ENT RAMP,,,,0.00,Feet,East,I 24,,,,0.00,N,Not at Intersection,N,Non-Junction,None,,,         ,James,Thomas,Clear,Front to Rear,no,no,no,no,yes,False
102311450,METROPOLITAN NASHVILLE POLICE DEPT,20190141010,Davidson,Nashville,2/21/2019 6:40:00 AM,2,0,0,36.124940,-86.735250,I 440,,,,0.00,,,,,,,7.10,N,Not at Intersection, ,Non-Junction,None,,,         ,Jessie,Meadows,Clear,"Sideswipe, Same Direction",no,no,no,no,no,False
102311451,METROPOLITAN NASHVILLE POLICE DEPT,20190141114,Davidson,Nashville,2/21/2019 7:45:00 AM,2,1,0,36.203150,-86.789150,BAPTIST WORLD CENTER DR,,,,0.00,,,MEADE AV,,,,0.00,Y,T-Intersection, ,Intersection,None,,,         ,Wesley,Young,Clear,Angle,no,no,no,no,no,False
102311457,METROPOLITAN NASHVILLE POLICE DEPT,20190141160,Davidson,Nashville,2/21/2019 7:59:00 AM,4,3,0,36.070370,-86.690140,I 24,,,,0.00,,,,,,,56.90,N,Not at Intersection,Y,OtherLocation,None,,,         ,Earl,Davis,Clear,Front to Rear,no,no,no,no,no,False
102311461,METROPOLITAN NASHVILLE POLICE DEPT,20190141447,Davidson,Nashville,2/21/2019 8:43:00 AM,2,0,0,36.150310,-86.709750,MASSMAN DR,,,,248.00,Feet,West,MAPLELEAF DR,,,,0.00,N,Not at Intersection, ,Non-Junction,None,,,         ,Michael,Dance,Clear,"Sideswipe, Same Direction",no,no,no,no,no,False
102311462,METROPOLITAN NASHVILLE POLICE DEPT,20190141074,Davidson,Antioch,2/21/2019 4:14:00 AM,2,0,0,36.054210,-86.590730,PIN OAK DR,,,,179.00,Feet,South,MARHADEN DR,,,,0.00,N,Not at Intersection,N,Non-Junction,None,,,         ,Jessie,Meadows,Clear,"Sideswipe, Opposite Direction",no,no,no,no,no,False
102311472,METROPOLITAN NASHVILLE POLICE DEPT,20190141219,Davidson,Nashville,2/21/2019 8:15:00 AM,2,0,0,36.160760,-86.793690,14TH AVN,,,,0.00,,,CHARLOTTE AV,,,,0.00,Y,Four-Way, ,Intersection,None,,,         ,Wesley,Young,Clear,"Sideswipe, Same Direction",no,no,no,no,no,False
102311479,METROPOLITAN NASHVILLE POLICE DEPT,20190141402,Davidson,Nashville,2/21/2019 9:49:00 AM,2,2,0,36.116060,-86.779930,I440 W ENT RAMP,,,,0.00,Feet,East,I 440,,,,0.00,N,Not at Intersection,N,Entrance/Exit Ramp Related,None,,,         ,Jon,Mcvey,Cloudy,Front to Rear,no,no,no,no,no,False
102311480,METROPOLITAN NASHVILLE POLICE DEPT,20190141361,Davidson,Nashville,2/21/2019 9:30:00 AM,2,2,0,36.207880,-86.767640,DICKERSON PKE,,,,136.00,Feet,North,DUKE ST,,,,0.00,N,Not at Intersection,N,Non-Junction,None,,,         ,Nicholas,Smith,Clear,HeadOn,no,no,no,no,no,False
102311482,METROPOLITAN NASHVILLE POLICE DEPT,20190141290,Davidson,Antioch,2/21/2019 8:45:00 AM,2,0,0,36.027620,-86.635130,I 24,,,,0.00,,,,,,,61.25,N,Not at Intersection,N,Non-Junction,None,,,         ,Jessie,Meadows,Clear,Front to Rear,no,no,no,no,yes,False
102311483,GOODLETTSVILLE POLICE DEPT,19-06927,Davidson,Goodlettsville,2/21/2019 7:35:00 AM,2,0,0,36.324310,-86.705440,I 65,,,,0.00,,,,,,,97.00,N,Not at Intersection, ,Non-Junction,None,,,         ,Charles,Hauskin,Clear,Front to Rear,no,no,no,no,no,False
102311488,METROPOLITAN NASHVILLE POLICE DEPT,20190141462,Davidson,Nashville,2/20/2019 9:45:00 PM,2,0,0,36.131070,-86.807720,BLAIR BLVD,,,,108.00,Feet,West,25TH AVS,,,,0.00,N,Not at Intersection,N,Non-Junction,None,,,         ,Gregory,Scott,Unknown,Front to Rear,no,no,no,no,yes,False
102311489,METROPOLITAN NASHVILLE POLICE DEPT,20190141312,Davidson,Nashville,2/21/2019 9:04:00 AM,2,0,0,36.194170,-86.776340,I 65,,,,0.00,,,,,,,86.45,N,Not at Intersection,N,Non-Junction,None,,,         ,James,Wray,Clear,Front to Rear,no,no,no,no,no,False
102311490,METROPOLITAN NASHVILLE POLICE DEPT,20190141265,Davidson,Nashville,2/21/2019 8:37:00 AM,2,0,0,36.168540,-86.788320,ROSA L PARKS BLVD,,,,0.00,,,HARRISON ST,,,,0.00,Y,Four-Way,N,Intersection-Related,None,,,         ,Byron,Carter,Clear,Front to Rear,no,no,no,no,no,False
102311495,Nashville Airport Police,2019-00728,Davidson,Nashville,2/20/2019 8:31:00 AM,2,5,0,36.114590,-86.670120,DONELSON PKE,,,,923.00,Feet,South,HANGAR CT,,,,0.00,N,Not at Intersection,N,Non-Junction,None,,,         ,Delphia,Murphy,Rain,"Sideswipe, Opposite Direction",no,no,no,no,no,False
102311502,METROPOLITAN NASHVILLE POLICE DEPT,2019-0141402,Davidson,Nashville,2/21/2019 9:57:00 AM,2,0,0,36.111080,-86.770910,I440 ENT RAMP,,,,0.00,Feet,East,I 65,,,,0.00,N,Not at Intersection,N,Entrance/Exit Ramp Related,None,,,         ,Timothy,Edwards,Clear,Front to Rear,no,no,no,no,no,False
102311508,METROPOLITAN NASHVILLE POLICE DEPT,20190141126,Davidson,Nashville,2/21/2019 7:47:00 AM,2,0,0,36.150490,-86.695880,ELM HILL PIKE,,,,261.00,Feet,East,WANDA DR,,,,0.00,N,Not at Intersection,N,Non-Junction,None,,,         ,Samuel,Fredericks,Clear,Front to Rear,no,no,no,no,no,False
102311515,METROPOLITAN NASHVILLE POLICE DEPT,20190141654,Davidson,Nashville,2/21/2019 11:14:00 AM,2,1,0,36.142170,-86.666500,I40 W EXT RAMP,,,,0.00,,,I 40,,,,0.00,Y,Four-Way,N,Entrance/Exit Ramp Related,None,,,         ,Tien,Nguyen,Clear,Front to Rear,no,no,no,no,yes,False
102311518,METROPOLITAN NASHVILLE POLICE DEPT,20190141365,Davidson,Nashville,2/21/2019 9:31:00 AM,3,0,0,36.134530,-86.726910,I24E,,,,705.00,Feet,South,I24 E ENT RAMP,,,,0.00,N,Not at Intersection, ,Non-Junction,None,,,         ,Jessie,Meadows,Clear,Front to Rear,no,no,no,no,no,False
102311522,METROPOLITAN NASHVILLE POLICE DEPT,20190141584,Davidson,Nashville,2/21/2019 10:37:00 AM,2,0,0,36.168420,-86.687960,LEBANON PKE,,,,0.00,,,BRILEY PKWY N ENT RAMP,,,,0.00,Y,T-Intersection, ,Intersection,None,,,         ,Michael,Dance,Clear,Front to Rear,no,no,no,no,no,False