master_record_number,agency,agency_tracking_number,county,city,collision_date,vehicles_involved,number_injured,number_dead,latitude,longitude,roadway_name,roadway_suffix,roadway_number,roadway_local_id,distance_from_reference,miles-feet_indicator,direction_from_reference,intersection_road_name,intersection_road_name_suffix,intersection_road_number,intersection_local_id,mile_marker,intersection_indicator,intersect_type,interchange_related_indicator,relation_to_junction,work_zone_type,construction_maintenance_zone,construction_maintenance_zone_location,fatal_case_number,officer_first_name,officer_last_name,weather_condition(s),manner_of_crash,pedestrian,bicycle,scooter,parking,hitrun,mou
102312533,METROPOLITAN NASHVILLE POLICE DEPT,20190145303,Davidson,Nashville,2/22/2019 2:09:00 PM,2,0,0,36.150980,-86.677060,ROYAL PKWY,,,,259.00,Feet,South,EMERY DR,,,,0.00,N,Not at Intersection, ,Non-Junction,None,,,         ,Thomas,Odom,Rain,Front to Rear,no,no,no,no,no,False
102312539,METROPOLITAN NASHVILLE POLICE DEPT,20190145170,Davidson,Nashville,2/22/2019 1:30:00 PM,2,0,0,36.149520,-86.798130,BROADWAY,,,,47.00,Feet,South,20TH AVS,,,,0.00,N,Not at Intersection,N,Non-Junction,None,,,         ,Timothy,Ward,Rain,Front to Rear,no,no,no,no,no,Campus
102312564,METROPOLITAN NASHVILLE POLICE DEPT,20190145293,Davidson,Nashville,2/22/2019 2:11:00 PM,2,0,0,36.046880,-86.656810,BELL RD,,,,355.00,Feet,West,HICKORY HOLLOW PKWY,,,,0.00,N,Not at Intersection, ,,None,,,         ,Broderick,Jones,,,no,no,no,no,no,False
102312565,METROPOLITAN NASHVILLE POLICE DEPT,20190145289,Davidson,Nashville,2/22/2019 2:08:00 PM,2,0,0,36.173950,-86.784050,3RD AVN,,,,0.00,,,JUNIOR GILLIAM WAY,,,,0.00,Y,Four-Way, ,,None,,,         ,Timothy,Mead,,,no,no,no,no,no,False
102312580,METROPOLITAN NASHVILLE POLICE DEPT,20190144475,Davidson,Nashville,2/22/2019 8:19:00 AM,3,0,0,36.069970,-86.685630,HAYWOOD LN,,,,0.00,,,BAKERTOWN RD,,,,0.00,Y,T-Intersection,N,Intersection,None,,,         ,Alex,Moore,Rain,Angle,no,no,no,no,yes,False
102312584,METROPOLITAN NASHVILLE POLICE DEPT,20190145345,Davidson,Nashville,2/22/2019 2:40:00 PM,2,1,0,36.097960,-86.655830,OLD MURFREESBORO PKE,,,,576.00,Feet,North,SMITH SPRINGS RD,,,,0.00,N,Not at Intersection, ,Non-Junction,None,,,         ,Seth,Vaughn,Rain,Front to Rear,no,no,no,no,no,False
102312604,METROPOLITAN NASHVILLE POLICE DEPT,20190145361,Davidson,Nashville,2/22/2019 2:35:00 PM,2,0,0,36.123840,-86.826560,WOODLAWN DR,,,,0.00,,,BOWLING AV,,,,0.00,Y,Four-Way, ,,None,,,         ,Shaun,Heath,,,no,no,no,no,no,False
102312605,METROPOLITAN NASHVILLE POLICE DEPT,20190144513,Davidson,Nashville,2/22/2019 9:09:00 AM,2,0,0,36.070290,-86.684540,ANTIOCH PKE,,,,0.00,,,HAYWOOD LN,,,,0.00,Y,OTHER,N,Non-Junction,None,,,         ,Alex,Moore,Rain,Angle,no,no,no,yes,yes,False
102312623,METROPOLITAN NASHVILLE POLICE DEPT,2019-0145251,Davidson,Antioch,2/22/2019 1:50:00 PM,2,0,0,36.083180,-86.710540,HARDING PLACE,,,,0.00,,,TAMPA DRVIE,DR,US,,0.00,Y,Four-Way, ,Intersection,None,,,         ,Kelvin,Lusk,Rain,Front to Rear,no,no,no,no,yes,False
102312633,METROPOLITAN NASHVILLE POLICE DEPT,20190145282,Davidson,Nashville,2/22/2019 2:05:00 PM,1,1,0,36.153910,-86.787950,I 40,,,,0.00,,,,,,,209.30,N,Not at Intersection,N,Non-Junction,None,,,         ,Jon,Mcvey,Rain,Not Collision with Motor Vehicle in Transport,no,no,no,no,no,False
102312643,METROPOLITAN NASHVILLE POLICE DEPT,20190145428,Davidson,Nashville,2/22/2019 2:29:00 PM,2,0,0,36.142710,-86.822520,WEST END AV EXT RAMP,,,,0.00,,,I 440,,,,0.00,Y,OTHER,Y,Entrance/Exit Ramp Related,None,,,         ,Gary,Peters,Rain,Front to Rear,no,no,no,no,no,False
102312647,METROPOLITAN NASHVILLE POLICE DEPT,20190145351,Davidson,Not in City Limit,2/22/2019 2:14:00 PM,2,0,0,36.122030,-86.985330,OLD CHARLOTTE PKE,,,,305.00,Feet,North,DUFFIELD RD,,,,0.00,N,Not at Intersection,N,Non-Junction,None,,,         ,Brandon,Pedigo,Rain,"Sideswipe, Opposite Direction",no,no,no,no,no,False
102312648,METROPOLITAN NASHVILLE POLICE DEPT,20190145418,Davidson,Nashville,2/22/2019 12:00:00 AM,2,0,0,36.167540,-86.800980,JACKSON ST,,,,173.00,Feet,East,16TH AVN,,,,0.00,N,Not at Intersection,N,Non-Junction,None,,,         ,Christopher,Dickerson,Rain,Unknown,no,no,no,no,yes,False
102312649,METROPOLITAN NASHVILLE POLICE DEPT,20190144611,Davidson,Nashville,2/22/2019 9:16:00 AM,2,0,0,36.077120,-86.694430,I 24,,,,0.00,,,,,,,56.40,N,Not at Intersection,N,Non-Junction,None,,,         ,Alex,Moore,Rain,Front to Rear,no,no,no,no,yes,False
102312667,METROPOLITAN NASHVILLE POLICE DEPT,20190145413,Davidson,Nashville,2/22/2019 3:30:00 PM,2,0,0,36.148840,-86.774780,I 40,,,,0.00,,,,,,,210.10,N,Not at Intersection, ,,None,,,         ,FELIKS,ABRAHAMYAN,,,no,no,no,no,no,False
102312669,METROPOLITAN NASHVILLE POLICE DEPT,20190145395,Davidson,Nashville,2/22/2019 4:02:00 PM,2,2,0,36.078610,-86.745220,HARDING PL,,,,0.00,Feet,,DANBY DR,,,,0.00,Y,Four-Way,Y,Intersection-Related,None,,,         ,Citlaly,Juarez,Rain,HeadOn,no,no,no,no,no,False
102312670,METROPOLITAN NASHVILLE POLICE DEPT,20190145470,Davidson,Nashville,2/22/2019 3:46:00 PM,2,0,0,36.200010,-86.825280,BUENA VISTA PKE,,,,372.00,Feet,East,MATTIE ST,,,,0.00,N,Not at Intersection, ,Non-Junction,None,,,         ,Fabjan,Llukaj,Rain,Angle,no,no,no,no,yes,False
102312675,METROPOLITAN NASHVILLE POLICE DEPT,20190145379,Davidson,Nashville,2/22/2019 3:14:00 PM,2,0,0,36.219990,-86.727240,GALLATIN PKE,,,,147.00,Feet,North,ARDEE AV,,,,0.00,N,Not at Intersection, ,,None,,,         ,Brynn,Cellan,,,no,no,no,no,no,False
102312678,METROPOLITAN NASHVILLE POLICE DEPT,20190145540,Davidson,Nashville,2/22/2019 3:40:00 PM,2,0,0,36.153380,-86.860890,SNYDER AV,,,,227.00,Feet,North,MAXON AV,,,,0.00,N,Not at Intersection, ,Non-Junction,None,,,         ,Shaun,Heath,Rain,Angle,no,no,no,no,no,False
102312681,METROPOLITAN NASHVILLE POLICE DEPT,20190145588,Davidson,Nashville,2/22/2019 4:45:00 PM,2,0,0,36.045690,-86.713300,NOLENSVILLE PKE,,,,120.00,Feet,North,OLD HICKORY BLVD,,,,0.00,N,Not at Intersection,N,Non-Junction,None,,,         ,Heather,Fox,Rain,Front to Rear,no,no,no,no,yes,False
102312692,METROPOLITAN NASHVILLE POLICE DEPT,20190145604,Davidson,Nashville,2/22/2019 4:35:00 PM,2,0,0,36.149980,-86.772020,I 40,,,,0.00,,,,,,,210.30,N,Not at Intersection, ,,None,,,         ,Darci,Stechman,,,no,no,no,no,no,False
102312693,METROPOLITAN NASHVILLE POLICE DEPT,20190145616,Davidson,Nashville,2/22/2019 4:46:00 PM,2,0,0,36.126700,-86.711090,EAST THOMPSON LN,,,,0.00,,,MURFREESBORO PKE,,,,0.00,Y,Four-Way, ,Intersection-Related,None,,,         ,Steven,Powers,Rain,"Sideswipe, Same Direction",no,no,no,no,no,False
102312700,METROPOLITAN NASHVILLE POLICE DEPT,20190145475,Davidson,Nashville,2/22/2019 3:54:00 PM,2,0,0,36.177250,-86.773000,I 24,,,,0.00,,,,,,,47.90,N,Not at Intersection,N,Non-Junction,None,,,         ,Timothy,Mead,Rain,"Sideswipe, Same Direction",no,no,no,no,no,False
102312710,METROPOLITAN NASHVILLE POLICE DEPT,20190145660,Davidson,Not in City Limit,2/22/2019 5:20:00 PM,3,0,0,36.263330,-86.714600,OLD HICKORY BLVDW,,,,0.00,,,DOUGLAS ST,,,,0.00,Y,T-Intersection, ,,None,,,         ,Christopher,Littles,,,no,no,no,no,no,False
102312715,METROPOLITAN NASHVILLE POLICE DEPT,20190145494,Davidson,Nashville,2/22/2019 4:07:00 PM,2,0,0,36.192050,-86.780970,I 65,,,,0.00,,,,,,,86.30,N,Not at Intersection,N,Non-Junction,None,,,         ,Andrey,Volfson,Rain,"Sideswipe, Same Direction",no,no,no,no,no,False
102312719,METROPOLITAN NASHVILLE POLICE DEPT,20190145670,Davidson,Nashville,2/22/2019 5:26:00 PM,2,0,0,36.124950,-86.815880,SHARONDALE DR,,,,59.00,Feet,East,WOODLAWN DR,,,,0.00,N,Not at Intersection,N,Non-Junction,None,,,         ,Albert,Wilson,Rain,Angle,no,no,no,no,no,False
102312727,METROPOLITAN NASHVILLE POLICE DEPT,20190145729,Davidson,Nashville,2/22/2019 5:25:00 PM,2,0,0,36.040640,-86.771520,OLD HICKORY BLVD,,,,133.00,Feet,West,SEVEN SPRINGS WAY PVTDR,,,,0.00,N,Not at Intersection, ,,None,,,         ,Heather,Fox,,,no,no,no,no,no,False
102312738,VANDERBILT UNIVERSITY POLICE,20190145453,Davidson,Nashville,2/22/2019 3:30:00 PM,2,0,0,36.142150,-86.801620,MEDICAL CENTER DR,,,,0.00,,,,,,,0.00,,, ,Non-Junction,None,,,         ,James,McDaniel,Rain,Rear to Side,no,no,no,yes,no,Campus
102312740,METROPOLITAN NASHVILLE POLICE DEPT,20190145693,Davidson,Nashville,2/22/2019 12:00:00 AM,1,0,0,36.146230,-86.653410,MCCRORY CREEK RD,,,,654.00,Feet,South,HONEYBROOK DR,,,,0.00,N,Not at Intersection,N,Non-Junction,None,,,         ,Torry,Hill,Rain,Not Collision with Motor Vehicle in Transport,no,no,no,no,no,False
102312745,METROPOLITAN NASHVILLE POLICE DEPT,20190145775,Davidson,Nashville,2/22/2019 6:01:00 PM,2,1,0,36.146000,-86.666640,STATE HWY 255,,,,14.00,Feet,North,ROYAL PKWY,,,,0.00,N,Not at Intersection,N,Non-Junction,None,,,         ,Jason,Milyaro Lucas,Rain,Angle,no,no,no,no,no,False
102312746,METROPOLITAN NASHVILLE POLICE DEPT,20190145267,Davidson,Not in City Limit,2/22/2019 2:00:00 PM,1,0,0,36.154880,-86.951490,RIVER ROAD PKE,,,,441.00,Feet,North,RIVER ROAD PKE PVTDR,,,,0.00,N,Not at Intersection,N,Non-Junction,None,,,         ,Walter,Gray II,Rain,Not Collision with Motor Vehicle in Transport,no,no,no,no,no,False
102312747,METROPOLITAN NASHVILLE POLICE DEPT,20190145493,Davidson,Nashville,2/22/2019 3:48:00 PM,2,0,0,36.089610,-86.733210,NOLENSVILLE PKE,,,,201.00,Feet,South,ZOO RD,,,,0.00,N,Not at Intersection,N,Non-Junction,None,,,         ,Ryan,Sherry,Rain,Front to Rear,no,no,no,no,no,False
102312752,METROPOLITAN NASHVILLE POLICE DEPT,20190145664,Davidson,Nashville,2/22/2019 5:15:00 PM,2,0,0,36.110220,-86.773280,FRANKLIN PKE,,,,136.00,Feet,South,WOODMONT BLVD WB ENT RAMP,,,,0.00,N,Not at Intersection, ,Non-Junction,None,,,         ,John,Roberson,Rain,"Sideswipe, Same Direction",no,no,no,no,no,False
102312753,METROPOLITAN NASHVILLE POLICE DEPT,20190145798,Davidson,Nashville,2/22/2019 6:15:00 PM,2,0,0,36.127990,-86.695710,KENTON PL,,,,0.00,,,STATE HWY 155,,,,0.00,Y,T-Intersection,N,Non-Junction,None,,,         ,Brady,Reynolds,Rain,Angle,no,no,no,no,no,False
102312758,METROPOLITAN NASHVILLE POLICE DEPT,20190145685,Davidson,Nashville,2/22/2019 5:10:00 PM,2,0,0,36.246310,-86.721390,GALLATIN PKES,,,,150.00,Feet,South,BERKLEY DR,,,,0.00,N,Not at Intersection, ,,None,,,         ,Derek,Sibley,,,no,no,no,no,no,False
102312759,METROPOLITAN NASHVILLE POLICE DEPT,20190145800,Davidson,Nashville,2/22/2019 6:27:00 PM,2,0,0,36.155750,-86.783510,DEMONBREUN ST,,,,123.00,Feet,West,10TH AVS,,,,0.00,N,Not at Intersection,N,Non-Junction,None,,,         ,Derek,Betty,Rain,Angle,no,no,no,no,no,False
102312769,METROPOLITAN NASHVILLE POLICE DEPT,20190145796,Davidson,Nashville,2/22/2019 6:27:00 PM,2,0,0,36.185370,-86.797250,I 65,,,,0.00,,,,,,,85.40,N,Not at Intersection, ,Non-Junction,None,,,         ,Melvin,Taylor,Rain,Front to Rear,no,no,no,no,no,False
102312770,METROPOLITAN NASHVILLE POLICE DEPT,20190145877,Davidson,Nashville,2/22/2019 6:38:00 PM,2,0,0,36.151860,-86.851190,53RD AVN,,,,0.00,,,CHARLOTTE AV,,,,0.00,Y,T-Intersection, ,Non-Junction,None,,,         ,Albert,Wilson,Rain,Angle,no,no,no,no,no,False
102312782,METROPOLITAN NASHVILLE POLICE DEPT,20190145753,Davidson,Nashville,2/22/2019 5:42:00 PM,2,0,0,36.148890,-86.691870,BRILEY PKWYS,,,,227.00,Feet,North,BRILEY PKWYN,,,,0.00,N,Not at Intersection, ,,None,,,         ,Trenton,Searcy,,,no,no,no,no,no,False
102312787,METROPOLITAN NASHVILLE POLICE DEPT,20190145908,Davidson,Nashville,2/22/2019 7:20:00 PM,2,0,0,36.242300,-86.676020,NEELYS BEND RD,,,,241.00,Feet,South,CANTON PASS,,,,0.00,N,Not at Intersection,N,Non-Junction,None,,,         ,Christopher,Littles,Rain,"Sideswipe, Opposite Direction",no,no,no,no,yes,False
102312788,METROPOLITAN NASHVILLE POLICE DEPT,20190145770,Davidson,Nashville,2/22/2019 6:02:00 PM,4,1,0,36.143150,-86.704790,I 40,,,,0.00,,,,,,,214.50,N,Not at Intersection,N,Non-Junction,None,,,         ,Steven,Powers,Rain,Front to Rear,no,no,no,no,no,False
102312799,METROPOLITAN NASHVILLE POLICE DEPT,20190145731,Davidson,Nashville,2/22/2019 5:50:00 PM,2,1,0,36.186670,-86.773460,DICKERSON PKE,,,,279.00,Feet,South,CLEVELAND ST,,,,0.00,N,Not at Intersection,N,Non-Junction,None,,,         ,Wade,Johnson,Rain,Front to Rear,no,no,no,no,no,False
102312809,METROPOLITAN NASHVILLE POLICE DEPT,20190145752,Davidson,Nashville,2/22/2019 5:20:00 PM,4,0,0,36.148980,-86.746330,I 40,,,,0.00,,,,,,,211.85,N,Not at Intersection,N,Non-Junction,None,,,         ,Darci,Stechman,Rain,Front to Rear,no,no,no,no,no,False
102312816,METROPOLITAN NASHVILLE POLICE DEPT,20190145929,Davidson,Nashville,2/22/2019 6:22:00 PM,2,0,0,36.069120,-86.683840,RICHARDS RD,,,,0.00,,,ANTIOCH PKE,,,,0.00,Y,T-Intersection, ,Intersection,None,,,         ,Ryan,Hampton,Rain,Front to Rear,no,no,no,no,no,False
102312817,METROPOLITAN NASHVILLE POLICE DEPT,20190145659,Davidson,Nashville,2/22/2019 5:21:00 PM,1,0,0,36.042500,-86.826820,OLD HICKORY BLVD,,,,157.00,Feet,East,AGINCOURT WAY,,,,0.00,N,Not at Intersection,N,Non-Junction,None,,,         ,FELIKS,ABRAHAMYAN,Rain,Not Collision with Motor Vehicle in Transport,no,no,no,no,no,False
102312819,METROPOLITAN NASHVILLE POLICE DEPT,20190145789,Davidson,Nashville,2/22/2019 6:25:00 PM,2,0,0,36.148990,-86.691780,BRILEY PKWYS,,,,272.00,Feet,North,BRILEY PKWYN,,,,0.00,N,Not at Intersection, ,,None,,,         ,Trenton,Searcy,,,no,no,no,no,no,False
102312823,METROPOLITAN NASHVILLE POLICE DEPT,20190145841,Davidson,Nashville,2/22/2019 6:55:00 PM,2,0,0,36.159530,-86.780630,BROADWAY,,,,93.00,Feet,East,7TH AVN,,,,0.00,N,Not at Intersection, ,Non-Junction,None,,,         ,Jonathan,Nicholson,Rain,Front to Rear,no,no,no,no,no,False
102312824,THP District 3 - Nashville,319009103,Davidson,Nashville,2/13/2019 8:23:00 PM,2,2,0,36.230440,-86.588220,SAUNDERSVILLE RD,,,,0.00,,,TYNE BLVD,,,,0.00,Y,T-Intersection,Y,Intersection,None,,,         ,Drew,Heath,Clear,Angle,no,no,no,no,no,False
102312826,METROPOLITAN NASHVILLE POLICE DEPT,20190145697,Davidson,Nashville,2/22/2019 5:35:00 PM,4,2,0,36.204760,-86.776510,I 65,,,,0.00,,,,,,,87.20,N,Not at Intersection,N,Non-Junction,None,,,         ,Jessica,Scott,Rain,Front to Rear,no,no,no,no,no,False
102312829,METROPOLITAN NASHVILLE POLICE DEPT,20190146030,Davidson,Nashville,2/22/2019 7:35:00 PM,2,0,0,36.172900,-86.765450,MAIN ST ENT RAMP,,,,5.00,Feet,North,SPRING ST,,,,0.00,N,Not at Intersection, ,,None,,,         ,Riley,Brewer,,,no,no,no,no,no,False
102312831,METROPOLITAN NASHVILLE POLICE DEPT,20190145779,Davidson,Nashville,2/22/2019 6:19:00 PM,3,2,0,36.062320,-86.904630,HIGHWAY 100,,,,0.00,,,OLD HICKORY BLVD,,,,0.00,Y,T-Intersection,N,Intersection,None,,,         ,Molly,Page,Rain,HeadOn,no,no,no,no,no,False
102312832,METROPOLITAN NASHVILLE POLICE DEPT,20190145953,Davidson,Nashville,2/22/2019 7:43:00 PM,2,0,0,36.045480,-86.647290,CROSSINGS BLVD,,,,0.00,,,MT VIEW RD,,,,0.00,Y,Four-Way, ,Intersection-Related,None,,,         ,Laura,Williams,Rain,Front to Rear,no,no,no,no,no,False
102312840,METROPOLITAN NASHVILLE POLICE DEPT,20190145861,Davidson,Nashville,2/22/2019 6:35:00 PM,1,0,0,36.065070,-86.685810,APACHE TRL,,,,0.00,,,PACKARD DR,,,,0.00,Y,T-Intersection, ,Intersection-Related,None,,,         ,Eric,Wegener,Rain,Not Collision with Motor Vehicle in Transport,no,no,no,no,no,False
102312848,METROPOLITAN NASHVILLE POLICE DEPT,20190145836,Davidson,Nashville,2/22/2019 6:32:00 PM,2,0,0,36.150940,-86.783140,DIVISION ST,,,,0.00,,,MAGAZINE ST,,,,0.00,Y,T-Intersection, ,Non-Junction,None,,,         ,Phillip,Burke,Rain,"Sideswipe, Same Direction",no,no,no,no,no,False
102312851,METROPOLITAN NASHVILLE POLICE DEPT,20190145934,Davidson,Nashville,2/22/2019 7:43:00 PM,2,0,0,36.126450,-86.710780,MURFREESBORO PKE,,,,134.00,Feet,South,THOMPSON PL,,,,0.00,N,Not at Intersection, ,"Driveway, Alley Access, etc",None,,,         ,Seth,Vaughn,Rain,Angle,no,no,no,no,no,False
102312855,METROPOLITAN NASHVILLE POLICE DEPT,20190145866,Davidson,Nashville,2/22/2019 6:40:00 PM,3,1,0,36.153710,-86.742260,FESSLERS LN,,,,226.00,Feet,South,LEBANON PKE,,,,0.00,N,Not at Intersection,N,Non-Junction,None,,,         ,Darci,Stechman,Rain,Front to Rear,no,no,no,no,no,False
102312864,METROPOLITAN NASHVILLE POLICE DEPT,20190145862,Davidson,Nashville,2/22/2019 6:00:00 PM,3,1,0,36.173660,-86.605450,CENTRAL PKE ENT RAMP,,,,0.00,Feet,East,I40 E EXT RAMP,,,,0.00,N,Not at Intersection,N,Non-Junction,None,,,         ,Carey,Steel,Rain,Front to Rear,no,no,no,no,yes,False
102312879,METROPOLITAN NASHVILLE POLICE DEPT,20190145715,Davidson,Antioch,2/22/2019 5:41:00 PM,2,0,0,36.028350,-86.590470,MURFREESBORO PKE,,,,0.00,Feet,East,LAVERGNE COUCHVILLE PKE,,,,0.00,N,Not at Intersection, ,,None,,,         ,Andrew,Brazee,,Front to Rear,no,no,no,no,no,False
102312884,METROPOLITAN NASHVILLE POLICE DEPT,20190146040,Davidson,Nashville,2/22/2019 8:03:00 PM,2,0,0,36.163480,-86.824800,ALBION ST,,,,0.00,,,32ND AVN,,,,0.00,Y,Four-Way,N,Non-Junction,None,,,         ,Melvin,Taylor,Rain,Angle,no,no,no,no,no,False
102312898,METROPOLITAN NASHVILLE POLICE DEPT,20190145445,Davidson,Nashville,2/22/2019 3:44:00 PM,2,0,0,36.156080,-86.789960,I40 E EXT RAMP,,,,77.00,Feet,South,I 40,,,,0.00,N,Not at Intersection, ,Non-Junction,None,,,         ,Darryl,Williams,Rain,"Sideswipe, Same Direction",no,no,no,no,no,False
102312901,METROPOLITAN NASHVILLE POLICE DEPT,20190146135,Davidson,Nashville,2/22/2019 9:35:00 PM,1,0,0,36.165100,-86.763700,I 24,,,,0.00,,,,,,,49.10,N,Not at Intersection,N,Non-Junction,None,,,         ,Riley,Brewer,Rain,Not Collision with Motor Vehicle in Transport,no,no,no,no,no,False
102312902,METROPOLITAN NASHVILLE POLICE DEPT,20190146083,Davidson,Nashville,2/22/2019 9:00:00 PM,2,1,0,36.047370,-86.713500,NOLENSVILLE PKE,,,,520.00,Feet,South,HICKORYVIEW DR,,,,0.00,N,Not at Intersection,N,Non-Junction,None,,,         ,Arend,Groeneweg,Rain,"Sideswipe, Same Direction",no,no,no,no,no,False
102312905,METROPOLITAN NASHVILLE POLICE DEPT,20190146129,Davidson,Nashville,2/22/2019 9:33:00 PM,1,1,0,36.025680,-86.615790,OLD HICKORY BLVD,,,,1909.00,Feet,South,LOGISTICS WAY,,,,0.00,N,Not at Intersection,N,Non-Junction,None,,,         ,Melissa,Flores,Rain,Not Collision with Motor Vehicle in Transport,no,no,no,no,no,False
102312906,METROPOLITAN NASHVILLE POLICE DEPT,20190146066,Davidson,Not in City Limit,2/22/2019 9:05:00 PM,2,0,0,36.264270,-86.736130,OLD HICKORY BLVDW,,,,0.00,,,I65 N ENT RAMP,,,,0.00,Y,T-Intersection,N,Entrance/Exit Ramp Related,None,,,         ,Christopher,Littles,Rain,Angle,no,no,no,no,no,False
102312908,METROPOLITAN NASHVILLE POLICE DEPT,20190145801,Davidson,Nashville,2/22/2019 6:24:00 PM,3,1,0,36.134310,-86.726910,I24E,,,,69.00,Feet,East,I24 E ENT RAMP,,,,0.00,N,Not at Intersection,N,Non-Junction,None,,,         ,Christopher,Augustin,Rain,Front to Rear,no,no,no,no,no,False
102312911,METROPOLITAN NASHVILLE POLICE DEPT,20190145989,Davidson,Nashville,2/22/2019 7:58:00 PM,2,0,0,36.094180,-86.653180,MURFREESBORO PKE,,,,107.00,Feet,South,FRANKLIN LIMESTONE RD,,,,0.00,N,Not at Intersection,N,Non-Junction,None,,,         ,Marcus,Darden,Clear,Front to Rear,no,no,no,no,no,False
102312912,METROPOLITAN NASHVILLE POLICE DEPT,20190146117,Davidson,Nashville,2/22/2019 9:26:00 PM,2,0,0,36.170110,-86.804070,JEFFERSON ST,,,,176.00,Feet,East,17TH AVN,,,,0.00,N,Not at Intersection, ,Non-Junction,None,,,         ,Christopher,Dickerson,Rain,Front to Rear,no,no,no,no,no,False
102312918,METROPOLITAN NASHVILLE POLICE DEPT,20190145902,Davidson,Nashville,2/22/2019 6:27:00 PM,2,0,0,36.121100,-86.726730,I440 W ENT RAMP,,,,0.00,Feet,East,I 24,,,,0.00,N,Not at Intersection,Y,Non-Junction,None,,,         ,Sean,Weaver,Rain,Front to Rear,no,no,no,no,no,False
102312919,METROPOLITAN NASHVILLE POLICE DEPT,20190145987,Davidson,Nashville,2/22/2019 6:46:00 PM,2,0,0,36.067560,-86.718570,NOLENSVILLE PKE,,,,281.00,Feet,South,HAYWOOD LN,,,,0.00,N,Not at Intersection, ,"Driveway, Alley Access, etc",None,,,         ,Andrew,Brazee,Rain,Angle,no,no,no,no,no,False
102312922,METROPOLITAN NASHVILLE POLICE DEPT,20190145920,Davidson,Nashville,2/22/2019 6:55:00 PM,2,0,0,36.191140,-86.775120,WHITES CREEK PKE,,,,443.00,Feet,South,LOTTA AV,,,,0.00,N,Not at Intersection,N,Non-Junction,None,,,         ,Marc,Kozen,Rain,"Sideswipe, Same Direction",no,no,no,no,yes,False
102312923,METROPOLITAN NASHVILLE POLICE DEPT,20190145945,Davidson,Nashville,2/22/2019 5:59:00 PM,2,0,0,36.215400,-86.588510,LEBANON PKE,,,,0.00,Feet,North,BIG HORN DR,,,,0.00,N,Not at Intersection, ,Non-Junction,None,,,         ,David,Stanley,Clear,Angle,no,no,no,no,no,False
102312924,METROPOLITAN NASHVILLE POLICE DEPT,20190146090,Davidson,Nashville,2/22/2019 9:10:00 PM,1,0,0,36.054950,-86.734970,MCMURRAY DR,,,,205.00,Feet,West,MCMURRAY CT,,,,0.00,N,Not at Intersection,N,Non-Junction,None,,,         ,FELIKS,ABRAHAMYAN,Rain,Not Collision with Motor Vehicle in Transport,no,no,no,no,yes,False
102312944,METROPOLITAN NASHVILLE POLICE DEPT,20190145894,Davidson,Nashville,2/22/2019 7:00:00 PM,2,0,0,36.135730,-86.885390,CHARLOTTE PKE,,,,76.00,Feet,West,BROOK HOLLOW RD,,,,0.00,N,Not at Intersection,N,Non-Junction,None,,,         ,Alexander,Donald,Rain,Front to Rear,no,no,no,no,no,False
102312948,METROPOLITAN NASHVILLE POLICE DEPT,20190145958,Davidson,Nashville,2/22/2019 7:59:00 PM,1,0,0,36.180370,-86.818400,BUCHANAN ST,,,,147.00,Feet,West,25TH AVN,,,,0.00,N,Not at Intersection, ,,None,,,         ,Christopher,Lawson,,,no,no,no,no,no,False
102312955,METROPOLITAN NASHVILLE POLICE DEPT,20190146233,Davidson,Nashville,2/22/2019 10:25:00 PM,2,0,0,36.161440,-86.776210,BROADWAY,,,,80.00,Feet,West,3RD AVN,,,,0.00,N,Not at Intersection,N,OtherLocation,None,,,         ,John,Anderson,Rain,Other,no,no,no,no,yes,False
102312970,METROPOLITAN NASHVILLE POLICE DEPT,20190145979,Davidson,Not in City Limit,2/22/2019 7:59:00 PM,2,0,0,36.078890,-87.022580,MCCRORY LN,,,,52.00,Feet,North,NEWSOM STATION RD,,,,0.00,N,Not at Intersection, ,Non-Junction,None,,,         ,Alexander,Donald,Rain,Front to Rear,no,no,no,no,yes,False
102312978,METROPOLITAN NASHVILLE POLICE DEPT,20190146229,Davidson,Nashville,2/22/2019 8:25:00 PM,2,0,0,36.141010,-86.840900,MURPHY RD,,,,7.00,Feet,East,MURPHY RD 46TH AV N ROUND,,,,0.00,N,Not at Intersection, ,Non-Junction,None,,,         ,Joshua,Asbell,Rain,Angle,no,no,no,no,no,False
102312979,METROPOLITAN NASHVILLE POLICE DEPT,20190146305,Davidson,Nashville,2/22/2019 12:00:00 AM,2,0,0,36.180590,-86.796350,GARFIELD ST,,,,0.00,,,ROSA L PARKS BLVD,,,,0.00,Y,Four-Way,Y,Intersection,None,,,         ,Myriah,Iles,Rain,Angle,no,no,no,no,no,False
102312986,METROPOLITAN NASHVILLE POLICE DEPT,20190146249,Davidson,Nashville,2/22/2019 10:21:00 PM,1,0,0,36.171520,-86.765570,WOODLAND ST,,,,264.00,Feet,West,S 5TH ST,,,,0.00,N,Not at Intersection,N,Non-Junction,None,,,         ,Joshua,Whitworth,Rain,Not Collision with Motor Vehicle in Transport,no,no,no,yes,no,False
102312988,METROPOLITAN NASHVILLE POLICE DEPT,20190146378,Davidson,Nashville,2/23/2019 12:07:00 AM,1,0,0,36.167880,-86.607240,I40 E EXT RAMP,,,,0.00,,,I 40,,,,0.00,Y,OTHER,N,Entrance/Exit Ramp Related,None,,,         ,Jacob,West,Rain,Not Collision with Motor Vehicle in Transport,no,no,no,no,no,False