master_record_number,agency,agency_tracking_number,county,city,collision_date,vehicles_involved,number_injured,number_dead,latitude,longitude,roadway_name,roadway_suffix,roadway_number,roadway_local_id,distance_from_reference,miles-feet_indicator,direction_from_reference,intersection_road_name,intersection_road_name_suffix,intersection_road_number,intersection_local_id,mile_marker,intersection_indicator,intersect_type,interchange_related_indicator,relation_to_junction,work_zone_type,construction_maintenance_zone,construction_maintenance_zone_location,fatal_case_number,officer_first_name,officer_last_name,weather_condition(s),manner_of_crash,pedestrian,bicycle,scooter,parking,hitrun,mou
102313011,METROPOLITAN NASHVILLE POLICE DEPT,20190146290,Davidson,Nashville,2/22/2019 11:20:00 PM,2,0,0,36.192160,-86.730860,STRAIGHTWAY AV,,,,683.00,Feet,East,CREIGHTON AV,,,,0.00,N,Not at Intersection,N,Non-Junction,None,,,         ,Christopher,Butner,Rain,Not Collision with Motor Vehicle in Transport,no,no,no,no,no,False
102313017,METROPOLITAN NASHVILLE POLICE DEPT,20190146545,Davidson,Nashville,2/23/2019 12:09:00 AM,2,0,0,36.159870,-86.795640,CHARLOTTE AV,,,,79.00,Feet,West,15TH AVN,,,,0.00,N,Not at Intersection,N,Non-Junction,None,,,         ,Dakota,Vermillion,Rain,Angle,no,no,no,no,yes,False
102313020,METROPOLITAN NASHVILLE POLICE DEPT,20190146475,Davidson,Nashville,2/23/2019 12:54:00 AM,1,0,0,36.193360,-86.776910,I 65,,,,0.00,,,,,,,86.50,N,Not at Intersection,Y,Non-Junction,None,,,         ,Abigail,Malone,Rain,Not Collision with Motor Vehicle in Transport,no,no,no,no,no,False
102313038,METROPOLITAN NASHVILLE POLICE DEPT,20190146566,Davidson,Nashville,2/23/2019 1:53:00 AM,2,0,0,36.171840,-86.764770,S 5TH ST,,,,0.00,Feet,,WOODLAND ST,,,,0.00,Y,Four-Way, ,Intersection-Related,None,,,         ,Joshua,Whitworth,Rain,"Sideswipe, Same Direction",no,no,no,no,yes,False
102313039,METROPOLITAN NASHVILLE POLICE DEPT,20190146267,Davidson,Not in City Limit,2/22/2019 11:00:00 PM,2,1,0,36.308610,-86.681540,RIVERCHASE BLVD,,,,0.00,,,GALLATIN PKEN,,,,0.00,Y,Four-Way,N,Intersection,None,,,         ,Coleman,McKellar,Rain,Angle,no,no,no,no,no,False
102313048,METROPOLITAN NASHVILLE POLICE DEPT,20190146731,Davidson,Nashville,2/23/2019 2:50:00 AM,2,0,0,36.161200,-86.792680,CHARLOTTE AV,,,,0.00,Feet,,GEORGE L DAVIS BLVD,,,,0.00,Y,Four-Way,N,Intersection,None,,,         ,Reagan,Heath,Clear,Angle,no,no,no,no,yes,False
102313056,METROPOLITAN NASHVILLE POLICE DEPT,20190146596,Davidson,Nashville,2/23/2019 1:55:00 AM,2,1,0,36.090070,-86.703340,I 24,,,,0.00,,,,,,,55.40,N,Not at Intersection,N,Non-Junction,None,,,         ,Thomas,Broatch,Rain,Front to Rear,no,no,no,no,no,False
102313062,METROPOLITAN NASHVILLE POLICE DEPT,20190146811,Davidson,Nashville,2/23/2019 3:45:00 AM,1,0,0,36.189530,-86.791960,I 65,,,,0.00,,,,,,,85.60,N,Not at Intersection,Y,Entrance/Exit Ramp Related,None,,,         ,Christopher,Royer,Rain,Not Collision with Motor Vehicle in Transport,no,no,no,no,no,False
102313063,METROPOLITAN NASHVILLE POLICE DEPT,20190146824,Davidson,Nashville,2/23/2019 3:50:00 AM,1,0,0,36.108330,-86.720840,I 24,,,,0.00,,,,,,,53.80,N,Not at Intersection,N,Non-Junction,None,,,         ,Teresah,Pinho,Rain,Not Collision with Motor Vehicle in Transport,no,no,no,no,no,False
102313064,Nashville Airport Police,2019-00758,Davidson,Nashville,2/22/2019 10:30:00 PM,2,0,0,36.137210,-86.670000,I40 E EXT RAMP,,,,0.00,,,I40 W ENT RAMP,,,,0.00,Y,OTHER, ,OtherLocation,None,,,         ,Tyler,Drown,Rain,Rear to Rear,no,no,no,yes,no,False
102313066,METROPOLITAN NASHVILLE POLICE DEPT,20190146846,Davidson,Nashville,2/23/2019 12:00:00 AM,1,0,0,36.056050,-86.675800,I 24,,,,0.00,,,,,,,58.20,N,Not at Intersection,N,Non-Junction,None,,,         ,Alex,DiBernardo,Rain,Unknown,no,no,no,no,yes,False
102313071,METROPOLITAN NASHVILLE POLICE DEPT,20190146643,Davidson,Nashville,2/23/2019 12:00:00 AM,1,0,0,36.027760,-86.647600,CANE RIDGE RD,,,,536.00,Feet,South,OLD FRANKLIN RD,,,,0.00,N,Not at Intersection,N,Non-Junction,None,,,         ,Carey,Steel,Rain,Not Collision with Motor Vehicle in Transport,no,no,no,no,yes,False
102313082,METROPOLITAN NASHVILLE POLICE DEPT,2019-0146925,Davidson,Nashville,2/23/2019 4:54:00 AM,1,0,0,36.144770,-86.647140,I 40,,,,0.00,,,,,,,217.20,N,Not at Intersection,N,Non-Junction,None,,,         ,Bridget,Griepentrog,Rain,Not Collision with Motor Vehicle in Transport,no,no,no,no,yes,False
102313106,METROPOLITAN NASHVILLE POLICE DEPT,20190146921,Davidson,Nashville,2/23/2019 4:45:00 AM,1,0,0,36.165960,-86.764330,I 24,,,,0.00,,,,,,,49.00,N,Not at Intersection,N,Non-Junction,None,,,         ,Frederick,Ware,Rain,Not Collision with Motor Vehicle in Transport,no,no,no,no,no,False
102313107,METROPOLITAN NASHVILLE POLICE DEPT,20190146971,Davidson,Nashville,2/23/2019 5:36:00 AM,2,0,0,36.169780,-86.603670,I 40,,,,0.00,,,,,,,220.70,N,Not at Intersection, ,Non-Junction,None,,,         ,Patrick,Lancaster,Rain,Rear to Side,no,no,no,no,no,False
102313108,METROPOLITAN NASHVILLE POLICE DEPT,20190146991,Davidson,Nashville,2/23/2019 5:50:00 AM,2,1,0,36.165790,-86.764220,I 24,,,,0.00,,,,,,,49.00,N,Not at Intersection,N,Non-Junction,None,,,         ,Reginald,Pierre-Paul,Rain,Angle,no,no,no,no,no,False
102313111,METROPOLITAN NASHVILLE POLICE DEPT,20190147053,Davidson,Nashville,2/23/2019 6:38:00 AM,1,0,0,36.143950,-86.691630,I 40,,,,0.00,,,,,,,215.20,N,Not at Intersection,N,Non-Junction,None,,,         ,Tien,Nguyen,Rain,Not Collision with Motor Vehicle in Transport,no,no,no,no,no,False
102313117,METROPOLITAN NASHVILLE POLICE DEPT,2019-0147043,Davidson,Nashville,2/23/2019 6:30:00 AM,2,1,0,36.238120,-86.783030,BRILEY PKWYE,,,,0.00,,,I24 W EXT RAMP,,,,0.00,Y,OTHER,Y,Entrance/Exit Ramp Related,None,,,         ,Travis,Baxter,Rain,"Sideswipe, Same Direction",no,no,no,no,yes,False
102313125,METROPOLITAN NASHVILLE POLICE DEPT,20190147122,Davidson,Nashville,2/23/2019 7:49:00 AM,1,1,0,36.109830,-86.811340,HILLSBORO PKE,,,,298.00,Feet,North,CRESTMOOR RD,,,,0.00,N,Not at Intersection,N,Non-Junction,None,,,         ,Nathan,Kemp,Rain,Not Collision with Motor Vehicle in Transport,yes,no,no,yes,no,False
102313128,METROPOLITAN NASHVILLE POLICE DEPT,20190147047,Davidson,Nashville,2/23/2019 6:48:00 AM,2,1,0,36.229380,-86.759280,BROADMOOR DR,,,,0.00,,,DICKERSON PKE,,,,0.00,Y,Four-Way,N,Intersection,None,,,         ,Nicholas,Smith,Rain,Angle,no,no,no,no,no,False
102313132,METROPOLITAN NASHVILLE POLICE DEPT,20190147140,Davidson,Nashville,2/23/2019 7:56:00 AM,1,0,0,36.159050,-86.791980,I 40,,,,0.00,,,,,,,208.90,N,Not at Intersection,N,Non-Junction,None,,,         ,Michael,McCord,Rain,Not Collision with Motor Vehicle in Transport,no,no,no,no,no,False
102313139,METROPOLITAN NASHVILLE POLICE DEPT,20190147143,Davidson,Nashville,2/23/2019 8:04:00 AM,1,1,0,36.145500,-86.626190,LINCOYA BAY DR,,,,0.00,,,BELL RD,,,,0.00,Y,Four-Way,N,Intersection-Related,None,,,         ,Tien,Nguyen,Rain,Not Collision with Motor Vehicle in Transport,no,no,no,no,no,False
102313140,METROPOLITAN NASHVILLE POLICE DEPT,20190147118,Davidson,Nashville,2/23/2019 7:37:00 AM,2,1,0,36.151800,-86.771250,4TH AVS,,,,0.00,,,LAFAYETTE ST,,,,0.00,Y,Four-Way,N,Intersection,None,,,         ,Shedie,Herbert III,Rain,Angle,no,no,no,no,no,False
102313146,METROPOLITAN NASHVILLE POLICE DEPT,20190147169,Davidson,Nashville,2/23/2019 8:25:00 AM,1,0,0,36.142570,-86.822880,I 440,,,,0.00,,,,,,,0.05,N,Not at Intersection, ,Non-Junction,None,,,         ,Robert,Morris,Rain,Not Collision with Motor Vehicle in Transport,no,no,no,no,no,False
102313147,METROPOLITAN NASHVILLE POLICE DEPT,20190146833,Davidson,Nashville,2/23/2019 3:57:00 AM,2,2,0,36.160800,-86.781800,7TH AVN,,,,0.00,,,COMMERCE ST,,,,0.00,Y,Four-Way,N,Intersection,None,,,         ,Austin,Childress,Rain,Angle,no,no,no,no,no,False
102313152,Nashville Airport Police,2019-00763,Davidson,Nashville,2/23/2019 7:13:00 AM,2,0,0,36.131550,-86.668670,TERMINAL DR,,,,1258.00,Feet,West,AIRPORT SERVICE RD,,,,0.00,N,Not at Intersection,N,Non-Junction,None,,,         ,Cody,Travis,Rain,Front to Rear,no,no,no,no,yes,False
102313156,METROPOLITAN NASHVILLE POLICE DEPT,20190147142,Davidson,Nashville,2/23/2019 8:00:00 AM,2,0,0,36.175010,-86.784680,3RD AVN,,,,0.00,,,JEFFERSON ST,,,,0.00,Y,Four-Way, ,Intersection-Related,None,,,         ,Royce,McLester,Rain,Angle,no,no,no,no,no,False
102313159,METROPOLITAN NASHVILLE POLICE DEPT,20190147230,Davidson,Nashville,2/23/2019 9:06:00 AM,2,1,0,36.152240,-86.625070,BELL RD,,,,0.00,,,STEWARTS FERRY PKE,,,,0.00,Y,Four-Way,N,Intersection,None,,,         ,MIchael,Mihajlov,Rain,Angle,no,no,no,no,no,False
102313160,METROPOLITAN NASHVILLE POLICE DEPT,20190147229,Davidson,Nashville,2/23/2019 9:02:00 AM,1,0,0,36.101860,-86.713050,I 24,,,,0.00,,,,,,,54.45,N,Not at Intersection,N,Non-Junction,None,,,         ,Adam,Warren,Rain,Not Collision with Motor Vehicle in Transport,no,no,no,no,no,False
102313173,METROPOLITAN NASHVILLE POLICE DEPT,20190147323,Davidson,Nashville,2/23/2019 10:11:00 AM,1,1,0,36.115290,-86.772760,I440 W ENT RAMP,,,,0.00,Feet,East,I 65,,,,0.00,N,Not at Intersection,N,Non-Junction,None,,,         ,Nathan,Kemp,Rain,Not Collision with Motor Vehicle in Transport,no,no,no,no,no,False
102313175,METROPOLITAN NASHVILLE POLICE DEPT,20190147329,Davidson,Nashville,2/23/2019 10:15:00 AM,2,0,0,36.152240,-86.625070,BELL RD,,,,0.00,,,STEWARTS FERRY PKE,,,,0.00,Y,Four-Way,N,Intersection-Related,None,,,         ,Tien,Nguyen,Rain,Front to Rear,no,no,no,no,no,False
102313177,METROPOLITAN NASHVILLE POLICE DEPT,20190147305,Davidson,Antioch,2/23/2019 10:00:00 AM,2,1,0,36.047840,-86.612050,MURFREESBORO PKE,,,,0.00,,,MOUNTAIN SPRINGS RD,,,,0.00,Y,Four-Way, ,Non-Junction,None,,,         ,Ryan,Howard,Rain,Front to Rear,no,no,no,no,yes,False
102313181,METROPOLITAN NASHVILLE POLICE DEPT,20190147288,Davidson,Nashville,2/23/2019 9:50:00 AM,2,0,0,36.109750,-86.922510,OLD HICKORY BLVD,,,,29.00,Feet,South,SONYA DR,,,,0.00,N,Not at Intersection, ,Non-Junction,None,,,         ,Douglas,Atwood,Rain,Front to Rear,no,no,no,no,no,False
102313197,METROPOLITAN NASHVILLE POLICE DEPT,20190147354,Davidson,Nashville,2/23/2019 10:20:00 AM,2,0,0,36.180590,-86.796350,GARFIELD ST,,,,0.00,,,ROSA L PARKS BLVD,,,,0.00,Y,Four-Way, ,Intersection,None,,,         ,Brian,Mclarty,Rain,"Sideswipe, Same Direction",no,no,no,no,no,False
102313202,METROPOLITAN NASHVILLE POLICE DEPT,20190147376,Davidson,Nashville,2/23/2019 10:08:00 AM,2,0,0,36.028350,-86.590470,MURFREESBORO PKE,,,,0.00,,,LAVERGNE COUCHVILLE PKE,,,,0.00,Y,Four-Way,Y,Intersection,None,,,         ,James,Jarvis,Rain,Front to Rear,no,no,no,no,yes,False
102313206,METROPOLITAN NASHVILLE POLICE DEPT,20190147350,Davidson,Nashville,2/23/2019 10:25:00 AM,1,1,0,36.196480,-86.592710,TULIP GROVE RD,,,,305.00,Feet,North,BAYHILL CT,,,,0.00,N,Not at Intersection,N,Non-Junction,None,,,         ,Michael,Brooks,Rain,Not Collision with Motor Vehicle in Transport,no,no,no,no,no,False
102313208,METROPOLITAN NASHVILLE POLICE DEPT,20190147387,Davidson,Not in City Limit,2/23/2019 12:00:00 AM,2,0,0,36.271840,-86.697270,FEDDERS DR,,,,380.00,Feet,West,SINGER DR,,,,0.00,N,Not at Intersection,N,Non-Junction,None,,,         ,Timothy,Kearney,Unknown,Unknown,no,no,no,no,yes,False
102313214,METROPOLITAN NASHVILLE POLICE DEPT,20190147458,Davidson,Nashville,2/23/2019 11:30:00 AM,2,0,0,36.133460,-86.785150,ACKLEN AV,,,,0.00,,,10TH AVS,,,,0.00,Y,T-Intersection, ,Intersection,None,,,         ,Nathan,Kemp,Rain,"Sideswipe, Opposite Direction",no,no,no,no,no,False
102313215,METROPOLITAN NASHVILLE POLICE DEPT,20190147393,Davidson,Nashville,2/23/2019 10:32:00 AM,2,0,0,36.232290,-86.624730,SHUTE LN,,,,0.00,,,OLD HICKORY BLVD,,,,0.00,Y,T-Intersection, ,Intersection-Related,None,,,         ,Tien,Nguyen,Rain,Front to Rear,no,no,no,no,no,False
102313220,METROPOLITAN NASHVILLE POLICE DEPT,20190147210,Davidson,Nashville,2/23/2019 8:57:00 AM,1,1,0,36.219900,-86.761940,ALHAMBRA CIR,,,,107.00,Feet,East,DICKERSON PKE,,,,0.00,N,Not at Intersection,N,Non-Junction,None,,,         ,Joseph,Progar,Rain,Not Collision with Motor Vehicle in Transport,no,no,no,no,no,False
102313225,METROPOLITAN NASHVILLE POLICE DEPT,20190147448,Davidson,Nashville,2/23/2019 11:26:00 AM,2,0,0,36.145740,-86.764720,CHESTNUT ST,,,,0.00,,,2ND AVS,,,,0.00,Y,Four-Way, ,Intersection,None,,,         ,Joseph,Simon,Rain,Front to Rear,no,no,no,no,no,False
102313226,METROPOLITAN NASHVILLE POLICE DEPT,20190147474,Davidson,Nashville,2/23/2019 11:39:00 AM,1,0,0,36.144050,-86.699040,I 40,,,,0.00,,,,,,,214.80,N,Not at Intersection,N,Entrance/Exit Ramp Related,None,,,         ,Tien,Nguyen,Rain,Not Collision with Motor Vehicle in Transport,no,no,no,no,no,False
102313244,METROPOLITAN NASHVILLE POLICE DEPT,20190147539,Davidson,Nashville,2/23/2019 12:25:00 PM,2,0,0,36.067870,-86.718810,NOLENSVILLE PKE,,,,151.00,Feet,South,HAYWOOD LN,,,,0.00,N,Not at Intersection, ,Non-Junction,None,,,         ,Jason,Hees,Rain,Front to Rear,no,no,no,no,yes,False
102313253,METROPOLITAN NASHVILLE POLICE DEPT,20190147345,Davidson,Nashville,2/23/2019 10:23:00 AM,2,0,0,36.193170,-86.777150,I 65,,,,0.00,,,,,,,86.50,N,Not at Intersection, ,Non-Junction,None,,,         ,James,Wray,Rain,Angle,no,no,no,no,no,False
102313254,METROPOLITAN NASHVILLE POLICE DEPT,20190147473,Davidson,Nashville,2/23/2019 10:55:00 AM,2,0,0,36.055800,-86.643060,THE OVERLOOK PVTDR,,,,346.00,Feet,North,BELL RD,,,,0.00,N,Not at Intersection,N,Non-Junction,None,,,         ,Brandon,Evans,Rain,Angle,no,no,no,no,yes,False
102313256,METROPOLITAN NASHVILLE POLICE DEPT,20190147585,Davidson,Nashville,2/23/2019 1:02:00 PM,2,1,0,36.170810,-86.601650,I40 W ENT RAMP,,,,0.00,,,I 40,,,,0.00,Y,Four-Way, ,Entrance/Exit Ramp Related,None,,,         ,Tien,Nguyen,Rain,Front to Rear,no,no,no,no,no,False
102313261,METROPOLITAN NASHVILLE POLICE DEPT,20190147562,Davidson,Nashville,2/23/2019 12:32:00 PM,2,0,0,36.182390,-86.775100,I 24,,,,0.00,,,,,,,47.40,N,Not at Intersection, ,,None,,,         ,Kyle,Eicholtz,,,no,no,no,no,no,False
102313266,METROPOLITAN NASHVILLE POLICE DEPT,20190147577,Davidson,Nashville,2/23/2019 12:59:00 PM,1,1,0,36.173130,-86.689080,BRILEY PKWYN,,,,141.00,Feet,East,BRILEY PKWYS,,,,0.00,N,Not at Intersection,N,Non-Junction,None,,,         ,Zachary,Plese,Rain,Not Collision with Motor Vehicle in Transport,no,no,no,no,no,False
102313267,METROPOLITAN NASHVILLE POLICE DEPT,20190147532,Davidson,Nashville,2/23/2019 12:17:00 PM,2,0,0,36.235200,-86.727080,BRILEY PKWYE,,,,208.00,Feet,West,BRILEY PKWY E EXT RAMP,,,,0.00,N,Not at Intersection,N,Non-Junction,None,,,         ,Nicholas,Smith,Rain,Front to Rear,no,no,no,yes,yes,False
102313268,METROPOLITAN NASHVILLE POLICE DEPT,20190147515,Davidson,Goodlettsville,2/23/2019 12:06:00 PM,2,2,0,36.301060,-86.694330,GALLATIN PKEN,,,,179.00,Feet,East,SHEPHERD HILLS DR,,,,0.00,N,Not at Intersection,N,Non-Junction,None,,,         ,Gabriel,Centeno,Rain,Angle,no,no,no,no,no,False
102313269,METROPOLITAN NASHVILLE POLICE DEPT,20190147519,Davidson,Nashville,2/23/2019 12:05:00 PM,2,0,0,36.109370,-86.727730,BRILEY PKWYN,,,,95.00,Feet,East,BRILEY PKWYS,,,,0.00,N,Not at Intersection, ,Non-Junction,None,,,         ,James,Thomas,Rain,Front to Rear,no,no,no,no,no,False
102313273,METROPOLITAN NASHVILLE POLICE DEPT,2019-0147563,Davidson,Nashville,2/23/2019 12:40:00 PM,2,0,0,36.239310,-86.776780,BRILEY PKWYW,,,,404.00,Feet,East,BRILEY PKWY W EXT RAMP,,,,0.00,N,Not at Intersection,N,Non-Junction,None,,,         ,Travis,Baxter,Rain,Other,no,no,no,no,no,False
102313299,METROPOLITAN NASHVILLE POLICE DEPT,20190145872,Davidson,Nashville,2/22/2019 7:01:00 PM,1,0,0,36.034840,-86.971650,HIGHWAY 100,,,,44.00,Feet,West,WESTHAVEN DR,,,,0.00,N,Not at Intersection, ,,None,,,         ,Ty,Cummings,,,no,no,no,no,no,False
102313304,METROPOLITAN NASHVILLE POLICE DEPT,20190147629,Davidson,Nashville,2/23/2019 1:34:00 PM,1,1,0,36.143810,-86.816380,31ST AVN,,,,90.00,Feet,North,HEDRICK ST,,,,0.00,N,Not at Intersection,N,Non-Junction,None,,,         ,Justan,Vance,Rain,Not Collision with Motor Vehicle in Transport,no,no,no,no,no,Campus
102313308,METROPOLITAN NASHVILLE POLICE DEPT,20190147689,Davidson,Nashville,2/23/2019 2:20:00 PM,2,0,0,36.059070,-86.716220,NOLENSVILLE PKE,,,,0.00,Feet,East,TUSCULUM RD,,,,0.00,N,Not at Intersection,N,Non-Junction,None,,,         ,Gregory,Scott,Rain,Front to Rear,no,no,no,no,yes,False
102313311,METROPOLITAN NASHVILLE POLICE DEPT,20190147566,Davidson,Nashville,2/23/2019 12:50:00 PM,2,1,0,36.040320,-86.768750,OLD HICKORY BLVD,,,,112.00,Feet,West,SEVEN SPRINGS WAY,,,,0.00,N,Not at Intersection,N,Non-Junction,None,,,         ,Raymond,Flaherty,Cloudy,Front to Rear,no,no,no,no,no,False
102313313,METROPOLITAN NASHVILLE POLICE DEPT,20190147714,Davidson,Nashville,2/23/2019 2:38:00 PM,2,1,0,36.170820,-86.601550,OLD HICKORY BLVD,,,,0.00,,,I40 W EXT RAMP,,,,0.00,Y,Four-Way,Y,Entrance/Exit Ramp Related,None,,,         ,Michael,Brooks,Rain,Angle,no,no,no,no,yes,False
102313320,METROPOLITAN NASHVILLE POLICE DEPT,20190147633,Davidson,Nashville,2/23/2019 1:25:00 PM,2,0,0,36.032560,-86.768700,CLOVERLAND DR,,,,0.00,,,JONES PKWY,,,,0.00,Y,Four-Way, ,Intersection,None,,,         ,Raymond,Flaherty,Cloudy,Front to Rear,no,no,no,no,no,False
102313328,METROPOLITAN NASHVILLE POLICE DEPT,20190147698,Davidson,Nashville,2/23/2019 1:59:00 PM,2,1,0,36.045740,-86.674350,BELL RD,,,,0.00,,,BLUE HOLE RD,,,,0.00,Y,Four-Way,Y,Intersection-Related,None,,,         ,Joseph,Simon,Rain,Front to Rear,no,no,no,no,no,False
102313334,METROPOLITAN NASHVILLE POLICE DEPT,20190147835,Davidson,Nashville,2/23/2019 3:20:00 PM,1,0,0,36.152910,-86.854450,I 40,,,,0.00,,,,,,,204.15,N,Not at Intersection, ,Non-Junction,None,,,         ,Darren,Key,Cloudy,Not Collision with Motor Vehicle in Transport,no,no,no,no,no,False
102313336,METROPOLITAN NASHVILLE POLICE DEPT,20190147908,Davidson,Nashville,2/23/2019 3:49:00 PM,2,0,0,36.141240,-86.778620,8TH AVS,,,,182.00,Feet,North,VERNON AV,,,,0.00,N,Not at Intersection, ,Non-Junction,None,,,         ,Randy,Puckett,Rain,Angle,no,no,no,no,no,False
102313339,METROPOLITAN NASHVILLE POLICE DEPT,20190147744,Davidson,Nashville,2/23/2019 2:50:00 PM,2,0,0,36.049980,-86.649500,BELL RD,,,,0.00,,,MT VIEW RD,,,,0.00,Y,Four-Way,Y,Intersection-Related,None,,,         ,Laura,Williams,Rain,Front to Rear,no,no,no,no,yes,False
102313340,METROPOLITAN NASHVILLE POLICE DEPT,20190147932,Davidson,Nashville,2/23/2019 3:55:00 PM,1,0,0,36.175810,-86.766370,ELLINGTON PKWYN,,,,43.00,Feet,West,SPRING ST,,,,0.00,N,Not at Intersection,N,Non-Junction,None,,,         ,Riley,Brewer,Rain,Not Collision with Motor Vehicle in Transport,no,no,no,no,no,False
102313352,METROPOLITAN NASHVILLE POLICE DEPT,20190147690,Davidson,Nashville,2/23/2019 2:19:00 PM,2,1,0,36.176280,-86.756390,MAIN ST,,,,223.00,Feet,West,S 9TH ST,,,,0.00,N,Not at Intersection,N,Non-Junction,None,,,         ,Joseph,Progar,Rain,Front to Rear,no,no,no,no,yes,False
102313355,METROPOLITAN NASHVILLE POLICE DEPT,20190147781,Davidson,Nashville,2/23/2019 3:00:00 PM,2,0,0,36.211810,-86.730010,HOWARD AV,,,,514.00,Feet,West,KATHERINE ST,,,,0.00,N,Not at Intersection,N,Non-Junction,None,,,         ,Zachary,Carter,Cloudy,Angle,no,no,no,no,yes,False
102313359,METROPOLITAN NASHVILLE POLICE DEPT,20190147888,Davidson,Nashville,2/23/2019 1:40:00 PM,2,0,0,36.106210,-86.673060,MURFREESBORO PKE,,,,0.00,,,DONELSON PKE,,,,0.00,Y,Four-Way, ,Non-Junction,None,,,         ,Steven,Williams,Rain,"Sideswipe, Same Direction",no,no,no,no,yes,False
102313363,METROPOLITAN NASHVILLE POLICE DEPT,20190147928,Davidson,Not in City Limit,2/23/2019 3:51:00 PM,2,0,0,36.265130,-86.737640,I 65,,,,0.00,,,,,,,92.30,N,Not at Intersection, ,,None,,,         ,Michael,Quinn,,,no,no,no,no,no,False
102313364,METROPOLITAN NASHVILLE POLICE DEPT,20190147786,Davidson,Nashville,2/23/2019 3:07:00 PM,2,0,0,36.045370,-86.713260,NOLENSVILLE PKE,,,,0.00,,,OLD HICKORY BLVD,,,,0.00,Y,T-Intersection, ,,None,,,         ,Citlaly,Juarez,,,no,no,no,no,no,False
102313365,METROPOLITAN NASHVILLE POLICE DEPT,20190147717,Davidson,Nashville,2/23/2019 2:35:00 PM,2,0,0,36.160140,-86.779220,BROADWAY,,,,260.00,Feet,West,5TH AVS,,,,0.00,N,Not at Intersection, ,Non-Junction,None,,,         ,Wesley,Henderson,Rain,"Sideswipe, Same Direction",no,no,no,no,no,False
102313366,METROPOLITAN NASHVILLE POLICE DEPT,20190147953,Davidson,Nashville,2/23/2019 4:05:00 PM,2,0,0,36.190220,-86.832670,ESTHER AV,,,,201.00,Feet,West,HAILEY AV,,,,0.00,N,Not at Intersection,N,Non-Junction,None,,,         ,Justin,Vaughn,Rain,HeadOn,no,no,no,yes,yes,False
102313368,METROPOLITAN NASHVILLE POLICE DEPT,20190147657,Davidson,Nashville,2/23/2019 1:59:00 PM,2,0,0,36.091360,-86.828510,HARDING PL,,,,0.00,,,HILLSBORO PKE,,,,0.00,Y,Four-Way, ,Intersection,None,,,         ,Raymond,Flaherty,Cloudy,Front to Rear,no,no,no,no,no,False
102313369,METROPOLITAN NASHVILLE POLICE DEPT,20190145723,Davidson,Nashville,2/22/2019 5:47:00 PM,2,0,0,36.152770,-86.779320,DREXEL ST,,,,0.00,,,8TH AVS,,,,0.00,Y,T-Intersection, ,,None,,,         ,Joshua,Reece,,,no,no,no,no,no,False
102313385,METROPOLITAN NASHVILLE POLICE DEPT,20190147878,Davidson,Not in City Limit,2/23/2019 3:38:00 PM,2,0,0,36.264090,-86.690550,STATE RT 45,,,,75.00,Feet,West,MYATT DR,,,,0.00,N,Not at Intersection, ,Non-Junction,None,,,         ,DuJuan,Kendrick,Clear,Angle,no,no,no,no,no,False
102313394,METROPOLITAN NASHVILLE POLICE DEPT,20190148040,Davidson,Nashville,2/23/2019 4:04:00 PM,1,0,0,36.224220,-86.774410,I24 W ENT RAMP,,,,0.00,Feet,East,I 65,,,,0.00,N,Not at Intersection,N,Non-Junction,None,,,         ,Eric,McCoy,Rain,Not Collision with Motor Vehicle in Transport,no,no,no,no,no,False
102313395,METROPOLITAN NASHVILLE POLICE DEPT,20190077583,Davidson,Not in City Limit,1/29/2019 7:23:00 PM,1,1,0,36.307720,-86.820970,I 24,,,,0.00,,,,,,,38.05,N,Not at Intersection,N,Non-Junction,None,,,         ,John,Vandenberg,Clear,Not Collision with Motor Vehicle in Transport,no,no,no,no,no,False
102313396,METROPOLITAN NASHVILLE POLICE DEPT,20190077448,Davidson,Not in City Limit,1/29/2019 6:00:00 PM,2,0,0,36.337150,-86.870320,WHITES CREEK PKE,,,,235.00,Feet,North,MORGAN RD,,,,0.00,N,Not at Intersection, ,Non-Junction,None,,,         ,John,Vandenberg,Clear,Front to Rear,no,no,no,no,no,False
102313397,METROPOLITAN NASHVILLE POLICE DEPT,20190148196,Davidson,Nashville,2/23/2019 5:55:00 PM,1,1,0,36.133620,-86.792100,CALDWELL AV,,,,0.00,Feet,South,15TH AVS,,,,0.00,N,Not at Intersection,N,Non-Junction,None,,,         ,Conor,Cronin,Rain,Not Collision with Motor Vehicle in Transport,yes,no,no,no,no,False
102313399,METROPOLITAN NASHVILLE POLICE DEPT,20190148205,Davidson,Nashville,2/23/2019 12:00:00 AM,2,0,0,36.080400,-86.717930,RECOVERY RD,,,,0.00,,,HARDING PL,,,,0.00,Y,Four-Way,N,Non-Junction,None,,,         ,Ryan,Sherry,Rain,Front to Rear,no,no,no,no,yes,False
102313401,METROPOLITAN NASHVILLE POLICE DEPT,20190147706,Davidson,Goodlettsville,2/23/2019 2:31:00 PM,2,0,0,36.302810,-86.691900,CONFERENCE DR,,,,24.00,Feet,North,GALLATIN PKEN,,,,0.00,N,Not at Intersection, ,,None,,,         ,Blake,McKay,,,no,no,no,no,no,False