master_record_number,agency,agency_tracking_number,county,city,collision_date,vehicles_involved,number_injured,number_dead,latitude,longitude,roadway_name,roadway_suffix,roadway_number,roadway_local_id,distance_from_reference,miles-feet_indicator,direction_from_reference,intersection_road_name,intersection_road_name_suffix,intersection_road_number,intersection_local_id,mile_marker,intersection_indicator,intersect_type,interchange_related_indicator,relation_to_junction,work_zone_type,construction_maintenance_zone,construction_maintenance_zone_location,fatal_case_number,officer_first_name,officer_last_name,weather_condition(s),manner_of_crash,pedestrian,bicycle,scooter,parking,hitrun,mou
102313851,METROPOLITAN NASHVILLE POLICE DEPT,20190149896,Davidson,Nashville,2/24/2019 11:40:00 AM,2,0,0,36.125310,-86.805610,HILLSBORO PKE,,,,0.00,Feet,West,ENCLAVE AT HILLSBORO VILLAGE P,,,,0.00,N,Not at Intersection, ,Non-Junction,None,,,         ,Justan,Vance,Clear,Angle,no,no,no,no,no,False
102313852,METROPOLITAN NASHVILLE POLICE DEPT,20190149874,Davidson,Nashville,2/24/2019 12:00:00 PM,3,1,0,36.042310,-86.726520,WOODLANDS AV,,,,0.00,Feet,East,OLD HICKORY BLVD,,,,0.00,N,Not at Intersection,N,Non-Junction,None,,,         ,Gregory,Scott,Clear,Angle,no,no,no,no,no,False
102313870,METROPOLITAN NASHVILLE POLICE DEPT,20190149909,Davidson,Nashville,2/24/2019 12:16:00 PM,2,0,0,36.128660,-86.906920,RIVER RD,,,,0.00,,,RIVER RD PVTDR,,,,0.00,Y,OTHER,N,Non-Junction,None,,,         ,Benjamin,Cantrell,Clear,Angle,no,no,no,yes,yes,False
102313871,METROPOLITAN NASHVILLE POLICE DEPT,20190149888,Davidson,Nashville,2/24/2019 12:18:00 PM,2,0,0,36.168680,-86.600420,OLD HICKORY BLVD,,,,58.00,Feet,North,MILLS RD,,,,0.00,N,Not at Intersection,N,Non-Junction,None,,,         ,MIchael,Mihajlov,Clear,Angle,no,no,no,no,no,False
102313888,METROPOLITAN NASHVILLE POLICE DEPT,20190149887,Davidson,Nashville,2/24/2019 12:15:00 PM,2,1,0,36.244970,-86.736240,BRIARVILLE RD,,,,133.00,Feet,North,LEWIS RD,,,,0.00,N,Not at Intersection,N,"Driveway, Alley Access, etc",None,,,         ,Jeremy,Stricklin,Clear,Angle,yes,no,no,no,no,False
102313895,METROPOLITAN NASHVILLE POLICE DEPT,20190149857,Davidson,Nashville,2/24/2019 12:00:00 AM,1,2,0,36.075630,-86.661470,UNA ANTIOCH PKE,,,,97.00,Feet,East,HUNTERS GREEN CIR,,,,0.00,N,Not at Intersection,N,Non-Junction,None,,,         ,Jason,Kedzierski,Clear,Not Collision with Motor Vehicle in Transport,no,no,no,no,no,False
102313899,METROPOLITAN NASHVILLE POLICE DEPT,20190149845,Davidson,Nashville,2/24/2019 11:35:00 AM,2,0,0,36.049360,-86.651470,BELL RD,,,,82.00,Feet,East,HICKORY HOLLOW MALL PVTDR PL,,,,0.00,N,Not at Intersection, ,Non-Junction,None,,,         ,Honorio,Canchola,Clear,Front to Rear,no,no,no,no,no,False
102313908,METROPOLITAN NASHVILLE POLICE DEPT,20190149885,Davidson,Nashville,2/24/2019 11:55:00 AM,2,0,0,36.154270,-86.834240,I 40,,,,0.00,,,,,,,205.25,N,Not at Intersection, ,Non-Junction,None,,,         ,Robert,Morris,Clear,"Sideswipe, Same Direction",no,no,no,no,no,False
102313914,METROPOLITAN NASHVILLE POLICE DEPT,20190149904,Davidson,Nashville,2/24/2019 11:51:00 AM,1,0,0,36.194810,-86.779830,VASHTI ST,,,,20.00,Feet,South,BAPTIST WORLD CENTER DR,,,,0.00,N,Not at Intersection,N,OtherLocation,None,,,         ,Royce,McLester,Clear,Not Collision with Motor Vehicle in Transport,no,no,no,yes,yes,False
102313915,VANDERBILT UNIVERSITY POLICE,20190149772,Davidson,Nashville,2/24/2019 10:40:00 AM,1,1,0,36.142670,-86.806560,HIGHLAND AV,,,,0.00,,,25TH AVS,,,,0.00,Y,Four-Way,N,Non-Junction,None,,,         ,Cynthia,Strange,Cloudy,Not Collision with Motor Vehicle in Transport,yes,no,no,no,no,Campus
102313922,METROPOLITAN NASHVILLE POLICE DEPT,20190150013,Davidson,Nashville,2/24/2019 1:49:00 PM,2,0,0,36.167560,-86.599620,OLD HICKORY BLVD,,,,319.00,Feet,North,CROSSHILL WAY,,,,0.00,N,Not at Intersection, ,Non-Junction,None,,,         ,MIchael,Mihajlov,Clear,"Sideswipe, Same Direction",no,no,no,no,no,False
102313943,METROPOLITAN NASHVILLE POLICE DEPT,20190141238,Davidson,Nashville,2/21/2019 8:30:00 AM,2,0,0,36.150040,-86.784160,I 40,,,,0.00,,,,,,,209.60,N,Not at Intersection, ,Non-Junction,None,,,         ,Gregory,Julia,Clear,Angle,no,no,no,no,no,False
102313953,METROPOLITAN NASHVILLE POLICE DEPT,20190150030,Davidson,Nashville,2/24/2019 12:58:00 PM,2,0,0,36.110940,-86.745220,THOMPSON LN,,,,0.00,,,NOLENSVILLE PKE,,,,0.00,Y,Four-Way,N,Intersection,None,,,         ,Adam,Warren,Clear,Front to Rear,no,no,no,no,yes,False
102313981,METROPOLITAN NASHVILLE POLICE DEPT,20190149952,Davidson,Not in City Limit,2/24/2019 1:00:00 PM,1,1,0,36.052990,-86.951990,OLD HARDING PKE,,,,272.00,Feet,East,E COLONY DR,,,,0.00,N,Not at Intersection,N,Non-Junction,None,,,         ,Douglas,Atwood,Clear,Not Collision with Motor Vehicle in Transport,yes,no,no,no,yes,False
102314009,METROPOLITAN NASHVILLE POLICE DEPT,20190148569,Davidson,Nashville,2/23/2019 9:43:00 PM,1,0,0,36.258180,-86.787970,I 24,,,,0.00,,,,,,,42.00,N,Not at Intersection,N,Non-Junction,None,,,         ,Benjamin,Williams,Rain,Not Collision with Motor Vehicle in Transport,no,no,no,no,no,False
102314012,METROPOLITAN NASHVILLE POLICE DEPT,20190150104,Davidson,Nashville,2/24/2019 2:23:00 PM,2,0,0,36.153660,-86.763280,I 40,,,,0.00,,,,,,,210.80,N,Not at Intersection,N,Non-Junction,None,,,         ,Jason,Milyaro Lucas,Clear,Front to Rear,no,no,no,no,yes,False
102314026,METROPOLITAN NASHVILLE POLICE DEPT,20190150047,Davidson,Nashville,2/24/2019 2:39:00 PM,3,0,0,36.163560,-86.762400,I 24,,,,0.00,,,,,,,49.20,N,Not at Intersection, ,Non-Junction,None,,,         ,Jordan,Vrbas,Clear,Front to Rear,no,no,no,no,no,False
102314033,METROPOLITAN NASHVILLE POLICE DEPT,20190148531,Davidson,Not in City Limit,2/23/2019 9:43:00 PM,1,0,0,36.258540,-86.788130,I 24,,,,0.00,,,,,,,42.00,N,Not at Intersection, ,Non-Junction,None,,,         ,Benjamin,Williams,Rain,Not Collision with Motor Vehicle in Transport,no,no,no,no,no,False
102314044,METROPOLITAN NASHVILLE POLICE DEPT,20190150087,Davidson,Nashville,2/24/2019 2:45:00 PM,1,0,0,36.207950,-86.623010,STATE HWY 45,,,,846.00,Feet,North,HILLS LN,,,,0.00,N,Not at Intersection,N,Non-Junction,None,,,         ,Tony,Mingsing,Clear,Not Collision with Motor Vehicle in Transport,no,no,no,no,no,False
102314052,METROPOLITAN NASHVILLE POLICE DEPT,20190150166,Davidson,Nashville,2/24/2019 3:41:00 PM,2,0,0,36.124080,-86.751680,NOLENSVILLE PKE,,,,0.00,,,I440 W EXT RAMP,,,,0.00,Y,T-Intersection, ,Intersection-Related,None,,,         ,YUNUS,ADAK,Clear,"Sideswipe, Same Direction",no,no,no,no,no,False
102314053,METROPOLITAN NASHVILLE POLICE DEPT,20190150078,Davidson,Nashville,2/24/2019 2:58:00 PM,2,1,0,36.150470,-86.770360,I40 E EXT RAMP,,,,0.00,Feet,East,I 40,,,,0.00,N,Not at Intersection,Y,Non-Junction,None,,,         ,Jarret,Sonnenberg,Clear,Angle,no,no,no,no,no,False
102314054,METROPOLITAN NASHVILLE POLICE DEPT,20190150175,Davidson,Nashville,2/24/2019 2:35:00 PM,2,0,0,36.111090,-86.747860,THOMPSON LN,,,,147.00,Feet,West,LOUISE DR,,,,0.00,N,Not at Intersection, ,,None,,,         ,Heather,Fox,,,no,no,no,no,no,False
102314056,METROPOLITAN NASHVILLE POLICE DEPT,20190150050,Davidson,Nashville,2/24/2019 2:35:00 PM,2,0,0,36.049800,-86.650130,BELL RD,,,,200.00,Feet,West,MT VIEW RD,,,,0.00,N,Not at Intersection, ,Non-Junction,None,,,         ,Taylor,Hurley,Clear,Front to Rear,no,no,no,no,no,False
102314064,METROPOLITAN NASHVILLE POLICE DEPT,20190150219,Davidson,Nashville,2/24/2019 12:00:00 AM,2,0,0,36.110670,-86.741900,THOMPSON LN,,,,3.00,Feet,West,LOGAN ST,,,,0.00,N,Not at Intersection, ,Non-Junction,None,,,         ,Ryan,Sherry,Clear,Angle,no,no,no,no,no,False
102314065,METROPOLITAN NASHVILLE POLICE DEPT,20190150041,Davidson,Nashville,2/24/2019 1:45:00 PM,2,1,0,36.176940,-86.811180,21ST AVN,,,,0.00,,,OSAGE ST,,,,0.00,Y,Four-Way,N,Intersection-Related,None,,,         ,Gene,McCollum,Clear,Angle,no,no,no,no,yes,False
102314072,METROPOLITAN NASHVILLE POLICE DEPT,20190150200,Davidson,Nashville,2/24/2019 4:14:00 PM,2,1,0,36.148690,-86.746240,I 40,,,,0.00,,,,,,,211.85,N,Not at Intersection,N,Non-Junction,None,,,         ,Samuel,Sundra,Clear,"Sideswipe, Same Direction",no,no,no,no,yes,False
102314074,METROPOLITAN NASHVILLE POLICE DEPT,20190150115,Davidson,Nashville,2/24/2019 2:54:00 PM,1,0,0,36.209500,-86.622780,STATE HWY 45,,,,329.00,Feet,South,RAMP,,,,0.00,N,Not at Intersection,N,Non-Junction,None,,,         ,Tony,Mingsing,Clear,Not Collision with Motor Vehicle in Transport,no,no,no,no,no,False
102314079,METROPOLITAN NASHVILLE POLICE DEPT,20190150180,Davidson,Nashville,2/24/2019 3:30:00 PM,2,0,0,36.217350,-86.700500,MCGAVOCK PKE,,,,176.00,Feet,East,OPRY MILLS DR,,,,0.00,N,Not at Intersection,N,Non-Junction,None,,,         ,John,Kelley,Clear,"Sideswipe, Same Direction",no,no,no,no,no,False
102314182,METROPOLITAN NASHVILLE POLICE DEPT,20190150109,Davidson,Nashville,2/24/2019 2:30:00 PM,2,0,0,36.044830,-86.662610,BELL RD,,,,320.00,Feet,West,CANE RIDGE RD,,,,0.00,N,Not at Intersection, ,Non-Junction,None,,,         ,Taylor,Hurley,Clear,Angle,no,no,no,no,no,False
102314187,METROPOLITAN NASHVILLE POLICE DEPT,20190150342,Davidson,Not in City Limit,2/24/2019 5:55:00 PM,2,1,0,36.283040,-86.877730,CLARKSVILLE PKE,,,,116.00,Feet,South,CANTARUTTI RD,,,,0.00,N,Not at Intersection,N,Non-Junction,None,,,         ,Janelle,Keslar,Clear,Front to Rear,no,no,no,no,no,False
102314190,METROPOLITAN NASHVILLE POLICE DEPT,20190150413,Davidson,Nashville,2/24/2019 6:54:00 PM,2,0,0,36.183780,-86.611150,STATE HWY 45,,,,50.00,Feet,West,RAMP,,,,0.00,N,Not at Intersection,N,Non-Junction,None,,,         ,Tony,Mingsing,Clear,Front to Rear,no,no,no,no,no,False
102314199,METROPOLITAN NASHVILLE POLICE DEPT,20190150394,Davidson,Nashville,2/24/2019 6:08:00 PM,2,0,0,36.150150,-86.857950,WHITE BRIDGE PKE,,,,0.00,,,CHARLOTTE PKE,,,,0.00,Y,T-Intersection, ,Non-Junction,None,,,         ,Alexander,Donald,Clear,Front to Rear,no,no,no,no,no,False
102314254,METROPOLITAN NASHVILLE POLICE DEPT,20190150523,Davidson,Nashville,2/24/2019 7:50:00 PM,2,0,0,36.154990,-86.779340,8TH AVS,,,,68.00,Feet,West,KOREAN VETERANS BLVD,,,,0.00,N,Not at Intersection,N,Non-Junction,None,,,         ,Steven,Fisher,Clear,"Sideswipe, Same Direction",no,no,no,no,no,False
102314280,METROPOLITAN NASHVILLE POLICE DEPT,20190150576,Davidson,Nashville,2/24/2019 8:43:00 PM,2,0,0,36.105620,-86.671800,MURFREESBORO PKE,,,,0.00,Feet,,EZELL PKE,,,,0.00,Y,T-Intersection,Y,Intersection-Related,None,,,         ,Steven,Powers,Clear,Angle,no,no,no,no,no,False
102314312,METROPOLITAN NASHVILLE POLICE DEPT,20190150398,Davidson,Nashville,2/24/2019 6:20:00 PM,2,0,0,36.150200,-86.798430,20TH AVS,,,,99.00,Feet,South,TERRACE PL,,,,0.00,N,Not at Intersection, ,Non-Junction,None,,,         ,John,Roberson,Clear,"Sideswipe, Same Direction",no,no,no,no,no,Campus
102314336,METROPOLITAN NASHVILLE POLICE DEPT,20190150566,Davidson,Nashville,2/24/2019 8:40:00 PM,2,1,0,36.076510,-86.681860,ANTIOCH PKE,,,,168.00,Feet,South,LUNA DR,,,,0.00,N,Not at Intersection,N,Non-Junction,None,,,         ,Sean,Weaver,Clear,"Sideswipe, Opposite Direction",no,no,no,no,no,False
102314365,METROPOLITAN NASHVILLE POLICE DEPT,20190150688,Davidson,Nashville,2/24/2019 10:20:00 PM,2,1,0,36.117050,-86.749620,GRANDVIEW AV,,,,0.00,,,WOODBINE ST,,,,0.00,Y,T-Intersection,N,Intersection,None,,,         ,Jarrett,Ipox,Clear,Front to Rear,no,no,no,no,no,False
102314367,Nashville Airport Police,2019-0760,Davidson,Nashville,2/23/2019 2:29:00 AM,2,0,0,36.133410,-86.665080,BNA DR,,,,0.00,,,TERMINAL DR,,,,0.00,Y,T-Intersection, ,Non-Junction,None,,,         ,Tyler,Drown,Rain,Angle,no,no,no,no,no,False
102314387,METROPOLITAN NASHVILLE POLICE DEPT,20190150945,Davidson,Nashville,2/25/2019 12:18:00 AM,1,0,0,36.085480,-86.701980,I24 E EXT RAMP,,,,0.00,Feet,East,I 24,,,,0.00,N,Not at Intersection,N,Entrance/Exit Ramp Related,None,,,         ,Dalton,Crum,Clear,Not Collision with Motor Vehicle in Transport,no,no,no,no,no,False
102314392,METROPOLITAN NASHVILLE POLICE DEPT,20190150989,Davidson,Nashville,2/25/2019 12:00:00 AM,3,1,0,36.143390,-86.839750,NEBRASKA AV,,,,158.00,Feet,West,44TH AVN,,,,0.00,N,Not at Intersection,N,Non-Junction,None,,,         ,Laura,Mullin,Clear,Angle,no,no,no,no,no,False
102314434,METROPOLITAN NASHVILLE POLICE DEPT,20190151289,Davidson,Nashville,2/25/2019 3:47:00 AM,1,0,0,36.127410,-86.711710,MURFREESBORO PKE,,,,0.00,,,,,,,0.00,,,N,Non-Junction,None,,,         ,Ralph,Smith IV,Clear,Not Collision with Motor Vehicle in Transport,no,no,no,no,yes,False
102314470,METROPOLITAN NASHVILLE POLICE DEPT,20190151056,Davidson,Nashville,2/25/2019 12:00:00 AM,1,0,0,36.246130,-86.744540,I65 N ENT RAMP,,,,0.00,Feet,East,I 65,,,,0.00,N,Not at Intersection,Y,Non-Junction,None,,,         ,Coleman,McKellar,Cloudy,Not Collision with Motor Vehicle in Transport,no,no,no,no,no,False
102314484,METROPOLITAN NASHVILLE POLICE DEPT,20190151253,Davidson,Nashville,2/25/2019 3:20:00 AM,3,0,0,36.184110,-86.752400,W EASTLAND AV,,,,171.00,Feet,East,LAURENT ST,,,,0.00,N,Not at Intersection,N,Non-Junction,None,,,         ,Landon,Bagwell,Clear,"Sideswipe, Same Direction",no,no,no,no,yes,False
102314493,METROPOLITAN NASHVILLE POLICE DEPT,20190151517,Davidson,Nashville,2/25/2019 5:42:00 AM,1,0,0,36.151380,-86.861450,I 40,,,,0.00,,,,,,,203.75,N,Not at Intersection, ,,None,,,         ,Matthew,Jankiewicz,,,no,no,no,no,no,False
102314496,METROPOLITAN NASHVILLE POLICE DEPT,20190151207,Davidson,Not in City Limit,2/25/2019 3:10:00 AM,1,1,0,35.991930,-86.655110,BURKITT RD,,,,85.00,Feet,West,WHITTEMORE LN,,,,0.00,N,Not at Intersection,N,Non-Junction,None,,,         ,Jefferson,Hughes,Clear,Not Collision with Motor Vehicle in Transport,no,no,no,no,no,False
102314497,METROPOLITAN NASHVILLE POLICE DEPT,20190151429,Davidson,Not in City Limit,2/25/2019 5:00:00 AM,2,0,0,36.276730,-86.797780,I24 W EXT RAMP,,,,0.00,,,I 24,,,,0.00,Y,OTHER, ,Entrance/Exit Ramp Related,None,,,         ,Ashton,Hill,Clear,Front to Rear,no,no,no,no,no,False
102314500,METROPOLITAN NASHVILLE POLICE DEPT,20190151464,Davidson,Nashville,2/25/2019 5:08:00 AM,2,0,0,36.049980,-86.649500,BELL RD,,,,0.00,,,MT VIEW RD,,,,0.00,Y,Four-Way, ,Intersection,Construction Zone,,,         ,David,Simmonds,Clear,"Sideswipe, Same Direction",no,no,no,no,no,False
102314508,METROPOLITAN NASHVILLE POLICE DEPT,20190151564,Davidson,Nashville,2/25/2019 6:13:00 AM,1,0,0,36.128860,-86.906330,CHARLOTTE PKE PVTDR,,,,59.00,Feet,North,CHARLOTTE PKE,,,,0.00,N,Not at Intersection,N,Non-Junction,None,,,         ,Cesar,Rocha,Clear,Not Collision with Motor Vehicle in Transport,no,no,no,no,no,False
102314510,METROPOLITAN NASHVILLE POLICE DEPT,20190151500,Davidson,Nashville,2/25/2019 5:27:00 AM,2,1,0,36.249190,-86.734460,DUE WEST AVW,,,,0.00,Feet,,S GRAYCROFT AV,,,,0.00,Y,Four-Way,Y,Intersection,None,,,         ,Corey,Ethridge,Clear,Angle,no,no,no,no,no,False
102314528,METROPOLITAN NASHVILLE POLICE DEPT,20190151622,Davidson,Nashville,2/25/2019 6:50:00 AM,2,1,0,36.117430,-86.699220,MURFREESBORO PKE,,,,0.00,,,BRILEY PKWY N ENT RAMP,,,,0.00,Y,Four-Way, ,Intersection,None,,,         ,Adam,Warren,Clear,Front to Rear,no,no,no,no,no,False
102314537,METROPOLITAN NASHVILLE POLICE DEPT,20190151619,Davidson,Not in City Limit,2/25/2019 6:45:00 AM,3,1,0,36.076110,-86.982560,I 40,,,,0.00,,,,,,,194.70,N,Not at Intersection,N,Non-Junction,None,,,         ,Benjamin,Cantrell,Clear,Front to Rear,no,no,no,no,no,False
102314538,METROPOLITAN NASHVILLE POLICE DEPT,20190151529,Davidson,Nashville,2/25/2019 3:00:00 AM,1,0,0,36.039500,-86.672490,HICKORY PARK DR,,,,0.00,,,,,,,0.00,,,N,Non-Junction,None,,,         ,Jefferson,Hughes,Clear,Not Collision with Motor Vehicle in Transport,no,no,no,no,yes,False
102314540,METROPOLITAN NASHVILLE POLICE DEPT,20190151610,Davidson,Nashville,2/25/2019 6:45:00 AM,2,0,0,36.069160,-86.691040,I24 E EXT RAMP,,,,0.00,Feet,East,I 24,,,,0.00,N,Not at Intersection, ,Non-Junction,None,,,         ,Jessie,Meadows,Clear,Front to Rear,no,no,no,no,no,False
102314550,METROPOLITAN NASHVILLE POLICE DEPT,20190151665,Davidson,Nashville,2/25/2019 7:22:00 AM,2,1,0,36.118780,-86.773570,I 65,,,,0.00,,,,,,,80.40,N,Not at Intersection,N,Non-Junction,None,,,         ,Jon,Mcvey,Clear,Front to Rear,no,no,no,no,no,False
102314558,METROPOLITAN NASHVILLE POLICE DEPT,20190151615,Davidson,Nashville,2/25/2019 12:00:00 AM,1,0,0,36.105370,-86.733260,KINROSS AV,,,,152.00,Feet,North,MORTON AV,,,,0.00,N,Not at Intersection,N,Non-Junction,None,,,         ,Jessie,Meadows,Clear,Not Collision with Motor Vehicle in Transport,no,no,no,no,yes,False
102314568,METROPOLITAN NASHVILLE POLICE DEPT,20190151692,Davidson,Nashville,2/25/2019 7:23:00 AM,2,2,0,36.108700,-86.744070,NOLENSVILLE PKE,,,,0.00,Feet,,TANKSLEY AV,,,,0.00,Y,Four-Way,N,Intersection,None,,,         ,Adam,Warren,Clear,Angle,no,no,no,no,no,False
102314569,METROPOLITAN NASHVILLE POLICE DEPT,20190151686,Davidson,Nashville,2/25/2019 7:33:00 AM,2,0,0,36.150390,-86.857910,WHITE BRIDGE PKE,,,,86.00,Feet,North,CHARLOTTE PKE,,,,0.00,N,Not at Intersection, ,Non-Junction,None,,,         ,Curtis,Rich,Clear,Angle,no,no,no,no,no,False
102314576,METROPOLITAN NASHVILLE POLICE DEPT,20190151662,Davidson,Not in City Limit,2/25/2019 7:18:00 AM,2,0,0,36.262990,-86.680940,STATE RT 45,,,,0.00,,,RIO VISTA DR,,,,0.00,Y,Four-Way, ,Intersection-Related,None,,,         ,Samuel,Kersten,Clear,Front to Rear,no,no,no,no,no,False
102314578,METROPOLITAN NASHVILLE POLICE DEPT,20190151756,Davidson,Nashville,2/25/2019 7:59:00 AM,2,0,0,36.081260,-86.763950,I 65,,,,0.00,,,,,,,77.75,N,Not at Intersection, ,,None,,,         ,Justin,Pinkelton,,,no,no,no,no,no,False
102314589,METROPOLITAN NASHVILLE POLICE DEPT,2019-0151774,Davidson,Nashville,2/25/2019 8:10:00 AM,2,0,0,36.189550,-86.605890,CHANDLER RD,,,,149.00,Feet,North,CHANDLERS PASS CT,,,,0.00,N,Not at Intersection, ,Non-Junction,None,,,         ,Calvin,Graham,Clear,Front to Rear,no,no,no,no,no,False
102314591,METROPOLITAN NASHVILLE POLICE DEPT,20190151675,Davidson,Not in City Limit,2/25/2019 7:03:00 AM,2,0,0,36.325020,-86.914750,CLARKSVILLE PKE,,,,208.00,Feet,East,HARPER RD,,,,0.00,N,Not at Intersection, ,Non-Junction,None,,,         ,William,Coy,Clear,"Sideswipe, Same Direction",no,no,no,no,no,False
102314599,METROPOLITAN NASHVILLE POLICE DEPT,20190151758,Davidson,Nashville,2/25/2019 7:54:00 AM,2,0,0,36.154870,-86.586530,JOHN HAGAR RD,,,,0.00,,,S NEW HOPE RD,,,,0.00,Y,Four-Way, ,Non-Junction,None,,,         ,MIchael,Mihajlov,Clear,Front to Rear,no,no,no,no,no,False
102314609,METROPOLITAN NASHVILLE POLICE DEPT,20190151719,Davidson,Nashville,2/25/2019 7:35:00 AM,2,1,0,36.123060,-86.806800,I 440,,,,0.00,,,,,,,2.70,N,Not at Intersection,N,Non-Junction,None,,,         ,George,Spencer,Clear,Front to Rear,no,no,no,no,no,False
102314627,METROPOLITAN NASHVILLE POLICE DEPT,2019-0151957,Davidson,Nashville,2/25/2019 9:34:00 AM,2,0,0,36.066300,-86.774230,HOGAN RD,,,,0.00,,,FRANKLIN PKE,,,,0.00,Y,Four-Way, ,Intersection,None,,,         ,Timothy,Edwards,Clear,Angle,no,no,no,no,no,False
102314633,METROPOLITAN NASHVILLE POLICE DEPT,20190151846,Davidson,Nashville,2/25/2019 8:46:00 AM,2,0,0,36.042410,-86.782200,I 65,,,,0.00,,,,,,,74.80,N,Not at Intersection,N,Non-Junction,None,,,         ,Randy,Puckett,Clear,Angle,no,no,no,no,no,False
102314644,METROPOLITAN NASHVILLE POLICE DEPT,20190151786,Davidson,Nashville,2/25/2019 8:15:00 AM,3,1,0,36.153770,-86.842630,I 40,,,,0.00,,,,,,,204.80,N,Not at Intersection,N,Non-Junction,None,,,         ,Charles,Boles,Clear,Front to Rear,no,no,no,no,no,False
102314648,METROPOLITAN NASHVILLE POLICE DEPT,20190151631,Davidson,Nashville,2/25/2019 6:50:00 AM,1,1,0,36.145740,-86.764720,2ND AVS,,,,0.00,,,CHESTNUT ST,,,,0.00,Y,Four-Way,N,Intersection,None,,,         ,Todd,Watson,Cloudy,Not Collision with Motor Vehicle in Transport,no,no,no,no,no,False
102314651,METROPOLITAN NASHVILLE POLICE DEPT,20190151962,Davidson,Nashville,2/25/2019 8:34:00 AM,2,0,0,36.173590,-86.602150,OLD HICKORY BLVD,,,,0.00,,,CENTRAL PKE,,,,0.00,Y,Four-Way, ,Non-Junction,None,,,         ,Michael,Dance,Clear,Front to Rear,no,no,no,no,no,False
102314660,METROPOLITAN NASHVILLE POLICE DEPT,20190151924,Davidson,Nashville,2/25/2019 9:18:00 AM,2,1,0,36.130870,-86.755790,NOLENSVILLE PKE,,,,31.00,Feet,South,WOODYCREST AV,,,,0.00,N,Not at Intersection,N,Non-Junction,None,,,         ,Jessie,Meadows,Clear,Front to Rear,no,no,no,no,no,False
102314665,METROPOLITAN NASHVILLE POLICE DEPT,20190151986,Davidson,Nashville,2/25/2019 9:40:00 AM,2,0,0,36.182430,-86.799560,I65 S ENT RAMP,,,,0.00,,,I 65,,,,0.00,Y,T-Intersection, ,Entrance/Exit Ramp Related,None,,,         ,Wesley,Young,Clear,Front to Rear,no,no,no,no,no,False
102314668,METROPOLITAN NASHVILLE POLICE DEPT,20190152128,Davidson,Nashville,2/25/2019 12:00:00 AM,1,0,0,36.158490,-86.823760,32ND AVN,,,,35.00,Feet,South,TORBETT ST,,,,0.00,N,Not at Intersection,N,Non-Junction,None,,,         ,Curtis,Rich,Clear,Not Collision with Motor Vehicle in Transport,no,no,no,yes,yes,False
102314676,METROPOLITAN NASHVILLE POLICE DEPT,20190152123,Davidson,Nashville,2/25/2019 9:45:00 AM,2,0,0,36.155980,-86.788910,BROADWAY,,,,19.00,Feet,West,I40 W ENT RAMP,,,,0.00,N,Not at Intersection, ,Non-Junction,None,,,         ,Jon,Mcvey,Clear,Angle,no,no,no,no,no,False
102314684,METROPOLITAN NASHVILLE POLICE DEPT,20190152135,Davidson,Not in City Limit,2/25/2019 12:00:00 AM,2,0,0,36.277460,-86.734840,I 65,,,,0.00,,,,,,,93.15,N,Not at Intersection,N,Non-Junction,None,,,         ,William,Monaghan,Clear,Front to Rear,no,no,no,no,no,False
102314691,METROPOLITAN NASHVILLE POLICE DEPT,20190151677,Davidson,Nashville,2/25/2019 7:28:00 AM,2,2,0,36.251690,-86.734070,S GRAYCROFT AV,,,,91.00,Feet,South,FAIROAKS DR,,,,0.00,N,Not at Intersection,N,Non-Junction,None,,,         ,Blake,McKay,Clear,Front to Rear,no,no,no,no,no,False
102314693,METROPOLITAN NASHVILLE POLICE DEPT,20190152028,Davidson,Nashville,2/25/2019 9:42:00 AM,2,0,0,36.264120,-86.725000,OLD HICKORY BLVDW,,,,45.00,Feet,East,BEVERLY DR,,,,0.00,N,Not at Intersection, ,Non-Junction,None,,,         ,Gabriel,Centeno,Clear,Front to Rear,no,no,no,no,no,False
102314696,METROPOLITAN NASHVILLE POLICE DEPT,20190152197,Davidson,Nashville,2/25/2019 11:15:00 AM,2,0,0,36.126190,-86.845940,HARDING PKE,,,,175.00,Feet,West,RIDGEFIELD WAY,,,,0.00,N,Not at Intersection, ,Non-Junction,None,,,         ,Curtis,Rich,Clear,Front to Rear,no,no,no,no,no,False
102314709,METROPOLITAN NASHVILLE POLICE DEPT,20190152268,Davidson,Nashville,2/25/2019 11:50:00 AM,2,0,0,36.120220,-86.745300,PEACHTREE ST,,,,0.00,,,BURBANK AV,,,,0.00,Y,Four-Way, ,Intersection,None,,,         ,Adam,Warren,Clear,Angle,no,no,no,no,yes,False
102314733,METROPOLITAN NASHVILLE POLICE DEPT,20190152183,Davidson,Nashville,2/25/2019 11:18:00 AM,1,1,0,36.194390,-86.772220,DOUGLAS AV,,,,0.00,,,DICKERSON PKE,,,,0.00,Y,Four-Way,N,Intersection-Related,None,,,         ,Russell,Freeman,Clear,Not Collision with Motor Vehicle in Transport,no,no,no,no,no,False
102314740,METROPOLITAN NASHVILLE POLICE DEPT,20190152125,Davidson,Nashville,2/25/2019 10:47:00 AM,2,0,0,36.166730,-86.795210,I 40,,,,0.00,,,,,,,208.30,N,Not at Intersection,N,Non-Junction,None,,,         ,Shedie,Herbert III,Clear,"Sideswipe, Same Direction",no,no,no,no,no,False