master_record_number,agency,agency_tracking_number,county,city,collision_date,vehicles_involved,number_injured,number_dead,latitude,longitude,roadway_name,roadway_suffix,roadway_number,roadway_local_id,distance_from_reference,miles-feet_indicator,direction_from_reference,intersection_road_name,intersection_road_name_suffix,intersection_road_number,intersection_local_id,mile_marker,intersection_indicator,intersect_type,interchange_related_indicator,relation_to_junction,work_zone_type,construction_maintenance_zone,construction_maintenance_zone_location,fatal_case_number,officer_first_name,officer_last_name,weather_condition(s),manner_of_crash,pedestrian,bicycle,scooter,parking,hitrun,mou
102316501,METROPOLITAN NASHVILLE POLICE DEPT,20190158037,Davidson,Nashville,2/27/2019 8:18:00 AM,2,0,0,36.086810,-86.695430,HARDING PL,,,,155.00,Feet,East,METROPLEX DR,,,,0.00,N,Not at Intersection, ,Non-Junction,None,,,         ,Jessie,Meadows,Clear,Angle,no,no,no,no,no,False
102316506,METROPOLITAN NASHVILLE POLICE DEPT,20190158311,Davidson,Nashville,2/27/2019 10:27:00 AM,2,0,0,36.131260,-86.756230,NOLENSVILLE PKE,,,,163.00,Feet,North,WOODYCREST AV,,,,0.00,N,Not at Intersection, ,Non-Junction,None,,,         ,Nathan,Kemp,Clear,Front to Rear,no,no,no,no,no,False
102316507,METROPOLITAN NASHVILLE POLICE DEPT,20190158201,Davidson,Nashville,2/27/2019 9:50:00 AM,2,1,0,36.156380,-86.806910,CHARLOTTE AV,,,,103.00,Feet,East,22ND AVN,,,,0.00,N,Not at Intersection, ,Non-Junction,None,,,         ,Wesley,Young,Clear,Front to Rear,no,no,no,no,no,False
102316510,VANDERBILT UNIVERSITY POLICE,20190158156,Davidson,Nashville,2/27/2019 8:55:00 AM,1,0,0,36.148250,-86.804140,WEST END AV,,,,0.00,,,,,,,0.00,,, ,Non-Junction,None,,,         ,Linda,Jennings,Clear,Not Collision with Motor Vehicle in Transport,no,no,no,yes,no,Campus
102316527,METROPOLITAN NASHVILLE POLICE DEPT,20190158312,Davidson,Not in City Limit,2/27/2019 10:24:00 AM,1,2,0,36.272980,-86.729770,NESBITT LN,,,,0.00,,,N GRAYCROFT AV,,,,0.00,Y,Four-Way,Y,Intersection-Related,None,,,         ,Spencer,Pittman,Cloudy,Not Collision with Motor Vehicle in Transport,no,no,no,no,no,False
102316534,METROPOLITAN NASHVILLE POLICE DEPT,20190158161,Davidson,Not in City Limit,2/27/2019 9:09:00 AM,2,0,0,36.269260,-86.755740,OLD HICKORY BLVDW,,,,0.00,,,DICKERSON PKE,,,,0.00,Y,Four-Way, ,Intersection-Related,None,,,         ,Samuel,Kersten,Cloudy,"Sideswipe, Same Direction",no,no,no,no,no,False
102316573,METROPOLITAN NASHVILLE POLICE DEPT,20190158535,Davidson,Nashville,2/27/2019 11:58:00 AM,1,1,0,36.193430,-86.777490,BRICK CHURCH PKE,,,,165.00,Feet,East,BAPTIST WORLD CENTER DR,,,,0.00,N,Not at Intersection,N,Non-Junction,None,,,         ,Wesley,Young,Clear,Not Collision with Motor Vehicle in Transport,no,no,no,no,no,False
102316575,METROPOLITAN NASHVILLE POLICE DEPT,20190158468,Davidson,Nashville,2/27/2019 11:30:00 AM,2,1,0,36.151460,-86.857740,WHITE BRIDGE PKE,,,,0.00,,,I40 E ENT RAMP,,,,0.00,Y,Four-Way,N,Intersection-Related,None,,,         ,Walter,Gray II,Clear,"Sideswipe, Same Direction",no,no,no,no,no,False
102316585,METROPOLITAN NASHVILLE POLICE DEPT,20190158455,Davidson,Nashville,2/27/2019 11:31:00 AM,2,0,0,36.158180,-86.788870,12TH AVN,,,,150.00,Feet,North,GRUNDY ST,,,,0.00,N,Not at Intersection, ,,Construction Zone,,,         ,Joshua,Reece,,,no,no,no,no,no,False
102316590,METROPOLITAN NASHVILLE POLICE DEPT,20190158651,Davidson,Not in City Limit,2/27/2019 12:33:00 PM,2,1,0,36.080930,-86.955800,HIGHWAY 70S,,,,156.00,Feet,East,I40 E ENT RAMP,,,,0.00,N,Not at Intersection, ,Non-Junction,None,,,         ,Curtis,Rich,Clear,Front to Rear,no,no,no,no,yes,False
102316591,METROPOLITAN NASHVILLE POLICE DEPT,20190158184,Davidson,Nashville,2/27/2019 9:10:00 AM,5,0,0,36.101600,-86.712490,I 24,,,,0.00,,,,,,,54.50,N,Not at Intersection,N,Non-Junction,None,,,         ,Jessie,Meadows,Clear,Front to Rear,no,no,no,no,yes,False
102316594,METROPOLITAN NASHVILLE POLICE DEPT,20190158682,Davidson,Nashville,2/27/2019 12:52:00 PM,2,0,0,36.167660,-86.663320,LEBANON PKE,,,,0.00,,,DONELSON PKE,,,,0.00,Y,Four-Way, ,Intersection-Related,None,,,         ,Tien,Nguyen,Clear,"Sideswipe, Same Direction",no,no,no,no,no,False
102316605,WILLIAMSON CO SHERIFFS OFFICE,194999,Davidson,Nashville,2/27/2019 12:20:00 PM,2,0,0,36.028990,-86.859750,MURRAY LN,,,,1091.00,Feet,West,OLDE TOWNE RD,,,,0.00,N,Not at Intersection, ,"Driveway, Alley Access, etc",None,,,         ,Debbie,Rogers,Clear,Front to Rear,no,no,no,no,no,False
102316634,METROPOLITAN NASHVILLE POLICE DEPT,20190158309,Davidson,Nashville,2/27/2019 10:25:00 AM,2,1,0,36.195990,-86.742610,GALLATIN AV,,,,0.00,Feet,West,CAHAL AV,,,,0.00,N,Not at Intersection,N,Non-Junction,None,,,         ,Faye,Denson,Clear,Not Collision with Motor Vehicle in Transport,no,no,no,no,no,False
102316649,METROPOLITAN NASHVILLE POLICE DEPT,20190158296,Davidson,Nashville,2/27/2019 10:25:00 AM,2,0,0,36.100850,-86.728800,ANTIOCH PKE,,,,171.00,Feet,East,MCMILLAN CT,,,,0.00,N,Not at Intersection,N,Non-Junction,None,,,         ,Jessie,Meadows,Clear,"Sideswipe, Same Direction",no,no,no,no,no,False
102316651,METROPOLITAN NASHVILLE POLICE DEPT,20190158540,Davidson,Nashville,2/27/2019 12:00:00 PM,2,0,0,36.203720,-86.739830,E TRINITY LN,,,,389.00,Feet,West,GALLATIN PKE,,,,0.00,N,Not at Intersection, ,,None,,,         ,Russell,Freeman,,,no,no,no,no,no,False
102316676,METROPOLITAN NASHVILLE POLICE DEPT,20190158133,Davidson,Nashville,2/27/2019 9:17:00 AM,2,0,0,36.171790,-86.768080,JAMES ROBERTSON PKWY,,,,57.00,Feet,West,ELLINGTON PKWY N ENT RAMP,,,,0.00,N,Not at Intersection, ,,None,,,         ,Russell,Freeman,,,no,no,no,no,no,False
102316693,METROPOLITAN NASHVILLE POLICE DEPT,20190158688,Davidson,Not in City Limit,2/27/2019 12:55:00 PM,2,0,0,36.013670,-86.704500,NOLENSVILLE PKE,,,,539.00,Feet,North,HOLT RD,,,,0.00,N,Not at Intersection, ,Non-Junction,None,,,         ,Phillip,Murphy,Clear,Front to Rear,no,no,no,no,no,False
102316706,METROPOLITAN NASHVILLE POLICE DEPT,20190158589,Davidson,Nashville,2/27/2019 12:15:00 PM,2,0,0,36.232290,-86.743550,LEMONT DR,,,,0.00,,,JOYCE LN,,,,0.00,Y,Four-Way,N,Intersection,None,,,         ,Russell,Freeman,Clear,Angle,no,no,no,no,yes,False
102316720,METROPOLITAN NASHVILLE POLICE DEPT,20190158500,Davidson,Nashville,2/27/2019 11:45:00 AM,1,1,0,36.110580,-86.767010,POWELL AV,,,,144.00,Feet,South,OLD POWELL AV,,,,0.00,N,Not at Intersection,N,Non-Junction,None,,,         ,Jon,Mcvey,Cloudy,Not Collision with Motor Vehicle in Transport,yes,no,no,yes,no,False
102316721,METROPOLITAN NASHVILLE POLICE DEPT,20190158792,Davidson,Nashville,2/27/2019 1:24:00 PM,2,0,0,36.139620,-86.800500,21ST AVS,,,,0.00,,,PIERCE AV,,,,0.00,Y,Four-Way, ,Intersection,None,,,         ,Jon,Mcvey,Cloudy,Angle,no,no,no,no,no,Campus
102316726,METROPOLITAN NASHVILLE POLICE DEPT,20190158777,Davidson,Nashville,2/27/2019 1:31:00 PM,2,0,0,36.134280,-86.779090,WEDGEWOOD AV,,,,0.00,,,8TH AVS,,,,0.00,Y,Four-Way, ,,None,,,         ,Phillip,Murphy,,,no,no,no,no,no,False
102316727,METROPOLITAN NASHVILLE POLICE DEPT,20190158825,Davidson,Nashville,2/27/2019 1:59:00 PM,2,0,0,36.082100,-86.761700,I65 N EXT RAMP,,,,0.00,,,HARDING PL,,,,0.00,Y,OTHER,Y,Entrance/Exit Ramp Related,None,,,         ,Earl,Davis,Clear,Angle,no,no,no,no,no,False
102316736,METROPOLITAN NASHVILLE POLICE DEPT,20190158816,Davidson,Nashville,2/27/2019 1:00:00 PM,1,0,0,36.246540,-86.802090,KNIGHT DR,,,,701.00,Feet,North,BRICK CHURCH LN,,,,0.00,N,Not at Intersection,N,Non-Junction,None,,,         ,Jeanine,Sarno,Clear,Not Collision with Motor Vehicle in Transport,no,no,no,no,no,False
102316738,METROPOLITAN NASHVILLE POLICE DEPT,20190158875,Davidson,Nashville,2/27/2019 2:17:00 PM,2,0,0,36.183790,-86.610570,ANDREW JACKSON PKWY,,,,58.00,Feet,North,OLD HICKORY BLVD,,,,0.00,N,Not at Intersection, ,Non-Junction,None,,,         ,Michael,Brooks,Clear,Front to Rear,no,no,no,no,no,False
102316740,METROPOLITAN NASHVILLE POLICE DEPT,20190158793,Davidson,Nashville,2/27/2019 1:41:00 PM,2,0,0,36.168250,-86.760490,SHELBY AV,,,,50.00,Feet,West,S 6TH ST,,,,0.00,N,Not at Intersection, ,Non-Junction,None,,,         ,Joshua,Murray,Clear,Front to Rear,no,no,no,no,no,False
102316750,METROPOLITAN NASHVILLE POLICE DEPT,20190158794,Davidson,Nashville,2/27/2019 1:42:00 PM,2,0,0,36.232740,-86.792410,GWYNNWOOD DR,,,,204.00,Feet,South,EWINGDALE DR,,,,0.00,N,Not at Intersection, ,Non-Junction,None,,,         ,James,Wray,Clear,"Sideswipe, Same Direction",no,no,no,no,no,False
102316770,METROPOLITAN NASHVILLE POLICE DEPT,20190158833,Davidson,Nashville,2/27/2019 1:58:00 PM,2,0,0,36.154660,-86.859980,ROBERTSON AV,,,,75.00,Feet,East,SNYDER AV,,,,0.00,N,Not at Intersection, ,,None,,,         ,Walter,Gray II,,,no,no,no,no,no,False
102316784,METROPOLITAN NASHVILLE POLICE DEPT,20190159041,Davidson,Nashville,2/27/2019 3:30:00 PM,2,0,0,36.125610,-86.747360,GLENROSE AV,,,,97.00,Feet,West,WICKSON AV,,,,0.00,N,Not at Intersection,N,Non-Junction,None,,,         ,YUNUS,ADAK,Clear,Front to Rear,no,no,no,no,yes,False
102316792,METROPOLITAN NASHVILLE POLICE DEPT,20190158518,Davidson,Nashville,2/27/2019 10:50:00 AM,5,0,0,36.072590,-86.631310,KOTHE WAY,,,,353.00,Feet,South,BRUIN DR,,,,0.00,N,Not at Intersection,N,Non-Junction,None,,,         ,Jessie,Meadows,Clear,Angle,no,no,no,yes,yes,False
102316793,METROPOLITAN NASHVILLE POLICE DEPT,20190158878,Davidson,Nashville,2/27/2019 1:55:00 PM,2,0,0,36.106070,-86.742720,NOLENSVILLE PKE,,,,120.00,Feet,South,MORTON AV,,,,0.00,N,Not at Intersection,N,Non-Junction,None,,,         ,Jessie,Meadows,Clear,Front to Rear,no,no,no,no,no,False
102316802,METROPOLITAN NASHVILLE POLICE DEPT,20190158978,Davidson,Nashville,2/27/2019 2:30:00 PM,2,0,0,36.062940,-86.696550,PACKARD DR,,,,177.00,Feet,East,KEELEY DR,,,,0.00,N,Not at Intersection,N,"Driveway, Alley Access, etc",None,,,         ,Richard,Olive,Clear,Rear to Side,no,no,no,no,no,False
102316824,METROPOLITAN NASHVILLE POLICE DEPT,20190158936,Davidson,Goodlettsville,2/27/2019 2:01:00 PM,2,0,0,36.297260,-86.699430,RIVERGATE PKWY,,,,149.00,Feet,North,GALLATIN PKEN,,,,0.00,N,Not at Intersection,N,Non-Junction,None,,,         ,Christopher,Littles,Clear,Front to Rear,no,no,no,no,yes,False
102316825,METROPOLITAN NASHVILLE POLICE DEPT,20190158989,Davidson,Not in City Limit,2/27/2019 3:14:00 PM,2,1,0,36.264140,-86.735710,I65 N EXT RAMP,,,,0.00,,,OLD HICKORY BLVDW,,,,0.00,Y,T-Intersection,N,Entrance/Exit Ramp Related,None,,,         ,Christopher,Littles,Clear,Front to Rear,no,no,no,no,no,False
102316826,METROPOLITAN NASHVILLE POLICE DEPT,20190159079,Davidson,Nashville,2/27/2019 3:45:00 PM,2,1,0,36.048360,-86.664450,I 24,,,,0.00,,,,,,,59.00,N,Not at Intersection,N,Non-Junction,None,,,         ,Devonte,Coleman,Clear,Front to Rear,no,no,no,no,no,False
102316833,METROPOLITAN NASHVILLE POLICE DEPT,20190158929,Davidson,Nashville,2/27/2019 2:27:00 PM,2,0,0,36.181670,-86.774080,DICKERSON PKE,,,,0.00,Feet,East,N 1ST ST,,,,0.00,N,Not at Intersection, ,Non-Junction,None,,,         ,Jessica,Scott,Clear,Front to Rear,no,no,no,no,no,False
102316834,METROPOLITAN NASHVILLE POLICE DEPT,20190158987,Davidson,Nashville,2/27/2019 2:29:00 PM,3,0,0,36.109680,-86.729770,THOMPSON LN,,,,388.00,Feet,East,MASHBURN RD,,,,0.00,N,Not at Intersection, ,Non-Junction,None,,,         ,Je-Marc,Sears,Clear,Front to Rear,no,no,no,no,no,False
102316843,METROPOLITAN NASHVILLE POLICE DEPT,20190159068,Davidson,Nashville,2/27/2019 3:25:00 PM,2,0,0,36.186390,-86.795790,I65 N ENT RAMP,,,,0.00,Feet,East,I 65,,,,0.00,N,Not at Intersection, ,Non-Junction,None,,,         ,Timothy,Skopek,Clear,Front to Rear,no,no,no,no,no,False
102316851,METROPOLITAN NASHVILLE POLICE DEPT,20190159141,Davidson,Nashville,2/27/2019 4:00:00 PM,2,0,0,36.142870,-86.736680,I 40,,,,0.00,,,,,,,212.70,N,Not at Intersection, ,,None,,,         ,John,Kelley,,,no,no,no,no,no,False
102316854,METROPOLITAN NASHVILLE POLICE DEPT,20190159206,Davidson,Not in City Limit,2/27/2019 4:39:00 PM,2,0,0,36.269250,-86.736600,I 65,,,,0.00,,,,,,,92.60,N,Not at Intersection, ,Entrance/Exit Ramp Related,None,,,         ,Christopher,Littles,Cloudy,"Sideswipe, Same Direction",no,no,no,no,no,False
102316855,METROPOLITAN NASHVILLE POLICE DEPT,20190158866,Davidson,Nashville,2/27/2019 2:12:00 PM,2,1,0,36.167010,-86.763730,SHELBY AV,,,,0.00,,,S 4TH ST,,,,0.00,Y,Four-Way,N,Intersection,None,,,         ,Richard,Conger,Clear,Angle,no,no,no,no,no,False
102316856,METROPOLITAN NASHVILLE POLICE DEPT,20190159185,Davidson,Nashville,2/27/2019 4:27:00 PM,2,0,0,36.143540,-86.882750,I 40,,,,0.00,,,,,,,202.40,N,Not at Intersection, ,Non-Junction,None,,,         ,Walter,Gray II,Clear,Front to Rear,no,no,no,no,no,False
102316870,METROPOLITAN NASHVILLE POLICE DEPT,20190159215,Davidson,Nashville,2/26/2019 9:58:00 PM,2,0,0,36.124620,-86.747140,WICKSON AV,,,,358.00,Feet,South,GLENROSE AV,,,,0.00,N,Not at Intersection,N,Non-Junction,None,,,         ,YUNUS,ADAK,Clear,Angle,no,no,no,no,yes,False
102316871,METROPOLITAN NASHVILLE POLICE DEPT,20190158898,Davidson,Nashville,2/27/2019 2:35:00 PM,1,0,0,36.209860,-86.713450,MCGAVOCK PKE,,,,0.00,,,,,,,0.00,,,N,Intersection-Related,None,,,         ,Alexander,Georgeson,Clear,Not Collision with Motor Vehicle in Transport,no,no,no,no,no,False
102316876,METROPOLITAN NASHVILLE POLICE DEPT,20190159143,Davidson,Nashville,2/27/2019 4:09:00 PM,2,0,0,36.151430,-86.768420,2ND AVS,,,,40.00,Feet,North,I40 E ENT RAMP,,,,0.00,N,Not at Intersection, ,Non-Junction,None,,,         ,Joshua,Reece,Clear,Angle,no,no,no,no,no,False
102316890,METROPOLITAN NASHVILLE POLICE DEPT,20190159043,Davidson,Nashville,2/27/2019 3:31:00 PM,2,0,0,36.086910,-86.648680,MURFREESBORO PKE,,,,0.00,,,NASHBORO BLVD,,,,0.00,Y,Four-Way,N,Intersection,None,,,         ,William,Durham,Clear,Angle,no,no,no,no,no,False
102316919,METROPOLITAN NASHVILLE POLICE DEPT,20190159213,Davidson,Nashville,2/27/2019 4:42:00 PM,3,0,0,36.156220,-86.630620,STEWARTS FERRY PKE,,,,215.00,Feet,East,I40 W EXT RAMP,,,,0.00,N,Not at Intersection,N,Non-Junction,None,,,         ,Seth,Vaughn,Clear,Front to Rear,no,no,no,no,no,False
102316920,BERRY HILL POLICE DEPT,19-0719,Davidson,Berry Hill,2/27/2019 12:00:00 AM,2,0,0,36.119470,-86.774600,FRANKLIN PKE,,,,0.00,,,,,,,0.00,,, ,,None,,,         ,John,Gleixner,,,no,no,no,yes,no,False
102316928,METROPOLITAN NASHVILLE POLICE DEPT,20190159320,Davidson,Nashville,2/27/2019 12:00:00 AM,2,0,0,36.154960,-86.791290,BROADWAY,,,,214.00,Feet,West,15TH AVN,,,,0.00,N,Not at Intersection,N,Non-Junction,None,,,         ,Michael,Fitch,Clear,Front to Rear,no,no,no,no,yes,False
102316933,METROPOLITAN NASHVILLE POLICE DEPT,20190156587,Davidson,Nashville,2/26/2019 7:13:00 PM,2,0,0,36.153930,-86.857490,URBANDALE AV,,,,0.00,,,BRILEY PKWYN,,,,0.00,Y,Four-Way,Y,Intersection-Related,None,,,         ,Benjamin,Williams,Clear,"Sideswipe, Same Direction",no,no,no,no,yes,False
102316936,METROPOLITAN NASHVILLE POLICE DEPT,20190159092,Davidson,Not in City Limit,2/27/2019 1:54:00 PM,2,0,0,36.302540,-86.812770,I 24,,,,0.00,,,,,,,38.60,N,Not at Intersection,N,Non-Junction,None,,,         ,Janelle,Keslar,Clear,Not Collision with Motor Vehicle in Transport,no,no,no,no,no,False
102316940,METROPOLITAN NASHVILLE POLICE DEPT,20190159257,Davidson,Nashville,2/27/2019 4:12:00 PM,2,0,0,36.163000,-86.761490,I 24,,,,0.00,,,,,,,49.25,N,Not at Intersection, ,,None,,,         ,Michael,Fitch,,,no,no,no,no,no,False
102316943,METROPOLITAN NASHVILLE POLICE DEPT,20190159396,Davidson,Not in City Limit,2/27/2019 6:04:00 PM,2,1,0,36.266000,-86.741390,OLD HICKORY BLVDW,,,,0.00,,,NESBITT LN,,,,0.00,Y,Four-Way,N,Non-Junction,None,,,         ,Christopher,Littles,Clear,Angle,no,no,no,no,yes,False
102316945,METROPOLITAN NASHVILLE POLICE DEPT,20190159218,Davidson,Nashville,2/27/2019 4:47:00 PM,2,0,0,36.101240,-86.764900,I 65,,,,0.00,,,,,,,79.15,N,Not at Intersection, ,,None,,,         ,Citlaly,Juarez,,,no,no,no,no,no,False
102316963,VANDERBILT UNIVERSITY POLICE,20190159379,Davidson,Nashville,2/27/2019 5:56:00 PM,2,0,0,36.138030,-86.805050,BLAKEMORE AV,,,,0.00,,,24TH AVS,,,,0.00,Y,Four-Way, ,Intersection-Related,None,,,         ,William,Amburn,Clear,"Sideswipe, Same Direction",no,no,no,no,no,Campus
102316968,METROPOLITAN NASHVILLE POLICE DEPT,20190159236,Davidson,Nashville,2/27/2019 4:56:00 PM,2,0,0,36.176540,-86.772320,I 24,,,,0.00,,,,,,,48.00,N,Not at Intersection,N,Non-Junction,None,,,         ,Christopher,Valdez,Cloudy,"Sideswipe, Same Direction",no,no,no,no,no,False
102316973,METROPOLITAN NASHVILLE POLICE DEPT,20190159158,Davidson,Nashville,2/27/2019 3:00:00 PM,2,0,0,36.086730,-86.771950,FRANKLIN PKE,,,,57.00,Feet,North,HARDING PL,,,,0.00,N,Not at Intersection,N,Non-Junction,None,,,         ,Akira,McSwain,Clear,Front to Rear,no,no,no,no,yes,False
102316974,METROPOLITAN NASHVILLE POLICE DEPT,20190159292,Davidson,Nashville,2/27/2019 5:21:00 PM,2,0,0,36.121710,-86.757830,I 440,,,,0.00,,,,,,,5.90,N,Not at Intersection,N,Non-Junction,None,,,         ,Akira,McSwain,Clear,Front to Rear,no,no,no,no,no,False
102316984,METROPOLITAN NASHVILLE POLICE DEPT,20190159468,Davidson,Nashville,2/27/2019 6:30:00 PM,2,0,0,36.090620,-86.627680,SMITH SPRINGS RD,,,,360.00,Feet,West,BELL RD,,,,0.00,N,Not at Intersection, ,,None,,,         ,Tony,Mingsing,,,no,no,no,no,no,False
102316985,METROPOLITAN NASHVILLE POLICE DEPT,20190159496,Davidson,Nashville,2/27/2019 5:01:00 PM,2,0,0,36.157780,-86.778760,DEMONBREUN ST,,,,60.00,Feet,West,6TH AVS,,,,0.00,N,Not at Intersection, ,Non-Junction,None,,,         ,Wesley,Henderson,Clear,Front to Rear,no,no,no,no,no,False
102317003,METROPOLITAN NASHVILLE POLICE DEPT,20190159411,Davidson,Nashville,2/27/2019 6:12:00 PM,4,0,0,36.128200,-86.842700,HARDING PKE,,,,416.00,Feet,East,WOODLAWN DR,,,,0.00,N,Not at Intersection,N,Non-Junction,None,,,         ,Walter,Gray II,Clear,Front to Rear,no,no,no,no,no,False
102317008,METROPOLITAN NASHVILLE POLICE DEPT,20190159429,Davidson,Nashville,2/27/2019 6:17:00 PM,2,0,0,36.196700,-86.775630,I 65,,,,0.00,,,,,,,86.65,N,Not at Intersection,N,Non-Junction,None,,,         ,Cooper,HIll,Clear,"Sideswipe, Same Direction",no,no,no,no,yes,False
102317014,METROPOLITAN NASHVILLE POLICE DEPT,20190159229,Davidson,Nashville,2/27/2019 4:50:00 PM,2,0,0,36.153630,-86.753610,HERMITAGE AV,,,,0.00,,,DECATUR AV,,,,0.00,Y,T-Intersection,Y,Intersection,None,,,         ,Trenton,Searcy,Clear,Angle,no,no,no,no,no,False
102317015,METROPOLITAN NASHVILLE POLICE DEPT,20190159383,Davidson,Nashville,2/27/2019 5:55:00 PM,2,2,0,36.040260,-86.816400,GRANNY WHITE PKE,,,,0.00,Feet,,OLD HICKORY BLVD,,,,0.00,Y,Four-Way,Y,Intersection-Related,None,,,         ,Citlaly,Juarez,Clear,HeadOn,no,no,no,no,no,False
102317031,METROPOLITAN NASHVILLE POLICE DEPT,20190159504,Davidson,Not in City Limit,2/27/2019 7:04:00 PM,2,3,0,36.269260,-86.755740,OLD HICKORY BLVDW,,,,0.00,,,DICKERSON PKE,,,,0.00,Y,Four-Way,N,Intersection,None,,,         ,Christopher,Littles,Cloudy,HeadOn,no,no,no,no,no,False
102317043,METROPOLITAN NASHVILLE POLICE DEPT,20190159565,Davidson,Nashville,2/27/2019 6:13:00 PM,2,0,0,36.139700,-86.879780,CHARLOTTE PKE,,,,229.00,Feet,West,RUSSLEO DR,,,,0.00,N,Not at Intersection, ,Non-Junction,None,,,         ,Brandon,Pedigo,Clear,Angle,no,no,no,no,no,False
102317045,VANDERBILT UNIVERSITY POLICE,201900014308,Davidson,Nashville,2/27/2019 12:00:00 AM,1,0,0,36.139340,-86.802310,PIERCE AVE,,,,0.00,,,,,,,0.00,,,N,Non-Junction,None,,,         ,James,McDaniel,,Not Collision with Motor Vehicle in Transport,no,no,no,yes,yes,Campus
102317046,METROPOLITAN NASHVILLE POLICE DEPT,20190159559,Davidson,Nashville,2/27/2019 7:05:00 PM,2,0,0,36.238120,-86.783030,BRILEY PKWYE,,,,0.00,,East,I24 W EXT RAMP,,,,0.00,N,Not at Intersection, ,Non-Junction,None,,,         ,Rodney,Phipps,Clear,"Sideswipe, Same Direction",no,no,no,no,no,False
102317048,METROPOLITAN NASHVILLE POLICE DEPT,20190159461,Davidson,Antioch,2/27/2019 6:34:00 PM,2,0,0,36.028350,-86.590470,MURFREESBORO PKE,,,,0.00,Feet,East,LAVERGNE COUCHVILLE PKE,,,,0.00,N,Not at Intersection, ,,None,,,         ,Andrew,Brazee,,,no,no,no,no,no,False
102317057,METROPOLITAN NASHVILLE POLICE DEPT,20190159605,Davidson,Nashville,2/27/2019 7:00:00 PM,2,0,0,36.132120,-86.757210,NOLENSVILLE PKE,,,,588.00,Feet,North,WOODYCREST AV,,,,0.00,N,Not at Intersection,N,Non-Junction,None,,,         ,Akira,McSwain,Clear,Front to Rear,no,no,no,no,no,False
102317068,METROPOLITAN NASHVILLE POLICE DEPT,20190159438,Davidson,Not in City Limit,2/27/2019 6:25:00 PM,2,0,0,36.306870,-86.818870,I 24,,,,0.00,,,,,,,38.20,N,Not at Intersection, ,Non-Junction,None,,,         ,Brian,Woodard,Clear,Angle,no,no,no,no,no,False
102317075,METROPOLITAN NASHVILLE POLICE DEPT,20190159626,Davidson,Not in City Limit,2/27/2019 6:44:00 PM,2,0,0,36.077450,-86.947140,HIGHWAY 70S,,,,0.00,,,BELLEVUE CTR PVTDR,,,,0.00,Y,Four-Way, ,Intersection,None,,,         ,Adam,Reese,Clear,Front to Rear,no,no,no,no,no,False
102317086,METROPOLITAN NASHVILLE POLICE DEPT,20190159330,Davidson,Nashville,2/27/2019 5:39:00 PM,2,0,0,36.041700,-86.748620,OLD HICKORY BLVD,,,,0.00,,,COPPERFIELD WAY,,,,0.00,Y,T-Intersection,N,Intersection,None,,,         ,William,King,Clear,Angle,no,no,no,no,no,False
102317118,METROPOLITAN NASHVILLE POLICE DEPT,20190159604,Davidson,Nashville,2/27/2019 7:34:00 PM,1,0,0,36.163420,-86.843170,CENTENNIAL BLVD,,,,1033.00,Feet,East,49TH AVN,,,,0.00,N,Not at Intersection, ,Rail Grade Crossing,None,,,         ,Ryan,Fink,Clear,Unknown,no,no,no,no,no,False
102317119,METROPOLITAN NASHVILLE POLICE DEPT,20190159375,Davidson,Nashville,2/27/2019 5:56:00 PM,7,3,0,36.028370,-86.635960,I 24,,,,0.00,,,,,,,61.20,N,Not at Intersection,N,Non-Junction,None,,,         ,Devonte,Coleman,Clear,Front to Rear,no,no,no,no,yes,False
102317134,METROPOLITAN NASHVILLE POLICE DEPT,20190159544,Davidson,Nashville,2/27/2019 7:25:00 PM,2,0,0,36.097670,-86.709520,I 24,,,,0.00,,,,,,,54.75,N,Not at Intersection,N,Non-Junction,None,,,         ,Andrew,Brazee,Clear,Front to Rear,no,no,no,no,yes,False
102317135,METROPOLITAN NASHVILLE POLICE DEPT,20190159611,Davidson,Nashville,2/27/2019 6:58:00 PM,2,0,0,36.066740,-86.686990,I24 E ENT RAMP,,,,0.00,Feet,East,I 24,,,,0.00,N,Not at Intersection, ,Non-Junction,None,,,         ,Andrew,Brazee,Clear,"Sideswipe, Same Direction",no,no,no,no,no,False
102317152,METROPOLITAN NASHVILLE POLICE DEPT,20190159335,Davidson,Nashville,2/27/2019 5:42:00 PM,2,0,0,36.152310,-86.787130,I 40,,,,0.00,,,,,,,209.40,N,Not at Intersection, ,Non-Junction,None,,,         ,Nicholas,Kulp,Clear,Angle,no,no,no,no,no,False
102317153,METROPOLITAN NASHVILLE POLICE DEPT,20190159725,Davidson,Nashville,2/27/2019 7:00:00 PM,2,0,0,36.155950,-86.826610,I40 E EXT RAMP,,,,0.00,,,I 40,,,,0.00,Y,OTHER, ,Non-Junction,None,,,         ,Robert,Crow,Cloudy,"Sideswipe, Same Direction",no,no,no,no,no,False
102317185,METROPOLITAN NASHVILLE POLICE DEPT,20190159799,Davidson,Nashville,2/27/2019 6:33:00 PM,2,0,0,36.106140,-86.718760,I 24,,,,0.00,,,,,,,54.00,N,Not at Intersection, ,Non-Junction,None,,,         ,Devonte,Coleman,Clear,Front to Rear,no,no,no,no,no,False