master_record_number,agency,agency_tracking_number,county,city,collision_date,vehicles_involved,number_injured,number_dead,latitude,longitude,roadway_name,roadway_suffix,roadway_number,roadway_local_id,distance_from_reference,miles-feet_indicator,direction_from_reference,intersection_road_name,intersection_road_name_suffix,intersection_road_number,intersection_local_id,mile_marker,intersection_indicator,intersect_type,interchange_related_indicator,relation_to_junction,work_zone_type,construction_maintenance_zone,construction_maintenance_zone_location,fatal_case_number,officer_first_name,officer_last_name,weather_condition(s),manner_of_crash,pedestrian,bicycle,scooter,parking,hitrun,mou
102317850,METROPOLITAN NASHVILLE POLICE DEPT,20190162031,Davidson,Nashville,2/28/2019 4:25:00 PM,2,0,0,36.115180,-86.823490,WOODMONT BLVD,,,,6.00,Feet,East,VALLEY BROOK RD,,,,0.00,N,Not at Intersection,N,Non-Junction,None,,,         ,Ty,Cummings,Clear,Front to Rear,no,no,no,no,no,False
102317856,METROPOLITAN NASHVILLE POLICE DEPT,20190162117,Davidson,Nashville,2/28/2019 4:07:00 PM,2,0,0,36.154420,-86.800100,HUBBS ALY,,,,273.00,Feet,West,19TH AVN,,,,0.00,N,Not at Intersection,N,Non-Junction,None,,,         ,FELIKS,ABRAHAMYAN,Clear,Angle,no,no,no,no,no,False
102317873,METROPOLITAN NASHVILLE POLICE DEPT,20190156815,Davidson,Nashville,2/26/2019 9:15:00 PM,1,0,1,36.065180,-86.625620,HAMILTON CHURCH RD,,,,857.00,Feet,East,MURFREESBORO PKE,,,,0.00,N,Not at Intersection,N,Non-Junction,None,,,19-0130  ,Christopher,Augustin,Clear,Not Collision with Motor Vehicle in Transport,yes,no,no,no,no,False
102317875,METROPOLITAN NASHVILLE POLICE DEPT,20190162347,Davidson,Nashville,2/28/2019 7:01:00 PM,2,0,0,36.118550,-86.726050,I 24,,,,0.00,,,,,,,53.00,N,Not at Intersection, ,Non-Junction,None,,,         ,Devonte,Coleman,Clear,Front to Rear,no,no,no,no,yes,False
102317879,METROPOLITAN NASHVILLE POLICE DEPT,20190162366,Davidson,Nashville,2/28/2019 7:11:00 PM,2,1,0,36.114480,-86.810800,HILLSBORO PKE,,,,192.00,Feet,North,WOODMONT BLVD,,,,0.00,N,Not at Intersection,N,Non-Junction,None,,,         ,FELIKS,ABRAHAMYAN,Clear,Angle,no,no,no,no,no,False
102317881,METROPOLITAN NASHVILLE POLICE DEPT,20190162289,Davidson,Nashville,2/28/2019 5:22:00 PM,2,0,0,36.101810,-86.870430,HARDING PKE,,,,143.00,Feet,South,HARDING PL,,,,0.00,N,Not at Intersection, ,Non-Junction,None,,,         ,Ty,Cummings,Clear,"Sideswipe, Same Direction",no,no,no,no,no,False
102317891,METROPOLITAN NASHVILLE POLICE DEPT,20190162176,Davidson,Nashville,2/28/2019 5:25:00 PM,2,0,0,36.098890,-86.677170,DONELSON PKE,,,,179.00,Feet,North,OLD EZELL RD,,,,0.00,N,Not at Intersection, ,Non-Junction,None,,,         ,Andrew,Brazee,Cloudy,Angle,no,no,no,no,no,False
102317892,METROPOLITAN NASHVILLE POLICE DEPT,20190162359,Davidson,Nashville,2/28/2019 7:05:00 PM,2,1,0,36.138180,-86.806690,BLAKEMORE AV,,,,132.00,Feet,East,25TH AVS,,,,0.00,N,Not at Intersection,N,Non-Junction,None,,,         ,Jed,Baldoni,Clear,Front to Rear,no,no,no,no,no,Campus
102317894,METROPOLITAN NASHVILLE POLICE DEPT,20190162226,Davidson,Nashville,2/28/2019 5:40:00 PM,2,0,0,36.183330,-86.608700,OLD HICKORY BLVD,,,,0.00,,,,,,,0.00,,,N,OtherLocation,None,,,         ,Brian,Smith,Clear,Other,no,no,no,yes,yes,False
102317897,METROPOLITAN NASHVILLE POLICE DEPT,20190161901,Davidson,Nashville,2/28/2019 3:32:00 PM,2,0,0,36.146130,-86.881440,THUNDERBIRD DR,,,,0.00,,,STARLINER DR,,,,0.00,Y,T-Intersection, ,Intersection,None,,,         ,Walter,Gray II,Cloudy,Angle,no,no,no,no,no,False
102317900,METROPOLITAN NASHVILLE POLICE DEPT,20190162355,Davidson,Nashville,2/28/2019 7:04:00 PM,2,0,0,36.064720,-86.684800,I 24,,,,0.00,,,,,,,57.40,N,Not at Intersection, ,Non-Junction,None,,,         ,Taylor,Hurley,Clear,"Sideswipe, Same Direction",no,no,no,no,yes,False
102317913,METROPOLITAN NASHVILLE POLICE DEPT,20190162380,Davidson,Nashville,2/28/2019 7:05:00 PM,2,0,0,36.149010,-86.780080,I 40,,,,0.00,,,,,,,209.80,N,Not at Intersection, ,,None,,,         ,Derek,Betty,,,no,no,no,no,no,False
102317924,METROPOLITAN NASHVILLE POLICE DEPT,20190162473,Davidson,Nashville,2/28/2019 8:00:00 PM,2,0,0,36.182770,-86.735730,CHAPEL AV,,,,53.00,Feet,North,EASTLAND AV,,,,0.00,N,Not at Intersection,N,Non-Junction,None,,,         ,Riley,Brewer,Clear,Angle,no,no,no,no,yes,False
102317930,METROPOLITAN NASHVILLE POLICE DEPT,20190162336,Davidson,Nashville,2/28/2019 6:57:00 PM,2,1,0,36.238810,-86.723860,GALLATIN PKES,,,,0.00,,,GALLATIN PKE,,,,0.00,Y,T-Intersection,N,Intersection,None,,,         ,Christopher,Littles,Cloudy,Front to Rear,no,no,no,no,no,False
102317939,METROPOLITAN NASHVILLE POLICE DEPT,20190162408,Davidson,Nashville,2/28/2019 7:16:00 PM,2,0,0,36.167010,-86.763730,SHELBY AV,,,,0.00,Feet,,S 4TH ST,,,,0.00,Y,Four-Way, ,,None,,,         ,Brynn,Cellan,,,no,no,no,no,no,False
102317942,METROPOLITAN NASHVILLE POLICE DEPT,20190162394,Davidson,Nashville,2/28/2019 7:27:00 PM,3,3,0,36.141090,-86.733200,I 40,,,,0.00,,,,,,,212.95,N,Not at Intersection,N,Non-Junction,None,,,         ,Samuel,Sundra,Clear,Front to Rear,no,no,no,no,no,False
102317944,METROPOLITAN NASHVILLE POLICE DEPT,20190162051,Davidson,Nashville,2/28/2019 4:39:00 PM,3,4,0,36.059370,-86.919560,HIGHWAY 100,,,,263.00,Feet,South,DORSHIRE LN,,,,0.00,N,Not at Intersection,N,Non-Junction,None,,,         ,Walter,Gray II,Cloudy,"Sideswipe, Same Direction",no,no,no,no,no,False
102317945,METROPOLITAN NASHVILLE POLICE DEPT,20190161818,Davidson,Nashville,2/28/2019 2:54:00 PM,2,0,0,36.135700,-86.800530,ACKLEN AV,,,,137.00,Feet,East,21ST AVS,,,,0.00,N,Not at Intersection,N,Non-Junction,None,,,         ,Akira,McSwain,Clear,Angle,no,no,no,no,no,False
102317946,METROPOLITAN NASHVILLE POLICE DEPT,20190162216,Davidson,Nashville,2/28/2019 5:30:00 PM,2,0,0,36.150900,-86.770640,4TH AVS,,,,0.00,,,I40 W EXT RAMP,,,,0.00,Y,T-Intersection, ,,None,,,         ,Akira,McSwain,,,no,no,no,no,no,False
102317947,METROPOLITAN NASHVILLE POLICE DEPT,20190162351,Davidson,Nashville,2/28/2019 6:52:00 PM,2,0,0,36.158090,-86.791740,14TH AVN,,,,70.00,Feet,North,I40 E ENT RAMP,,,,0.00,N,Not at Intersection, ,,None,,,         ,Akira,McSwain,,,no,no,no,no,no,False
102317950,METROPOLITAN NASHVILLE POLICE DEPT,20190162544,Davidson,Not in City Limit,2/28/2019 7:30:00 PM,2,0,0,36.276610,-86.767810,OLD HICKORY BLVD,,,,666.00,Feet,East,GOODMORNING DR,,,,0.00,N,Not at Intersection,N,Non-Junction,None,,,         ,Christopher,Littles,Cloudy,Front to Rear,no,no,no,no,yes,False
102317965,METROPOLITAN NASHVILLE POLICE DEPT,20190162087,Davidson,Not in City Limit,2/28/2019 4:56:00 PM,2,1,0,36.091680,-86.981190,HIGHWAY 70S,,,,0.00,,,CHARLOTTE PKE,,,,0.00,Y,T-Intersection,N,Intersection,None,,,         ,Brandon,Pedigo,Clear,Angle,no,no,no,no,no,False
102317983,METROPOLITAN NASHVILLE POLICE DEPT,20190162602,Davidson,Nashville,2/28/2019 9:04:00 PM,1,0,0,36.142450,-86.735900,I 40,,,,0.00,,,,,,,212.75,N,Not at Intersection,N,Non-Junction,None,,,         ,Samuel,Sundra,Clear,Not Collision with Motor Vehicle in Transport,no,no,no,no,no,False
102318010,METROPOLITAN NASHVILLE POLICE DEPT,20190162578,Davidson,Nashville,2/28/2019 9:08:00 PM,1,0,0,36.148130,-86.745320,I 40,,,,0.00,,,,,,,211.90,N,Not at Intersection, ,Non-Junction,None,,,         ,Andrew,Brazee,Cloudy,Not Collision with Motor Vehicle in Transport,no,no,no,no,no,False
102318013,METROPOLITAN NASHVILLE POLICE DEPT,20190162650,Davidson,Not in City Limit,2/28/2019 9:43:00 PM,2,0,0,36.265770,-86.739370,I65 S ENT RAMP,,,,429.00,Feet,West,OLD HICKORY BLVDW,,,,0.00,N,Not at Intersection, ,Entrance/Exit Ramp Related,None,,,         ,Christopher,Littles,Cloudy,Front to Rear,no,no,no,no,no,False
102318018,METROPOLITAN NASHVILLE POLICE DEPT,20190162208,Davidson,Nashville,2/28/2019 5:20:00 PM,2,0,0,36.135310,-86.823550,WEST END AV,,,,0.00,,,I440 WEST END AV ENT RAMP,,,,0.00,Y,OTHER, ,Intersection-Related,None,,,         ,Torian,Cox,Clear,"Sideswipe, Same Direction",no,no,no,no,no,False
102318031,METROPOLITAN NASHVILLE POLICE DEPT,20190161837,Davidson,Nashville,2/28/2019 2:59:00 PM,1,0,0,36.080710,-86.696630,I 24,,,,0.00,,,,,,,56.15,N,Not at Intersection,N,Non-Junction,None,,,         ,Marcus,Darden,Clear,Not Collision with Motor Vehicle in Transport,no,no,no,no,no,False
102318037,METROPOLITAN NASHVILLE POLICE DEPT,20190162537,Davidson,Nashville,2/28/2019 8:40:00 PM,4,1,0,36.151410,-86.768670,I 40,,,,0.00,,,,,,,210.50,N,Not at Intersection,N,Non-Junction,None,,,         ,Darci,Stechman,Clear,Front to Rear,no,no,no,no,no,False
102318038,METROPOLITAN NASHVILLE POLICE DEPT,20190161858,Davidson,Nashville,2/28/2019 3:00:00 PM,2,0,0,36.141400,-86.715260,I 40,,,,0.00,,,,,,,213.90,N,Not at Intersection, ,Non-Junction,None,,,         ,Marvis,Malone,Rain,Front to Rear,no,no,no,no,no,False
102318039,BERRY HILL POLICE DEPT,19-0721,Davidson,Berry Hill,2/26/2019 5:45:00 PM,2,0,0,36.112350,-86.767010,BRANSFORD AV,,,,0.00,,,THOMPSON LN,,,,0.00,Y,Four-Way, ,Intersection-Related,None,,,         ,Anthony,Russo,Clear,"Sideswipe, Same Direction",no,no,no,no,yes,False
102318040,METROPOLITAN NASHVILLE POLICE DEPT,20190162449,Davidson,Nashville,2/28/2019 7:56:00 PM,2,0,0,36.082330,-86.727170,NOLENSVILLE PKE,,,,100.00,Feet,South,WELSHWOOD DR,,,,0.00,N,Not at Intersection,N,Non-Junction,None,,,         ,William,King,Clear,Angle,no,no,no,no,no,False
102318050,METROPOLITAN NASHVILLE POLICE DEPT,20190162649,Davidson,Nashville,2/28/2019 9:44:00 PM,2,0,0,36.099530,-86.739390,NOLENSVILLE PKE,,,,40.00,Feet,South,MCCALL ST,,,,0.00,N,Not at Intersection, ,Non-Junction,None,,,         ,Ryan,Cagle,Clear,Front to Rear,no,no,no,no,no,False
102318056,METROPOLITAN NASHVILLE POLICE DEPT,20190162576,Davidson,Not in City Limit,2/28/2019 9:09:00 PM,1,2,0,36.274070,-86.776900,BRICK CHURCH PKE,,,,1281.00,Feet,South,VALLEY TRL,,,,0.00,N,Not at Intersection,N,Non-Junction,None,,,         ,Rodney,Phipps,Clear,Not Collision with Motor Vehicle in Transport,no,no,no,no,no,False
102318075,METROPOLITAN NASHVILLE POLICE DEPT,20190162451,Davidson,Nashville,2/28/2019 7:59:00 PM,2,0,0,36.147350,-86.785730,SOUTH ST,,,,0.00,Feet,East,12TH AVS,,,,0.00,N,Not at Intersection, ,Non-Junction,None,,,         ,Darryl,Williams,Clear,Angle,no,no,no,no,no,False
102318084,METROPOLITAN NASHVILLE POLICE DEPT,20190162614,Davidson,Nashville,2/28/2019 6:35:00 PM,2,0,0,36.079038,-86.956500,COLEY DAVIS RD,,,,452.00,Feet,South,HWY 70 S,,,,0.00,N,Not at Intersection, ,Non-Junction,None,,,         ,Jeremy,Huffine,Clear,Angle,no,no,no,no,no,False
102318091,METROPOLITAN NASHVILLE POLICE DEPT,20190162703,Davidson,Not in City Limit,2/28/2019 10:17:00 PM,2,1,0,36.264020,-86.691750,STATE RT 45,,,,72.00,Feet,West,MCARTHUR DR,,,,0.00,N,Not at Intersection,Y,Non-Junction,None,,,         ,DuJuan,Kendrick,Clear,"Sideswipe, Same Direction",no,no,no,no,no,False
102318101,METROPOLITAN NASHVILLE POLICE DEPT,20190162732,Davidson,Nashville,2/28/2019 9:00:00 PM,1,0,0,36.058420,-86.720410,TUSCULUM RD,,,,335.00,Feet,West,HASTY DR,,,,0.00,N,Not at Intersection,N,Non-Junction,Unknown,Work On Shoulder Or Median,Unknown,         ,Brandon,Rardin,Clear,Not Collision with Motor Vehicle in Transport,no,no,no,no,no,False
102318103,METROPOLITAN NASHVILLE POLICE DEPT,20190162768,Davidson,Nashville,2/28/2019 9:44:00 PM,2,0,0,36.048770,-86.665180,I 24,,,,0.00,,,,,,,59.00,N,Not at Intersection, ,Non-Junction,None,,,         ,David,Moser,Clear,"Sideswipe, Same Direction",no,no,no,no,no,False
102318113,METROPOLITAN NASHVILLE POLICE DEPT,20190162952,Davidson,Nashville,3/1/2019 12:00:00 AM,1,0,0,36.231510,-86.790690,EWING DR,,,,164.00,Feet,West,EWING LN,,,,0.00,N,Not at Intersection,N,Non-Junction,None,,,         ,Nicholas,MacDougall,Rain,Unknown,no,no,no,no,yes,False
102318128,METROPOLITAN NASHVILLE POLICE DEPT,20190163074,Davidson,Nashville,3/1/2019 1:40:00 AM,2,0,0,36.172080,-86.768530,I 24,,,,0.00,,,,,,,48.30,N,Not at Intersection,N,Non-Junction,None,,,         ,Shaquille,Graham,Clear,"Sideswipe, Same Direction",no,no,no,no,yes,False
102318171,METROPOLITAN NASHVILLE POLICE DEPT,20190163372,Davidson,Nashville,3/1/2019 5:13:00 AM,2,0,0,36.107550,-86.807850,GLEN ECHO RD,,,,0.00,,,HILLMONT DR,,,,0.00,Y,Four-Way, ,Intersection,None,,,         ,Christian,Martin,Rain,Front to Rear,no,no,no,no,no,False
102318172,METROPOLITAN NASHVILLE POLICE DEPT,20190162756,Davidson,Nashville,2/28/2019 9:40:00 PM,2,0,0,36.161340,-86.597120,OLD HICKORY BLVD,,,,9.00,Feet,North,BELL RD,,,,0.00,N,Not at Intersection,N,Non-Junction,None,,,         ,Brandon,Epps,Clear,Angle,no,no,no,no,no,False
102318174,METROPOLITAN NASHVILLE POLICE DEPT,20190163444,Davidson,Nashville,3/1/2019 3:41:00 AM,1,0,0,36.152610,-86.790480,DEMONBREUN ST,,,,301.00,Feet,East,DIVISION ST,,,,0.00,N,Not at Intersection,N,Non-Junction,None,,,         ,Dakota,Vermillion,Clear,Not Collision with Motor Vehicle in Transport,no,no,no,yes,yes,False
102318182,METROPOLITAN NASHVILLE POLICE DEPT,20190163437,Davidson,Nashville,3/1/2019 6:05:00 AM,3,0,0,36.045600,-86.658470,I24 W EXT RAMP,,,,0.00,,,I 24,,,,0.00,Y,Four-Way, ,Non-Junction,None,,,         ,Jefferson,Hughes,Fog,Front to Rear,no,no,no,no,yes,False
102318189,METROPOLITAN NASHVILLE POLICE DEPT,20190161677,Davidson,Not in City Limit,2/28/2019 1:35:00 PM,2,0,0,36.311970,-86.860180,WHITES CREEK PKE,,,,1449.00,Feet,East,OLD CLARKSVILLE PKE,,,,0.00,N,Not at Intersection,N,Non-Junction,None,,,         ,Wesley,Young,Rain,"Sideswipe, Opposite Direction",no,no,no,no,no,False
102318191,METROPOLITAN NASHVILLE POLICE DEPT,20190159441,Davidson,Nashville,2/27/2019 6:26:00 PM,1,0,0,36.162230,-86.774360,1ST AVN,,,,0.00,,,BROADWAY,,,,0.00,Y,T-Intersection, ,Intersection,None,,,         ,Joshua,Reece,Clear,Not Collision with Motor Vehicle in Transport,yes,no,no,no,no,False
102318193,METROPOLITAN NASHVILLE POLICE DEPT,20190163369,Davidson,Nashville,3/1/2019 5:21:00 AM,2,1,0,36.096770,-86.654560,OLD MURFREESBORO PKE,,,,0.00,,,SMITH SPRINGS RD,,,,0.00,Y,Four-Way,N,Intersection,None,,,         ,Bridget,Griepentrog,Rain,Angle,no,no,no,no,no,False
102318194,METROPOLITAN NASHVILLE POLICE DEPT,20190161724,Davidson,Nashville,2/28/2019 2:00:00 PM,2,0,0,36.153410,-86.773840,5TH AVS,,,,23.00,Feet,South,LEA AV,,,,0.00,N,Not at Intersection, ,Non-Junction,None,,,         ,Tony,Folad,Cloudy,"Sideswipe, Same Direction",no,no,no,no,no,False
102318203,METROPOLITAN NASHVILLE POLICE DEPT,20190163483,Davidson,Nashville,3/1/2019 6:09:00 AM,2,0,0,36.125420,-86.727880,I 24,,,,0.00,,,,,,,52.55,N,Not at Intersection,N,Non-Junction,None,,,         ,Tien,Nguyen,Fog,"Sideswipe, Same Direction",no,no,no,no,yes,False
102318208,METROPOLITAN NASHVILLE POLICE DEPT,20190163517,Davidson,Nashville,3/1/2019 7:03:00 AM,2,0,0,36.158190,-86.797690,PATTERSON ST,,,,199.00,Feet,North,17TH AVN,,,,0.00,N,Not at Intersection,N,Non-Junction,None,,,         ,Jon,Mcvey,Cloudy,Angle,no,no,no,yes,yes,False
102318217,METROPOLITAN NASHVILLE POLICE DEPT,20190163513,Davidson,Nashville,3/1/2019 12:00:00 AM,1,0,0,36.146290,-86.653420,MCCRORY CREEK RD,,,,630.00,Feet,South,HONEYBROOK DR,,,,0.00,N,Not at Intersection,N,Non-Junction,None,,,         ,Carey,Steel,Rain,Unknown,no,no,no,no,yes,False
102318218,THP District 3 - Nashville,319012050,Davidson,Nashville,3/1/2019 6:16:00 AM,2,0,0,36.160720,-86.866520,BRILEY PKWYN,,,,1258.00,Feet,South,63RD AVN,,,,0.00,N,Not at Intersection, ,Non-Junction,None,,,         ,J.D.,Blackwell,Rain,Front to Rear,no,no,no,no,no,False
102318219,METROPOLITAN NASHVILLE POLICE DEPT,20190161518,Davidson,Nashville,2/28/2019 12:33:00 PM,2,0,0,36.150480,-86.770350,4TH AVS,,,,0.00,,,I40 E EXT RAMP,,,,0.00,Y,Four-Way,N,Intersection,None,,,         ,Randy,Puckett,Clear,Angle,no,no,no,no,no,False
102318223,METROPOLITAN NASHVILLE POLICE DEPT,20190163489,Davidson,Nashville,3/1/2019 6:40:00 AM,2,1,0,36.193830,-86.831050,BUENA VISTA PKE,,,,80.00,Feet,North,CLARKSVILLE PKE,,,,0.00,N,Not at Intersection,N,Non-Junction,None,,,         ,Zachary,Goodall,Rain,Front to Rear,no,no,no,no,no,False
102318226,METROPOLITAN NASHVILLE POLICE DEPT,20190163607,Davidson,Nashville,3/1/2019 7:55:00 AM,2,0,0,36.150400,-86.806930,BRANDAU PL,,,,299.00,Feet,West,23RD AVN,,,,0.00,N,Not at Intersection, ,Non-Junction,None,,,         ,Jon,Mcvey,Cloudy,"Sideswipe, Same Direction",no,no,no,no,no,Campus
102318227,METROPOLITAN NASHVILLE POLICE DEPT,20190163516,Davidson,Nashville,3/1/2019 6:05:00 AM,2,0,0,36.094190,-86.654000,FRANKLIN LIMESTONE RD,,,,140.00,Feet,East,RICE AV,,,,0.00,N,Not at Intersection,N,Non-Junction,None,,,         ,Jason,Kedzierski,Rain,"Sideswipe, Opposite Direction",no,no,no,no,no,False
102318229,METROPOLITAN NASHVILLE POLICE DEPT,20190161654,Davidson,Goodlettsville,2/27/2019 10:45:00 PM,1,0,0,36.291050,-86.693770,MYATT DR,,,,39.00,Feet,East,EDENWOLD RD,,,,0.00,N,Not at Intersection,N,Non-Junction,None,,,         ,Cyretha,Frazier,Cloudy,Not Collision with Motor Vehicle in Transport,no,no,no,yes,yes,False
102318230,METROPOLITAN NASHVILLE POLICE DEPT,20190163585,Davidson,Nashville,3/1/2019 7:45:00 AM,2,0,0,36.246320,-86.721380,GALLATIN PKES,,,,143.00,Feet,South,BERKLEY DR,,,,0.00,N,Not at Intersection, ,,None,,,         ,Brian,Otto,,,no,no,no,no,no,False
102318233,METROPOLITAN NASHVILLE POLICE DEPT,20190163526,Davidson,Nashville,3/1/2019 6:07:00 AM,2,0,0,36.064790,-86.628480,HAMILTON CHURCH RD,,,,0.00,,,MURFREESBORO PKE,,,,0.00,Y,Four-Way,N,Intersection-Related,None,,,         ,Brandon,Vance,Clear,Angle,no,no,no,no,no,False
102318243,METROPOLITAN NASHVILLE POLICE DEPT,20190163603,Davidson,Nashville,3/1/2019 7:55:00 AM,2,0,0,36.155290,-86.812060,25TH AVN,,,,0.00,Feet,,CHARLOTTE AV,,,,0.00,Y,Four-Way,Y,Intersection,None,,,         ,Justan,Vance,Rain,Front to Rear,no,no,no,no,no,False
102318244,METROPOLITAN NASHVILLE POLICE DEPT,20190163525,Davidson,Nashville,3/1/2019 7:10:00 AM,2,0,0,36.165180,-86.783450,CHARLOTTE AV,,,,100.00,Feet,West,6TH AVN,,,,0.00,N,Not at Intersection, ,Unknown,None,,,         ,Frank,Campbell,Rain,"Sideswipe, Same Direction",no,no,no,no,no,False
102318249,METROPOLITAN NASHVILLE POLICE DEPT,20190163479,Davidson,Nashville,3/1/2019 6:18:00 AM,1,1,0,36.030910,-86.699710,BARNES RD,,,,61.00,Feet,South,LUNDSTILL PROPERTY PVTDR,,,,0.00,N,Not at Intersection,N,Non-Junction,None,,,         ,Jessie,Meadows,Rain,Not Collision with Motor Vehicle in Transport,no,no,no,no,no,False
102318250,METROPOLITAN NASHVILLE POLICE DEPT,20190163685,Davidson,Nashville,3/1/2019 8:33:00 AM,2,0,0,36.154540,-86.792250,BROADWAY,,,,214.00,Feet,East,16TH AVS,,,,0.00,N,Not at Intersection, ,Non-Junction,None,,,         ,Jon,Mcvey,Cloudy,Front to Rear,no,no,no,no,no,False
102318262,METROPOLITAN NASHVILLE POLICE DEPT,2019 0163591,Davidson,Nashville,3/1/2019 7:50:00 AM,3,2,0,36.048820,-86.868260,OLD HICKORY BLVD,,,,452.00,Feet,East,CHICKERING MEADOW,,,,0.00,N,Not at Intersection,N,Non-Junction,None,,,         ,Paul,Junkmann,Rain,Front to Rear,no,no,no,no,no,False
102318268,METROPOLITAN NASHVILLE POLICE DEPT,20190163712,Davidson,Nashville,3/1/2019 8:35:00 AM,2,0,0,36.027160,-86.634620,I 24,,,,0.00,,,,,,,61.30,N,Not at Intersection, ,,None,,,         ,Jason,Kedzierski,,,no,no,no,no,no,False
102318282,METROPOLITAN NASHVILLE POLICE DEPT,20190163566,Davidson,Not in City Limit,3/1/2019 7:36:00 AM,2,0,0,36.322120,-86.867900,I24 E EXT RAMP,,,,0.00,,East,WHITES CREEK PKE,,,,0.00,N,Not at Intersection, ,Entrance/Exit Ramp Related,None,,,         ,Royce,McLester,Rain,Front to Rear,no,no,no,no,no,False
102318287,METROPOLITAN NASHVILLE POLICE DEPT,20190163673,Davidson,Not in City Limit,3/1/2019 8:32:00 AM,2,0,0,36.012380,-86.703610,NOLENSVILLE PKE,,,,0.00,,,HOLT RD,,,,0.00,Y,T-Intersection,N,Intersection,None,,,         ,Phillip,Murphy,Rain,Angle,no,no,no,no,no,False
102318289,METROPOLITAN NASHVILLE POLICE DEPT,20190163588,Davidson,Nashville,3/1/2019 7:53:00 AM,2,0,0,36.086600,-86.698030,I24 W EXT RAMP,,,,0.00,Feet,East,I 24,,,,0.00,N,Not at Intersection, ,Entrance/Exit Ramp Related,None,,,         ,Brian,Lamb,Cloudy,Front to Rear,no,no,no,no,no,False
102318290,METROPOLITAN NASHVILLE POLICE DEPT,20190163638,Davidson,Nashville,3/1/2019 7:54:00 AM,3,0,0,36.086720,-86.697860,I24 W EXT RAMP,,,,0.00,,,I 24,,,,0.00,Y,OTHER, ,Entrance/Exit Ramp Related,None,,,         ,Joseph,Simon,Cloudy,Front to Rear,no,no,no,no,no,False
102318312,METROPOLITAN NASHVILLE POLICE DEPT,20190163583,Davidson,Nashville,3/1/2019 7:48:00 AM,2,0,0,36.238390,-86.780910,BRICK CHURCH PKE,,,,0.00,Feet,North,BRILEY PKWYW,,,,0.00,N,Not at Intersection,N,Non-Junction,None,,,         ,Blake,McKay,Rain,Front to Rear,no,no,no,no,yes,False
102318316,METROPOLITAN NASHVILLE POLICE DEPT,20190163613,Davidson,Nashville,3/1/2019 8:04:00 AM,3,1,0,36.083750,-86.890890,PERCY WARNER BLVD,,,,231.00,Feet,East,SHADOWOOD DR,,,,0.00,N,Not at Intersection,N,"Driveway, Alley Access, etc",None,,,         ,Charles,Boles,Cloudy,Angle,no,no,no,no,no,False
102318318,METROPOLITAN NASHVILLE POLICE DEPT,20190163806,Davidson,Nashville,2/27/2019 1:00:00 PM,2,0,0,36.178380,-86.757540,N 9TH ST,,,,419.00,Feet,North,RAMSEY ST,,,,0.00,N,Not at Intersection,N,Non-Junction,None,,,         ,Russell,Freeman,Cloudy,Angle,no,no,no,no,yes,False
102318322,METROPOLITAN NASHVILLE POLICE DEPT,20190163423,Davidson,Nashville,3/1/2019 5:55:00 AM,2,0,0,36.106770,-86.719140,I 24,,,,0.00,,,,,,,54.00,N,Not at Intersection,N,Non-Junction,None,,,         ,David,Smith,Cloudy,"Sideswipe, Same Direction",no,no,no,no,no,False
102318327,METROPOLITAN NASHVILLE POLICE DEPT,20190163625,Davidson,Nashville,3/1/2019 7:55:00 AM,2,0,0,36.050320,-86.667840,I 24,,,,0.00,,,,,,,58.80,N,Not at Intersection, ,,None,,,         ,Jessie,Meadows,,,no,no,no,no,no,False
102318330,METROPOLITAN NASHVILLE POLICE DEPT,20190163836,Davidson,Nashville,3/1/2019 9:55:00 AM,2,0,0,36.115720,-86.774690,I 440,,,,0.00,,,,,,,4.80,N,Not at Intersection, ,Non-Junction,Construction Zone,,,         ,Jon,Mcvey,Cloudy,Angle,no,no,no,no,no,False
102318337,METROPOLITAN NASHVILLE POLICE DEPT,20190163858,Davidson,Nashville,3/1/2019 10:02:00 AM,2,0,0,36.121570,-86.794880,PARIS AV,,,,0.00,,,BELMONT BLVD,,,,0.00,Y,T-Intersection, ,,None,,,         ,Raymond,Flaherty,,,no,no,no,no,no,False
102318351,METROPOLITAN NASHVILLE POLICE DEPT,20190163633,Davidson,Nashville,3/1/2019 8:12:00 AM,2,2,0,36.078250,-86.656860,UNA ANTIOCH PKE,,,,63.00,Feet,East,OAKWOOD FOREST DR,,,,0.00,N,Not at Intersection,N,Non-Junction,None,,,         ,Jessie,Meadows,Rain,Angle,no,no,no,no,no,False
102318360,METROPOLITAN NASHVILLE POLICE DEPT,20190163897,Davidson,Nashville,3/1/2019 10:15:00 AM,2,0,0,36.147810,-86.792320,MUSIC SQE,,,,85.00,Feet,South,SOUTH ST,,,,0.00,N,Not at Intersection, ,Non-Junction,None,,,         ,Timothy,Ward,Cloudy,"Sideswipe, Same Direction",no,no,no,no,no,False
102318376,METROPOLITAN NASHVILLE POLICE DEPT,20190163498,Davidson,Nashville,3/1/2019 12:00:00 AM,1,0,0,36.078130,-86.632720,BELL RD,,,,327.00,Feet,East,BELL RD PVTDR,,,,0.00,N,Not at Intersection,N,Non-Junction,None,,,         ,Michael,Dance,Unknown,Not Collision with Motor Vehicle in Transport,no,no,no,no,yes,False
102318380,METROPOLITAN NASHVILLE POLICE DEPT,20190163788,Davidson,Nashville,3/1/2019 9:28:00 AM,2,0,0,36.101770,-86.739630,ANTIOCH PKE,,,,200.00,Feet,West,MCCOMBS AV,,,,0.00,N,Not at Intersection, ,Non-Junction,None,,,         ,Jessie,Meadows,Rain,"Sideswipe, Opposite Direction",no,no,no,yes,no,False