master_record_number,agency,agency_tracking_number,county,city,collision_date,vehicles_involved,number_injured,number_dead,latitude,longitude,roadway_name,roadway_suffix,roadway_number,roadway_local_id,distance_from_reference,miles-feet_indicator,direction_from_reference,intersection_road_name,intersection_road_name_suffix,intersection_road_number,intersection_local_id,mile_marker,intersection_indicator,intersect_type,interchange_related_indicator,relation_to_junction,work_zone_type,construction_maintenance_zone,construction_maintenance_zone_location,fatal_case_number,officer_first_name,officer_last_name,weather_condition(s),manner_of_crash,pedestrian,bicycle,scooter,parking,hitrun,mou
102320567,METROPOLITAN NASHVILLE POLICE DEPT,20190169432,Davidson,Not in City Limit,3/3/2019 9:15:00 PM,2,0,0,35.998480,-86.692130,NOLENSVILLE PKE,,,,521.00,Feet,East,CONCORD HILLS DR,,,,0.00,N,Not at Intersection, ,,None,,,         ,Arend,Groeneweg,,,no,no,no,no,no,False
102320568,METROPOLITAN NASHVILLE POLICE DEPT,20190169117,Davidson,Nashville,3/3/2019 4:10:00 PM,3,1,0,36.163770,-86.599170,ARBOR LAKE BLVD,,,,429.00,Feet,East,BELL RD,,,,0.00,N,Not at Intersection,N,Non-Junction,None,,,         ,Ricki,Armstrong,Clear,Front to Rear,no,no,no,yes,yes,False
102320582,METROPOLITAN NASHVILLE POLICE DEPT,20190169501,Davidson,Nashville,3/3/2019 7:36:00 PM,3,0,0,36.079670,-86.918080,BELLE FOREST CONDOS PVTDR,,,,0.00,Feet,East,OLD HICKORY BLVD,,,,0.00,N,Not at Intersection, ,Non-Junction,None,,,         ,Alexander,Donald,Clear,"Sideswipe, Same Direction",no,no,no,yes,yes,False
102320583,METROPOLITAN NASHVILLE POLICE DEPT,20190169502,Davidson,Nashville,3/3/2019 9:30:00 PM,2,1,0,36.065390,-86.629050,MURFREESBORO PKE,,,,0.00,,,,,,,0.00,,, ,Non-Junction,None,,,         ,Arend,Groeneweg,Clear,Front to Rear,no,no,no,no,yes,False
102320588,METROPOLITAN NASHVILLE POLICE DEPT,20190169580,Davidson,Nashville,3/3/2019 10:19:00 PM,2,0,0,36.206490,-86.776300,W TRINITY LN,,,,13.00,Feet,South,I65 S ENT RAMP,,,,0.00,N,Not at Intersection, ,Non-Junction,None,,,         ,Reginald,Pierre-Paul,Clear,"Sideswipe, Same Direction",no,no,no,no,no,False
102320604,METROPOLITAN NASHVILLE POLICE DEPT,20190169502,Davidson,Antioch,3/3/2019 9:45:00 PM,1,2,0,36.066880,-86.599780,MT VIEW RD,,,,10.00,Feet,West,TRU LONG DR,,,,0.00,N,Not at Intersection,N,Non-Junction,None,,,         ,Matthew,Turppa,Cloudy,Not Collision with Motor Vehicle in Transport,no,no,no,no,yes,False
102320605,METROPOLITAN NASHVILLE POLICE DEPT,20190169598,Davidson,Nashville,3/3/2019 10:50:00 PM,2,2,0,36.149690,-86.779180,DIVISION ST,,,,0.00,,,8TH AVS,,,,0.00,Y,Four-Way,N,Intersection,None,,,         ,William,Erickson,Cloudy,Angle,no,no,no,no,no,False
102320617,METROPOLITAN NASHVILLE POLICE DEPT,20190169713,Davidson,Nashville,3/3/2019 10:54:00 PM,2,0,0,36.047550,-86.655930,HICKORY HOLLOW PKWY,,,,0.00,,,BELL RD,,,,0.00,Y,Four-Way,N,Intersection,None,,,         ,Ralph,Smith IV,Clear,"Sideswipe, Same Direction",no,no,no,no,yes,False
102320629,GOODLETTSVILLE POLICE DEPT,19-08214,Davidson,Goodlettsville,3/3/2019 6:13:00 PM,3,5,0,36.328120,-86.714590,N MAIN ST,,,,7.00,Feet,North,NEW BRICK CHURCH PKE,,,,0.00,N,Not at Intersection,N,Non-Junction,None,,,         ,Jennifer,Hancock,Rain,HeadOn,no,no,no,no,no,False
102320635,METROPOLITAN NASHVILLE POLICE DEPT,20190170048,Davidson,Nashville,3/4/2019 2:21:00 AM,1,0,0,36.074290,-86.663590,PEBBLE CREEK CIR,,,,114.00,Feet,West,PEPPER RIDGE CIR,,,,0.00,N,Not at Intersection,N,Non-Junction,None,,,         ,William,Williams,Clear,Not Collision with Motor Vehicle in Transport,no,no,no,yes,yes,False
102320636,METROPOLITAN NASHVILLE POLICE DEPT,20190170114,Davidson,Nashville,3/4/2019 2:55:00 AM,1,0,0,36.152120,-86.795340,18TH AVS,,,,19.00,Feet,North,BROADWAY,,,,0.00,N,Not at Intersection,N,Non-Junction,None,,,         ,Brian,Warstadt,Clear,Not Collision with Motor Vehicle in Transport,no,no,no,no,no,False
102320675,METROPOLITAN NASHVILLE POLICE DEPT,20190170430,Davidson,Nashville,3/4/2019 6:03:00 AM,2,1,0,36.140570,-86.723700,I 40,,,,0.00,,,,,,,213.50,N,Not at Intersection,N,Non-Junction,None,,,         ,Meghan,Pope,Clear,Front to Rear,no,no,no,no,no,False
102320700,METROPOLITAN NASHVILLE POLICE DEPT,20190170457,Davidson,Not in City Limit,3/4/2019 6:23:00 AM,2,2,0,36.301760,-86.886420,KOLZ LN,,,,66.00,Feet,West,EATONS CREEK RD,,,,0.00,N,Not at Intersection,N,Non-Junction,None,,,         ,Abigail,Malone,Clear,Front to Rear,no,no,no,no,no,False
102320703,METROPOLITAN NASHVILLE POLICE DEPT,20190168828,Davidson,Nashville,3/3/2019 1:32:00 PM,2,0,0,36.161870,-86.760880,I 24,,,,0.00,,,,,,,49.35,N,Not at Intersection,N,Non-Junction,None,,,         ,Tony,Folad,Cloudy,Angle,no,no,no,no,no,False
102320712,METROPOLITAN NASHVILLE POLICE DEPT,20190170508,Davidson,Nashville,3/4/2019 7:01:00 AM,2,0,0,36.136160,-86.788670,WEDGEWOOD AV,,,,0.00,,,12TH AVS,,,,0.00,Y,Four-Way,N,Intersection,None,,,         ,Randy,Puckett,Clear,Angle,no,no,no,no,no,False
102320715,METROPOLITAN NASHVILLE POLICE DEPT,20190170523,Davidson,Nashville,3/4/2019 7:09:00 AM,2,1,0,36.082670,-86.710490,TAMPA DR,,,,0.00,,,HARDING PL,,,,0.00,Y,Four-Way,Y,Intersection,None,,,         ,Jason,Hees,Clear,Angle,no,no,no,no,no,False
102320716,METROPOLITAN NASHVILLE POLICE DEPT,20190170532,Davidson,Nashville,3/4/2019 7:10:00 AM,2,0,0,36.171360,-86.870880,BRILEY PKWY S EXT RAMP,,,,0.00,Feet,East,CENTENNIAL BLVD,,,,0.00,N,Not at Intersection,Y,Entrance/Exit Ramp Related,None,,,         ,Brian,Myatt,Clear,Front to Rear,no,no,no,no,no,False
102320717,METROPOLITAN NASHVILLE POLICE DEPT,2019-0170619,Davidson,Nashville,3/4/2019 7:42:00 AM,2,0,0,36.112800,-86.792400,GRANNY WHITE PKE,,,,0.00,,,NOELTON AV,,,,0.00,Y,Four-Way,N,Intersection-Related,None,,,         ,Timothy,Edwards,Clear,Front to Rear,no,no,no,no,no,False
102320719,GOODLETTSVILLE POLICE DEPT,19-07864,Davidson,Goodlettsville,2/28/2019 3:05:00 PM,1,0,0,36.310020,-86.688110,VIETNAM VETERANS BLVD SB EXT R,,,,1079.00,Feet,East,VIETNAM VETERANS BLVDS,,,,0.00,N,Not at Intersection,N,Non-Junction,None,,,         ,George,Forbes,Rain,Not Collision with Motor Vehicle in Transport,no,no,no,no,no,False
102320721,METROPOLITAN NASHVILLE POLICE DEPT,20190170511,Davidson,Nashville,3/4/2019 7:05:00 AM,3,0,0,36.062320,-86.904630,HIGHWAY 100,,,,0.00,,,OLD HICKORY BLVD,,,,0.00,Y,T-Intersection,N,Intersection,None,,,         ,Curtis,Rich,Clear,Angle,no,no,no,no,no,False
102320724,METROPOLITAN NASHVILLE POLICE DEPT,20190170644,Davidson,Not in City Limit,3/4/2019 7:55:00 AM,2,0,0,36.318270,-86.889030,CLARKSVILLE PKE,,,,129.00,Feet,West,CHAMBLISS RD,,,,0.00,N,Not at Intersection, ,,None,,,         ,Jeanine,Sarno,,,no,no,no,no,no,False
102320725,METROPOLITAN NASHVILLE POLICE DEPT,20190170602,Davidson,Nashville,3/4/2019 7:29:00 AM,2,0,0,36.045740,-86.674350,BELL RD,,,,0.00,,,BLUE HOLE RD,,,,0.00,Y,Four-Way,Y,Intersection,None,,,         ,James,Jarvis,Clear,Front to Rear,no,no,no,no,yes,False
102320726,METROPOLITAN NASHVILLE POLICE DEPT,20190170706,Davidson,Nashville,3/4/2019 8:19:00 AM,2,0,0,36.082580,-86.698000,I 24,,,,0.00,,,,,,,56.00,N,Not at Intersection,N,Non-Junction,None,,,         ,James,Jarvis,Clear,Front to Rear,no,no,no,no,no,False
102320728,METROPOLITAN NASHVILLE POLICE DEPT,20190170751,Davidson,Nashville,3/1/2019 4:30:00 AM,1,0,0,36.148750,-86.792150,MUSIC SQE,,,,139.00,Feet,North,CHET ATKINS PL,,,,0.00,N,Not at Intersection,N,Non-Junction,None,,,         ,Justan,Vance,Unknown,Not Collision with Motor Vehicle in Transport,no,no,no,yes,yes,False
102320735,METROPOLITAN NASHVILLE POLICE DEPT,2019-0170607,Davidson,Not in City Limit,3/4/2019 7:46:00 AM,2,1,0,36.280470,-86.784290,BRICK CHURCH PKE,,,,396.00,Feet,North,OLD HICKORY BLVD,,,,0.00,N,Not at Intersection,N,Non-Junction,None,,,         ,Arthur,Hipp,Cloudy,Front to Rear,no,no,no,no,no,False
102320736,METROPOLITAN NASHVILLE POLICE DEPT,20190170681,Davidson,Nashville,3/4/2019 8:12:00 AM,2,0,0,36.170400,-86.768450,INTERSTATE DR,,,,0.00,,,WOODLAND ST,,,,0.00,Y,Four-Way,N,Intersection-Related,None,,,         ,James,Hill,Cloudy,Front to Rear,no,no,no,no,no,False
102320743,METROPOLITAN NASHVILLE POLICE DEPT,20190170528,Davidson,Nashville,3/4/2019 12:00:00 AM,3,0,0,36.234070,-86.767930,CREEKWOOD DR,,,,544.00,Feet,West,LARKSPUR DR,,,,0.00,N,Not at Intersection,N,Non-Junction,None,,,         ,William,Monaghan,Clear,Angle,no,no,no,yes,no,False
102320749,METROPOLITAN NASHVILLE POLICE DEPT,20190170480,Davidson,Nashville,3/4/2019 6:50:00 AM,2,1,0,36.086560,-86.691550,ANTIOCH PKE,,,,371.00,Feet,South,HARDING PL,,,,0.00,N,Not at Intersection,N,Non-Junction,None,,,         ,Jessie,Meadows,Clear,Front to Rear,no,no,no,no,no,False
102320750,METROPOLITAN NASHVILLE POLICE DEPT,20190170505,Davidson,Nashville,3/4/2019 6:57:00 AM,2,0,0,36.085920,-86.691060,ANTIOCH PKE,,,,171.00,Feet,North,PERIMETER HILL DR,,,,0.00,N,Not at Intersection,N,Non-Junction,None,,,         ,Jessie,Meadows,Clear,"Sideswipe, Same Direction",no,no,no,no,no,False
102320751,METROPOLITAN NASHVILLE POLICE DEPT,20190170499,Davidson,Nashville,3/4/2019 6:30:00 AM,2,0,0,36.068120,-86.669730,RICHARDS RD,,,,203.00,Feet,West,DOWDY DR,,,,0.00,N,Not at Intersection,N,Non-Junction,None,,,         ,Jason,Kedzierski,Clear,"Sideswipe, Opposite Direction",no,no,no,no,yes,False
102320753,METROPOLITAN NASHVILLE POLICE DEPT,20190170645,Davidson,Nashville,3/4/2019 8:00:00 AM,3,0,0,36.089680,-86.771610,FRANKLIN PKE,,,,264.00,Feet,South,N CURTISWOOD LN,,,,0.00,N,Not at Intersection,N,Non-Junction,None,,,         ,Alberta,Auguste,Clear,Front to Rear,no,no,no,no,yes,False
102320765,METROPOLITAN NASHVILLE POLICE DEPT,20190170703,Davidson,Nashville,3/4/2019 8:21:00 AM,1,0,0,36.063030,-86.735710,BREWER DR,,,,114.00,Feet,East,HILL CREEK DR,,,,0.00,N,Not at Intersection,N,Non-Junction,None,,,         ,Gary,Sneed,Clear,Not Collision with Motor Vehicle in Transport,no,no,no,no,no,False
102320766,METROPOLITAN NASHVILLE POLICE DEPT,2019-0170839,Davidson,Nashville,3/4/2019 7:50:00 AM,2,0,0,36.058070,-86.645840,RURAL HILL RD,,,,1168.00,Feet,East,TOOK LN,,,,0.00,N,Not at Intersection,N,Non-Junction,None,,,         ,Stanley,Collins,Other,Front to Rear,no,no,no,no,no,False
102320774,METROPOLITAN NASHVILLE POLICE DEPT,2019-0170865,Davidson,Goodlettsville,3/4/2019 9:00:00 AM,2,0,0,36.305490,-86.687830,GALLATIN PKEN,,,,70.00,Feet,West,NORTHSIDE DR,,,,0.00,N,Not at Intersection, ,Non-Junction,None,,,         ,Travis,Baxter,Clear,"Sideswipe, Same Direction",no,no,no,no,no,False
102320779,METROPOLITAN NASHVILLE POLICE DEPT,20190170928,Davidson,Nashville,3/4/2019 9:50:00 AM,2,0,0,36.086530,-86.691520,ANTIOCH PKE,,,,383.00,Feet,South,HARDING PL,,,,0.00,N,Not at Intersection,N,Non-Junction,None,,,         ,Jessie,Meadows,Clear,Angle,no,no,no,no,no,False
102320781,METROPOLITAN NASHVILLE POLICE DEPT,20190170891,Davidson,Antioch,3/4/2019 9:18:00 AM,2,0,0,36.043210,-86.606000,HOBSON PKE,,,,207.00,Feet,East,MURFREESBORO PKE,,,,0.00,N,Not at Intersection, ,Non-Junction,None,,,         ,Amy,Hirschmann,Cloudy,Front to Rear,no,no,no,no,no,False
102320786,METROPOLITAN NASHVILLE POLICE DEPT,20190170952,Davidson,Nashville,3/4/2019 10:00:00 AM,1,1,0,36.135270,-86.820520,I 440,,,,0.00,,,,,,,1.60,N,Not at Intersection,N,Non-Junction,Construction Zone,Work On Shoulder Or Median,Activity Area,         ,Curtis,Rich,Cloudy,Not Collision with Motor Vehicle in Transport,no,no,no,no,no,False
102320792,METROPOLITAN NASHVILLE POLICE DEPT,20190170914,Davidson,Nashville,3/4/2019 9:45:00 AM,2,0,0,36.167640,-86.809340,21ST AVN,,,,85.00,Feet,South,MEHARRY BLVD,,,,0.00,N,Not at Intersection,N,Non-Junction,None,,,         ,Chase,Burnett,Cloudy,"Sideswipe, Same Direction",no,no,no,no,no,False
102320793,METROPOLITAN NASHVILLE POLICE DEPT,20190170734,Davidson,Not in City Limit,3/4/2019 8:07:00 AM,2,3,0,36.262990,-86.680940,STATE RT 45,,,,0.00,Feet,,RIO VISTA DR,,,,0.00,Y,Four-Way,N,Intersection,None,,,         ,Gabriel,Centeno,Cloudy,Angle,no,no,no,no,no,False
102320796,METROPOLITAN NASHVILLE POLICE DEPT,20190170915,Davidson,Not in City Limit,3/4/2019 8:35:00 AM,2,0,0,36.263400,-86.711810,GALLATIN PKEN,,,,125.00,Feet,North,STATE RT 45,,,,0.00,N,Not at Intersection,N,Non-Junction,None,,,         ,Samuel,Kersten,Cloudy,Angle,no,no,no,no,yes,False
102320797,METROPOLITAN NASHVILLE POLICE DEPT,20190171029,Davidson,Nashville,3/4/2019 10:21:00 AM,2,0,0,36.092450,-86.705280,I 24,,,,0.00,,,,,,,55.20,N,Not at Intersection,N,Non-Junction,None,,,         ,Adam,Warren,Clear,Angle,no,no,no,no,yes,False
102320808,METROPOLITAN NASHVILLE POLICE DEPT,20190170961,Davidson,Not in City Limit,3/4/2019 10:00:00 AM,2,0,0,36.067440,-86.941700,BELLEVUE RD,,,,0.00,,,BARLIN DR,,,,0.00,Y,Four-Way, ,Intersection,None,,,         ,Gregory,McDaniel,Clear,"Sideswipe, Same Direction",no,no,no,no,no,False
102320811,METROPOLITAN NASHVILLE POLICE DEPT,20190171124,Davidson,Nashville,3/4/2019 10:16:00 AM,2,0,0,36.177400,-86.794210,ROSA L PARKS BLVD,,,,217.00,Feet,North,DELTA AV,,,,0.00,N,Not at Intersection, ,,None,,,         ,Jonathon,Sheppard,,,no,no,no,no,no,False
102320819,METROPOLITAN NASHVILLE POLICE DEPT,20190171160,Davidson,Nashville,3/4/2019 11:15:00 AM,2,0,0,36.119730,-86.787280,KIRKWOOD AV,,,,0.00,,,LEALAND LN,,,,0.00,Y,Four-Way, ,Intersection,None,,,         ,Jon,Mcvey,Clear,Angle,no,no,no,no,no,False
102320828,VANDERBILT UNIVERSITY POLICE,20190171020,Davidson,Nashville,3/4/2019 9:53:00 AM,2,0,0,36.139330,-86.804310,CHILDRENS WAY,,,,0.00,,,,,,,0.00,,, ,Non-Junction,None,,,         ,Roger,Tidwell,Cloudy,Front to Rear,no,no,no,yes,no,Campus
102320834,METROPOLITAN NASHVILLE POLICE DEPT,20190164341,Davidson,Nashville,3/1/2019 1:16:00 PM,2,1,0,36.156570,-86.775870,5TH AVS,,,,0.00,,,KOREAN VETERANS BLVD,,,,0.00,Y,Four-Way,N,Intersection-Related,None,,,         ,Michael,Schlegel,Cloudy,"Sideswipe, Same Direction",no,no,no,no,no,False
102320849,METROPOLITAN NASHVILLE POLICE DEPT,2019017162,Davidson,Nashville,3/4/2019 11:53:00 AM,2,0,0,36.155960,-86.773920,4TH AVS,,,,0.00,,,PEABODY ST,,,,0.00,Y,Four-Way, ,Intersection,None,,,         ,Joshua,Reece,Clear,Angle,no,no,no,no,no,False
102320860,METROPOLITAN NASHVILLE POLICE DEPT,20190171240,Davidson,Nashville,3/4/2019 11:40:00 AM,2,0,0,36.112900,-86.792380,NOELTON AV,,,,0.00,,,GRANNY WHITE PKE,,,,0.00,Y,Four-Way, ,Intersection,None,,,         ,William,Gibbs,Clear,Angle,no,no,no,no,no,False
102320869,METROPOLITAN NASHVILLE POLICE DEPT,20190171419,Davidson,Nashville,3/4/2019 12:38:00 PM,2,0,0,36.169880,-86.675180,LEBANON PKE,,,,230.00,Feet,West,GRAYLYNN DR,,,,0.00,N,Not at Intersection, ,Non-Junction,None,,,         ,Thomas,Odom,Clear,Angle,no,no,no,no,no,False
102320870,THP District 3 - Nashville,319012592,Davidson,Not in City Limit,3/4/2019 7:45:00 AM,2,0,0,36.045370,-86.956490,OLD HARDING PKE,,,,0.00,,,LEARNING LN,,,,0.00,Y,T-Intersection, ,Intersection,None,,,         ,Kevin,Kennett,Clear,Angle,no,no,no,no,no,False
102320891,METROPOLITAN NASHVILLE POLICE DEPT,20190171184,Davidson,Nashville,3/4/2019 11:42:00 AM,2,0,0,36.173220,-86.791610,JEFFERSON ST,,,,62.00,Feet,West,ROSA L PARKS BLVD,,,,0.00,N,Not at Intersection, ,Non-Junction,None,,,         ,Pamela,Caulder,Clear,"Sideswipe, Same Direction",no,no,no,no,no,False
102320893,METROPOLITAN NASHVILLE POLICE DEPT,20190171426,Davidson,Nashville,3/4/2019 12:21:00 PM,1,0,0,36.156360,-86.789140,I40 W ENT RAMP,,,,0.00,,,I 40,,,,0.00,Y,Y-Intersection,N,Entrance/Exit Ramp Related,None,,,         ,Robert,Schohn,Clear,Not Collision with Motor Vehicle in Transport,no,no,no,no,no,False
102320904,METROPOLITAN NASHVILLE POLICE DEPT,20190168759,Davidson,Antioch,3/3/2019 12:30:00 PM,2,1,0,36.070780,-86.598900,SEASONS DR,,,,23.00,Feet,West,FORRESTAL WAY,,,,0.00,N,Not at Intersection,N,Non-Junction,None,,,         ,Amy,Hirschmann,Rain,Not Collision with Motor Vehicle in Transport,no,no,no,no,no,False
102320936,METROPOLITAN NASHVILLE POLICE DEPT,20190171300,Davidson,Nashville,3/4/2019 12:37:00 PM,2,1,0,36.044840,-86.713200,NOLENSVILLE PKE,,,,191.00,Feet,South,OLD HICKORY BLVD,,,,0.00,N,Not at Intersection,N,Non-Junction,None,,,         ,Jessie,Meadows,Clear,Front to Rear,no,no,no,no,no,False
102320937,METROPOLITAN NASHVILLE POLICE DEPT,20190170771,Davidson,Nashville,3/4/2019 8:30:00 AM,1,0,0,36.202120,-86.829870,ALPINE AV,,,,78.00,Feet,North,LINCOLN AV,,,,0.00,N,Not at Intersection,N,Non-Junction,None,,,         ,William,Coy,Clear,Not Collision with Motor Vehicle in Transport,no,no,no,no,yes,False
102320938,METROPOLITAN NASHVILLE POLICE DEPT,20190171213,Davidson,Nashville,3/4/2019 11:42:00 AM,2,0,0,36.171730,-86.864970,CENTENNIAL BLVD,,,,240.00,Feet,East,BRILEY PKWY N ENT RAMP,,,,0.00,N,Not at Intersection,N,Non-Junction,None,,,         ,Walter,Gray II,Clear,"Sideswipe, Same Direction",no,no,no,no,yes,False
102320939,METROPOLITAN NASHVILLE POLICE DEPT,20190171547,Davidson,Not in City Limit,3/4/2019 1:39:00 PM,2,0,0,36.077280,-87.013130,I 40,,,,0.00,,,,,,,192.95,N,Not at Intersection, ,Non-Junction,None,,,         ,Curtis,Rich,Clear,Front to Rear,no,no,no,no,yes,False
102320942,METROPOLITAN NASHVILLE POLICE DEPT,2019-0171470,Davidson,Not in City Limit,3/4/2019 1:00:00 PM,2,0,0,36.273440,-86.710040,GALLATIN PKEN,,,,0.00,,,ANDERSON LN,,,,0.00,Y,Four-Way, ,Intersection,None,,,         ,Travis,Baxter,Clear,Front to Rear,no,no,no,no,no,False
102320943,METROPOLITAN NASHVILLE POLICE DEPT,2019-0171427,Davidson,Nashville,3/4/2019 12:26:00 PM,2,0,0,36.071430,-86.684050,ANTIOCH PKE,,,,84.00,Feet,North,HAYSTACK LN,,,,0.00,N,Not at Intersection, ,Non-Junction,None,,,         ,Stanley,Collins,Clear,"Sideswipe, Same Direction",no,no,no,no,no,False
102320945,METROPOLITAN NASHVILLE POLICE DEPT,20190171284,Davidson,Nashville,3/4/2019 12:07:00 PM,3,2,0,36.039690,-86.739170,OLD HICKORY BLVD,,,,0.00,,,HIGHLAND WAY,,,,0.00,Y,Four-Way,N,Intersection-Related,None,,,         ,Jon,Mcvey,Clear,Angle,no,no,no,no,no,False
102320963,METROPOLITAN NASHVILLE POLICE DEPT,20190171588,Davidson,Nashville,3/4/2019 1:42:00 PM,2,0,0,36.172720,-86.769160,I 24,,,,0.00,,,,,,,48.25,N,Not at Intersection, ,,None,,,         ,Russell,Freeman,,,no,no,no,no,no,False
102320964,METROPOLITAN NASHVILLE POLICE DEPT,20190171591,Davidson,Nashville,3/4/2019 1:56:00 PM,2,0,0,36.147170,-86.757530,LAFAYETTE ST,,,,124.00,Feet,East,FAIRFIELD AV,,,,0.00,N,Not at Intersection,N,Non-Junction,None,,,         ,Michael,Dance,Clear,Front to Rear,no,no,no,no,yes,False
102320987,BERRY HILL POLICE DEPT,19-0781,Davidson,Berry Hill,3/4/2019 12:00:00 AM,2,0,0,36.119280,-86.774750,FRANKLIN PKE,,,,159.00,Feet,North,BERRY RD,,,,0.00,N,Not at Intersection, ,Non-Junction,None,,,         ,John,Gleixner,Clear,Angle,no,no,no,no,no,False
102320995,METROPOLITAN NASHVILLE POLICE DEPT,20190171602,Davidson,Nashville,3/4/2019 12:00:00 AM,2,0,0,36.029190,-86.609540,LOGISTICS WAY,,,,986.00,Feet,East,OLD HICKORY BLVD,,,,0.00,N,Not at Intersection,N,Non-Junction,None,,,         ,James,Jarvis,Clear,"Sideswipe, Same Direction",no,no,no,yes,yes,False
102321005,METROPOLITAN NASHVILLE POLICE DEPT,20190171395,Davidson,Nashville,3/4/2019 12:50:00 PM,1,0,0,35.995590,-86.688030,NOLENSVILLE PKE,,,,62.00,Feet,West,PETTUS RD,,,,0.00,N,Not at Intersection,N,Non-Junction,None,,,         ,Jessie,Meadows,Clear,Not Collision with Motor Vehicle in Transport,no,no,no,no,no,False
102321012,METROPOLITAN NASHVILLE POLICE DEPT,20190171304,Davidson,Nashville,3/4/2019 12:00:00 PM,4,0,0,36.132650,-86.727160,I 24,,,,0.00,,,,,,,52.00,N,Not at Intersection,N,Non-Junction,None,,,         ,Todd,Watson,Clear,Not Collision with Motor Vehicle in Transport,no,no,no,no,no,False
102321043,METROPOLITAN NASHVILLE POLICE DEPT,20190171715,Davidson,Nashville,3/4/2019 2:55:00 PM,2,0,0,36.065710,-86.685530,I 24,,,,0.00,,,,,,,57.35,N,Not at Intersection, ,Non-Junction,None,,,         ,Jesse,Cox,Clear,Front to Rear,no,no,no,no,no,False
102321045,METROPOLITAN NASHVILLE POLICE DEPT,20190171709,Davidson,Nashville,3/4/2019 2:30:00 PM,2,0,0,36.157300,-86.770190,HERMITAGE AV,,,,111.00,Feet,East,PEABODY ST,,,,0.00,N,Not at Intersection,N,Non-Junction,None,,,         ,Steven,Fisher,Clear,Front to Rear,no,no,no,no,yes,False
102321046,METROPOLITAN NASHVILLE POLICE DEPT,20190171572,Davidson,Nashville,3/4/2019 1:48:00 PM,2,2,0,36.149690,-86.779180,DIVISION ST,,,,0.00,,,8TH AVS,,,,0.00,Y,Four-Way,N,Intersection,None,,,         ,Shedie,Herbert III,Clear,Angle,no,no,no,no,yes,False
102321051,METROPOLITAN NASHVILLE POLICE DEPT,20190171757,Davidson,Antioch,3/4/2019 12:00:00 AM,3,0,0,36.047840,-86.612050,MURFREESBORO PKE,,,,1284.00,Feet,North,MOUNTAIN SPRINGS RD,,,,0.00,N,Not at Intersection, ,Non-Junction,None,,,         ,Ryan,Sherry,Clear,Front to Rear,no,no,no,no,no,False
102321052,METROPOLITAN NASHVILLE POLICE DEPT,20190171792,Davidson,Nashville,3/4/2019 3:21:00 PM,2,0,0,36.157760,-86.791460,14TH AVN,,,,77.00,Feet,South,I40 E ENT RAMP,,,,0.00,N,Not at Intersection, ,Entrance/Exit Ramp Related,None,,,         ,Randall,Ward,Clear,"Sideswipe, Same Direction",no,no,no,no,no,False
102321061,METROPOLITAN NASHVILLE POLICE DEPT,20190171821,Davidson,Nashville,3/4/2019 2:45:00 PM,3,0,0,36.035990,-86.611870,SADDLECREEK WAY,,,,0.00,,,,,,,0.00,,, ,Non-Junction,None,,,         ,Arend,Groeneweg,Clear,Front to Rear,no,no,no,no,no,False
102321068,METROPOLITAN NASHVILLE POLICE DEPT,20190171856,Davidson,Nashville,3/4/2019 4:00:00 PM,2,0,0,36.249150,-86.734610,DUE WEST AVW,,,,0.00,,,,,,,0.00,,, ,OtherLocation,None,,,         ,Bradley,Campbell,Clear,Unknown,no,no,no,yes,yes,False
102321072,METROPOLITAN NASHVILLE POLICE DEPT,20190171888,Davidson,Goodlettsville,3/4/2019 1:55:00 PM,1,0,0,36.290890,-86.693860,MYATT DR,,,,45.00,Feet,South,EDENWOLD RD,,,,0.00,N,Not at Intersection,N,Non-Junction,None,,,         ,Christopher,Littles,Clear,Not Collision with Motor Vehicle in Transport,no,no,no,no,no,False
102321073,METROPOLITAN NASHVILLE POLICE DEPT,20190171595,Davidson,Nashville,3/4/2019 2:00:00 PM,2,0,0,36.156510,-86.774280,4TH AVS,,,,248.00,Feet,South,KOREAN VETERANS BLVD,,,,0.00,N,Not at Intersection,N,Non-Junction,None,,,         ,Trevor,Taylor,Clear,Angle,no,no,no,no,no,False
102321074,METROPOLITAN NASHVILLE POLICE DEPT,20190171745,Davidson,Nashville,3/4/2019 2:56:00 PM,1,0,0,36.101930,-86.716300,BRIDGEWAY CIR,,,,495.00,Feet,North,BRIDGEWAY DR,,,,0.00,N,Not at Intersection, ,OtherLocation,None,,,         ,Je-Marc,Sears,Clear,Not Collision with Motor Vehicle in Transport,no,no,no,yes,no,False
102321085,BELLE MEADE POLICE DEPT,19-0063,Davidson,Belle Meade,3/3/2019 5:45:00 PM,1,0,0,36.114130,-86.861410,CLARENDON AV,,,,163.00,Feet,East,HARDING PKE,,,,0.00,N,Not at Intersection, ,Non-Junction,None,,,         ,Katelyn,Cloxton,Clear,Not Collision with Motor Vehicle in Transport,no,no,no,no,no,False
102321087,METROPOLITAN NASHVILLE POLICE DEPT,20190171927,Davidson,Nashville,3/4/2019 3:56:00 PM,2,0,0,36.139350,-86.819100,MURPHY RD,,,,0.00,,,WEST END AV,,,,0.00,Y,Four-Way, ,Intersection,None,,,         ,Randall,Ward,Clear,Angle,no,no,no,no,no,False
102321088,METROPOLITAN NASHVILLE POLICE DEPT,20190171636,Davidson,Nashville,3/4/2019 2:14:00 PM,1,1,0,36.156740,-86.775980,5TH AVS,,,,70.00,Feet,North,KOREAN VETERANS BLVD,,,,0.00,N,Not at Intersection,N,Non-Junction,None,,,         ,Brandon,O'Guin,Clear,Not Collision with Motor Vehicle in Transport,no,yes,no,no,no,False