master_record_number,agency,agency_tracking_number,county,city,collision_date,vehicles_involved,number_injured,number_dead,latitude,longitude,roadway_name,roadway_suffix,roadway_number,roadway_local_id,distance_from_reference,miles-feet_indicator,direction_from_reference,intersection_road_name,intersection_road_name_suffix,intersection_road_number,intersection_local_id,mile_marker,intersection_indicator,intersect_type,interchange_related_indicator,relation_to_junction,work_zone_type,construction_maintenance_zone,construction_maintenance_zone_location,fatal_case_number,officer_first_name,officer_last_name,weather_condition(s),manner_of_crash,pedestrian,bicycle,scooter,parking,hitrun,mou
102322345,METROPOLITAN NASHVILLE POLICE DEPT,20190176093,Davidson,Nashville,3/5/2019 12:00:00 AM,2,0,0,36.172620,-86.756230,FATHERLAND ST,,,,204.00,Feet,West,S 9TH ST,,,,0.00,N,Not at Intersection,N,Non-Junction,None,,,         ,Luke,Steigerwalt,Clear,"Sideswipe, Same Direction",no,no,no,no,yes,False
102322350,METROPOLITAN NASHVILLE POLICE DEPT,20190176063,Davidson,Nashville,3/5/2019 10:30:00 PM,2,0,0,36.164680,-86.768030,KOREAN VETERANS BLVD,,,,75.00,Feet,South,SHELBY AV,,,,0.00,N,Not at Intersection,N,Non-Junction,None,,,         ,John,Anderson,Clear,Front to Rear,no,no,no,no,yes,False
102322351,METROPOLITAN NASHVILLE POLICE DEPT,20190176157,Davidson,Nashville,3/5/2019 11:35:00 PM,1,1,0,36.104460,-86.741920,NOLENSVILLE PKE,,,,136.00,Feet,North,MCIVER ST,,,,0.00,N,Not at Intersection,N,Non-Junction,None,,,         ,Brandon,Rardin,Clear,Not Collision with Motor Vehicle in Transport,no,no,no,no,yes,False
102322371,METROPOLITAN NASHVILLE POLICE DEPT,20190176518,Davidson,Nashville,3/6/2019 1:43:00 AM,2,0,0,36.248600,-86.719950,GALLATIN PKES,,,,228.00,Feet,North,DUE WEST AVE,,,,0.00,N,Not at Intersection,N,Non-Junction,None,,,         ,Michael,Reid,Clear,Front to Rear,no,no,no,yes,no,False
102322374,METROPOLITAN NASHVILLE POLICE DEPT,20190176557,Davidson,Nashville,3/6/2019 1:54:00 AM,2,0,0,36.205430,-86.741700,THOMAS AV,,,,319.00,Feet,West,ANDERSON PL,,,,0.00,N,Not at Intersection,N,Non-Junction,None,,,         ,Lindsey,Anderson,Clear,Front to Rear,no,no,no,no,yes,False
102322404,METROPOLITAN NASHVILLE POLICE DEPT,20190176164,Davidson,Nashville,3/5/2019 11:36:00 PM,2,1,0,36.056450,-86.642020,BELL RD,,,,536.00,Feet,North,THE OVERLOOK PVTDR,,,,0.00,N,Not at Intersection,N,Non-Junction,None,,,         ,David,Moser,Clear,Angle,no,no,no,no,no,False
102322405,METROPOLITAN NASHVILLE POLICE DEPT,20190176645,Davidson,Nashville,3/6/2019 2:35:00 AM,1,0,0,36.203840,-86.617130,SAMOA DR,,,,234.00,Feet,East,SWEDEN DR,,,,0.00,N,Not at Intersection,N,Non-Junction,None,,,         ,Patrick,Lancaster,Clear,Not Collision with Motor Vehicle in Transport,no,no,no,no,yes,False
102322406,METROPOLITAN NASHVILLE POLICE DEPT,20190176933,Davidson,Nashville,3/6/2019 4:44:00 AM,1,0,0,36.153810,-86.772530,4TH AVS,,,,247.00,Feet,North,ELM ST,,,,0.00,N,Not at Intersection,N,Non-Junction,None,,,         ,Blake,Lutz,Clear,Not Collision with Motor Vehicle in Transport,no,no,no,yes,no,False
102322420,METROPOLITAN NASHVILLE POLICE DEPT,20190176935,Davidson,Nashville,3/6/2019 4:48:00 AM,2,0,0,36.105240,-86.742310,MORTON,AVE,,472,20.00,Feet,West,,,,,470.00,N,Not at Intersection,N,Non-Junction,None,,,         ,Gabriel,Hamilton,Clear,"Sideswipe, Opposite Direction",no,no,no,no,no,False
102322422,METROPOLITAN NASHVILLE POLICE DEPT,20190176992,Davidson,Nashville,3/6/2019 5:06:00 AM,2,2,0,36.153250,-86.794010,17TH AVS,,,,0.00,,,BROADWAY,,,,0.00,Y,Four-Way,Y,Intersection,None,,,         ,Dakota,Vermillion,Clear,Angle,no,no,no,no,no,False
102322445,METROPOLITAN NASHVILLE POLICE DEPT,20190177069,Davidson,Nashville,3/6/2019 5:54:00 AM,1,0,0,36.156840,-86.618100,BELL RD,,,,0.00,,,STEWARTS FERRY PIKE,,,,0.00,Y,OTHER,N,Non-Junction,None,,,         ,Bridget,Griepentrog,Other,Not Collision with Motor Vehicle in Transport,no,no,no,no,no,False
102322450,METROPOLITAN NASHVILLE POLICE DEPT,20190177194,Davidson,Nashville,3/6/2019 7:02:00 AM,2,0,0,36.124710,-86.756450,ROSEDALE AV,,,,0.00,,,UTOPIA AV,,,,0.00,Y,T-Intersection,N,Intersection,None,,,         ,Nathan,Kemp,Clear,Angle,no,no,no,no,no,False
102322451,METROPOLITAN NASHVILLE POLICE DEPT,20190177067,Davidson,Nashville,3/6/2019 5:46:00 AM,2,1,0,36.142590,-86.815500,31ST AVS,,,,0.00,,,31ST AVN,,,,0.00,Y,Four-Way,N,Intersection,None,,,         ,Stephen,Johnston,Clear,Angle,no,no,no,no,no,Campus
102322456,METROPOLITAN NASHVILLE POLICE DEPT,20190177125,Davidson,Nashville,3/6/2019 6:13:00 AM,2,0,0,36.156870,-86.618060,BELL RD,,,,0.00,,,STEWARTS FERRY PIKE,,,,0.00,Y,OTHER,N,Non-Junction,None,,,         ,Bridget,Griepentrog,Other,"Sideswipe, Opposite Direction",no,no,no,no,no,False
102322457,METROPOLITAN NASHVILLE POLICE DEPT,20190177110,Davidson,Nashville,3/6/2019 6:10:00 AM,3,0,0,36.015140,-86.620270,OLD HICKORY BLVD,,,,0.00,,,I 24,,,,0.00,Y,OTHER,N,Entrance/Exit Ramp Related,None,,,         ,Leonard,Cato,Clear,Angle,no,no,no,no,no,False
102322459,METROPOLITAN NASHVILLE POLICE DEPT,20190177166,Davidson,Nashville,3/6/2019 6:53:00 AM,1,1,0,36.102110,-86.755420,ARMORY DR,,,,250.00,Feet,East,SIDCO DR,,,,0.00,N,Not at Intersection,N,Non-Junction,None,,,         ,Jon,Mcvey,Clear,Not Collision with Motor Vehicle in Transport,yes,no,no,yes,no,False
102322474,METROPOLITAN NASHVILLE POLICE DEPT,20190177203,Davidson,Nashville,3/6/2019 7:03:00 AM,2,0,0,36.221240,-86.761840,PINE RIDGE DR,,,,0.00,,,DICKERSON PKE,,,,0.00,Y,T-Intersection,N,Intersection,None,,,         ,Russell,Freeman,Clear,Angle,no,no,no,no,no,False
102322481,METROPOLITAN NASHVILLE POLICE DEPT,20190177162,Davidson,Nashville,3/6/2019 6:40:00 AM,2,0,0,36.086770,-86.694500,HARDING PL,,,,431.00,Feet,East,METROPLEX DR,,,,0.00,N,Not at Intersection,N,Non-Junction,None,,,         ,Charles,Wakefield,Clear,"Sideswipe, Same Direction",no,no,no,no,yes,False
102322484,METROPOLITAN NASHVILLE POLICE DEPT,20190177227,Davidson,Nashville,3/6/2019 7:06:00 AM,2,0,0,36.040220,-86.780560,OLD HICKORY BLVD,,,,62.00,Feet,East,I65 N ENT RAMP,,,,0.00,N,Not at Intersection, ,Entrance/Exit Ramp Related,None,,,         ,Gary,Sneed,Clear,Front to Rear,no,no,no,no,no,False
102322489,GOODLETTSVILLE POLICE DEPT,19-08499,Davidson,Goodlettsville,3/6/2019 7:42:00 AM,2,2,0,36.327680,-86.714480,N MAIN ST,,,,159.00,Feet,South,LINDBERG AV,,,,0.00,N,Not at Intersection,N,Non-Junction,None,,,         ,Daniel,Knalls,Clear,Front to Rear,no,no,no,no,no,False
102322502,METROPOLITAN NASHVILLE POLICE DEPT,20190177315,Davidson,Nashville,3/6/2019 7:50:00 AM,2,0,0,36.145840,-86.810720,WEST END AV,,,,248.00,Feet,East,27TH AVN,,,,0.00,N,Not at Intersection, ,"Driveway, Alley Access, etc",None,,,         ,David,Lang,Clear,Angle,no,no,no,no,no,Campus
102322503,METROPOLITAN NASHVILLE POLICE DEPT,20190177375,Davidson,Nashville,3/6/2019 8:10:00 AM,3,0,0,36.125420,-86.784460,CARUTHERS AV,,,,299.00,Feet,West,9TH AVS,,,,0.00,N,Not at Intersection, ,Non-Junction,None,,,         ,Jon,Mcvey,Clear,Angle,no,no,no,no,no,False
102322504,METROPOLITAN NASHVILLE POLICE DEPT,20190177254,Davidson,Nashville,3/6/2019 7:15:00 AM,2,0,0,36.155650,-86.789720,14TH AVS,,,,0.00,Feet,,BROADWAY,,,,0.00,Y,T-Intersection, ,Intersection,None,,,         ,Timothy,Ward,Clear,"Sideswipe, Same Direction",no,no,no,no,no,False
102322508,METROPOLITAN NASHVILLE POLICE DEPT,20190177202,Davidson,Nashville,3/6/2019 7:04:00 AM,2,0,0,36.194010,-86.725870,BRANCH ST,,,,4.00,Feet,North,PORTER TER,,,,0.00,N,Not at Intersection, ,Non-Junction,None,,,         ,Michael,Agee,Clear,Angle,no,no,no,no,no,False
102322517,METROPOLITAN NASHVILLE POLICE DEPT,20190177319,Davidson,Nashville,3/6/2019 7:53:00 AM,1,2,0,36.256270,-86.674850,CHEYENNE BLVD,,,,0.00,,,RIVER RETREAT PVTDR,,,,0.00,Y,OTHER,N,Non-Junction,None,,,         ,Eric,Richardson,Clear,Not Collision with Motor Vehicle in Transport,no,no,no,no,no,False
102322526,METROPOLITAN NASHVILLE POLICE DEPT,20190177434,Davidson,Nashville,3/6/2019 8:30:00 AM,2,0,0,36.102340,-86.833700,HOBBS RD,,,,76.00,Feet,East,WALLACE LN,,,,0.00,N,Not at Intersection,N,Non-Junction,None,,,         ,Paul,Junkmann,Clear,Front to Rear,no,no,no,no,no,False
102322533,METROPOLITAN NASHVILLE POLICE DEPT,20190177424,Davidson,Nashville,3/6/2019 8:25:00 AM,2,0,0,36.045290,-86.713250,NOLENSVILLE PKE,,,,29.00,Feet,South,OLD HICKORY BLVD,,,,0.00,N,Not at Intersection, ,Non-Junction,None,,,         ,Peter,Kinsey,Clear,Front to Rear,no,no,no,no,no,False
102322536,METROPOLITAN NASHVILLE POLICE DEPT,20190177182,Davidson,Not in City Limit,3/6/2019 7:10:00 AM,2,0,0,36.283070,-86.806240,I 24,,,,0.00,,,,,,,40.00,N,Not at Intersection, ,Non-Junction,Construction Zone,,,         ,Royce,McLester,Clear,Front to Rear,no,no,no,no,no,False
102322537,METROPOLITAN NASHVILLE POLICE DEPT,20190177171,Davidson,Nashville,3/6/2019 6:54:00 AM,2,0,0,36.134710,-86.741340,TPS COMPLEX PVTDR,,,,0.00,Feet,East,FOSTER AV,,,,0.00,N,Not at Intersection,N,Non-Junction,None,,,         ,Jessie,Meadows,Clear,Front to Rear,no,no,no,no,no,False
102322538,METROPOLITAN NASHVILLE POLICE DEPT,20190177252,Davidson,Nashville,3/6/2019 7:29:00 AM,2,0,0,36.045020,-86.659520,BELL RD,,,,73.00,Feet,East,I24 E EXT RAMP,,,,0.00,N,Not at Intersection,N,Non-Junction,None,,,         ,Jessie,Meadows,Clear,Angle,no,no,no,no,no,False
102322540,METROPOLITAN NASHVILLE POLICE DEPT,20190177540,Davidson,Nashville,3/6/2019 9:18:00 AM,2,0,0,36.134280,-86.778760,WEDGEWOOD AV,,,,95.00,Feet,East,8TH AVS,,,,0.00,N,Not at Intersection, ,Non-Junction,None,,,         ,Nathan,Kemp,Clear,Front to Rear,no,no,no,no,no,False
102322545,BELLE MEADE POLICE DEPT,19-0064,Davidson,Belle Meade,3/6/2019 7:10:00 AM,2,0,0,36.114990,-86.861250,DAVIDSON RD,,,,0.00,,,HARDING PKE,,,,0.00,Y,OTHER, ,Rail Grade Crossing,None,,,         ,Keith,Samol,Clear,Front to Rear,no,no,no,no,no,False
102322550,METROPOLITAN NASHVILLE POLICE DEPT,20190177370,Davidson,Nashville,3/6/2019 8:10:00 AM,3,0,0,36.168700,-86.685590,LEBANON PKE,,,,69.00,Feet,West,THE CROSSINGS PVTDR,,,,0.00,N,Not at Intersection,N,Non-Junction,None,,,         ,Cassandra,Del Bosco,Clear,Front to Rear,no,no,no,no,no,False
102322554,METROPOLITAN NASHVILLE POLICE DEPT,20190177409,Davidson,Nashville,3/6/2019 8:17:00 AM,2,0,0,36.082020,-86.761480,HARDING PL,,,,72.00,Feet,East,SIDCO DR,,,,0.00,N,Not at Intersection, ,Entrance/Exit Ramp Related,None,,,         ,Justin,Pinkelton,Clear,Front to Rear,no,no,no,no,no,False
102322562,METROPOLITAN NASHVILLE POLICE DEPT,20190177597,Davidson,Nashville,3/6/2019 9:29:00 AM,2,0,0,36.139610,-86.888070,I 40,,,,0.00,,,,,,,202.00,N,Not at Intersection, ,Non-Junction,Maintenance Zone,,,         ,Curtis,Rich,Clear,Front to Rear,no,no,no,no,no,False
102322563,METROPOLITAN NASHVILLE POLICE DEPT,20190177204,Davidson,Not in City Limit,3/6/2019 6:19:00 AM,2,0,0,36.300490,-86.886910,CLARKSVILLE PKE,,,,596.00,Feet,North,KOLZ LN,,,,0.00,N,Not at Intersection, ,Non-Junction,None,,,         ,Wesley,Young,Clear,Front to Rear,no,no,no,no,no,False
102322576,METROPOLITAN NASHVILLE POLICE DEPT,2019-0177591,Davidson,Goodlettsville,3/6/2019 8:50:00 AM,2,0,0,36.304540,-86.692450,THE SHOPPES AT RIVERGATE PVTDR,,,,0.00,,,,,,,0.00,,,N,Non-Junction,None,,,         ,Travis,Baxter,Clear,Rear to Side,no,no,no,yes,yes,False
102322577,METROPOLITAN NASHVILLE POLICE DEPT,20190177492,Davidson,Not in City Limit,3/6/2019 9:04:00 AM,2,0,0,36.263810,-86.687120,STATE RT 45,,,,0.00,Feet,,ARCHWOOD DR,,,,0.00,Y,T-Intersection, ,Intersection,None,,,         ,Michelle,Steidl,Clear,Front to Rear,no,no,no,no,no,False
102322581,METROPOLITAN NASHVILLE POLICE DEPT,20190177259,Davidson,Nashville,3/6/2019 7:31:00 AM,2,0,0,36.164520,-86.614510,DODSON CHAPEL RD,,,,70.00,Feet,North,ALTA LAKE GRNWY,,,,0.00,N,Not at Intersection, ,Non-Junction,None,,,         ,MIchael,Mihajlov,Clear,Front to Rear,no,no,no,no,no,False
102322582,METROPOLITAN NASHVILLE POLICE DEPT,20190177368,Davidson,Nashville,3/6/2019 7:46:00 AM,2,1,0,36.170260,-86.597030,I 40,,,,0.00,,,,,,,221.05,N,Not at Intersection,N,Non-Junction,None,,,         ,MIchael,Mihajlov,Clear,Front to Rear,no,no,no,no,no,False
102322583,METROPOLITAN NASHVILLE POLICE DEPT,20190177391,Davidson,Nashville,3/6/2019 8:14:00 AM,2,1,0,36.140750,-86.720150,I 40,,,,0.00,,,,,,,213.60,N,Not at Intersection,N,Non-Junction,None,,,         ,MIchael,Mihajlov,Clear,Front to Rear,no,no,no,no,no,False
102322586,METROPOLITAN NASHVILLE POLICE DEPT,20190177462,Davidson,Nashville,3/6/2019 8:45:00 AM,2,1,0,36.114900,-86.772990,I 65,,,,0.00,,,,,,,80.10,N,Not at Intersection,N,Non-Junction,None,,,         ,Justin,Pinkelton,Clear,Front to Rear,no,no,no,no,no,False
102322588,METROPOLITAN NASHVILLE POLICE DEPT,20190177210,Davidson,Nashville,3/6/2019 7:11:00 AM,2,0,0,36.243880,-86.756500,SKYLINE MEMORIAL CT,,,,22.00,Feet,East,DICKERSON PKE,,,,0.00,N,Not at Intersection, ,Non-Junction,None,,,         ,Cyretha,Frazier,Clear,Front to Rear,no,no,no,no,no,False
102322589,METROPOLITAN NASHVILLE POLICE DEPT,20190177532,Davidson,Goodlettsville,3/6/2019 9:12:00 AM,2,0,0,36.296990,-86.699100,GALLATIN PKEN,,,,31.00,Feet,North,RIVERGATE PKWY,,,,0.00,N,Not at Intersection,N,Non-Junction,None,,,         ,Cyretha,Frazier,Cloudy,Front to Rear,no,no,no,no,no,False
102322590,METROPOLITAN NASHVILLE POLICE DEPT,20190177420,Davidson,Not in City Limit,3/6/2019 8:13:00 AM,2,0,0,36.318350,-86.889260,CLARKSVILLE PKE,,,,201.00,Feet,West,CHAMBLISS RD,,,,0.00,N,Not at Intersection,N,Non-Junction,None,,,         ,Wesley,Young,Clear,"Sideswipe, Same Direction",no,no,no,no,no,False
102322591,METROPOLITAN NASHVILLE POLICE DEPT,20190177316,Davidson,Nashville,3/6/2019 7:53:00 AM,2,0,0,36.248370,-86.742690,I 65,,,,0.00,,,,,,,91.05,N,Not at Intersection,N,Non-Junction,None,,,         ,Jeremy,Stricklin,Clear,"Sideswipe, Same Direction",no,no,no,no,no,False
102322592,METROPOLITAN NASHVILLE POLICE DEPT,20190177467,Davidson,Nashville,3/6/2019 8:50:00 AM,2,0,0,36.142780,-86.707750,I 40,,,,0.00,,,,,,,214.35,N,Not at Intersection, ,Non-Junction,None,,,         ,Douglas,Meringer,Clear,"Sideswipe, Same Direction",no,no,no,no,no,False
102322603,METROPOLITAN NASHVILLE POLICE DEPT,20190177587,Davidson,Nashville,3/6/2019 8:03:00 AM,2,0,0,36.160760,-86.793690,14TH AVN,,,,0.00,,,CHARLOTTE AV,,,,0.00,Y,Four-Way, ,Intersection,None,,,         ,Wesley,Young,Clear,"Sideswipe, Same Direction",no,no,no,no,no,False
102322604,METROPOLITAN NASHVILLE POLICE DEPT,20190177503,Davidson,Nashville,3/6/2019 9:05:00 AM,1,0,0,36.046240,-86.676660,BELL RD,,,,707.00,Feet,West,BLUE HOLE RD,,,,0.00,N,Not at Intersection,N,Non-Junction,None,,,         ,Jessie,Meadows,Clear,Not Collision with Motor Vehicle in Transport,no,no,no,no,no,False
102322605,METROPOLITAN NASHVILLE POLICE DEPT,20190177625,Davidson,Nashville,3/6/2019 9:57:00 AM,1,0,0,36.086440,-86.696010,S PERIMETER PARK DR,,,,155.00,Feet,South,HARDING PL,,,,0.00,N,Not at Intersection,N,Non-Junction,None,,,         ,Jessie,Meadows,Clear,Not Collision with Motor Vehicle in Transport,no,no,no,no,yes,False
102322613,METROPOLITAN NASHVILLE POLICE DEPT,20190177480,Davidson,Nashville,3/6/2019 8:27:00 AM,2,0,0,36.161600,-86.791760,CHARLOTTE AV,,,,0.00,,,12TH AVN,,,,0.00,Y,OTHER, ,Intersection-Related,None,,,         ,Frank,Campbell,Clear,"Sideswipe, Opposite Direction",no,no,no,no,no,False
102322617,METROPOLITAN NASHVILLE POLICE DEPT,20190177572,Davidson,Nashville,3/6/2019 9:29:00 AM,2,0,0,36.071090,-86.769650,I 65,,,,0.00,,,,,,,77.00,N,Not at Intersection, ,Non-Junction,None,,,         ,Alberta,Auguste,Clear,Front to Rear,no,no,no,no,no,False
102322618,METROPOLITAN NASHVILLE POLICE DEPT,20190177412,Davidson,Nashville,3/6/2019 8:24:00 AM,2,0,0,36.241070,-86.755490,I65 S EXT RAMP,,,,0.00,Feet,East,BRILEY PKWYE,,,,0.00,N,Not at Intersection,N,Non-Junction,None,,,         ,Jeremy,Stricklin,Clear,"Sideswipe, Same Direction",no,no,no,no,no,False
102322621,METROPOLITAN NASHVILLE POLICE DEPT,20190177523,Davidson,Nashville,3/6/2019 9:14:00 AM,4,3,0,36.154280,-86.816680,CHARLOTTE AV,,,,22.00,Feet,East,27TH AVN,,,,0.00,N,Not at Intersection,N,Non-Junction,None,,,         ,Jon,Mcvey,Clear,Front to Rear,no,no,no,no,no,False
102322653,METROPOLITAN NASHVILLE POLICE DEPT,20190177953,Davidson,Nashville,3/6/2019 12:01:00 PM,2,0,0,36.171730,-86.864970,CENTENNIAL BLVD,,,,242.00,Feet,East,BRILEY PKWY N ENT RAMP,,,,0.00,N,Not at Intersection, ,"Driveway, Alley Access, etc",None,,,         ,Walter,Gray II,Clear,"Sideswipe, Same Direction",no,no,no,no,no,False
102322655,METROPOLITAN NASHVILLE POLICE DEPT,2019-0177213,Davidson,Nashville,3/6/2019 7:11:00 AM,4,4,0,36.032360,-86.765260,FREDERICKSBURG WAY,,,,46.00,Feet,North,CLOVERLAND DR,,,,0.00,N,Not at Intersection,N,Non-Junction,None,,,         ,Sean,Williams,Clear,Front to Rear,no,no,no,no,no,False
102322658,METROPOLITAN NASHVILLE POLICE DEPT,20190177973,Davidson,Nashville,3/6/2019 12:11:00 PM,1,1,0,36.134860,-86.775480,I 65,,,,0.00,,,,,,,81.40,N,Not at Intersection,N,Non-Junction,None,,,         ,David,Lang,Clear,Not Collision with Motor Vehicle in Transport,no,no,no,no,no,False
102322665,METROPOLITAN NASHVILLE POLICE DEPT,20190177318,Davidson,Nashville,3/6/2019 7:45:00 AM,2,4,0,36.069590,-86.693910,HAYWOOD LN,,,,0.00,Feet,,EZELL RD,,,,0.00,Y,Four-Way,N,Intersection,None,,,         ,Gerald,Gomes,Clear,Angle,no,no,no,no,no,False
102322674,METROPOLITAN NASHVILLE POLICE DEPT,20190178070,Davidson,Nashville,3/6/2019 12:00:00 AM,2,0,0,36.119990,-86.776920,OVERBECK LN,,,,564.00,Feet,West,FRANKLIN PKE,,,,0.00,N,Not at Intersection,N,Non-Junction,None,,,         ,Justin,Pinkelton,Clear,Unknown,no,no,no,yes,yes,False
102322681,METROPOLITAN NASHVILLE POLICE DEPT,20190178030,Davidson,Nashville,3/6/2019 12:27:00 PM,2,0,0,36.201010,-86.617960,LEBANON PKE,,,,121.00,Feet,South,TYLER DR,,,,0.00,N,Not at Intersection,N,Non-Junction,None,,,         ,Thomas,Odom,Clear,Rear to Side,no,no,no,no,yes,False
102322682,METROPOLITAN NASHVILLE POLICE DEPT,20190177941,Davidson,Nashville,3/6/2019 12:00:00 AM,2,0,0,36.178390,-86.794890,ROSA L PARKS BLVD,,,,121.00,Feet,North,CHEATHAM PL,,,,0.00,N,Not at Intersection,N,Non-Junction,None,,,         ,Wesley,Young,Unknown,"Sideswipe, Same Direction",no,no,no,no,yes,False
102322685,METROPOLITAN NASHVILLE POLICE DEPT,20190178054,Davidson,Nashville,3/6/2019 12:45:00 PM,2,0,0,36.101860,-86.817760,HILLSBORO PKE,,,,0.00,,,HILLSBORO DR,,,,0.00,Y,T-Intersection,N,Intersection,None,,,         ,Curtis,Rich,Clear,Angle,no,no,no,no,no,False
102322690,GOODLETTSVILLE POLICE DEPT,19-08497,Davidson,Goodlettsville,3/6/2019 7:35:00 AM,2,1,0,36.326040,-86.714050,N MAIN ST,,,,0.00,,,OLD BRICK CHURCH PKE,,,,0.00,Y,T-Intersection,N,Intersection-Related,None,,,         ,Charles,Hauskin,Clear,Angle,no,no,no,no,no,False
102322702,BERRY HILL POLICE DEPT,19-0813,Davidson,Berry Hill,3/6/2019 10:50:00 AM,3,0,0,36.121370,-86.775450,FRANKLIN PKE,,,,0.00,,,KIRKWOOD AV,,,,0.00,Y,Four-Way,N,Intersection,None,,,         ,Monty,Sands,Clear,Angle,no,no,no,no,no,False
102322737,METROPOLITAN NASHVILLE POLICE DEPT,20190177934,Davidson,Nashville,3/6/2019 11:45:00 AM,2,1,0,36.148170,-86.815970,29TH AVN,,,,94.00,Feet,East,31ST AVN,,,,0.00,N,Not at Intersection,N,OtherLocation,None,,,         ,Brian,Murphy,Clear,Angle,no,no,no,no,no,False
102322777,METROPOLITAN NASHVILLE POLICE DEPT,2019-0178238,Davidson,Goodlettsville,3/6/2019 1:45:00 PM,2,0,0,36.286790,-86.705440,GALLATIN PKEN,,,,0.00,,,W MONTICELLO AV,,,,0.00,Y,Four-Way,N,Intersection,None,,,         ,Travis,Baxter,Clear,Front to Rear,no,no,no,no,no,False
102322802,METROPOLITAN NASHVILLE POLICE DEPT,20190178035,Davidson,Antioch,3/2/2019 11:41:00 PM,1,0,0,36.018490,-86.621280,OWEN DR,,,,506.00,Feet,West,OLD HICKORY BLVD,,,,0.00,N,Not at Intersection,N,OtherLocation,None,,,         ,Jessie,Meadows,Clear,Not Collision with Motor Vehicle in Transport,no,no,no,no,yes,False
102322803,BERRY HILL POLICE DEPT,19-0814,Davidson,Berry Hill,3/6/2019 11:28:00 AM,3,0,0,36.113220,-86.768490,W IRIS DR,,,,0.00,,,AZALEA PL,,,,0.00,Y,OTHER, ,OtherLocation,None,,,         ,Monty,Sands,Clear,Not Collision with Motor Vehicle in Transport,no,no,no,yes,no,False
102322811,METROPOLITAN NASHVILLE POLICE DEPT,20190178228,Davidson,Nashville,3/6/2019 1:21:00 PM,2,0,0,36.143220,-86.810440,VANDERBILT PL,,,,0.00,,,NATCHEZ TRC RAMP,,,,0.00,Y,Y-Intersection, ,Intersection,None,,,         ,Jon,Mcvey,Clear,Angle,no,no,no,no,no,Campus
102322844,METROPOLITAN NASHVILLE POLICE DEPT,20190178325,Davidson,Nashville,3/6/2019 2:24:00 PM,2,1,0,36.087620,-86.691750,HARDING PL,,,,151.00,Feet,East,ANTIOCH PKE,,,,0.00,N,Not at Intersection,N,Non-Junction,None,,,         ,Charles,Wakefield,Clear,Front to Rear,no,no,no,no,no,False
102322858,METROPOLITAN NASHVILLE POLICE DEPT,20190178181,Davidson,Antioch,3/6/2019 1:15:00 PM,2,0,0,36.002190,-86.631120,OLD HICKORY BLVD,,,,379.00,Feet,West,RED APPLE RD,,,,0.00,N,Not at Intersection,N,Non-Junction,None,,,         ,Jessie,Meadows,Clear,Front to Rear,no,no,no,no,no,False
102322859,METROPOLITAN NASHVILLE POLICE DEPT,20190178341,Davidson,Nashville,3/6/2019 11:00:00 AM,2,0,0,36.087960,-86.892240,HARDING PKE,,,,591.00,Feet,South,BROOKMONT TER,,,,0.00,N,Not at Intersection,N,Non-Junction,None,,,         ,Walter,Gray II,Clear,Other,no,no,no,yes,yes,False
102322868,METROPOLITAN NASHVILLE POLICE DEPT,20190178394,Davidson,Nashville,3/6/2019 3:00:00 PM,1,1,0,36.187420,-86.729660,ROSEBANK AV,,,,0.00,,,PORTER RD,,,,0.00,Y,T-Intersection,N,Intersection,None,,,         ,Richard,Conger,Clear,Not Collision with Motor Vehicle in Transport,no,no,no,no,no,False
102322883,METROPOLITAN NASHVILLE POLICE DEPT,20190178465,Davidson,Not in City Limit,3/6/2019 3:13:00 PM,2,0,0,36.308610,-86.681540,RIVERCHASE BLVD,,,,0.00,,,GALLATIN PKEN,,,,0.00,Y,Four-Way,N,Intersection,None,,,         ,Christopher,Littles,Clear,Front to Rear,no,no,no,no,no,False
102322889,METROPOLITAN NASHVILLE POLICE DEPT,20190178543,Davidson,Nashville,3/6/2019 4:12:00 PM,2,0,0,36.069860,-86.774280,BRENTVIEW DR,,,,37.00,Feet,West,FRANKLIN PKE,,,,0.00,N,Not at Intersection, ,,None,,,         ,Citlaly,Juarez,,,no,no,no,no,no,False
102322890,METROPOLITAN NASHVILLE POLICE DEPT,20190178544,Davidson,Nashville,3/6/2019 3:34:00 PM,2,0,0,36.092840,-86.884890,HARDING PKE,,,,183.00,Feet,East,VAUGHNS GAP RD,,,,0.00,N,Not at Intersection, ,Non-Junction,None,,,         ,Walter,Gray II,Clear,"Sideswipe, Same Direction",no,no,no,no,no,False
102322904,METROPOLITAN NASHVILLE POLICE DEPT,20190178594,Davidson,Nashville,3/6/2019 4:06:00 PM,2,0,0,36.140660,-86.719760,I 40,,,,0.00,,,,,,,213.65,N,Not at Intersection,N,Non-Junction,None,,,         ,Samuel,Sundra,Clear,Front to Rear,no,no,no,no,yes,False
102322906,METROPOLITAN NASHVILLE POLICE DEPT,20190178602,Davidson,Nashville,3/6/2019 4:04:00 PM,3,1,0,36.122990,-86.750530,I 440,,,,0.00,,,,,,,6.30,N,Not at Intersection,N,Non-Junction,None,,,         ,Douglas,Sykes,Clear,Front to Rear,no,no,no,no,yes,False
102322909,METROPOLITAN NASHVILLE POLICE DEPT,20190178636,Davidson,Not in City Limit,3/6/2019 4:23:00 PM,2,1,0,36.316220,-86.876330,OLD CLARKSVILLE PKE,,,,77.00,Feet,East,EATONS CREEK RD,,,,0.00,N,Not at Intersection,N,Non-Junction,None,,,         ,Eric,McCoy,Clear,Angle,no,no,no,no,no,False