master_record_number,agency,agency_tracking_number,county,city,collision_date,vehicles_involved,number_injured,number_dead,latitude,longitude,roadway_name,roadway_suffix,roadway_number,roadway_local_id,distance_from_reference,miles-feet_indicator,direction_from_reference,intersection_road_name,intersection_road_name_suffix,intersection_road_number,intersection_local_id,mile_marker,intersection_indicator,intersect_type,interchange_related_indicator,relation_to_junction,work_zone_type,construction_maintenance_zone,construction_maintenance_zone_location,fatal_case_number,officer_first_name,officer_last_name,weather_condition(s),manner_of_crash,pedestrian,bicycle,scooter,parking,hitrun,mou
102324870,METROPOLITAN NASHVILLE POLICE DEPT,20190184848,Davidson,Nashville,3/8/2019 12:00:00 AM,2,3,0,36.109410,-86.727400,BRILEY PKWYS,,,,191.00,Feet,East,BRILEY PKWYN,,,,0.00,N,Not at Intersection,N,Non-Junction,None,,,         ,Ryan,Sherry,Rain,Front to Rear,no,no,no,no,no,False
102324882,METROPOLITAN NASHVILLE POLICE DEPT,20190184524,Davidson,Nashville,3/8/2019 2:36:00 PM,2,0,0,36.153150,-86.789330,DEMONBREUN ST,,,,311.00,Feet,West,14TH AVS,,,,0.00,N,Not at Intersection, ,,None,,,         ,Akira,McSwain,,,no,no,no,no,no,False
102324883,METROPOLITAN NASHVILLE POLICE DEPT,20190184645,Davidson,Nashville,3/8/2019 3:33:00 PM,2,0,0,36.081480,-86.726920,NOLENSVILLE PKE,,,,423.00,Feet,South,WELSHWOOD DR,,,,0.00,N,Not at Intersection, ,Non-Junction,None,,,         ,Akira,McSwain,Rain,Angle,no,no,no,no,no,False
102324884,METROPOLITAN NASHVILLE POLICE DEPT,2019-0184681,Davidson,Nashville,3/8/2019 4:10:00 PM,2,0,0,36.077560,-86.766570,I65 S ENT RAMP,,,,0.00,Feet,East,I 65,,,,0.00,N,Not at Intersection,N,Non-Junction,None,,,         ,William,King,Rain,Front to Rear,no,no,no,no,no,False
102324887,METROPOLITAN NASHVILLE POLICE DEPT,20190184924,Davidson,Nashville,3/8/2019 6:20:00 PM,2,0,0,36.179140,-86.810680,DR D B TODD JR BLVD,,,,125.00,Feet,South,17TH AVN,,,,0.00,N,Not at Intersection, ,Non-Junction,None,,,         ,Timothy,Skopek,Rain,Front to Rear,no,no,no,no,no,False
102324888,METROPOLITAN NASHVILLE POLICE DEPT,20190184483,Davidson,Nashville,3/8/2019 2:30:00 PM,2,1,0,36.150170,-86.766400,LAFAYETTE ST,,,,183.00,Feet,West,1ST AVS,,,,0.00,N,Not at Intersection,N,Non-Junction,None,,,         ,Darci,Stechman,Rain,Angle,no,no,no,no,no,False
102324894,METROPOLITAN NASHVILLE POLICE DEPT,20190184602,Davidson,Nashville,3/8/2019 3:39:00 PM,2,0,0,36.152900,-86.755480,I 40,,,,0.00,,,,,,,211.25,N,Not at Intersection,N,Non-Junction,None,,,         ,Trenton,Searcy,Rain,Front to Rear,no,no,no,no,no,False
102324895,METROPOLITAN NASHVILLE POLICE DEPT,20190184366,Davidson,Nashville,3/8/2019 1:30:00 PM,2,0,0,36.155150,-86.784890,DEMONBREUN ST,,,,53.00,Feet,East,11TH AVS,,,,0.00,N,Not at Intersection, ,Non-Junction,None,,,         ,Brandon,O'Guin,Rain,"Sideswipe, Same Direction",no,no,no,no,no,False
102324905,METROPOLITAN NASHVILLE POLICE DEPT,20190184818,Davidson,Nashville,3/8/2019 4:06:00 PM,2,0,0,36.128710,-86.789010,12TH AVS,,,,0.00,,,ASHWOOD AV,,,,0.00,Y,T-Intersection, ,,None,,,         ,FELIKS,ABRAHAMYAN,,,no,no,no,no,no,False
102324908,METROPOLITAN NASHVILLE POLICE DEPT,20190184826,Davidson,Nashville,3/8/2019 5:20:00 PM,2,0,0,36.153490,-86.757000,I 40,,,,0.00,,,,,,,211.15,N,Not at Intersection, ,,None,,,         ,Trenton,Searcy,,,no,no,no,no,no,False
102324909,METROPOLITAN NASHVILLE POLICE DEPT,20190184889,Davidson,Nashville,3/8/2019 5:16:00 PM,2,0,0,36.161540,-86.775970,3RD AVN,,,,0.00,,,BROADWAY,,,,0.00,Y,Four-Way, ,,None,,,         ,Michael,Douglas,,,no,no,no,no,no,False
102324910,METROPOLITAN NASHVILLE POLICE DEPT,20190184778,Davidson,Nashville,3/8/2019 4:59:00 PM,2,0,0,36.167890,-86.777960,JAMES ROBERTSON PKWY,,,,0.00,,,PUBLIC SQ,,,,0.00,Y,T-Intersection,N,Intersection-Related,None,,,         ,Timothy,Mead,Rain,"Sideswipe, Same Direction",no,no,no,no,yes,False
102324918,METROPOLITAN NASHVILLE POLICE DEPT,20190184860,Davidson,Nashville,3/8/2019 5:42:00 PM,2,0,0,36.130470,-86.715960,MURFREESBORO PKE,,,,372.00,Feet,East,FOOTHILL DR,,,,0.00,N,Not at Intersection, ,Non-Junction,None,,,         ,Taylor,Hurley,Rain,Angle,no,no,no,no,no,False
102324920,METROPOLITAN NASHVILLE POLICE DEPT,20190184989,Davidson,Goodlettsville,3/8/2019 7:12:00 PM,2,0,0,36.305070,-86.693320,CONFERENCE DR,,,,112.00,Feet,North,THE SHOPPES AT RIVERGATE PVTDR,,,,0.00,N,Not at Intersection, ,Non-Junction,None,,,         ,Christopher,Littles,Rain,Front to Rear,no,no,no,no,no,False
102324927,METROPOLITAN NASHVILLE POLICE DEPT,20190185025,Davidson,Nashville,3/8/2019 5:36:00 PM,2,0,0,36.077620,-86.656700,OAKWOOD FOREST DR,,,,81.00,Feet,South,OAK BARREL LN,,,,0.00,N,Not at Intersection,N,Non-Junction,None,,,         ,William,Durham,Rain,"Sideswipe, Same Direction",no,no,no,no,yes,False
102324928,METROPOLITAN NASHVILLE POLICE DEPT,20190184876,Davidson,Nashville,3/8/2019 5:35:00 PM,2,0,0,36.129170,-86.767580,BRANSFORD AV,,,,0.00,Feet,East,SYCAMORE RD,,,,0.00,N,Not at Intersection,N,Non-Junction,None,,,         ,Brandon,Harbaugh,Rain,"Sideswipe, Same Direction",no,no,no,no,no,False
102324944,METROPOLITAN NASHVILLE POLICE DEPT,20190185037,Davidson,Nashville,3/8/2019 7:33:00 PM,1,0,0,36.168540,-86.788320,ROSA L PARKS BLVD,,,,0.00,,,HARRISON ST,,,,0.00,Y,Four-Way, ,Intersection-Related,None,,,         ,Andrey,Volfson,Rain,Not Collision with Motor Vehicle in Transport,no,no,no,no,no,False
102324946,METROPOLITAN NASHVILLE POLICE DEPT,20190184978,Davidson,Nashville,3/8/2019 6:07:00 PM,2,0,0,36.058260,-86.678090,I 24,,,,0.00,,,,,,,58.00,N,Not at Intersection, ,Non-Junction,None,,,         ,Johnathon,Birdwell,Rain,Front to Rear,no,no,no,no,no,False
102324952,MOUNT JULIET POLICE DEPT,19-7456,Davidson,Nashville,3/8/2019 2:20:00 PM,2,0,0,36.217300,-86.581400,LEBANON RD,,,,552.00,Feet,East,MATTERHORN DR,,,,0.00,N,Not at Intersection,N,Non-Junction,None,,,         ,Cameron,Hoppe,Rain,Front to Rear,no,no,no,no,no,False
102324953,METROPOLITAN NASHVILLE POLICE DEPT,20190185078,Davidson,Nashville,3/8/2019 7:35:00 PM,2,0,0,36.186300,-86.747270,GALLATIN AV,,,,108.00,Feet,South,PETWAY AV,,,,0.00,N,Not at Intersection, ,Non-Junction,None,,,         ,Richard,Conger,Rain,Angle,no,no,no,no,no,False
102324968,METROPOLITAN NASHVILLE POLICE DEPT,20190185065,Davidson,Nashville,3/8/2019 12:00:00 AM,2,0,0,36.169770,-86.673060,LEBANON PKE,,,,3.00,Feet,East,OLD LEBANON PKE,,,,0.00,N,Not at Intersection,N,Non-Junction,None,,,         ,Torry,Hill,Rain,Angle,no,no,no,no,no,False
102324969,METROPOLITAN NASHVILLE POLICE DEPT,20190185009,Davidson,Nashville,3/8/2019 7:20:00 PM,2,0,0,36.154160,-86.770150,2ND AVS,,,,0.00,Feet,,ELM ST,,,,0.00,Y,T-Intersection,Y,Intersection,None,,,         ,Kevin,Lovell,Rain,"Sideswipe, Same Direction",no,no,no,no,no,False
102324971,METROPOLITAN NASHVILLE POLICE DEPT,20190185076,Davidson,Nashville,3/8/2019 7:30:00 PM,2,0,0,36.175570,-86.758240,MAIN ST,,,,191.00,Feet,East,N 8TH ST,,,,0.00,N,Not at Intersection,N,Non-Junction,None,,,         ,Riley,Brewer,Rain,HeadOn,no,no,no,no,yes,False
102324973,METROPOLITAN NASHVILLE POLICE DEPT,20190185031,Davidson,Nashville,3/8/2019 7:32:00 PM,2,0,0,36.165560,-86.777510,2ND AVN,,,,118.00,Feet,North,BANKERS ALY,,,,0.00,N,Not at Intersection, ,,None,,,         ,Joseph,Bingham,,,no,no,no,no,no,False
102324974,METROPOLITAN NASHVILLE POLICE DEPT,20190184559,Davidson,Not in City Limit,3/8/2019 1:50:00 PM,2,0,0,36.293080,-86.810670,I 24,,,,0.00,,,,,,,39.30,N,Not at Intersection,N,Non-Junction,Work Zone,Lane Shift-Crossover,Transition Area,         ,Jonathan,Sharp,Rain,Front to Rear,no,no,no,no,no,False
102324987,METROPOLITAN NASHVILLE POLICE DEPT,20190184822,Davidson,Nashville,3/8/2019 5:17:00 PM,2,0,0,36.066200,-86.717710,NOLENSVILLE PKE,,,,184.00,Feet,South,NORTHCREST DR,,,,0.00,N,Not at Intersection, ,Non-Junction,None,,,         ,Andrew,Brazee,Rain,Front to Rear,no,no,no,no,no,False
102324988,METROPOLITAN NASHVILLE POLICE DEPT,20190184646,Davidson,Nashville,3/8/2019 4:04:00 PM,4,0,0,36.150310,-86.638240,I 40,,,,0.00,,,,,,,218.40,N,Not at Intersection,N,Non-Junction,None,,,         ,Allyson,Reis,Rain,Front to Rear,no,no,no,no,no,False
102325004,METROPOLITAN NASHVILLE POLICE DEPT,20190185164,Davidson,Not in City Limit,3/8/2019 8:30:00 PM,1,1,0,36.263230,-86.698320,LOMBARDIA LN,,,,0.00,,,E OLD HICKORY BLVD,,,,0.00,Y,T-Intersection,N,Intersection,None,,,         ,Christopher,Littles,Rain,Not Collision with Motor Vehicle in Transport,yes,no,no,no,no,False
102325005,METROPOLITAN NASHVILLE POLICE DEPT,20190185260,Davidson,Goodlettsville,3/8/2019 9:15:00 PM,1,0,0,36.292700,-86.695260,MYATT DR,,,,543.00,Feet,South,SPRING BRANCH DR,,,,0.00,N,Not at Intersection,N,Non-Junction,None,,,         ,Christopher,Littles,Rain,Not Collision with Motor Vehicle in Transport,no,no,no,no,no,False
102325006,METROPOLITAN NASHVILLE POLICE DEPT,20190185051,Davidson,Nashville,3/8/2019 7:41:00 PM,1,0,0,36.156940,-86.853300,MORROW RD,,,,187.00,Feet,South,ILLINOIS AV,,,,0.00,N,Not at Intersection,N,Non-Junction,None,,,         ,Shaun,Heath,Rain,Not Collision with Motor Vehicle in Transport,no,no,no,no,no,False
102325007,METROPOLITAN NASHVILLE POLICE DEPT,20190185229,Davidson,Nashville,3/8/2019 8:50:00 PM,2,0,0,36.194390,-86.745030,TREVECCA AV,,,,46.00,Feet,North,STROUSE AV,,,,0.00,N,Not at Intersection,N,Non-Junction,None,,,         ,Gregory,Cenicola,Clear,Front to Rear,no,no,no,no,yes,False
102325010,METROPOLITAN NASHVILLE POLICE DEPT,20190184731,Davidson,Not in City Limit,3/8/2019 3:40:00 PM,2,0,0,36.298560,-86.880320,BEAR HOLLOW RD,,,,1055.00,Feet,West,BEAR HOLLOW RD PVTDR,,,,0.00,N,Not at Intersection, ,Non-Junction,None,,,         ,Jonathan,Sharp,Rain,"Sideswipe, Opposite Direction",no,no,no,no,no,False
102325013,METROPOLITAN NASHVILLE POLICE DEPT,20190185190,Davidson,Nashville,3/8/2019 12:00:00 AM,1,0,0,36.170940,-86.831770,DR WALTER S DAVIS BLVD,,,,1087.00,Feet,North,TIGERBELLE DR,,,,0.00,N,Not at Intersection,N,Non-Junction,None,,,         ,Russell,Jones,Rain,Not Collision with Motor Vehicle in Transport,no,no,no,no,yes,False
102325014,METROPOLITAN NASHVILLE POLICE DEPT,20190184899,Davidson,Nashville,3/8/2019 6:14:00 PM,2,1,0,36.105620,-86.671800,MURFREESBORO PKE,,,,0.00,,,EZELL PKE,,,,0.00,Y,T-Intersection,N,Intersection,None,,,         ,Andrew,Brazee,Rain,Angle,no,no,no,no,no,False
102325016,METROPOLITAN NASHVILLE POLICE DEPT,20190185101,Davidson,Nashville,3/8/2019 8:02:00 PM,2,1,0,36.206250,-86.773260,W TRINITY LN,,,,63.00,Feet,East,I65 N ENT RAMP,,,,0.00,N,Not at Intersection,N,Non-Junction,None,,,         ,Marc,Kozen,Rain,Front to Rear,no,no,no,no,no,False
102325018,METROPOLITAN NASHVILLE POLICE DEPT,20190184657,Davidson,Not in City Limit,3/8/2019 4:05:00 PM,2,0,0,36.276190,-86.729580,N GRAYCROFT AV,,,,171.00,Feet,South,E CAMPBELL RD,,,,0.00,N,Not at Intersection, ,Non-Junction,None,,,         ,Joel,Callies,Rain,Front to Rear,no,no,no,no,no,False
102325020,METROPOLITAN NASHVILLE POLICE DEPT,20190184952,Davidson,Nashville,3/8/2019 6:35:00 PM,2,0,0,36.201400,-86.776840,I 65,,,,0.00,,,,,,,87.00,N,Not at Intersection,N,Non-Junction,None,,,         ,Gardiner,Bradley,Rain,Front to Rear,no,no,no,no,no,False
102325021,METROPOLITAN NASHVILLE POLICE DEPT,20190185170,Davidson,Nashville,3/8/2019 8:00:00 PM,2,0,0,36.028830,-86.648860,OLD FRANKLIN RD,,,,0.00,,,CANE RIDGE RD,,,,0.00,Y,Four-Way, ,Intersection-Related,None,,,         ,Laura,Williams,Rain,Front to Rear,no,no,no,no,no,False
102325025,METROPOLITAN NASHVILLE POLICE DEPT,20190185200,Davidson,Nashville,3/8/2019 8:47:00 PM,2,0,0,36.086860,-86.695950,HARDING PL,,,,0.00,,,METROPLEX DR,,,,0.00,Y,Four-Way, ,Intersection,None,,,         ,Taylor,Hurley,Rain,Angle,no,no,no,no,yes,False
102325038,METROPOLITAN NASHVILLE POLICE DEPT,20190185111,Davidson,Nashville,3/8/2019 8:01:00 PM,1,0,0,36.231070,-86.612250,SHUTE LN,,,,339.00,Feet,West,WILLOW BOUGH LN,,,,0.00,N,Not at Intersection,N,Non-Junction,None,,,         ,Steven,Powers,Rain,Not Collision with Motor Vehicle in Transport,no,no,no,no,no,False
102325048,METROPOLITAN NASHVILLE POLICE DEPT,20190185165,Davidson,Nashville,3/8/2019 8:00:00 PM,2,0,0,36.046190,-86.946470,HIGHWAY 100,,,,758.00,Feet,North,CLAXTON CT,,,,0.00,N,Not at Intersection,N,Non-Junction,None,,,         ,Ty,Cummings,Cloudy,Front to Rear,no,no,no,no,no,False
102325066,METROPOLITAN NASHVILLE POLICE DEPT,20190185293,Davidson,Nashville,3/8/2019 9:19:00 PM,1,0,0,36.121450,-86.757520,I 440,,,,0.00,,,,,,,5.90,N,Not at Intersection,N,Non-Junction,None,,,         ,John,Roberson,Rain,Not Collision with Motor Vehicle in Transport,no,no,no,no,no,False
102325074,METROPOLITAN NASHVILLE POLICE DEPT,20190185393,Davidson,Nashville,3/8/2019 9:36:00 PM,1,1,0,36.151200,-86.854150,RICHLAND CREEK SHOPPING CENTER,,,,48.00,Feet,North,CHARLOTTE AV,,,,0.00,N,Not at Intersection,N,Non-Junction,None,,,         ,Brandon,Tennant,Rain,Not Collision with Motor Vehicle in Transport,no,no,no,no,yes,False
102325078,METROPOLITAN NASHVILLE POLICE DEPT,20190184910,Davidson,Nashville,3/8/2019 6:10:00 PM,4,0,0,36.069170,-86.689670,HAYWOOD LN,,,,53.00,Feet,West,I24 E EXT RAMP,,,,0.00,N,Not at Intersection,N,Non-Junction,None,,,         ,Andrew,Ramirez,Rain,Front to Rear,no,no,no,no,yes,False
102325079,METROPOLITAN NASHVILLE POLICE DEPT,20190185409,Davidson,Nashville,3/8/2019 10:25:00 PM,1,1,0,36.169680,-86.606510,I40 E EXT RAMP,,,,0.00,Feet,East,I 40,,,,0.00,N,Not at Intersection,N,Non-Junction,None,,,         ,Emily,Mulready,Rain,Not Collision with Motor Vehicle in Transport,no,no,no,no,no,False
102325085,METROPOLITAN NASHVILLE POLICE DEPT,20190185432,Davidson,Nashville,3/8/2019 12:00:00 AM,2,0,0,36.044940,-86.659740,I24 E ENT RAMP,,,,0.00,,,I 24,,,,0.00,Y,Four-Way, ,,None,,,         ,Alex,DiBernardo,,,no,no,no,no,no,False
102325103,METROPOLITAN NASHVILLE POLICE DEPT,20190185470,Davidson,Nashville,3/8/2019 10:31:00 PM,2,0,0,36.146480,-86.742480,I 40,,,,0.00,,,,,,,212.10,N,Not at Intersection,N,Non-Junction,None,,,         ,Dakota,Vermillion,Rain,"Sideswipe, Same Direction",no,no,no,no,yes,False
102325105,METROPOLITAN NASHVILLE POLICE DEPT,2019-0185425,Davidson,Nashville,3/8/2019 10:25:00 PM,2,0,0,36.148480,-86.745550,I 40,,,,0.00,,,,,,,211.90,N,Not at Intersection,N,Non-Junction,None,,,         ,Joshua,McGarvey,Rain,Front to Rear,no,no,no,no,yes,False
102325116,METROPOLITAN NASHVILLE POLICE DEPT,20190185488,Davidson,Nashville,3/8/2019 11:19:00 PM,1,2,0,36.089420,-86.628920,NASHBORO BLVD,,,,108.00,Feet,East,FAIRWAY POINTE PVTDR,,,,0.00,N,Not at Intersection,N,Non-Junction,None,,,         ,Jacob,West,Clear,Not Collision with Motor Vehicle in Transport,no,no,no,no,no,False
102325154,METROPOLITAN NASHVILLE POLICE DEPT,20190185378,Davidson,Nashville,3/8/2019 10:42:00 PM,2,0,0,36.103880,-86.715210,I 24,,,,0.00,,,,,,,54.25,N,Not at Intersection, ,Non-Junction,None,,,         ,Kurt,Lewton,Rain,Angle,no,no,no,no,no,False
102325157,METROPOLITAN NASHVILLE POLICE DEPT,20190185679,Davidson,Nashville,3/9/2019 12:31:00 AM,2,0,0,36.061070,-86.605120,HAMILTON CHURCH,RD,,,500.00,Feet,East,MT VIEW,RD,,,0.00,N,Not at Intersection,N,Non-Junction,None,,,         ,Kevin,Breeding,Rain,HeadOn,no,no,no,no,no,False
102325165,METROPOLITAN NASHVILLE POLICE DEPT,20190185445,Davidson,Nashville,3/8/2019 10:55:00 PM,1,0,0,36.200340,-86.622910,PLANTATION DR,,,,370.00,Feet,East,BONNASPRING DR,,,,0.00,N,Not at Intersection,N,Non-Junction,None,,,         ,Tyler,Manivong,Rain,Not Collision with Motor Vehicle in Transport,no,no,no,no,no,False
102325173,METROPOLITAN NASHVILLE POLICE DEPT,20190185511,Davidson,Nashville,3/8/2019 10:20:00 PM,2,0,0,36.182750,-86.798670,I65 N EXT RAMP,,,,0.00,Feet,East,I 65,,,,0.00,N,Not at Intersection,N,Non-Junction,None,,,         ,Bobby,Samuels,Rain,Front to Rear,no,no,no,no,no,False
102325183,METROPOLITAN NASHVILLE POLICE DEPT,20190185727,Davidson,Nashville,3/9/2019 12:00:00 AM,1,0,0,36.155400,-86.637590,MCCRORY CREEK RD,,,,0.00,,,CENTERVIEW DR,,,,0.00,Y,T-Intersection,N,Non-Junction,None,,,         ,Brandon,Epps,Clear,Not Collision with Motor Vehicle in Transport,no,no,no,no,yes,False
102325187,GOODLETTSVILLE POLICE DEPT,19-08886,Davidson,Goodlettsville,3/8/2019 9:29:00 PM,1,0,0,36.311060,-86.685340,VIETNAM VETERANS BLVD SB EXT R,,,,0.00,Feet,East,VIETNAM VETERANS BLVDS,,,,0.00,N,Not at Intersection,Y,Entrance/Exit Ramp Related,None,,,         ,Devonte,Tapp,Rain,Not Collision with Motor Vehicle in Transport,no,no,no,no,no,False
102325194,METROPOLITAN NASHVILLE POLICE DEPT,20190185968,Davidson,Nashville,3/9/2019 3:10:00 AM,1,1,0,36.076930,-86.767000,I 65,,,,0.00,,,,,,,77.45,N,Not at Intersection,N,Non-Junction,None,,,         ,Garrett,Reingardt,Cloudy,Not Collision with Motor Vehicle in Transport,no,no,no,no,no,False
102325199,METROPOLITAN NASHVILLE POLICE DEPT,20190185884,Davidson,Nashville,3/9/2019 2:27:00 AM,2,0,0,36.170400,-86.768450,INTERSTATE DR,,,,0.00,,,WOODLAND ST,,,,0.00,Y,OTHER,N,Intersection,None,,,         ,Kelcey,Bell,Clear,Angle,no,no,no,no,no,False
102325209,METROPOLITAN NASHVILLE POLICE DEPT,20190186005,Davidson,Nashville,3/9/2019 3:39:00 AM,2,0,0,36.148280,-86.779300,I 40,,,,0.00,,,,,,,209.85,N,Not at Intersection,Y,Entrance/Exit Ramp Related,None,,,         ,Christian,Martin,Cloudy,Front to Rear,no,no,no,no,no,False
102325221,METROPOLITAN NASHVILLE POLICE DEPT,20190186097,Davidson,Nashville,3/9/2019 4:37:00 AM,1,0,0,36.063910,-86.688100,PACKARD DR,,,,66.00,Feet,West,EASTVIEW DR,,,,0.00,N,Not at Intersection,N,Non-Junction,None,,,         ,Kaleb,Stella,Rain,Not Collision with Motor Vehicle in Transport,no,no,no,no,no,False
102325224,METROPOLITAN NASHVILLE POLICE DEPT,20190186115,Davidson,Nashville,3/9/2019 12:00:00 AM,1,0,0,36.169820,-86.606480,I40 E EXT RAMP,,,,0.00,Feet,East,I 40,,,,0.00,N,Not at Intersection,N,Non-Junction,None,,,         ,Lynsie,Smith,Rain,Not Collision with Motor Vehicle in Transport,no,no,no,no,yes,False
102325227,THP District 3 - Nashville,319013071,Davidson,Nashville,3/6/2019 5:15:00 PM,2,1,0,36.141850,-86.712580,I 40,,,,0.00,,,,,,,214.05,N,Not at Intersection, ,Non-Junction,None,,,         ,Jonathan,Officer,Cloudy,Front to Rear,no,no,no,no,no,False
102325228,METROPOLITAN NASHVILLE POLICE DEPT,20190186110,Davidson,Nashville,3/9/2019 5:16:00 AM,1,0,0,36.186010,-86.971210,CUB CREEK RD,,,,1972.00,Feet,East,CUB CREEK RD PVTDR,,,,0.00,N,Not at Intersection,N,Non-Junction,None,,,         ,Cesar,Rocha,Rain,Not Collision with Motor Vehicle in Transport,no,no,no,no,no,False
102325230,METROPOLITAN NASHVILLE POLICE DEPT,20190186100,Davidson,Nashville,3/9/2019 5:00:00 AM,1,0,0,36.077740,-86.755170,BLACKMAN,DR,,382,30.00,Feet,South,,,,,380.00,N,Not at Intersection,N,Non-Junction,None,,,         ,William,Hamblen,Rain,Not Collision with Motor Vehicle in Transport,no,no,no,no,yes,False
102325241,METROPOLITAN NASHVILLE POLICE DEPT,20190186163,Davidson,Nashville,3/9/2019 5:57:00 AM,1,1,0,36.216050,-86.775290,I 65,,,,0.00,,,,,,,88.00,N,Not at Intersection,N,Non-Junction,None,,,         ,Abigail,Malone,Rain,Not Collision with Motor Vehicle in Transport,no,no,no,no,no,False
102325252,METROPOLITAN NASHVILLE POLICE DEPT,20190186123,Davidson,Nashville,3/9/2019 12:00:00 AM,1,1,0,36.143770,-86.699590,-- UNKNOWN RAMP/ROAD --,,,,0.00,,,I 40,,,,0.00,Y,OTHER,N,Non-Junction,None,,,         ,Brandon,Epps,Rain,Not Collision with Motor Vehicle in Transport,no,no,no,no,no,False
102325253,METROPOLITAN NASHVILLE POLICE DEPT,20190186157,Davidson,Nashville,3/9/2019 5:53:00 AM,2,1,0,36.140900,-86.722090,SPENCE LN,,,,95.00,Feet,South,I40 W EXT RAMP,,,,0.00,N,Not at Intersection,Y,Non-Junction,None,,,         ,Michael,Griggs,Rain,Front to Rear,no,no,no,no,no,False
102325255,Nashville Airport Police,19-0970,Davidson,Nashville,3/8/2019 1:15:00 PM,2,0,0,36.116410,-86.697360,MURFREESBORO PKE,,,,0.00,,,MCGAVOCK PKE,,,,0.00,Y,OTHER, ,Non-Junction,None,,,         ,Jerry,Lovell,Rain,Other,no,no,no,no,no,False
102325262,METROPOLITAN NASHVILLE POLICE DEPT,20190186221,Davidson,Not in City Limit,3/9/2019 6:30:00 AM,2,0,0,36.052830,-86.985070,MCCRORY LN,,,,0.00,Feet,East,POPLAR CREEK RD,,,,0.00,N,Not at Intersection, ,Non-Junction,None,,,         ,Wesley,Tilley,Cloudy,Front to Rear,no,no,no,no,yes,False
102325269,METROPOLITAN NASHVILLE POLICE DEPT,20190186228,Davidson,Nashville,3/9/2019 6:21:00 AM,2,0,0,36.099180,-86.710720,I 24,,,,0.00,,,,,,,54.60,N,Not at Intersection,N,Non-Junction,None,,,         ,Joseph,Simon,Rain,Angle,no,no,no,no,no,False
102325271,METROPOLITAN NASHVILLE POLICE DEPT,20190186235,Davidson,Nashville,3/9/2019 6:50:00 AM,2,0,0,36.144410,-86.816520,31ST AVN,,,,77.00,Feet,South,POSTON AV,,,,0.00,N,Not at Intersection,N,Non-Junction,None,,,         ,Justan,Vance,Rain,Angle,no,no,no,no,no,Campus
102325278,METROPOLITAN NASHVILLE POLICE DEPT,20190186301,Davidson,Antioch,3/9/2019 7:55:00 AM,2,0,0,36.035890,-86.611160,OLD HICKORY BLVD,,,,0.00,,,HOBSON PKE,,,,0.00,Y,T-Intersection, ,,None,,,         ,Steven,Williams,,,no,no,no,no,no,False
102325280,METROPOLITAN NASHVILLE POLICE DEPT,20190186287,Davidson,Nashville,3/9/2019 7:53:00 AM,1,0,0,36.138280,-86.727370,I24E,,,,314.00,Feet,West,I24 W ENT RAMP,,,,0.00,N,Not at Intersection,Y,Non-Junction,None,,,         ,Lee,Davis,Rain,Not Collision with Motor Vehicle in Transport,no,no,no,no,no,False
102325291,GOODLETTSVILLE POLICE DEPT,19-08870,Davidson,Goodlettsville,3/8/2019 5:00:00 PM,2,0,0,36.323760,-86.710670,E CEDAR ST,,,,0.00,,,CHURCH ST,,,,0.00,Y,T-Intersection,N,Intersection,None,,,         ,George,Forbes,Rain,Angle,no,no,no,no,no,False
102325338,METROPOLITAN NASHVILLE POLICE DEPT,20190186333,Davidson,Nashville,3/9/2019 8:23:00 AM,5,1,0,36.215400,-86.588510,LEBANON PKE,,,,0.00,,,BIG HORN DR,,,,0.00,Y,Four-Way,N,Intersection-Related,None,,,         ,Michael,Brooks,Cloudy,Front to Rear,no,no,no,no,yes,False
102325342,METROPOLITAN NASHVILLE POLICE DEPT,2019-0186475,Davidson,Nashville,3/9/2019 9:25:00 AM,2,0,0,36.152730,-86.842240,46TH AVN,,,,192.00,Feet,North,CHARLOTTE AV,,,,0.00,N,Not at Intersection,N,Non-Junction,None,,,         ,Paul,Junkmann,Rain,Angle,no,no,no,no,yes,False
102325345,METROPOLITAN NASHVILLE POLICE DEPT,20190186430,Davidson,Nashville,3/9/2019 9:16:00 AM,2,0,0,36.163080,-86.776450,COMMERCE ST,,,,129.00,Feet,West,2ND AVN,,,,0.00,N,Not at Intersection, ,Non-Junction,None,,,         ,James,Hill,Cloudy,Angle,no,no,no,no,no,False
102325355,METROPOLITAN NASHVILLE POLICE DEPT,20190786467,Davidson,Nashville,3/9/2019 12:00:00 AM,1,0,0,36.220730,-86.800250,HIGHLAND TRACE DR,,,,0.00,,,,,,,0.00,,,N,Non-Junction,None,,,         ,Kenneth,Oneal,Rain,Not Collision with Motor Vehicle in Transport,no,no,no,no,yes,False
102325377,METROPOLITAN NASHVILLE POLICE DEPT,20190186546,Davidson,Nashville,3/9/2019 8:34:00 AM,2,0,0,36.146450,-86.809430,WEST END AV,,,,126.00,Feet,East,NATCHEZ TRC,,,,0.00,N,Not at Intersection,N,Non-Junction,None,,,         ,Michael,McCord,Unknown,Rear to Rear,no,no,no,yes,yes,Campus
102325414,METROPOLITAN NASHVILLE POLICE DEPT,20190186582,Davidson,Nashville,3/9/2019 11:07:00 AM,2,0,0,36.191760,-86.783000,I 65,,,,0.00,,,,,,,86.15,N,Not at Intersection,N,Non-Junction,None,,,         ,Zachary,Carter,Cloudy,Front to Rear,no,no,no,no,yes,False