master_record_number,agency,agency_tracking_number,county,city,collision_date,vehicles_involved,number_injured,number_dead,latitude,longitude,roadway_name,roadway_suffix,roadway_number,roadway_local_id,distance_from_reference,miles-feet_indicator,direction_from_reference,intersection_road_name,intersection_road_name_suffix,intersection_road_number,intersection_local_id,mile_marker,intersection_indicator,intersect_type,interchange_related_indicator,relation_to_junction,work_zone_type,construction_maintenance_zone,construction_maintenance_zone_location,fatal_case_number,officer_first_name,officer_last_name,weather_condition(s),manner_of_crash,pedestrian,bicycle,scooter,parking,hitrun,mou
102329418,METROPOLITAN NASHVILLE POLICE DEPT,20190197603,Davidson,Not in City Limit,3/13/2019 2:00:00 PM,2,1,0,36.078540,-86.950810,HIGHWAY 70S,,,,0.00,,,BELLEVUE CTR PVTDR,,,,0.00,Y,Four-Way,N,Intersection,None,,,         ,Robert,Crow,Clear,Angle,no,no,no,no,no,False
102329424,METROPOLITAN NASHVILLE POLICE DEPT,20190197695,Davidson,Nashville,3/13/2019 3:30:00 PM,2,0,0,36.106940,-86.813200,HILLSBORO PKE,,,,349.00,Feet,South,GREEN HILLS VILLAGE DR,,,,0.00,N,Not at Intersection, ,Non-Junction,None,,,         ,Molly,Page,Clear,Angle,no,no,no,no,no,False
102329426,METROPOLITAN NASHVILLE POLICE DEPT,20190194786,Davidson,Nashville,3/12/2019 5:05:00 PM,2,0,0,36.158670,-86.772130,1ST AVS,,,,154.00,Feet,North,KOREAN VETERANS BLVD,,,,0.00,N,Not at Intersection,N,Non-Junction,None,,,         ,Brandon,O'Guin,Clear,Front to Rear,no,no,no,no,no,False
102329427,METROPOLITAN NASHVILLE POLICE DEPT,20190197817,Davidson,Nashville,3/13/2019 4:20:00 PM,2,0,0,36.041450,-86.652020,I24 W ENT RAMP,,,,0.00,Feet,East,I 24,,,,0.00,N,Not at Intersection, ,,None,,,         ,Arend,Groeneweg,,,no,no,no,no,no,False
102329429,METROPOLITAN NASHVILLE POLICE DEPT,20190197375,Davidson,Nashville,3/13/2019 1:20:00 PM,3,1,0,36.184840,-86.775720,I 24,,,,0.00,,,,,,,47.25,N,Not at Intersection,N,Non-Junction,None,,,         ,Frank,Campbell,Clear,Front to Rear,no,no,no,no,yes,False
102329430,METROPOLITAN NASHVILLE POLICE DEPT,20190197812,Davidson,Nashville,3/13/2019 1:42:00 PM,2,1,0,36.186100,-86.798350,I65 S EXT RAMP,,,,0.00,,,I 65,,,,0.00,Y,Four-Way,N,Entrance/Exit Ramp Related,None,,,         ,Andrey,Volfson,Clear,Front to Rear,no,no,no,no,no,False
102329434,METROPOLITAN NASHVILLE POLICE DEPT,20190197840,Davidson,Nashville,3/13/2019 4:07:00 PM,2,0,0,36.065230,-86.628940,MURFREESBORO PKE,,,,209.00,Feet,North,HAMILTON CHURCH RD,,,,0.00,N,Not at Intersection,N,Non-Junction,None,,,         ,Devonte,Coleman,Clear,Angle,no,no,no,no,yes,False
102329438,METROPOLITAN NASHVILLE POLICE DEPT,20190197702,Davidson,Antioch,3/13/2019 1:27:00 PM,2,1,0,36.015500,-86.620160,I24 W EXT RAMP,,,,0.00,,,I 24,,,,0.00,Y,Four-Way, ,Non-Junction,None,,,         ,Nathaniel,Myers,Clear,Front to Rear,no,no,no,no,no,False
102329450,METROPOLITAN NASHVILLE POLICE DEPT,20190197762,Davidson,Nashville,3/13/2019 4:00:00 PM,3,0,0,36.147090,-86.642970,I 40,,,,0.00,,,,,,,218.05,N,Not at Intersection, ,Non-Junction,None,,,         ,Keith,Covert,Clear,Front to Rear,no,no,no,no,no,False
102329466,METROPOLITAN NASHVILLE POLICE DEPT,20190197258,Davidson,Nashville,3/13/2019 12:43:00 PM,2,0,0,36.157520,-86.772350,2ND AVS,,,,187.00,Feet,South,KOREAN VETERANS BLVD,,,,0.00,N,Not at Intersection,N,Non-Junction,None,,,         ,Brandon,O'Guin,Clear,Front to Rear,no,no,no,no,no,False
102329467,METROPOLITAN NASHVILLE POLICE DEPT,20190197207,Davidson,Nashville,3/13/2019 12:21:00 PM,2,1,0,36.154710,-86.773120,LEA AV,,,,0.00,,,4TH AVS,,,,0.00,Y,Four-Way,N,Intersection,None,,,         ,Michael,Douglas,Clear,Angle,no,no,no,no,no,False
102329473,METROPOLITAN NASHVILLE POLICE DEPT,20190197541,Davidson,Nashville,3/13/2019 2:42:00 PM,1,3,0,36.145060,-86.879000,PREMIER DR,,,,50.00,Feet,West,WILCLAY DR,,,,0.00,N,Not at Intersection,N,Non-Junction,None,,,         ,Walter,Gray II,Clear,Not Collision with Motor Vehicle in Transport,no,no,no,no,no,False
102329474,METROPOLITAN NASHVILLE POLICE DEPT,20190197831,Davidson,Nashville,3/13/2019 4:33:00 PM,2,0,0,36.166390,-86.787140,ROSA L PARKS BLVD,,,,84.00,Feet,East,JAMES ROBERTSON PKWY,,,,0.00,N,Not at Intersection,N,Non-Junction,None,,,         ,Joshua,Reece,Clear,Angle,no,no,no,no,no,False
102329493,METROPOLITAN NASHVILLE POLICE DEPT,20190197856,Davidson,Nashville,3/13/2019 3:43:00 PM,2,0,0,36.135090,-86.874560,HILLWOOD BLVD,,,,712.00,Feet,West,FORESTWOOD DR,,,,0.00,N,Not at Intersection, ,Non-Junction,None,,,         ,Jeremy,Huffine,Clear,Angle,no,no,no,no,no,False
102329497,METROPOLITAN NASHVILLE POLICE DEPT,20190195104,Davidson,Not in City Limit,3/12/2019 7:13:00 PM,2,0,0,36.078020,-86.949070,HIGHWAY 70S,,,,0.00,,,BELLEVUE CTR PVTDR,,,,0.00,Y,Four-Way,N,Intersection,None,,,         ,Walter,Gray II,Clear,Angle,no,no,no,no,no,False
102329499,BERRY HILL POLICE DEPT,19-0903,Davidson,Berry Hill,3/13/2019 12:00:00 AM,2,0,0,36.122510,-86.775840,FRANKLIN PKE,,,,20.00,Feet,West,BILOXI AV,,,,0.00,N,Not at Intersection, ,Non-Junction,None,,,         ,John,Gleixner,Clear,Front to Rear,no,no,no,no,no,False
102329501,VANDERBILT UNIVERSITY POLICE,20190197681,Davidson,Nashville,3/13/2019 3:20:00 PM,2,1,0,36.139680,-86.800490,21ST AVS,,,,22.00,Feet,North,PIERCE AV,,,,0.00,N,Not at Intersection, ,Non-Junction,None,,,         ,Christopher,Dion,Clear,Front to Rear,no,no,no,no,no,Campus
102329503,METROPOLITAN NASHVILLE POLICE DEPT,20190197332,Davidson,Nashville,3/13/2019 1:09:00 PM,2,0,0,36.164390,-86.852670,CENTENNIAL BLVD,,,,100.00,Feet,West,CALIFORNIA AV,,,,0.00,N,Not at Intersection,N,Non-Junction,None,,,         ,Walter,Gray II,Clear,"Sideswipe, Same Direction",no,no,no,no,no,False
102329505,METROPOLITAN NASHVILLE POLICE DEPT,20190198015,Davidson,Nashville,3/13/2019 4:59:00 PM,2,0,0,36.141270,-86.716910,I 40,,,,0.00,,,,,,,213.80,N,Not at Intersection, ,Non-Junction,None,,,         ,Trenton,Searcy,Clear,"Sideswipe, Same Direction",no,no,no,no,no,False
102329506,METROPOLITAN NASHVILLE POLICE DEPT,20190197931,Davidson,Nashville,3/13/2019 5:15:00 PM,2,1,0,36.164240,-86.819900,28TH AVN,,,,0.00,,,ALBION ST,,,,0.00,Y,Four-Way,N,Intersection-Related,None,,,         ,Andrey,Volfson,Clear,Front to Rear,no,no,no,no,yes,False
102329507,VANDERBILT UNIVERSITY POLICE,20190197858,Davidson,Nashville,3/13/2019 4:10:00 PM,2,0,0,36.144800,-86.799740,21ST AVS,,,,257.00,Feet,North,EDGEHILL AV,,,,0.00,N,Not at Intersection, ,Non-Junction,None,,,         ,Shaneithia,Lewis,Clear,"Sideswipe, Opposite Direction",no,no,no,no,no,Campus
102329511,METROPOLITAN NASHVILLE POLICE DEPT,20190197973,Davidson,Nashville,3/13/2019 4:18:00 PM,2,0,0,36.111830,-86.630310,RAMP,,,,0.00,,,BELL RD,,,,0.00,Y,T-Intersection, ,Non-Junction,None,,,         ,Brady,Reynolds,Clear,Other,no,no,no,no,no,False
102329513,METROPOLITAN NASHVILLE POLICE DEPT,20190195118,Davidson,Nashville,3/12/2019 6:45:00 PM,2,0,0,36.138980,-86.880450,HILLWOOD BLVD,,,,50.00,Feet,East,CHARLOTTE PKE,,,,0.00,N,Not at Intersection, ,,None,,,         ,Walter,Gray II,,,no,no,no,no,no,False
102329519,METROPOLITAN NASHVILLE POLICE DEPT,20190197955,Davidson,Nashville,3/13/2019 5:02:00 PM,2,0,0,36.045220,-86.714790,BRENTWOOD EAST DR,,,,0.00,,,OLD HICKORY BLVD,,,,0.00,Y,T-Intersection, ,,None,,,         ,FELIKS,ABRAHAMYAN,,,no,no,no,no,no,False
102329526,METROPOLITAN NASHVILLE POLICE DEPT,20190198016,Davidson,Nashville,3/13/2019 12:00:00 AM,2,0,0,36.087500,-86.695850,METROPLEX DR,,,,235.00,Feet,North,HARDING PL,,,,0.00,N,Not at Intersection,N,Non-Junction,None,,,         ,Ryan,Sherry,Clear,"Sideswipe, Same Direction",no,no,no,no,no,False
102329527,METROPOLITAN NASHVILLE POLICE DEPT,20190197941,Davidson,Nashville,3/13/2019 5:10:00 PM,2,1,0,36.170760,-86.601940,I40 W ENT RAMP,,,,0.00,,,I 40,,,,0.00,Y,Four-Way,N,Entrance/Exit Ramp Related,None,,,         ,Marvis,Malone,Clear,Angle,no,no,no,no,no,False
102329536,METROPOLITAN NASHVILLE POLICE DEPT,20190197920,Davidson,Nashville,3/13/2019 12:00:00 AM,2,0,0,36.113600,-86.724300,I24 E EXT RAMP,,,,0.00,Feet,East,I 24,,,,0.00,N,Not at Intersection, ,Non-Junction,None,,,         ,Ryan,Sherry,Clear,Front to Rear,no,no,no,no,no,False
102329563,GOODLETTSVILLE POLICE DEPT,19-09476,Davidson,Goodlettsville,3/13/2019 5:46:00 PM,2,1,0,36.324280,-86.703850,LONG HOLLOW PKE,,,,50.00,Feet,East,I65 N EXT RAMP,,,,0.00,N,Not at Intersection,N,Non-Junction,None,,,         ,Shane,Farrell,Clear,Front to Rear,no,no,no,no,no,False
102329580,METROPOLITAN NASHVILLE POLICE DEPT,20190198135,Davidson,Nashville,3/13/2019 6:37:00 PM,2,0,0,36.044850,-86.668370,ARBOR COMMON,,,,0.00,,,BEECHWOOD TER,,,,0.00,Y,T-Intersection, ,,None,,,         ,Andrew,Brazee,,,no,no,no,no,no,False
102329582,METROPOLITAN NASHVILLE POLICE DEPT,20190198080,Davidson,Nashville,3/13/2019 5:10:00 PM,2,0,0,36.215230,-86.816120,MOORMANS ARM RD,,,,175.00,Feet,East,BOATNER DR,,,,0.00,N,Not at Intersection,N,Non-Junction,None,,,         ,Pamela,Caulder,Clear,"Sideswipe, Opposite Direction",no,no,no,no,yes,False
102329592,METROPOLITAN NASHVILLE POLICE DEPT,20190197611,Davidson,Nashville,3/13/2019 2:38:00 PM,2,0,0,36.037470,-86.790980,OLD HICKORY BLVD,,,,0.00,,,EAST PARK DR,,,,0.00,Y,T-Intersection, ,,None,,,         ,Akira,McSwain,,,no,no,no,no,no,False
102329593,METROPOLITAN NASHVILLE POLICE DEPT,20190198046,Davidson,Nashville,3/13/2019 4:38:00 PM,2,0,0,36.157180,-86.803330,CHARLOTTE AV,,,,157.00,Feet,East,SPRUCE ST,,,,0.00,N,Not at Intersection, ,Non-Junction,None,,,         ,Akira,McSwain,Clear,Front to Rear,no,no,no,no,no,False
102329594,METROPOLITAN NASHVILLE POLICE DEPT,20190198323,Davidson,Nashville,3/13/2019 5:30:00 PM,2,0,0,36.153350,-86.756620,I 40,,,,0.00,,,,,,,211.20,N,Not at Intersection,N,Non-Junction,None,,,         ,Darci,Stechman,Clear,"Sideswipe, Same Direction",no,no,no,no,no,False
102329612,METROPOLITAN NASHVILLE POLICE DEPT,20190197813,Davidson,Nashville,3/13/2019 3:57:00 PM,2,2,0,36.119720,-86.730500,GLENROSE AV,,,,107.00,Feet,West,OLD GLENROSE AV,,,,0.00,N,Not at Intersection,N,Non-Junction,Unknown,Unknown,Unknown,         ,Je-Marc,Sears,Clear,Front to Rear,no,no,no,no,no,False
102329613,METROPOLITAN NASHVILLE POLICE DEPT,20190198370,Davidson,Nashville,3/13/2019 7:45:00 PM,2,0,0,36.045250,-86.609100,MURFREESBORO PKE,,,,0.00,,,MOUNTAIN SPRINGS RD,,,,0.00,Y,Y-Intersection, ,Intersection,None,,,         ,Arend,Groeneweg,Clear,"Sideswipe, Same Direction",no,no,no,no,yes,False
102329614,METROPOLITAN NASHVILLE POLICE DEPT,20190198348,Davidson,Nashville,3/13/2019 8:25:00 PM,2,1,0,36.133840,-86.779130,8TH AVS,,,,159.00,Feet,South,WEDGEWOOD AV,,,,0.00,N,Not at Intersection, ,Non-Junction,None,,,         ,FELIKS,ABRAHAMYAN,Clear,Front to Rear,no,no,no,no,no,False
102329615,METROPOLITAN NASHVILLE POLICE DEPT,20190198395,Davidson,Nashville,3/13/2019 8:55:00 PM,1,0,0,36.186970,-86.766410,CLEVELAND ST,,,,49.00,Feet,West,N 3RD ST,,,,0.00,N,Not at Intersection,N,Non-Junction,None,,,         ,Cody,Jaworski,Clear,Not Collision with Motor Vehicle in Transport,no,no,no,no,yes,False
102329616,METROPOLITAN NASHVILLE POLICE DEPT,20190197697,Davidson,Goodlettsville,3/13/2019 12:00:00 AM,2,0,0,36.296240,-86.698650,MYATT DR,,,,109.00,Feet,North,RIVERGATE STATION PVTDR,,,,0.00,N,Not at Intersection,N,Non-Junction,None,,,         ,Joel,Callies,Clear,Angle,no,no,no,no,no,False
102329622,METROPOLITAN NASHVILLE POLICE DEPT,20190198337,Davidson,Nashville,3/13/2019 8:20:00 PM,2,0,0,36.187990,-86.821560,CLARKSVILLE PKE,,,,0.00,,,ED TEMPLE BLVD,,,,0.00,Y,Four-Way,N,Non-Junction,None,,,         ,Paxton,Montgomery,Clear,Angle,no,no,no,no,no,False
102329707,METROPOLITAN NASHVILLE POLICE DEPT,20190198019,Davidson,Nashville,3/13/2019 5:54:00 PM,2,0,0,36.089110,-86.702580,I 24,,,,0.00,,,,,,,55.45,N,Not at Intersection,N,Non-Junction,None,,,         ,Devonte,Coleman,Clear,Front to Rear,no,no,no,no,no,False
102329708,METROPOLITAN NASHVILLE POLICE DEPT,20190198357,Davidson,Nashville,3/13/2019 8:30:00 PM,1,1,0,36.161020,-86.777200,BROADWAY,,,,0.00,,,4TH AVS,,,,0.00,Y,Four-Way,N,Intersection,None,,,         ,Alex,Moore,Clear,Not Collision with Motor Vehicle in Transport,yes,no,no,no,no,False
102329718,METROPOLITAN NASHVILLE POLICE DEPT,20190197780,Davidson,Nashville,3/13/2019 4:05:00 PM,1,1,0,36.170760,-86.869220,BRILEY PKWYS,,,,229.00,Feet,South,BRILEY PKWY S ENT RAMP,,,,0.00,N,Not at Intersection,N,Non-Junction,None,,,         ,Torian,Cox,Clear,Not Collision with Motor Vehicle in Transport,no,no,no,no,no,False
102329725,METROPOLITAN NASHVILLE POLICE DEPT,20190198451,Davidson,Nashville,3/13/2019 9:30:00 PM,2,0,0,36.139140,-86.800550,21ST AVS,,,,172.00,Feet,South,PIERCE AV,,,,0.00,N,Not at Intersection, ,,None,,,         ,Akira,McSwain,,,no,no,no,no,no,Campus
102329772,METROPOLITAN NASHVILLE POLICE DEPT,20190198766,Davidson,Nashville,3/13/2019 11:20:00 PM,2,0,0,36.005990,-86.655690,OLD HICKORY BLVD,,,,0.00,,,LEGACY DR,,,,0.00,Y,T-Intersection,N,Intersection,None,,,         ,Leonard,Cato,Clear,"Sideswipe, Same Direction",no,no,no,no,yes,False
102329777,METROPOLITAN NASHVILLE POLICE DEPT,20190198715,Davidson,Nashville,3/13/2019 12:00:00 AM,2,0,0,36.043360,-86.618240,SUMMERCREST TRL,,,,138.00,Feet,South,SUMMERCREST BLVD,,,,0.00,N,Not at Intersection,N,Non-Junction,None,,,         ,David,Moser,Clear,Front to Rear,no,no,no,no,yes,False
102329780,METROPOLITAN NASHVILLE POLICE DEPT,20190198913,Davidson,Nashville,3/14/2019 12:00:00 AM,1,0,0,36.138670,-86.889350,I 40,,,,0.00,,,,,,,201.90,N,Not at Intersection,N,Non-Junction,None,,,         ,Laura,Mullin,Clear,Not Collision with Motor Vehicle in Transport,no,no,no,no,no,False
102329781,METROPOLITAN NASHVILLE POLICE DEPT,20190198891,Davidson,Nashville,3/14/2019 12:30:00 AM,1,0,0,36.138320,-86.889830,I 40,,,,0.00,,,,,,,201.85,N,Not at Intersection, ,,None,,,         ,Sekou,Samassi,,,no,no,no,no,no,False
102329792,METROPOLITAN NASHVILLE POLICE DEPT,20190199005,Davidson,Nashville,3/14/2019 12:00:00 AM,1,0,0,36.139960,-86.887590,I 40,,,,0.00,,,,,,,202.00,N,Not at Intersection,N,Non-Junction,None,,,         ,Laura,Mullin,Clear,Not Collision with Motor Vehicle in Transport,no,no,no,no,no,False
102329809,METROPOLITAN NASHVILLE POLICE DEPT,20190198870,Davidson,Nashville,3/13/2019 10:55:00 PM,2,0,0,36.085140,-86.647800,MURFREESBORO PKE,,,,568.00,Feet,North,BROOKSBORO PL,,,,0.00,N,Not at Intersection, ,OtherLocation,None,,,         ,Bridget,Griepentrog,Clear,Front to Rear,no,no,no,no,no,False
102329810,METROPOLITAN NASHVILLE POLICE DEPT,20190199042,Davidson,Nashville,3/14/2019 2:05:00 AM,1,0,0,36.120840,-86.764590,I 440,,,,0.00,,,,,,,5.50,N,Not at Intersection, ,Non-Junction,None,,,         ,Randall,Atkinson,Clear,Not Collision with Motor Vehicle in Transport,no,no,no,no,no,False
102329811,METROPOLITAN NASHVILLE POLICE DEPT,20190198849,Davidson,Nashville,3/14/2019 12:37:00 AM,1,2,0,36.140610,-86.886440,I 40,,,,0.00,,,,,,,202.10,N,Not at Intersection,Y,Non-Junction,None,,,         ,Jonathan,Watch,Clear,Not Collision with Motor Vehicle in Transport,no,no,no,no,no,False
102329822,METROPOLITAN NASHVILLE POLICE DEPT,20190198917,Davidson,Nashville,3/13/2019 9:30:00 PM,1,0,0,36.186970,-86.766430,CLEVELAND ST,,,,55.00,Feet,West,N 3RD ST,,,,0.00,N,Not at Intersection,N,Non-Junction,None,,,         ,Edward,Holden,Clear,Not Collision with Motor Vehicle in Transport,no,no,no,no,yes,False
102329840,METROPOLITAN NASHVILLE POLICE DEPT,20190199298,Davidson,Nashville,3/14/2019 4:28:00 AM,1,0,0,36.161610,-86.780780,6TH AVN,,,,115.00,Feet,North,COMMERCE ST,,,,0.00,N,Not at Intersection,N,Non-Junction,Construction Zone,Laneclosure,Activity Area,         ,Austin,Childress,Clear,Not Collision with Motor Vehicle in Transport,no,no,no,no,no,False
102329849,METROPOLITAN NASHVILLE POLICE DEPT,20190199322,Davidson,Nashville,3/14/2019 4:57:00 AM,1,0,0,36.249160,-86.750070,OLD DUE WEST AV,,,,478.00,Feet,West,SKYLINE MEMORIAL CT,,,,0.00,N,Not at Intersection, ,Non-Junction,None,,,         ,Jeremy,Spoonemore,Cloudy,Not Collision with Motor Vehicle in Transport,no,no,no,no,no,False
102329885,METROPOLITAN NASHVILLE POLICE DEPT,20190199245,Davidson,Nashville,3/14/2019 3:55:00 AM,2,1,0,36.164780,-86.784390,CHARLOTTE AV,,,,6.00,Feet,West,7TH AVN,,,,0.00,N,Not at Intersection,N,Entrance/Exit Ramp Related,None,,,         ,Austin,Childress,Clear,Angle,no,no,no,no,no,False
102329903,METROPOLITAN NASHVILLE POLICE DEPT,20190199462,Davidson,Nashville,3/14/2019 6:51:00 AM,2,0,0,36.133880,-86.774730,I65 N EXT RAMP,,,,150.00,Feet,South,I65 N ENT RAMP,,,,0.00,N,Not at Intersection, ,Entrance/Exit Ramp Related,None,,,         ,Nathan,Kemp,Clear,Front to Rear,no,no,no,no,no,False
102329918,METROPOLITAN NASHVILLE POLICE DEPT,20190199461,Davidson,Nashville,3/14/2019 6:52:00 AM,1,1,0,36.151050,-86.769040,I40 E EXT RAMP,,,,0.00,,,I 40,,,,0.00,Y,Four-Way,N,Intersection-Related,None,,,         ,Tien,Nguyen,Cloudy,Not Collision with Motor Vehicle in Transport,yes,no,no,no,no,False
102329921,METROPOLITAN NASHVILLE POLICE DEPT,20190199451,Davidson,Nashville,3/14/2019 6:30:00 AM,2,0,0,36.121930,-86.760140,I 440,,,,0.00,,,,,,,5.80,N,Not at Intersection,N,Non-Junction,Construction Zone,Other,Transition Area,         ,Jon,Mcvey,Cloudy,Front to Rear,no,no,no,no,no,False
102329923,METROPOLITAN NASHVILLE POLICE DEPT,20190199518,Davidson,Nashville,3/14/2019 7:26:00 AM,2,1,0,36.128680,-86.906680,CHARLOTTE PKE PVTDR,,,,0.00,,,RIVER RD,,,,0.00,Y,OTHER,N,Non-Junction,None,,,         ,Benjamin,Cantrell,Clear,Angle,no,no,no,no,no,False
102329925,METROPOLITAN NASHVILLE POLICE DEPT,20190199477,Davidson,Nashville,3/14/2019 7:10:00 AM,2,0,0,36.080030,-86.724720,HARDING PL,,,,41.00,Feet,East,SEVEN MILE CREEK HARDING MALL,,,,0.00,N,Not at Intersection,N,Non-Junction,None,,,         ,Jessie,Meadows,Clear,"Sideswipe, Same Direction",no,no,no,no,yes,False
102329928,METROPOLITAN NASHVILLE POLICE DEPT,20190199509,Davidson,Nashville,3/14/2019 7:26:00 AM,2,0,0,36.192320,-86.616300,OLD HICKORY BLVD,,,,0.00,,,JUAREZ DR,,,,0.00,Y,Four-Way,N,Intersection-Related,None,,,         ,Michael,Brooks,Cloudy,Angle,no,no,no,no,no,False
102329939,METROPOLITAN NASHVILLE POLICE DEPT,20190199542,Davidson,Not in City Limit,3/14/2019 7:48:00 AM,2,0,0,36.266530,-86.690110,N DUPONT AV,,,,0.00,,,MYATT DR,,,,0.00,Y,OTHER,N,Non-Junction,None,,,         ,Eric,Richardson,Cloudy,Front to Rear,no,no,no,no,yes,False
102329945,METROPOLITAN NASHVILLE POLICE DEPT,20190199510,Davidson,Nashville,3/14/2019 7:28:00 AM,2,0,0,36.152000,-86.792860,DIVISION ST,,,,0.00,,,MUSIC SQW,,,,0.00,Y,Four-Way, ,Intersection,None,,,         ,William,Caillouette,Cloudy,"Sideswipe, Same Direction",no,no,no,no,no,False
102329960,METROPOLITAN NASHVILLE POLICE DEPT,20190199612,Davidson,Nashville,3/14/2019 8:26:00 AM,2,0,0,36.148160,-86.745060,I 40,,,,0.00,,,,,,,211.95,N,Not at Intersection, ,Non-Junction,None,,,         ,Tien,Nguyen,Cloudy,"Sideswipe, Same Direction",no,no,no,no,no,False
102329962,METROPOLITAN NASHVILLE POLICE DEPT,20190199690,Davidson,Nashville,3/14/2019 9:00:00 AM,2,0,0,36.154490,-86.792390,BROADWAY,,,,169.00,Feet,East,16TH AVS,,,,0.00,N,Not at Intersection, ,Non-Junction,None,,,         ,Jon,Mcvey,Cloudy,"Sideswipe, Same Direction",no,no,no,no,no,False
102329970,METROPOLITAN NASHVILLE POLICE DEPT,20190199458,Davidson,Not in City Limit,3/14/2019 7:00:00 AM,2,2,0,36.027810,-87.008920,HIGHWAY 100,,,,459.00,Feet,East,OLD HARDING PKE,,,,0.00,N,Not at Intersection,N,Non-Junction,None,,,         ,Curtis,Rich,Cloudy,HeadOn,no,no,no,no,no,False
102329976,METROPOLITAN NASHVILLE POLICE DEPT,20190199640,Davidson,Not in City Limit,3/14/2019 6:30:00 AM,1,0,0,36.173900,-86.946570,RIVER ROAD PKE,,,,1.03,Miles,South,RIVER ROAD PKE PVTDR,,,,0.00,N,Not at Intersection, ,Non-Junction,None,,,         ,Jack,Crouch,Clear,Not Collision with Motor Vehicle in Transport,no,no,no,no,no,False
102329996,METROPOLITAN NASHVILLE POLICE DEPT,20190199723,Davidson,Nashville,3/14/2019 9:07:00 AM,2,0,0,36.159260,-86.834820,MICHIGAN AV,,,,21.00,Feet,East,40TH AVN,,,,0.00,N,Not at Intersection,N,Non-Junction,None,,,         ,Terrence,Bradley,Clear,Angle,no,no,no,no,no,False
102330000,METROPOLITAN NASHVILLE POLICE DEPT,20190199761,Davidson,Nashville,3/14/2019 9:20:00 AM,2,0,0,36.039910,-86.742070,OLD HICKORY BLVD,,,,418.00,Feet,East,EDMONDSON PKE,,,,0.00,N,Not at Intersection, ,Non-Junction,None,,,         ,Gary,Sneed,Cloudy,Angle,no,no,no,no,no,False
102330010,METROPOLITAN NASHVILLE POLICE DEPT,20190199444,Davidson,Nashville,3/14/2019 6:25:00 AM,1,1,0,36.239680,-86.744150,BRILEY PKWYE,,,,0.00,,,BRILEY PKWY E EXT RAMP,,,,0.00,Y,Y-Intersection,N,OtherLocation,None,,,         ,Russell,Freeman,Cloudy,Not Collision with Motor Vehicle in Transport,no,no,no,no,no,False
102330040,METROPOLITAN NASHVILLE POLICE DEPT,20190199538,Davidson,Nashville,3/13/2019 12:00:00 AM,2,0,0,36.086800,-86.892300,HARDING PKE,,,,0.00,,,,,,,0.00,,,N,OtherLocation,None,,,         ,Russell,Freeman,Unknown,Unknown,no,no,no,yes,yes,False
102330077,METROPOLITAN NASHVILLE POLICE DEPT,20190200021,Davidson,Nashville,3/14/2019 11:19:00 AM,2,1,0,36.161960,-86.867390,BRILEY PKWYS,,,,739.00,Feet,South,VERNON AV,,,,0.00,N,Not at Intersection,N,Non-Junction,None,,,         ,Curtis,Rich,Cloudy,Angle,no,no,no,no,yes,False
102330101,METROPOLITAN NASHVILLE POLICE DEPT,20190200145,Davidson,Nashville,3/14/2019 12:10:00 PM,2,0,0,36.039040,-86.782500,OLD HICKORY BLVD,,,,29.00,Feet,East,I65 N EXT RAMP,,,,0.00,N,Not at Intersection, ,Non-Junction,None,,,         ,Jon,Mcvey,Cloudy,Front to Rear,no,no,no,no,no,False
102330138,METROPOLITAN NASHVILLE POLICE DEPT,20190200282,Davidson,Nashville,3/14/2019 12:48:00 PM,1,0,0,36.129720,-86.769460,JESSAMIN RD,,,,100.00,Feet,West,VINE HILL RD,,,,0.00,N,Not at Intersection,N,Non-Junction,None,,,         ,Nathan,Kemp,Clear,Not Collision with Motor Vehicle in Transport,no,no,no,yes,yes,False
102330153,METROPOLITAN NASHVILLE POLICE DEPT,20190200309,Davidson,Nashville,3/14/2019 1:09:00 PM,2,0,0,36.153080,-86.625210,STEWARTS FERRY PKE,,,,310.00,Feet,North,BELL RD,,,,0.00,N,Not at Intersection,N,Non-Junction,None,,,         ,Tien,Nguyen,Cloudy,Angle,no,no,no,no,no,False
102330154,METROPOLITAN NASHVILLE POLICE DEPT,20190197870,Davidson,Nashville,3/13/2019 4:49:00 PM,3,0,0,36.158290,-86.771890,1ST AVS,,,,0.00,,,KOREAN VETERANS BLVD,,,,0.00,Y,Four-Way,N,Non-Junction,None,,,         ,Michael,Douglas,Clear,Front to Rear,no,no,no,no,no,False
102330168,METROPOLITAN NASHVILLE POLICE DEPT,20190200053,Davidson,Nashville,3/14/2019 12:00:00 AM,2,0,0,36.206780,-86.781010,W TRINITY LN,,,,0.00,,,SCRUGGS LN,,,,0.00,,Not at Intersection,N,Non-Junction,None,,,         ,Jeanine,Sarno,Cloudy,Angle,no,no,no,no,yes,False
102330188,METROPOLITAN NASHVILLE POLICE DEPT,20190200300,Davidson,Nashville,3/14/2019 1:00:00 PM,2,0,0,36.045340,-86.713540,OLD HICKORY BLVD,,,,84.00,Feet,West,NOLENSVILLE PKE,,,,0.00,N,Not at Intersection, ,Non-Junction,None,,,         ,Jon,Mcvey,Cloudy,Front to Rear,no,no,no,no,no,False
102330191,METROPOLITAN NASHVILLE POLICE DEPT,20190200186,Davidson,Nashville,3/14/2019 12:20:00 PM,6,2,0,36.143830,-86.727550,ELM HILL PKE,,,,0.00,,,POPLAR ST,,,,0.00,Y,T-Intersection,N,Intersection,None,,,         ,Thomas,Odom,Clear,Angle,no,no,no,no,no,False