master_record_number,agency,agency_tracking_number,county,city,collision_date,vehicles_involved,number_injured,number_dead,latitude,longitude,roadway_name,roadway_suffix,roadway_number,roadway_local_id,distance_from_reference,miles-feet_indicator,direction_from_reference,intersection_road_name,intersection_road_name_suffix,intersection_road_number,intersection_local_id,mile_marker,intersection_indicator,intersect_type,interchange_related_indicator,relation_to_junction,work_zone_type,construction_maintenance_zone,construction_maintenance_zone_location,fatal_case_number,officer_first_name,officer_last_name,weather_condition(s),manner_of_crash,pedestrian,bicycle,scooter,parking,hitrun,mou
102331031,METROPOLITAN NASHVILLE POLICE DEPT,20190202822,Davidson,Nashville,3/15/2019 10:10:00 AM,2,0,0,36.113490,-86.772480,I 65,,,,0.00,,,,,,,80.00,N,Not at Intersection, ,Non-Junction,None,,,         ,Jon,Mcvey,Cloudy,Front to Rear,no,no,no,no,no,False
102331054,METROPOLITAN NASHVILLE POLICE DEPT,20190202790,Davidson,Nashville,3/15/2019 12:00:00 AM,2,0,0,36.159480,-86.774830,DEMONBREUN ST,,,,30.00,Feet,West,3RD AVS,,,,0.00,N,Not at Intersection,N,Non-Junction,None,,,         ,Johnathan,Carlisle,Cloudy,"Sideswipe, Same Direction",no,no,no,no,yes,False
102331058,METROPOLITAN NASHVILLE POLICE DEPT,20190202824,Davidson,Nashville,3/15/2019 10:14:00 AM,3,2,0,36.141050,-86.722000,SPENCE LN,,,,0.00,,,I40 W EXT RAMP,,,,0.00,Y,T-Intersection,N,Intersection,None,,,         ,Terry,Denton,Clear,Front to Rear,no,no,no,no,no,False
102331068,METROPOLITAN NASHVILLE POLICE DEPT,20190202892,Davidson,Nashville,3/15/2019 10:23:00 AM,2,0,0,36.170400,-86.768450,INTERSTATE DR,,,,0.00,,,WOODLAND ST,,,,0.00,Y,Four-Way, ,Intersection,None,,,         ,Robert,Schohn,Clear,Angle,no,no,no,no,no,False
102331080,METROPOLITAN NASHVILLE POLICE DEPT,20190202910,Davidson,Nashville,3/15/2019 10:53:00 AM,2,0,0,36.058830,-86.670450,MT VIEW RD,,,,0.00,,,HICKORY HOLLOW PKWY,,,,0.00,Y,T-Intersection,N,Intersection,None,,,         ,Jason,Kedzierski,Clear,Angle,no,no,no,no,no,False
102331082,METROPOLITAN NASHVILLE POLICE DEPT,20190203015,Davidson,Nashville,3/15/2019 11:15:00 AM,2,0,0,36.149270,-86.793350,MUSIC SQW,,,,291.00,Feet,North,CHET ATKINS PL,,,,0.00,N,Not at Intersection, ,Non-Junction,None,,,         ,Jon,Mcvey,Cloudy,Angle,no,no,no,no,no,False
102331098,METROPOLITAN NASHVILLE POLICE DEPT,20190202652,Davidson,Nashville,3/15/2019 8:56:00 AM,2,0,0,36.136640,-86.821840,WEST END AV,,,,0.00,,,I440 E ENT RAMP,,,,0.00,Y,T-Intersection,N,Intersection,None,,,         ,Charles,Boles,Clear,Angle,no,no,no,no,yes,False
102331106,METROPOLITAN NASHVILLE POLICE DEPT,20190202920,Davidson,Nashville,3/15/2019 10:54:00 AM,2,0,0,36.122730,-86.630500,WOODLAND POINTE DR,,,,0.00,,,BELL RD,,,,0.00,Y,T-Intersection, ,Non-Junction,None,,,         ,Michael,Dance,Clear,Front to Rear,no,no,no,no,no,False
102331108,METROPOLITAN NASHVILLE POLICE DEPT,20190202886,Davidson,Nashville,3/15/2019 10:30:00 AM,2,0,0,36.219910,-86.774850,I 65,,,,0.00,,,,,,,88.30,N,Not at Intersection, ,Non-Junction,None,,,         ,Wesley,Young,Clear,Front to Rear,no,no,no,no,no,False
102331123,METROPOLITAN NASHVILLE POLICE DEPT,20190202555,Davidson,Nashville,3/15/2019 8:05:00 AM,1,0,0,36.231560,-86.798000,EWING DR,,,,701.00,Feet,West,VISTA LN,,,,0.00,N,Not at Intersection,N,Non-Junction,None,,,         ,Royce,McLester,Cloudy,Not Collision with Motor Vehicle in Transport,no,no,no,no,yes,False
102331125,METROPOLITAN NASHVILLE POLICE DEPT,20190203045,Davidson,Nashville,3/15/2019 11:24:00 AM,2,1,0,36.135210,-86.886740,CHARLOTTE PKE,,,,432.00,Feet,East,W HILLWOOD DR,,,,0.00,N,Not at Intersection,N,Non-Junction,None,,,         ,Jack,Crouch,Cloudy,Front to Rear,no,no,no,no,no,False
102331140,METROPOLITAN NASHVILLE POLICE DEPT,20190203056,Davidson,Nashville,3/15/2019 11:30:00 AM,2,0,0,36.100450,-86.739870,NOLENSVILLE PKE,,,,40.00,Feet,South,CHILTON ST,,,,0.00,N,Not at Intersection,N,Non-Junction,None,,,         ,Todd,Watson,Clear,Front to Rear,no,no,no,no,no,False
102331141,METROPOLITAN NASHVILLE POLICE DEPT,20190203201,Davidson,Nashville,3/15/2019 12:15:00 PM,2,0,0,36.060450,-86.673380,ANTIOCH PKE,,,,88.00,Feet,East,GOODWIN RD,,,,0.00,N,Not at Intersection, ,,None,,,         ,Jason,Kedzierski,,,no,no,no,no,no,False
102331152,METROPOLITAN NASHVILLE POLICE DEPT,20190202791,Davidson,Nashville,3/15/2019 9:35:00 AM,2,0,0,36.159290,-86.782350,ROSA L PARKS BLVD,,,,161.00,Feet,North,BROADWAY,,,,0.00,N,Not at Intersection, ,Non-Junction,None,,,         ,Tony,Folad,Cloudy,Angle,no,no,no,no,no,False
102331213,METROPOLITAN NASHVILLE POLICE DEPT,20190203228,Davidson,Nashville,3/15/2019 1:01:00 PM,2,0,0,36.186010,-86.634230,STONES RIVER GRNWY,,,,0.00,,,LEBANON PKE,,,,0.00,Y,T-Intersection, ,Non-Junction,None,,,         ,Michael,Dance,Clear,Angle,no,no,no,no,no,False
102331220,METROPOLITAN NASHVILLE POLICE DEPT,20190203190,Davidson,Nashville,3/15/2019 1:22:00 PM,2,0,0,36.190840,-86.615350,OLD HICKORY BLVD,,,,0.00,,,OLD LEBANON DIRT RD,,,,0.00,Y,Four-Way, ,Intersection,None,,,         ,Joshua,Hausman,Clear,Angle,no,no,no,no,no,False
102331250,METROPOLITAN NASHVILLE POLICE DEPT,20190203267,Davidson,Nashville,3/15/2019 1:25:00 PM,1,1,0,36.183390,-86.607950,ANDREW JACKSON WAY,,,,408.00,Feet,North,OLD HICKORY BLVD,,,,0.00,N,Not at Intersection, ,Non-Junction,None,,,         ,Joshua,Hausman,Clear,Not Collision with Motor Vehicle in Transport,yes,no,no,no,no,False
102331252,METROPOLITAN NASHVILLE POLICE DEPT,20190203229,Davidson,Nashville,3/15/2019 1:04:00 PM,1,0,0,36.088860,-86.762890,I 65,,,,0.00,,,,,,,78.30,N,Not at Intersection,N,Non-Junction,None,,,         ,Jon,Mcvey,Cloudy,Not Collision with Motor Vehicle in Transport,no,no,no,no,no,False
102331272,METROPOLITAN NASHVILLE POLICE DEPT,20190203283,Davidson,Nashville,3/15/2019 1:31:00 PM,3,4,0,36.145440,-86.740800,I 40,,,,0.00,,,,,,,212.25,N,Not at Intersection,N,Non-Junction,None,,,         ,Michael,Dance,Clear,Front to Rear,no,no,no,no,no,False
102331281,METROPOLITAN NASHVILLE POLICE DEPT,20190203352,Davidson,Antioch,3/15/2019 2:00:00 PM,2,0,0,36.018270,-86.619590,OLD HICKORY BLVD,,,,0.00,,,OWEN DR,,,,0.00,Y,T-Intersection, ,,None,,,         ,Steven,Williams,,,no,no,no,no,no,False
102331336,METROPOLITAN NASHVILLE POLICE DEPT,20190203382,Davidson,Nashville,3/15/2019 2:18:00 PM,2,0,0,36.155300,-86.775030,5TH AVS,,,,102.00,Feet,South,PEABODY ST,,,,0.00,N,Not at Intersection, ,Non-Junction,None,,,         ,Tony,Folad,Cloudy,Front to Rear,no,no,no,no,no,False
102331344,METROPOLITAN NASHVILLE POLICE DEPT,20190203463,Davidson,Nashville,3/15/2019 2:54:00 PM,2,0,0,36.124200,-86.740750,I 440,,,,0.00,,,,,,,6.80,N,Not at Intersection, ,Non-Junction,None,,,         ,Devonte,Coleman,Clear,Front to Rear,no,no,no,no,no,False
102331350,METROPOLITAN NASHVILLE POLICE DEPT,20190203218,Davidson,Old Hickory,3/15/2019 12:58:00 PM,2,0,0,36.251470,-86.646440,OLD HICKORY BLVD,,,,10.00,Feet,North,,,,,1.00,N,Not at Intersection,N,Non-Junction,None,,,         ,Kelsey,Hemminger,Clear,Front to Rear,no,no,no,no,no,False
102331358,METROPOLITAN NASHVILLE POLICE DEPT,20190203383,Davidson,Nashville,3/15/2019 2:17:00 PM,1,0,0,36.071920,-86.733030,EDMONDSON PKE,,,,86.00,Feet,South,WHISPERING HILLS DR,,,,0.00,N,Not at Intersection, ,Non-Junction,None,,,         ,Jon,Mcvey,Cloudy,Not Collision with Motor Vehicle in Transport,no,no,no,yes,no,False
102331362,METROPOLITAN NASHVILLE POLICE DEPT,20190203492,Davidson,Nashville,3/15/2019 3:05:00 PM,2,0,0,36.229410,-86.758010,BROADMOOR DR,,,,377.00,Feet,East,DICKERSON PKE,,,,0.00,N,Not at Intersection,N,Non-Junction,None,,,         ,Wade,Johnson,Cloudy,Front to Rear,no,no,no,no,yes,False
102331383,METROPOLITAN NASHVILLE POLICE DEPT,20190203442,Davidson,Antioch,3/15/2019 2:44:00 PM,2,1,0,36.029950,-86.592280,MURFREESBORO PKE,,,,0.00,,,HURRICANE CREEK BLVD,,,,0.00,Y,T-Intersection,Y,Intersection,None,,,         ,Laura,Williams,Clear,Angle,no,no,no,no,no,False
102331386,METROPOLITAN NASHVILLE POLICE DEPT,20190203520,Davidson,Nashville,3/15/2019 3:28:00 PM,2,0,0,36.155850,-86.777290,6TH AVS,,,,0.00,,,KOREAN VETERANS BLVD,,,,0.00,Y,Four-Way, ,,None,,,         ,Alex,Moore,,,no,no,no,no,no,False
102331408,METROPOLITAN NASHVILLE POLICE DEPT,20190203497,Davidson,Nashville,3/15/2019 12:00:00 AM,2,0,0,36.154570,-86.762110,I 40,,,,0.00,,,,,,,210.85,N,Not at Intersection,N,Non-Junction,None,,,         ,Trevor,Taylor,Cloudy,Front to Rear,no,no,no,no,no,False
102331416,METROPOLITAN NASHVILLE POLICE DEPT,20190203237,Davidson,Nashville,3/15/2019 1:00:00 PM,2,0,0,36.087630,-86.763080,I 65,,,,0.00,,,,,,,78.20,N,Not at Intersection,N,Non-Junction,None,,,         ,Keith,Covert,Clear,Front to Rear,no,no,no,no,no,False
102331423,METROPOLITAN NASHVILLE POLICE DEPT,20190203502,Davidson,Nashville,3/15/2019 3:18:00 PM,4,2,0,36.045120,-86.658920,I 24,,,,0.00,,,,,,,59.40,N,Not at Intersection,N,Non-Junction,None,,,         ,Nathaniel,Myers,Clear,Angle,no,no,no,no,yes,False
102331455,METROPOLITAN NASHVILLE POLICE DEPT,20190203577,Davidson,Nashville,3/15/2019 3:46:00 PM,2,1,0,36.213990,-86.588780,TULIP GROVE RD,,,,45.00,Feet,North,RALIEGH DR,,,,0.00,N,Not at Intersection,N,Non-Junction,None,,,         ,Tyler,Hall,Clear,Angle,no,no,no,no,no,False
102331457,METROPOLITAN NASHVILLE POLICE DEPT,20190203558,Davidson,Nashville,3/15/2019 3:18:00 PM,2,0,0,36.155600,-86.780010,8TH AVS,,,,85.00,Feet,South,CLARK PL,,,,0.00,N,Not at Intersection,N,Non-Junction,None,,,         ,Jonathan,Nicholson,Clear,"Sideswipe, Same Direction",no,no,no,no,yes,False
102331469,METROPOLITAN NASHVILLE POLICE DEPT,20190203645,Davidson,Nashville,3/15/2019 1:30:00 PM,2,0,0,36.044350,-86.648590,CROSSINGS PL,,,,0.00,,,,,,,0.00,,, ,Non-Junction,None,,,         ,Arend,Groeneweg,Clear,"Sideswipe, Same Direction",no,no,no,no,yes,False
102331483,METROPOLITAN NASHVILLE POLICE DEPT,20190203656,Davidson,Nashville,3/15/2019 2:43:00 PM,2,0,0,36.105640,-86.817960,ABBOTT MARTIN RD,,,,516.00,Feet,East,BANDYWOOD DR,,,,0.00,N,Not at Intersection, ,,None,,,         ,Molly,Page,,,no,no,no,yes,no,False
102331484,METROPOLITAN NASHVILLE POLICE DEPT,20190203611,Davidson,Nashville,3/15/2019 4:00:00 PM,2,0,0,36.162640,-86.778260,4TH AVN,,,,107.00,Feet,North,COMMERCE ST,,,,0.00,N,Not at Intersection, ,"Driveway, Alley Access, etc",None,,,         ,Chase,Burnett,Clear,"Sideswipe, Same Direction",no,no,no,no,no,False
102331491,METROPOLITAN NASHVILLE POLICE DEPT,20190203468,Davidson,Nashville,3/15/2019 2:50:00 PM,2,0,0,36.072940,-86.692130,I 24,,,,0.00,,,,,,,56.70,N,Not at Intersection, ,Non-Junction,None,,,         ,Wesley,Carver,Clear,Angle,no,no,no,no,no,False
102331495,METROPOLITAN NASHVILLE POLICE DEPT,20190203553,Davidson,Nashville,3/15/2019 3:31:00 PM,2,0,0,36.142950,-86.683960,I 40,,,,0.00,,,,,,,215.65,N,Not at Intersection, ,Non-Junction,None,,,         ,Trenton,Searcy,Clear,Front to Rear,no,no,no,no,no,False
102331497,METROPOLITAN NASHVILLE POLICE DEPT,20190203671,Davidson,Nashville,3/15/2019 4:31:00 PM,2,0,0,36.246350,-86.721360,GALLATIN PKES,,,,129.00,Feet,South,BERKLEY DR,,,,0.00,N,Not at Intersection,N,Non-Junction,None,,,         ,Christopher,Littles,Clear,Angle,no,no,no,no,no,False
102331508,METROPOLITAN NASHVILLE POLICE DEPT,20190203565,Davidson,Nashville,3/15/2019 3:48:00 PM,3,1,0,36.086910,-86.648680,MURFREESBORO PKE,,,,0.00,,,NASHBORO BLVD,,,,0.00,Y,Four-Way,Y,Intersection-Related,None,,,         ,Steven,Powers,Clear,"Sideswipe, Opposite Direction",no,no,no,no,no,False
102331509,METROPOLITAN NASHVILLE POLICE DEPT,20190203596,Davidson,Nashville,3/15/2019 3:57:00 PM,2,0,0,36.132680,-86.726750,I 24,,,,0.00,,,,,,,52.00,N,Not at Intersection,N,Non-Junction,None,,,         ,Devonte,Coleman,Clear,Angle,no,no,no,no,yes,False
102331512,METROPOLITAN NASHVILLE POLICE DEPT,20190203642,Davidson,Nashville,3/15/2019 3:48:00 PM,2,1,0,36.059720,-86.774390,NANEARLE PL,,,,0.00,,,FRANKLIN PKE,,,,0.00,Y,T-Intersection,N,Intersection-Related,None,,,         ,Jon,Mcvey,Cloudy,Front to Rear,no,no,no,no,no,False
102331513,METROPOLITAN NASHVILLE POLICE DEPT,20190203075,Davidson,Nashville,3/15/2019 11:57:00 AM,3,0,0,36.133980,-86.889890,CHARLOTTE PKE,,,,100.00,Feet,East,OLD CHARLOTTE PKE,,,,0.00,N,Not at Intersection,N,Non-Junction,None,,,         ,Walter,Gray II,Cloudy,Front to Rear,no,no,no,no,no,False
102331515,METROPOLITAN NASHVILLE POLICE DEPT,20190203679,Davidson,Nashville,3/15/2019 4:33:00 PM,3,0,0,36.187290,-86.794880,I 65,,,,0.00,,,,,,,85.40,N,Not at Intersection, ,Non-Junction,None,,,         ,Andrey,Volfson,Clear,Front to Rear,no,no,no,no,no,False
102331522,METROPOLITAN NASHVILLE POLICE DEPT,20190203668,Davidson,Nashville,3/15/2019 3:54:00 PM,2,0,0,36.070430,-86.598950,FORRESTAL WAY,,,,472.00,Feet,East,ANDERSON RD,,,,0.00,N,Not at Intersection,N,Non-Junction,None,,,         ,Seth,Vaughn,Clear,Front to Rear,no,no,no,no,yes,False
102331524,VANDERBILT UNIVERSITY POLICE,19-0203701,Davidson,Nashville,3/15/2019 4:20:00 PM,2,0,0,36.139520,-86.806390,CHILDRENS WAY,,,,0.00,,,,,,,0.00,,, ,Non-Junction,None,,,         ,Joseph,Musick,Clear,Other,no,no,no,yes,no,Campus
102331533,METROPOLITAN NASHVILLE POLICE DEPT,20190203417,Davidson,Nashville,3/15/2019 2:44:00 PM,3,0,0,36.164100,-86.615530,I 40,,,,0.00,,,,,,,220.00,N,Not at Intersection,N,Non-Junction,None,,,         ,David,Stanley,Cloudy,Not Collision with Motor Vehicle in Transport,no,no,no,no,no,False
102331554,METROPOLITAN NASHVILLE POLICE DEPT,20190203602,Davidson,Nashville,3/15/2019 3:59:00 PM,2,0,0,36.084070,-86.763890,I65 S EXT RAMP,,,,0.00,Feet,East,I 65,,,,0.00,N,Not at Intersection,N,Non-Junction,None,,,         ,Brandon,Harbaugh,Clear,Front to Rear,no,no,no,no,no,False
102331556,METROPOLITAN NASHVILLE POLICE DEPT,20190203641,Davidson,Nashville,3/15/2019 12:00:00 AM,3,2,0,36.157750,-86.760420,I 24,,,,0.00,,,,,,,49.60,N,Not at Intersection,N,Non-Junction,None,,,         ,Trevor,Taylor,Clear,Front to Rear,no,no,no,no,no,False
102331558,METROPOLITAN NASHVILLE POLICE DEPT,20190203493,Davidson,Nashville,3/15/2019 2:53:00 PM,2,0,0,36.110610,-86.741260,THOMPSON LN,,,,157.00,Feet,West,SIMMONS AV,,,,0.00,N,Not at Intersection, ,Non-Junction,None,,,         ,Jesse,Cox,Clear,Front to Rear,no,no,no,no,no,False
102331569,METROPOLITAN NASHVILLE POLICE DEPT,20190203622,Davidson,Nashville,3/15/2019 4:11:00 PM,2,1,0,36.077060,-86.736640,HARDING PL,,,,0.00,Feet,,SHADESCREST DR,,,,0.00,Y,T-Intersection,Y,Intersection,None,,,         ,Citlaly,Juarez,Clear,HeadOn,no,no,no,no,no,False
102331570,METROPOLITAN NASHVILLE POLICE DEPT,20190203768,Davidson,Nashville,3/15/2019 5:12:00 PM,2,1,0,36.081100,-86.758360,HARDING PL,,,,0.00,,,TROUSDALE DR,,,,0.00,Y,Four-Way, ,Intersection,None,,,         ,FELIKS,ABRAHAMYAN,Clear,Angle,no,no,no,no,no,False
102331577,METROPOLITAN NASHVILLE POLICE DEPT,20190203134,Davidson,Nashville,3/15/2019 11:58:00 AM,2,1,0,36.133980,-86.889890,CHARLOTTE PKE,,,,100.00,Feet,East,OLD CHARLOTTE PKE,,,,0.00,N,Not at Intersection,N,Non-Junction,None,,,         ,Walter,Gray II,Cloudy,Front to Rear,no,no,no,no,no,False
102331582,METROPOLITAN NASHVILLE POLICE DEPT,20190203693,Davidson,Nashville,3/15/2019 4:00:00 PM,2,0,0,36.159850,-86.821720,I 40,,,,0.00,,,,,,,206.10,N,Not at Intersection,Y,Entrance/Exit Ramp Related,None,,,         ,Jonathan,Sharp,Clear,"Sideswipe, Same Direction",no,no,no,no,no,False
102331585,METROPOLITAN NASHVILLE POLICE DEPT,20190203826,Davidson,Nashville,3/15/2019 5:04:00 PM,2,0,0,36.082100,-86.761700,HARDING PL,,,,0.00,,,SIDCO DR,,,,0.00,Y,Four-Way,N,Intersection-Related,None,,,         ,FELIKS,ABRAHAMYAN,Clear,Front to Rear,no,no,no,no,yes,False
102331599,METROPOLITAN NASHVILLE POLICE DEPT,20190203394,Davidson,Nashville,3/15/2019 2:25:00 PM,2,0,0,36.152780,-86.825800,CHARLOTTE AV,,,,50.00,Feet,East,35TH AVN,,,,0.00,N,Not at Intersection,N,Non-Junction,None,,,         ,Walter,Gray II,Clear,Front to Rear,no,no,no,no,no,False
102331600,METROPOLITAN NASHVILLE POLICE DEPT,20190203840,Davidson,Nashville,3/15/2019 5:49:00 PM,2,1,0,36.253880,-86.744070,DUE WEST AVN,,,,0.00,,,PORT DR,,,,0.00,Y,T-Intersection,N,Intersection,None,,,         ,Christopher,Littles,Clear,Front to Rear,no,no,no,no,no,False
102331601,METROPOLITAN NASHVILLE POLICE DEPT,20190203909,Davidson,Nashville,3/15/2019 6:14:00 PM,2,0,0,36.182710,-86.797750,ROSA L PARKS BLVD,,,,72.00,Feet,North,I65 N EXT RAMP,,,,0.00,N,Not at Intersection, ,Non-Junction,None,,,         ,Melvin,Taylor,Clear,Front to Rear,no,no,no,no,no,False
102331602,METROPOLITAN NASHVILLE POLICE DEPT,20190203761,Davidson,Nashville,3/15/2019 4:55:00 PM,2,0,0,36.103070,-86.666210,MURFREESBORO PKE,,,,0.00,,,TOWN PARK DR,,,,0.00,Y,T-Intersection, ,Intersection,None,,,         ,Marcus,Darden,Clear,Angle,no,no,no,no,no,False
102331616,METROPOLITAN NASHVILLE POLICE DEPT,20190203912,Davidson,Nashville,3/15/2019 6:15:00 PM,2,0,0,36.120430,-86.802580,I 440,,,,0.00,,,,,,,3.00,N,Not at Intersection, ,,None,,,         ,Heather,Fox,,,no,no,no,no,no,False
102331620,METROPOLITAN NASHVILLE POLICE DEPT,20190203771,Davidson,Nashville,3/15/2019 5:14:00 PM,2,0,0,36.153990,-86.840340,I 40,,,,0.00,,,,,,,204.90,N,Not at Intersection, ,Non-Junction,None,,,         ,Shaun,Heath,Clear,Angle,no,no,no,no,no,False
102331626,METROPOLITAN NASHVILLE POLICE DEPT,20190204028,Davidson,Goodlettsville,3/15/2019 6:59:00 PM,2,0,0,36.303420,-86.693380,RIVERGATE MALL PVTDR,,,,278.00,Feet,West,CONFERENCE DR,,,,0.00,N,Not at Intersection,N,Non-Junction,None,,,         ,Christopher,Littles,Clear,"Sideswipe, Same Direction",no,no,no,yes,yes,False
102331627,METROPOLITAN NASHVILLE POLICE DEPT,20190203525,Davidson,Nashville,3/15/2019 2:51:00 PM,3,0,0,36.069310,-86.689510,I 24,,,,0.00,,,,,,,57.00,N,Not at Intersection, ,Non-Junction,None,,,         ,Andrew,Brazee,Clear,Front to Rear,no,no,no,no,no,False
102331646,METROPOLITAN NASHVILLE POLICE DEPT,20190203966,Davidson,Nashville,3/15/2019 6:15:00 PM,2,0,0,36.240070,-86.746750,BRILEY PKWYE,,,,208.00,Feet,East,BRILEY PKWYW,,,,0.00,N,Not at Intersection,N,Non-Junction,None,,,         ,Wade,Johnson,Clear,"Sideswipe, Same Direction",no,no,no,no,yes,False
102331655,METROPOLITAN NASHVILLE POLICE DEPT,20190203778,Davidson,Nashville,3/15/2019 5:16:00 PM,2,1,0,36.084520,-86.761770,SIDCO DR,,,,139.00,Feet,South,ELYSIAN FIELDS RD,,,,0.00,N,Not at Intersection,N,Non-Junction,None,,,         ,Darryl,Williams,Clear,Angle,no,no,no,no,no,False
102331657,METROPOLITAN NASHVILLE POLICE DEPT,20190203643,Davidson,Nashville,3/15/2019 4:10:00 PM,2,0,0,36.102140,-86.870100,HARDING PL,,,,25.00,Feet,East,HARDING PKE,,,,0.00,N,Not at Intersection, ,Non-Junction,None,,,         ,Justin,Coyle,Clear,"Sideswipe, Same Direction",no,no,no,no,no,False
102331658,METROPOLITAN NASHVILLE POLICE DEPT,20190203845,Davidson,Nashville,3/15/2019 5:34:00 PM,2,0,0,36.154470,-86.823020,I40 E EXT RAMP,,,,0.00,,,I 440,,,,0.00,Y,Y-Intersection,N,Non-Junction,None,,,         ,Justin,Coyle,Clear,"Sideswipe, Same Direction",no,no,no,no,no,False
102331659,METROPOLITAN NASHVILLE POLICE DEPT,20190204062,Davidson,Nashville,3/15/2019 7:25:00 PM,2,0,0,36.144930,-86.766660,4TH AVS,,,,0.00,,,CHESTNUT ST,,,,0.00,Y,Four-Way,N,Intersection-Related,None,,,         ,FELIKS,ABRAHAMYAN,Clear,Front to Rear,no,no,no,no,yes,False
102331664,METROPOLITAN NASHVILLE POLICE DEPT,20190203993,Davidson,Nashville,3/15/2019 5:56:00 PM,2,0,0,36.187990,-86.821560,CLARKSVILLE PKE,,,,0.00,,,ROSA L PARKS BLVD,,,,0.00,Y,Four-Way, ,Intersection-Related,None,,,         ,Andrey,Volfson,Clear,Front to Rear,no,no,no,no,no,False
102331696,METROPOLITAN NASHVILLE POLICE DEPT,20190203929,Davidson,Nashville,3/15/2019 5:58:00 PM,2,0,0,36.057360,-86.668230,MT VIEW RD,,,,789.00,Feet,South,HICKORY HOLLOW PKWY,,,,0.00,N,Not at Intersection, ,"Driveway, Alley Access, etc",None,,,         ,Andrew,Brazee,Clear,Front to Rear,no,no,no,no,no,False
102331697,METROPOLITAN NASHVILLE POLICE DEPT,20190203797,Davidson,Nashville,3/15/2019 4:44:00 PM,2,0,0,36.150580,-86.694500,ELM HILL PKE,,,,567.00,Feet,West,SANBORN DR,,,,0.00,N,Not at Intersection,N,Non-Junction,None,,,         ,Trenton,Searcy,Clear,Angle,no,no,no,no,no,False
102331701,METROPOLITAN NASHVILLE POLICE DEPT,20190203773,Davidson,Nashville,3/15/2019 5:11:00 PM,3,1,0,36.169710,-86.588730,I 40,,,,0.00,,,,,,,221.50,N,Not at Intersection,N,Non-Junction,None,,,         ,Allyson,Reis,Clear,"Sideswipe, Same Direction",no,no,no,no,no,False
102331702,METROPOLITAN NASHVILLE POLICE DEPT,20190204045,Davidson,Nashville,3/15/2019 7:24:00 PM,1,1,0,36.126870,-86.710270,THOMPSON PL,,,,249.00,Feet,East,MURFREESBORO PKE,,,,0.00,N,Not at Intersection,N,Non-Junction,None,,,         ,Deandera,Payne,Clear,Unknown,yes,no,no,no,yes,False
102331703,METROPOLITAN NASHVILLE POLICE DEPT,20190204069,Davidson,Nashville,3/15/2019 5:50:00 PM,2,0,0,36.144360,-86.656850,ELM HILL PKE,,,,607.00,Feet,West,MCCRORY CREEK RD,,,,0.00,N,Not at Intersection, ,Non-Junction,None,,,         ,Allyson,Reis,Clear,Front to Rear,no,no,no,no,no,False
102331712,METROPOLITAN NASHVILLE POLICE DEPT,20190204015,Davidson,Nashville,3/15/2019 5:56:00 PM,2,0,0,36.177140,-86.774560,N 1ST ST,,,,83.00,Feet,North,SPRING ST,,,,0.00,N,Not at Intersection,N,Non-Junction,None,,,         ,Justin,Vaughn,Clear,Front to Rear,no,no,no,no,yes,False
102331713,VANDERBILT UNIVERSITY POLICE,20190203739,Davidson,Nashville,3/8/2019 12:00:00 AM,2,0,0,36.144750,-86.799180,21ST AVS,,,,0.00,,,,,,,0.00,,, ,,None,,,         ,Patrick,Conwell,,,no,no,no,yes,no,Campus
102331715,METROPOLITAN NASHVILLE POLICE DEPT,20190203721,Davidson,Nashville,3/15/2019 4:57:00 PM,3,0,0,36.065160,-86.684960,I 24,,,,0.00,,,,,,,57.40,N,Not at Intersection,N,Non-Junction,None,,,         ,Taylor,Hurley,Clear,Angle,no,no,no,no,no,False
102331723,METROPOLITAN NASHVILLE POLICE DEPT,20190204067,Davidson,Nashville,3/15/2019 7:32:00 PM,2,0,0,36.117010,-86.922770,CHARLOTTE PKE,,,,179.00,Feet,East,OLD HICKORY BLVD,,,,0.00,N,Not at Intersection, ,Non-Junction,None,,,         ,Walter,Gray II,Clear,Front to Rear,no,no,no,no,no,False
102331775,METROPOLITAN NASHVILLE POLICE DEPT,20190204107,Davidson,Nashville,3/15/2019 8:02:00 PM,1,0,0,36.168550,-86.785330,JAMES ROBERTSON PKWY,,,,29.00,Feet,West,6TH AVN,,,,0.00,N,Not at Intersection,N,Non-Junction,None,,,         ,Jordan,Vrbas,Clear,Not Collision with Motor Vehicle in Transport,no,no,no,no,no,False
102331780,METROPOLITAN NASHVILLE POLICE DEPT,20190204122,Davidson,Nashville,3/15/2019 8:06:00 PM,2,1,0,36.211000,-86.838930,NORTHSIDE STATION PVTDR,,,,0.00,Feet,East,CLARKSVILLE PKE,,,,0.00,N,Not at Intersection,N,Non-Junction,None,,,         ,Justin,Vaughn,Clear,Front to Rear,no,no,no,no,no,False
102331782,METROPOLITAN NASHVILLE POLICE DEPT,20190204189,Davidson,Nashville,3/15/2019 8:25:00 PM,2,0,0,36.221870,-86.761610,DICKERSON PKE,,,,69.00,Feet,North,HART LN,,,,0.00,N,Not at Intersection, ,Non-Junction,None,,,         ,Gregory,Cenicola,Clear,Front to Rear,no,no,no,no,no,False
102331783,METROPOLITAN NASHVILLE POLICE DEPT,20190204016,Davidson,Nashville,3/15/2019 7:00:00 PM,2,0,0,36.192790,-86.745320,DOUGLAS AV,,,,280.00,Feet,West,GALLATIN AV,,,,0.00,N,Not at Intersection, ,,None,,,         ,Christopher,Butner,,,no,no,no,no,no,False