master_record_number,agency,agency_tracking_number,county,city,collision_date,vehicles_involved,number_injured,number_dead,latitude,longitude,roadway_name,roadway_suffix,roadway_number,roadway_local_id,distance_from_reference,miles-feet_indicator,direction_from_reference,intersection_road_name,intersection_road_name_suffix,intersection_road_number,intersection_local_id,mile_marker,intersection_indicator,intersect_type,interchange_related_indicator,relation_to_junction,work_zone_type,construction_maintenance_zone,construction_maintenance_zone_location,fatal_case_number,officer_first_name,officer_last_name,weather_condition(s),manner_of_crash,pedestrian,bicycle,scooter,parking,hitrun,mou
102332529,METROPOLITAN NASHVILLE POLICE DEPT,20190206079,Davidson,Nashville,3/16/2019 4:57:00 PM,2,2,0,36.130990,-86.755930,NOLENSVILLE PKE,,,,30.00,Feet,North,WOODYCREST AV,,,,0.00,N,Not at Intersection,N,Non-Junction,None,,,         ,Jesse,Cox,Clear,Angle,no,no,no,no,no,False
102332548,METROPOLITAN NASHVILLE POLICE DEPT,20190205999,Davidson,Nashville,3/16/2019 4:05:00 PM,3,1,0,36.067690,-86.737410,BRIARWOOD DR,,,,20.00,Feet,West,EDMONDSON PKE,,,,0.00,N,Not at Intersection,N,Non-Junction,None,,,         ,Heather,Fox,Clear,Other,no,no,no,no,yes,False
102332549,METROPOLITAN NASHVILLE POLICE DEPT,20190206084,Davidson,Nashville,3/16/2019 2:31:00 PM,2,0,0,36.166800,-86.599070,OLD HICKORY BLVD,,,,0.00,,,CROSSHILL WAY,,,,0.00,Y,Four-Way,Y,Intersection,None,,,         ,Tony,Mingsing,Clear,Front to Rear,no,no,no,no,no,False
102332553,METROPOLITAN NASHVILLE POLICE DEPT,201901205858,Davidson,Nashville,3/16/2019 2:30:00 PM,2,1,0,36.174670,-86.786080,JEFFERSON ST,,,,0.00,,,4TH AVN,,,,0.00,Y,Four-Way, ,Intersection,None,,,         ,Jessie,Loy,Clear,Front to Rear,no,no,no,no,no,False
102332554,METROPOLITAN NASHVILLE POLICE DEPT,20190206098,Davidson,Nashville,3/16/2019 4:27:00 PM,2,0,0,36.205400,-86.870350,BRILEY PKWYN,,,,218.00,Feet,South,BRILEY PKWY N EXT RAMP,,,,0.00,N,Not at Intersection, ,Non-Junction,None,,,         ,Janelle,Keslar,Clear,Not Collision with Motor Vehicle in Transport,no,no,no,no,no,False
102332558,METROPOLITAN NASHVILLE POLICE DEPT,20190206052,Davidson,Nashville,3/16/2019 3:53:00 PM,2,0,0,36.045960,-86.658010,BELL RD,,,,31.00,Feet,West,COLLINS PARK DR,,,,0.00,N,Not at Intersection, ,,None,,,         ,Nathaniel,Myers,,,no,no,no,no,no,False
102332567,METROPOLITAN NASHVILLE POLICE DEPT,20190206179,Davidson,Nashville,3/16/2019 3:55:00 PM,2,0,0,36.174540,-86.771080,I 24,,,,0.00,,,,,,,48.10,N,Not at Intersection, ,Non-Junction,None,,,         ,Steven,Fisher,Clear,Front to Rear,no,no,no,no,no,False
102332574,METROPOLITAN NASHVILLE POLICE DEPT,20190206301,Davidson,Nashville,3/16/2019 7:00:00 PM,2,0,0,36.159540,-86.776250,4TH AVS,,,,161.00,Feet,South,SYMPHONY PL,,,,0.00,N,Not at Intersection,N,"Driveway, Alley Access, etc",None,,,         ,Douglas,Sykes,Clear,Front to Rear,no,no,no,no,yes,False
102332591,METROPOLITAN NASHVILLE POLICE DEPT,20190206263,Davidson,Nashville,3/16/2019 6:19:00 PM,2,0,0,36.169680,-86.821300,W HEIMAN ST,,,,0.00,,,ED TEMPLE BLVD,,,,0.00,Y,Four-Way,Y,Intersection-Related,None,,,         ,Jonathan,Sharp,Clear,Angle,no,no,no,no,no,False
102332592,METROPOLITAN NASHVILLE POLICE DEPT,20190206075,Davidson,Nashville,3/16/2019 4:58:00 PM,2,1,0,36.248050,-86.720330,DUE WEST AVE,,,,0.00,,,GALLATIN PKES,,,,0.00,Y,Four-Way,N,Intersection-Related,None,,,         ,Kevin,Crawford,Clear,Other,no,no,no,no,no,False
102332593,METROPOLITAN NASHVILLE POLICE DEPT,20190205907,Davidson,Nashville,3/16/2019 12:00:00 AM,2,1,0,36.182930,-86.741010,N 16TH ST,,,,53.00,Feet,South,EASTLAND AV,,,,0.00,N,Not at Intersection,N,Non-Junction,None,,,         ,Gordon,Stovall,Clear,Front to Rear,no,no,no,no,yes,False
102332600,METROPOLITAN NASHVILLE POLICE DEPT,20190206115,Davidson,Nashville,3/16/2019 5:28:00 PM,2,0,0,36.184620,-86.764810,LISCHEY AV,,,,0.00,,,ARRINGTON ST,,,,0.00,Y,T-Intersection, ,Intersection,None,,,         ,Brynn,Cellan,Clear,Angle,no,no,no,no,no,False
102332601,METROPOLITAN NASHVILLE POLICE DEPT,2019-0205874,Davidson,Not in City Limit,3/16/2019 12:00:00 AM,2,1,0,36.322820,-86.860160,I 24,,,,0.00,,,,,,,35.40,N,Not at Intersection,N,Non-Junction,None,,,         ,John,Petriello,Clear,"Sideswipe, Same Direction",no,no,no,no,no,False
102332602,METROPOLITAN NASHVILLE POLICE DEPT,20190206385,Davidson,Nashville,3/16/2019 7:52:00 PM,2,1,0,36.086580,-86.771970,FRANKLIN PKE,,,,1.00,Feet,North,HARDING PL,,,,0.00,N,Not at Intersection,N,Non-Junction,None,,,         ,Brandon,Harbaugh,Clear,Front to Rear,no,no,no,no,yes,False
102332609,METROPOLITAN NASHVILLE POLICE DEPT,20190206408,Davidson,Nashville,3/16/2019 8:02:00 PM,2,0,0,36.206620,-86.777900,W TRINITY LN,,,,0.00,Feet,,BRICK CHURCH PKE,,,,0.00,Y,Four-Way, ,Intersection,None,,,         ,Eric,McCoy,Clear,Angle,no,no,no,no,no,False
102332610,METROPOLITAN NASHVILLE POLICE DEPT,20190205995,Davidson,Nashville,3/16/2019 3:14:00 PM,2,0,0,36.196810,-86.690870,GAYLORD DR,,,,54.00,Feet,South,OPRY MILLS DR,,,,0.00,N,Not at Intersection, ,,None,,,         ,Terence,Mitchell,,,no,no,no,no,no,False
102332612,METROPOLITAN NASHVILLE POLICE DEPT,20190206178,Davidson,Not in City Limit,3/16/2019 3:38:00 PM,2,0,0,36.260580,-86.712780,GALLATIN PKES,,,,83.00,Feet,North,HICKORY ST,,,,0.00,N,Not at Intersection,N,Non-Junction,None,,,         ,Kevin,Crawford,Clear,Front to Rear,no,no,no,no,yes,False
102332614,METROPOLITAN NASHVILLE POLICE DEPT,2019-0206175,Davidson,Not in City Limit,3/16/2019 12:00:00 AM,2,0,0,36.322310,-86.859480,I 24,,,,0.00,,,,,,,35.45,N,Not at Intersection,N,Non-Junction,None,,,         ,John,Petriello,Clear,Front to Rear,no,no,no,no,no,False
102332625,METROPOLITAN NASHVILLE POLICE DEPT,20190206358,Davidson,Nashville,3/16/2019 5:50:00 PM,2,0,0,36.037470,-86.790980,OLD HICKORY BLVD,,,,0.00,,,S HILLVIEW DR,,,,0.00,Y,Four-Way,N,Intersection,None,,,         ,Heather,Fox,Clear,Angle,no,no,no,no,no,False
102332670,METROPOLITAN NASHVILLE POLICE DEPT,20190206221,Davidson,Nashville,3/16/2019 6:31:00 PM,2,0,0,36.169060,-86.682400,LEBANON PKE,,,,0.00,,,FAIRWAY DR,,,,0.00,Y,Four-Way,N,Intersection,None,,,         ,Cheri,Cox,Clear,Angle,no,no,no,no,no,False
102332672,METROPOLITAN NASHVILLE POLICE DEPT,20190206499,Davidson,Nashville,3/16/2019 8:35:00 PM,2,0,0,36.064810,-86.622110,HAMILTON CHURCH RD,,,,0.00,,,OWENDALE DR,,,,0.00,Y,T-Intersection,N,Intersection,None,,,         ,Nathaniel,Myers,Clear,Angle,no,no,no,no,no,False
102332673,METROPOLITAN NASHVILLE POLICE DEPT,20190206503,Davidson,Nashville,3/16/2019 8:23:00 PM,2,0,0,36.067250,-86.631440,MORRIS GENTRY BLVD,,,,80.00,Feet,West,MURFREESBORO PKE,,,,0.00,N,Not at Intersection, ,Non-Junction,None,,,         ,Wesley,Carver,Cloudy,Angle,no,no,no,no,no,False
102332693,METROPOLITAN NASHVILLE POLICE DEPT,2019-0205112,Davidson,Nashville,3/16/2019 12:00:00 AM,1,0,0,36.037220,-86.649360,I24 E EXT RAMP,,,,0.00,,,I 24,,,,0.00,Y,OTHER,N,Non-Junction,None,,,         ,Alex,DiBernardo,Clear,Not Collision with Motor Vehicle in Transport,no,no,no,no,yes,False
102332694,METROPOLITAN NASHVILLE POLICE DEPT,20190206382,Davidson,Nashville,3/16/2019 7:42:00 PM,2,0,0,36.168040,-86.765650,I 24,,,,0.00,,,,,,,48.85,N,Not at Intersection, ,Non-Junction,None,,,         ,Trevor,Jones,Clear,"Sideswipe, Same Direction",no,no,no,no,no,False
102332732,METROPOLITAN NASHVILLE POLICE DEPT,20190206490,Davidson,Not in City Limit,3/16/2019 8:10:00 PM,2,1,0,36.264450,-86.732280,OLD HICKORY BLVDW,,,,0.00,,,N GRAYCROFT AV,,,,0.00,Y,Four-Way,Y,Intersection,None,,,         ,Derek,Sibley,Clear,Angle,no,no,no,no,no,False
102332758,METROPOLITAN NASHVILLE POLICE DEPT,2019-0204583,Davidson,Nashville,3/15/2019 12:00:00 AM,2,0,0,36.071050,-86.648520,PEBBLE CREEK DR,,,,148.00,Feet,West,SPRINGMORE CT,,,,0.00,N,Not at Intersection,N,Non-Junction,None,,,         ,Alex,DiBernardo,Clear,"Sideswipe, Same Direction",no,no,no,no,yes,False
102332759,METROPOLITAN NASHVILLE POLICE DEPT,20190206564,Davidson,Nashville,3/16/2019 9:37:00 PM,2,0,0,36.162230,-86.774360,1ST AVS,,,,0.00,,,1ST AVN,,,,0.00,Y,T-Intersection, ,Intersection-Related,None,,,         ,Joseph,Bingham,Clear,Angle,no,no,no,no,no,False
102332840,METROPOLITAN NASHVILLE POLICE DEPT,20190206653,Davidson,Nashville,3/16/2019 10:30:00 PM,2,1,0,36.159840,-86.773830,2ND AVS,,,,0.00,,,DEMONBREUN ST,,,,0.00,Y,Four-Way,Y,Intersection,None,,,         ,William,Gibbs,Clear,Angle,no,no,no,no,no,False
102332859,METROPOLITAN NASHVILLE POLICE DEPT,20190206681,Davidson,Nashville,3/16/2019 10:55:00 PM,2,2,0,36.080400,-86.717930,RECOVERY RD,,,,0.00,Feet,,HARDING PL,,,,0.00,Y,Four-Way,N,Intersection,None,,,         ,Thomas,Broatch,Clear,HeadOn,no,no,no,no,no,False
102332865,METROPOLITAN NASHVILLE POLICE DEPT,20190206818,Davidson,Nashville,3/17/2019 12:10:00 AM,2,1,0,36.166340,-86.779070,3RD AVN,,,,0.00,,,DEADERICK ST,,,,0.00,Y,T-Intersection,N,Intersection,None,,,         ,Stephen,Waterman,Clear,Front to Rear,no,no,no,no,yes,False
102332866,METROPOLITAN NASHVILLE POLICE DEPT,20190206553,Davidson,Nashville,3/16/2019 7:43:00 PM,2,0,0,36.089380,-86.702520,I 24,,,,0.00,,,,,,,55.45,N,Not at Intersection,N,Non-Junction,None,,,         ,Ralph,Smith IV,Clear,Front to Rear,no,no,no,no,yes,False
102332867,METROPOLITAN NASHVILLE POLICE DEPT,20190206803,Davidson,Nashville,3/16/2019 11:24:00 PM,4,0,0,36.152610,-86.797690,19TH AVN,,,,134.00,Feet,North,WEST END AV,,,,0.00,N,Not at Intersection, ,Non-Junction,None,,,         ,Christian,Martin,Clear,Unknown,no,no,no,no,yes,False
102332876,METROPOLITAN NASHVILLE POLICE DEPT,20190206677,Davidson,Not in City Limit,3/17/2019 12:00:00 AM,2,1,0,36.264530,-86.737060,OLD HICKORY BLVDW,,,,0.00,,,I65 N ENT RAMP,,,,0.00,Y,OTHER,N,Intersection,None,,,         ,David,Williford,Clear,HeadOn,no,no,no,no,no,False
102332877,METROPOLITAN NASHVILLE POLICE DEPT,20190206901,Davidson,Nashville,3/17/2019 1:05:00 AM,2,0,0,36.248050,-86.720330,DUE WEST AVE,,,,0.00,,,GALLATIN PKES,,,,0.00,Y,Four-Way,Y,Intersection,None,,,         ,Bryant,Presley,Clear,Angle,no,no,no,no,yes,False
102332879,METROPOLITAN NASHVILLE POLICE DEPT,20190206914,Davidson,Nashville,3/17/2019 12:50:00 AM,2,2,0,36.106990,-86.728300,NEESE DR,,,,122.00,Feet,East,SOUTHLAKE DR,,,,0.00,N,Not at Intersection,Y,Non-Junction,None,,,         ,Kaleb,Stella,Clear,Angle,no,no,no,no,no,False
102332881,METROPOLITAN NASHVILLE POLICE DEPT,20190206727,Davidson,Nashville,3/16/2019 10:50:00 PM,2,0,0,36.150940,-86.804550,ELLISTON PL,,,,0.00,,,LOUISE AV,,,,0.00,Y,Four-Way, ,Intersection,None,,,         ,John,Roberson,Clear,Angle,no,no,no,no,no,Campus
102332882,METROPOLITAN NASHVILLE POLICE DEPT,20190206816,Davidson,Nashville,3/17/2019 12:12:00 AM,2,1,0,36.154270,-86.792890,BROADWAY,,,,0.00,,,16TH AVS,,,,0.00,Y,Five Point Or More,N,Intersection-Related,None,,,         ,John,Roberson,Clear,Front to Rear,no,no,no,no,yes,False
102332894,METROPOLITAN NASHVILLE POLICE DEPT,20190206808,Davidson,Nashville,3/16/2019 10:58:00 PM,4,0,0,36.060530,-86.695470,KEELEY DR,,,,0.00,Feet,North,COLEMONT DR,,,,0.00,N,Not at Intersection,N,Non-Junction,None,,,         ,Daryn,Yentes,Clear,Front to Rear,no,no,no,no,yes,False
102332896,METROPOLITAN NASHVILLE POLICE DEPT,20190206872,Davidson,Nashville,3/16/2019 10:38:00 PM,1,1,0,36.086510,-86.698550,HARDING PL,,,,0.00,,,I24 W EXT RAMP,,,,0.00,Y,Five Point Or More,N,Non-Junction,None,,,         ,Teresah,Pinho,Clear,Not Collision with Motor Vehicle in Transport,no,no,no,no,no,False
102332897,METROPOLITAN NASHVILLE POLICE DEPT,20190206977,Davidson,Nashville,3/16/2019 10:41:00 PM,2,0,0,36.149090,-86.687430,ERMAC DR,,,,1404.00,Feet,South,MARRIOTT DR,,,,0.00,N,Not at Intersection,N,Non-Junction,None,,,         ,Tyler,Manivong,Clear,"Sideswipe, Opposite Direction",no,no,no,no,yes,False
102332899,METROPOLITAN NASHVILLE POLICE DEPT,20190206975,Davidson,Nashville,3/16/2019 10:08:00 PM,2,0,0,36.045430,-86.647040,MT VIEW RD,,,,88.00,Feet,East,CROSSINGS BLVD,,,,0.00,N,Not at Intersection, ,Non-Junction,None,,,         ,David,Moser,Clear,"Sideswipe, Same Direction",no,no,no,no,no,False
102332900,METROPOLITAN NASHVILLE POLICE DEPT,20190207049,Davidson,Nashville,3/17/2019 2:45:00 AM,1,0,0,36.150880,-86.801540,21ST AVN,,,,169.00,Feet,North,WEST END AV,,,,0.00,N,Not at Intersection,N,Non-Junction,None,,,         ,Garrett,Reingardt,Clear,Not Collision with Motor Vehicle in Transport,no,no,no,no,no,Campus
102332913,METROPOLITAN NASHVILLE POLICE DEPT,20190207094,Davidson,Nashville,3/17/2019 3:00:00 AM,2,0,0,36.163710,-86.776360,2ND AVN,,,,191.00,Feet,North,COMMERCE ST,,,,0.00,N,Not at Intersection,N,Non-Junction,None,,,         ,Damon,Hutcheson,Cloudy,Rear to Side,no,no,no,no,yes,False
102332922,METROPOLITAN NASHVILLE POLICE DEPT,20190207099,Davidson,Nashville,3/16/2019 11:00:00 PM,2,0,0,36.098370,-86.736510,HARRISON ST,,,,251.00,Feet,West,SANFORD AV,,,,0.00,N,Not at Intersection,N,Non-Junction,None,,,         ,Dalton,Crum,Clear,Angle,no,no,no,no,yes,False
102332934,METROPOLITAN NASHVILLE POLICE DEPT,20190207133,Davidson,Nashville,3/17/2019 2:40:00 AM,1,0,0,36.065230,-86.626150,HAMILTON CHURCH RD,,,,693.00,Feet,East,MURFREESBORO PKE,,,,0.00,N,Not at Intersection,N,Non-Junction,None,,,         ,David,Moser,Clear,Not Collision with Motor Vehicle in Transport,no,no,no,no,no,False
102332937,METROPOLITAN NASHVILLE POLICE DEPT,20190207091,Davidson,Nashville,3/17/2019 3:16:00 AM,1,0,0,36.154180,-86.778020,LAFAYETTE ST,,,,50.00,Feet,West,7TH AVS,,,,0.00,N,Not at Intersection,N,Non-Junction,None,,,         ,Blake,Lutz,Clear,Not Collision with Motor Vehicle in Transport,no,no,no,no,no,False
102332944,METROPOLITAN NASHVILLE POLICE DEPT,20190207242,Davidson,Nashville,3/17/2019 3:40:00 AM,2,0,0,36.069590,-86.693910,HAYWOOD LN,,,,0.00,,,EZELL RD,,,,0.00,Y,Four-Way,Y,Non-Junction,None,,,         ,Alex,DiBernardo,Clear,Angle,no,no,no,no,yes,False
102332955,METROPOLITAN NASHVILLE POLICE DEPT,20190207281,Davidson,Nashville,3/17/2019 12:00:00 AM,1,0,0,36.065070,-86.685810,APACHE TRL,,,,0.00,,,PACKARD DR,,,,0.00,Y,T-Intersection,N,Non-Junction,None,,,         ,Alex,DiBernardo,Clear,Not Collision with Motor Vehicle in Transport,no,no,no,no,no,False
102333022,METROPOLITAN NASHVILLE POLICE DEPT,20190207401,Davidson,Nashville,3/17/2019 7:20:00 AM,1,1,0,36.137570,-86.800760,WEDGEWOOD AV,,,,0.00,Feet,,21ST AVS,,,,0.00,Y,Four-Way,Y,Intersection,None,,,         ,Justan,Vance,Clear,Not Collision with Motor Vehicle in Transport,yes,no,no,no,no,Campus
102333023,METROPOLITAN NASHVILLE POLICE DEPT,20190207440,Davidson,Nashville,3/17/2019 7:50:00 AM,1,1,0,36.133770,-86.895880,I 40,,,,0.00,,,,,,,201.35,N,Not at Intersection,N,Non-Junction,None,,,         ,Benjamin,Cantrell,Clear,Not Collision with Motor Vehicle in Transport,no,no,no,no,no,False
102333035,METROPOLITAN NASHVILLE POLICE DEPT,20190207436,Davidson,Nashville,3/17/2019 7:52:00 AM,1,0,0,36.139480,-86.776160,I 65,,,,0.00,,,,,,,81.75,N,Not at Intersection,N,Non-Junction,None,,,         ,John,Chambers,Clear,Not Collision with Motor Vehicle in Transport,no,no,no,no,yes,False
102333054,METROPOLITAN NASHVILLE POLICE DEPT,20190207504,Davidson,Nashville,3/17/2019 8:45:00 AM,2,0,0,36.165730,-86.607610,BELL RD,,,,0.00,,,LAKESIDE APT PVTDR,,,,0.00,Y,T-Intersection, ,Intersection,None,,,         ,Kelsey,Hemminger,Clear,Angle,no,no,no,no,no,False
102333057,METROPOLITAN NASHVILLE POLICE DEPT,20190207550,Davidson,Antioch,3/17/2019 9:15:00 AM,1,1,0,36.073640,-86.597780,COUNTRY WAY RD,,,,183.00,Feet,West,SEBETHA CT,,,,0.00,N,Not at Intersection,N,Non-Junction,None,,,         ,Brandon,Evans,Clear,Not Collision with Motor Vehicle in Transport,no,no,no,no,no,False
102333060,METROPOLITAN NASHVILLE POLICE DEPT,2019-0207603,Davidson,Nashville,3/17/2019 9:47:00 AM,1,1,0,36.115740,-86.781010,I 440,,,,0.00,,,,,,,4.50,N,Not at Intersection,N,Non-Junction,Work Zone,Other,Advanced Warning Area,         ,Timothy,Edwards,Clear,Not Collision with Motor Vehicle in Transport,no,no,no,no,no,False
102333067,TENNESSEE STATE UNIVERSITY ,19-TSU-12342,Davidson,Nashville,3/17/2019 9:09:00 AM,1,0,0,36.169840,-86.819220,W HEIMAN ST,,,,529.00,Feet,West,W H DAVIS DR,,,,0.00,N,Not at Intersection, ,Non-Junction,None,,,         ,Lionel,Butler,Clear,Not Collision with Motor Vehicle in Transport,no,no,no,yes,no,False
102333070,METROPOLITAN NASHVILLE POLICE DEPT,20190207483,Davidson,Nashville,3/17/2019 8:00:00 AM,2,1,0,36.078530,-86.660100,PICCADILLY ROW,,,,343.00,Feet,West,BISHOPSGATE RD,,,,0.00,N,Not at Intersection,N,Non-Junction,None,,,         ,Jason,Kedzierski,Clear,Angle,no,no,no,no,no,False
102333081,METROPOLITAN NASHVILLE POLICE DEPT,20190207634,Davidson,Nashville,3/17/2019 12:00:00 AM,2,0,0,36.238140,-86.655770,COMANCHE RUN,,,,272.00,Feet,South,NAWAKWA TRL,,,,0.00,N,Not at Intersection,N,Non-Junction,None,,,         ,Nathaniel,Carroll,Clear,"Sideswipe, Same Direction",no,no,no,no,yes,False
102333091,METROPOLITAN NASHVILLE POLICE DEPT,20190207650,Davidson,Nashville,3/17/2019 9:15:00 AM,1,0,0,36.152450,-86.584920,S NEW HOPE RD,,,,109.00,Feet,South,MARA VISTA,,,,0.00,N,Not at Intersection,N,Non-Junction,None,,,         ,Michael,Brooks,Clear,Not Collision with Motor Vehicle in Transport,no,no,no,no,no,False
102333126,METROPOLITAN NASHVILLE POLICE DEPT,20190207615,Davidson,Nashville,3/17/2019 10:02:00 AM,2,0,0,36.135900,-86.726730,I 24,,,,0.00,,,,,,,52.20,N,Not at Intersection,N,Non-Junction,None,,,         ,Charles,Wakefield,Clear,Front to Rear,no,no,no,no,no,False
102333133,METROPOLITAN NASHVILLE POLICE DEPT,20190207752,Davidson,Nashville,3/17/2019 11:38:00 AM,1,0,0,36.180730,-86.760080,MARINA ST,,,,0.00,,,NEILL AV,,,,0.00,Y,T-Intersection, ,Intersection,None,,,         ,Doyle,Price,Clear,Not Collision with Motor Vehicle in Transport,no,no,no,no,no,False
102333166,METROPOLITAN NASHVILLE POLICE DEPT,20190207835,Davidson,Nashville,3/17/2019 12:49:00 PM,2,0,0,36.112130,-86.764980,THOMPSON LN,,,,330.00,Feet,South,BRANSFORD AV,,,,0.00,N,Not at Intersection, ,"Driveway, Alley Access, etc",None,,,         ,Nathan,Kemp,Clear,"Sideswipe, Same Direction",no,no,no,no,no,False
102333175,METROPOLITAN NASHVILLE POLICE DEPT,20190207854,Davidson,Nashville,3/17/2019 12:55:00 PM,2,0,0,36.152460,-86.834540,CHARLOTTE AV,,,,95.00,Feet,East,40TH AVN,,,,0.00,N,Not at Intersection, ,Non-Junction,None,,,         ,Brian,Myatt,Clear,"Sideswipe, Same Direction",no,no,no,no,yes,False
102333222,METROPOLITAN NASHVILLE POLICE DEPT,20190207594,Davidson,Nashville,3/17/2019 9:38:00 AM,2,0,0,36.160840,-86.793510,CHARLOTTE AV,,,,61.00,Feet,East,14TH AVN,,,,0.00,N,Not at Intersection,N,Non-Junction,None,,,         ,Alberta,Auguste,Clear,Front to Rear,no,no,no,no,no,False
102333223,METROPOLITAN NASHVILLE POLICE DEPT,20190207844,Davidson,Nashville,3/17/2019 12:52:00 PM,2,0,0,36.139160,-86.819300,WEST END AV,,,,89.00,Feet,South,ORLEANS DR,,,,0.00,N,Not at Intersection, ,Non-Junction,None,,,         ,Alberta,Auguste,Clear,Angle,no,no,no,no,no,False
102333234,METROPOLITAN NASHVILLE POLICE DEPT,20190196541,Davidson,Nashville,3/13/2019 7:30:00 AM,2,0,0,36.165440,-86.764510,I24 E EXT RAMP,,,,0.00,Feet,East,I 24,,,,0.00,N,Not at Intersection,N,Non-Junction,None,,,         ,Gregory,Julia,Clear,Front to Rear,no,no,no,no,no,False
102333235,METROPOLITAN NASHVILLE POLICE DEPT,20190207879,Davidson,Nashville,3/17/2019 1:10:00 PM,2,0,0,36.109700,-86.671380,STATE HWY 255,,,,5.00,Feet,North,COUCHVILLE PIKE,,,,0.00,N,Not at Intersection, ,,None,,,         ,Samuel,Fredericks,,,no,no,no,no,no,False
102333241,METROPOLITAN NASHVILLE POLICE DEPT,20190207917,Davidson,Nashville,3/17/2019 1:37:00 PM,1,0,0,36.098590,-86.706500,SPACE PARK SOUTH DR,,,,533.00,Feet,North,ANTIOCH PKE,,,,0.00,N,Not at Intersection,N,Non-Junction,None,,,         ,Tyler,Geiger,Clear,Not Collision with Motor Vehicle in Transport,no,no,no,no,no,False
102333246,METROPOLITAN NASHVILLE POLICE DEPT,20190207900,Davidson,Nashville,3/17/2019 1:28:00 PM,2,1,0,36.150850,-86.769990,I 40,,,,0.00,,,,,,,210.40,N,Not at Intersection,N,Non-Junction,None,,,         ,Zachary,Plese,Clear,Front to Rear,no,no,no,no,no,False
102333301,TENNESSEE STATE UNIVERSITY ,19-TSU-12362,Davidson,Nashville,3/17/2019 1:00:00 PM,2,0,0,36.167540,-86.824470,31ST AVN,,,,0.00,,,JOHN A MERRITT BLVD,,,,0.00,Y,OTHER, ,Non-Junction,None,,,         ,Harold,Taylor,Clear,Rear to Rear,no,no,no,yes,no,False
102333325,METROPOLITAN NASHVILLE POLICE DEPT,2019-0207907,Davidson,Nashville,3/17/2019 1:30:00 PM,2,0,0,36.202410,-86.765050,EDITH AV,,,,350.00,Feet,East,MERIDIAN ST,,,,0.00,N,Not at Intersection, ,Non-Junction,None,,,         ,Joseph,Progar,Clear,Rear to Side,no,no,no,no,no,False
102333365,METROPOLITAN NASHVILLE POLICE DEPT,20190207801,Davidson,Nashville,3/17/2019 12:19:00 PM,3,1,0,36.191830,-86.781710,I 65,,,,0.00,,,,,,,86.20,N,Not at Intersection,N,Non-Junction,None,,,         ,Royce,McLester,Clear,"Sideswipe, Same Direction",no,no,no,no,no,False
102333376,METROPOLITAN NASHVILLE POLICE DEPT,20190208028,Davidson,Nashville,3/17/2019 2:45:00 PM,2,0,0,36.149200,-86.783240,I 40,,,,0.00,,,,,,,209.65,N,Not at Intersection,Y,Non-Junction,None,,,         ,Heather,Fox,Clear,Front to Rear,no,no,no,no,yes,False
102333377,METROPOLITAN NASHVILLE POLICE DEPT,20190208026,Davidson,Nashville,3/17/2019 2:00:00 PM,2,0,0,36.250020,-86.718980,GALLATIN PKES,,,,318.00,Feet,South,MOVING CENTER CT,,,,0.00,N,Not at Intersection, ,Non-Junction,None,,,         ,Derek,Sibley,Clear,Front to Rear,no,no,no,no,no,False
102333385,METROPOLITAN NASHVILLE POLICE DEPT,20190208012,Davidson,Nashville,3/17/2019 2:02:00 PM,2,0,0,36.119450,-86.766460,I 440,,,,0.00,,,,,,,5.35,N,Not at Intersection, ,Non-Junction,None,,,         ,Jarrett,Ipox,Clear,Front to Rear,no,no,no,no,no,False
102333389,METROPOLITAN NASHVILLE POLICE DEPT,20190207930,Davidson,Nashville,3/17/2019 1:43:00 PM,4,1,0,36.200730,-86.776750,I 65,,,,0.00,,,,,,,86.90,N,Not at Intersection,N,Non-Junction,None,,,         ,Jamel,Griffin,Clear,Front to Rear,no,no,no,no,no,False
102333429,Nashville Airport Police,2019-01061,Davidson,Nashville,3/14/2019 6:36:00 PM,2,0,0,36.133410,-86.665080,BNA DR,,,,0.00,,,TERMINAL DR,,,,0.00,Y,Four-Way, ,Intersection-Related,None,,,         ,Christopher,Swisher,Clear,Front to Rear,no,no,no,no,no,False
102333430,METROPOLITAN NASHVILLE POLICE DEPT,20190208004,Davidson,Nashville,3/17/2019 2:58:00 PM,2,1,0,36.233140,-86.758660,MAPLEWOOD TRC,,,,0.00,,,W MAPLEWOOD LN,,,,0.00,Y,Four-Way,N,Intersection,None,,,         ,Christopher,Valdez,Clear,HeadOn,no,no,no,no,yes,False
102333448,METROPOLITAN NASHVILLE POLICE DEPT,20190208185,Davidson,Nashville,3/16/2019 11:17:00 PM,2,0,0,36.186940,-86.750090,PETWAY AV,,,,1184.00,Feet,East,MCFERRIN AV,,,,0.00,N,Not at Intersection,N,Non-Junction,None,,,         ,Cooper,HIll,Clear,"Sideswipe, Same Direction",no,no,no,no,yes,False
102333452,METROPOLITAN NASHVILLE POLICE DEPT,20190208058,Davidson,Nashville,3/17/2019 2:00:00 PM,2,0,0,36.166740,-86.819150,MEHARRY BLVD,,,,206.00,Feet,West,27TH AVN,,,,0.00,N,Not at Intersection,N,Non-Junction,None,,,         ,Jonathan,Sharp,Clear,"Sideswipe, Same Direction",no,no,no,no,yes,False