master_record_number,agency,agency_tracking_number,county,city,collision_date,vehicles_involved,number_injured,number_dead,latitude,longitude,roadway_name,roadway_suffix,roadway_number,roadway_local_id,distance_from_reference,miles-feet_indicator,direction_from_reference,intersection_road_name,intersection_road_name_suffix,intersection_road_number,intersection_local_id,mile_marker,intersection_indicator,intersect_type,interchange_related_indicator,relation_to_junction,work_zone_type,construction_maintenance_zone,construction_maintenance_zone_location,fatal_case_number,officer_first_name,officer_last_name,weather_condition(s),manner_of_crash,pedestrian,bicycle,scooter,parking,hitrun,mou
102333462,METROPOLITAN NASHVILLE POLICE DEPT,20190208165,Davidson,Nashville,3/17/2019 3:39:00 PM,2,0,0,36.045960,-86.660610,I24 E EXT RAMP,,,,0.00,Feet,East,I 24,,,,0.00,N,Not at Intersection,Y,Non-Junction,None,,,         ,Nathaniel,Myers,Clear,Angle,no,no,no,no,no,False
102333463,METROPOLITAN NASHVILLE POLICE DEPT,20190208245,Davidson,Nashville,3/17/2019 5:43:00 PM,2,0,0,36.142900,-86.650030,ELM HILL PKE,,,,0.00,,,MCCRORY CREEK RD,,,,0.00,Y,T-Intersection, ,Entrance/Exit Ramp Related,None,,,         ,Steven,Powers,Clear,Front to Rear,no,no,no,no,yes,False
102333465,METROPOLITAN NASHVILLE POLICE DEPT,20190208115,Davidson,Nashville,3/17/2019 4:08:00 PM,2,0,0,36.117010,-86.668050,DONELSON PKE,,,,119.00,Feet,North,HANGAR LN,,,,0.00,N,Not at Intersection,N,Non-Junction,None,,,         ,Ricki,Armstrong,Clear,"Sideswipe, Same Direction",no,no,no,no,no,False
102333473,METROPOLITAN NASHVILLE POLICE DEPT,20190208272,Davidson,Nashville,3/17/2019 5:40:00 PM,2,0,0,36.172660,-86.601910,PRINCETON PL,,,,0.00,Feet,East,OLD HICKORY BLVD,,,,0.00,N,Not at Intersection, ,Non-Junction,None,,,         ,Tyler,Hall,Clear,Angle,no,no,no,no,no,False
102333475,METROPOLITAN NASHVILLE POLICE DEPT,20190208160,Davidson,Nashville,3/17/2019 4:40:00 PM,3,0,0,36.153430,-86.791780,MCGAVOCK ST,,,,134.00,Feet,East,16TH AVS,,,,0.00,N,Not at Intersection,N,Non-Junction,None,,,         ,Heather,Fox,Clear,Angle,no,no,no,yes,no,False
102333477,METROPOLITAN NASHVILLE POLICE DEPT,20190208271,Davidson,Nashville,3/17/2019 5:48:00 PM,2,0,0,36.042720,-86.828880,OLD HICKORY BLVD,,,,0.00,,,YOUNG BROADCASTING PVTDR,,,,0.00,Y,T-Intersection,N,"Driveway, Alley Access, etc",None,,,         ,Brandon,Hughes,Clear,Angle,no,no,no,no,no,False
102333500,METROPOLITAN NASHVILLE POLICE DEPT,20190208173,Davidson,Nashville,3/17/2019 4:45:00 PM,2,0,0,36.207010,-86.777860,BRICK CHURCH PKE,,,,140.00,Feet,North,W TRINITY LN,,,,0.00,N,Not at Intersection,N,Non-Junction,None,,,         ,Chase,Harriman,Clear,Angle,no,no,no,no,no,False
102333502,METROPOLITAN NASHVILLE POLICE DEPT,20190208361,Davidson,Nashville,3/17/2019 7:05:00 PM,1,0,0,36.203570,-86.820960,BUENA VISTA PKE,,,,0.00,Feet,East,YOUNGS LN,,,,0.00,N,Not at Intersection,N,Non-Junction,None,,,         ,Bryan,Musgrave,Clear,Not Collision with Motor Vehicle in Transport,no,no,no,no,no,False
102333503,Nashville Airport Police,19-01111,Davidson,Nashville,3/17/2019 12:00:00 AM,2,1,0,36.137170,-86.664870,SATELLITE WAY,,,,0.00,,,SATELLITE WAY ENT RAMP,,,,0.00,Y,OTHER,N,Intersection-Related,None,,,         ,Ian,Sturgis,Clear,Angle,no,no,no,no,no,False
102333516,METROPOLITAN NASHVILLE POLICE DEPT,20190208290,Davidson,Nashville,3/17/2019 5:11:00 PM,2,0,0,36.040440,-86.706380,ILAWOOD DR,,,,0.00,,,ILAWOOD CT,,,,0.00,Y,T-Intersection, ,Intersection-Related,None,,,         ,Laura,Williams,Clear,Front to Rear,no,no,no,no,no,False
102333520,METROPOLITAN NASHVILLE POLICE DEPT,20190208161,Davidson,Nashville,3/17/2019 4:33:00 PM,2,0,0,36.074080,-86.922240,OLD HARDING PKE,,,,83.00,Feet,West,HIGHWAY 70S,,,,0.00,N,Not at Intersection, ,Non-Junction,None,,,         ,Alexander,Donald,Clear,"Sideswipe, Same Direction",no,no,no,no,no,False
102333533,METROPOLITAN NASHVILLE POLICE DEPT,20190208298,Davidson,Not in City Limit,3/17/2019 6:19:00 PM,2,2,0,36.120290,-86.938080,OLD CHARLOTTE PKE,,,,1613.00,Feet,West,GOWER RD,,,,0.00,N,Not at Intersection,N,Non-Junction,None,,,         ,Jeremy,Huffine,Clear,Angle,no,no,no,no,no,False
102333556,METROPOLITAN NASHVILLE POLICE DEPT,20190208465,Davidson,Not in City Limit,3/17/2019 8:22:00 PM,1,0,0,36.279550,-86.783570,BRICK CHURCH PKE,,,,0.00,Feet,East,OLD HICKORY BLVD,,,,0.00,N,Not at Intersection, ,Non-Junction,None,,,         ,Peter,Vaught,Clear,Not Collision with Motor Vehicle in Transport,no,no,no,no,no,False
102333576,METROPOLITAN NASHVILLE POLICE DEPT,20190208390,Davidson,Not in City Limit,3/17/2019 5:30:00 PM,1,0,0,35.998230,-86.672500,PETTUS RD,,,,0.76,Miles,South,OLD HICKORY BLVD,,,,0.00,N,Not at Intersection,N,Non-Junction,None,,,         ,Matthew,Turppa,Clear,Not Collision with Motor Vehicle in Transport,no,no,no,no,no,False
102333600,METROPOLITAN NASHVILLE POLICE DEPT,20190208353,Davidson,Nashville,3/17/2019 7:03:00 PM,2,1,0,36.215160,-86.794880,OLD MATTHEWS RD,,,,612.00,Feet,North,E NOCTURNE DR,,,,0.00,N,Not at Intersection,N,Non-Junction,None,,,         ,Sara,Lober,Clear,HeadOn,no,no,no,no,no,False
102333606,METROPOLITAN NASHVILLE POLICE DEPT,20190208296,Davidson,Nashville,3/17/2019 6:10:00 PM,2,1,0,36.134380,-86.781310,WEDGEWOOD AV,,,,96.00,Feet,West,ACKLEN AV,,,,0.00,N,Not at Intersection,N,Non-Junction,None,,,         ,Jarrett,Ipox,Clear,Front to Rear,no,no,no,no,no,False
102333612,METROPOLITAN NASHVILLE POLICE DEPT,20190208446,Davidson,Nashville,3/17/2019 7:41:00 PM,2,0,0,36.073910,-86.926530,HIGHWAY 70S,,,,74.00,Feet,West,HICKS RD,,,,0.00,N,Not at Intersection,N,Non-Junction,None,,,         ,Ty,Cummings,Clear,Front to Rear,no,no,no,no,yes,False
102333634,METROPOLITAN NASHVILLE POLICE DEPT,20190208204,Davidson,Nashville,3/17/2019 5:04:00 PM,2,3,0,36.124440,-86.739600,I 440,,,,0.00,,,,,,,6.85,N,Not at Intersection,N,Non-Junction,None,,,         ,Je-Marc,Sears,Clear,Other,no,no,no,no,no,False
102333635,METROPOLITAN NASHVILLE POLICE DEPT,20190208490,Davidson,Nashville,3/17/2019 8:32:00 PM,2,0,0,36.150490,-86.801230,WEST END AV,,,,0.00,,,21ST AVN,,,,0.00,Y,Four-Way, ,Intersection,None,,,         ,Randall,Ward,Clear,Front to Rear,no,no,no,no,no,Campus
102333684,METROPOLITAN NASHVILLE POLICE DEPT,20190208471,Davidson,Nashville,3/17/2019 8:10:00 PM,2,0,0,36.118420,-86.700470,MURFREESBORO PKE,,,,61.00,Feet,North,BRILEY PKWYS,,,,0.00,N,Not at Intersection,N,Non-Junction,None,,,         ,Dontaveous,Eubanks,Clear,HeadOn,no,no,no,no,no,False
102333685,METROPOLITAN NASHVILLE POLICE DEPT,20190208551,Davidson,Nashville,3/17/2019 8:17:00 PM,2,0,0,36.203450,-86.776630,I65 N EXT RAMP,,,,0.00,Feet,East,I 65,,,,0.00,N,Not at Intersection,N,Non-Junction,None,,,         ,Marc,Kozen,Clear,Front to Rear,no,no,no,no,yes,False
102333717,METROPOLITAN NASHVILLE POLICE DEPT,20190208620,Davidson,Not in City Limit,3/17/2019 10:10:00 PM,1,0,0,35.999370,-86.693340,NOLENSVILLE PKE,,,,39.00,Feet,South,CONCORD HILLS DR,,,,0.00,N,Not at Intersection,N,Non-Junction,None,,,         ,Brandon,Hughes,Clear,Not Collision with Motor Vehicle in Transport,no,no,no,no,yes,False
102333721,METROPOLITAN NASHVILLE POLICE DEPT,20190208461,Davidson,Nashville,3/17/2019 8:19:00 PM,2,2,0,36.114860,-86.719590,GLENROSE AV,,,,11.00,Feet,South,EAST THOMPSON LN,,,,0.00,N,Not at Intersection,N,Non-Junction,None,,,         ,Ryan,Sherry,Clear,Angle,no,no,no,no,no,False
102333760,METROPOLITAN NASHVILLE POLICE DEPT,20190208627,Davidson,Nashville,3/17/2019 10:15:00 PM,1,2,0,36.169460,-86.605630,I 40,,,,0.00,,,,,,,220.60,N,Not at Intersection,N,Non-Junction,None,,,         ,Abbey,Sawl,Clear,Not Collision with Motor Vehicle in Transport,no,no,no,no,no,False
102333784,METROPOLITAN NASHVILLE POLICE DEPT,20190208675,Davidson,Nashville,3/17/2019 11:03:00 PM,2,0,0,36.056360,-86.675820,I 24,,,,0.00,,,,,,,58.20,N,Not at Intersection, ,Non-Junction,None,,,         ,William,Williams,Clear,"Sideswipe, Same Direction",no,no,no,no,no,False
102333787,METROPOLITAN NASHVILLE POLICE DEPT,20190208837,Davidson,Nashville,3/17/2019 10:33:00 PM,2,1,0,36.164190,-86.763080,I 24,,,,0.00,,,,,,,49.15,N,Not at Intersection,N,Non-Junction,None,,,         ,Joseph,Zambardi,Clear,Front to Rear,no,no,no,no,yes,False
102333815,METROPOLITAN NASHVILLE POLICE DEPT,20190208887,Davidson,Nashville,3/17/2019 8:30:00 PM,2,0,0,36.046020,-86.657930,COLLINS PARK DR,,,,0.00,,,BELL RD,,,,0.00,Y,Four-Way,Y,Intersection,None,,,         ,Daryn,Yentes,Clear,Front to Rear,no,no,no,no,yes,False
102333833,METROPOLITAN NASHVILLE POLICE DEPT,20190209202,Davidson,Nashville,3/18/2019 2:38:00 AM,1,0,0,36.205710,-86.622390,HILLS LN,,,,4.00,Feet,East,OLD HICKORY BLVD,,,,0.00,N,Not at Intersection,N,Non-Junction,None,,,         ,Meghan,Pope,Clear,Not Collision with Motor Vehicle in Transport,no,no,no,no,no,False
102333851,METROPOLITAN NASHVILLE POLICE DEPT,20190209116,Davidson,Nashville,3/18/2019 2:24:00 AM,2,0,0,36.020780,-86.627420,I 24,,,,0.00,,,,,,,62.00,N,Not at Intersection,N,Non-Junction,None,,,         ,Daryn,Yentes,Clear,Front to Rear,no,no,no,no,no,False
102333907,METROPOLITAN NASHVILLE POLICE DEPT,20190209530,Davidson,Nashville,3/18/2019 6:21:00 AM,2,0,0,36.134490,-86.726760,I 24,,,,0.00,,,,,,,52.10,N,Not at Intersection, ,Non-Junction,None,,,         ,Jessie,Meadows,Clear,"Sideswipe, Same Direction",no,no,no,no,no,False
102333919,METROPOLITAN NASHVILLE POLICE DEPT,20190202770,Davidson,Nashville,3/15/2019 9:49:00 AM,5,2,0,36.055810,-86.675550,I 24,,,,0.00,,,,,,,58.20,N,Not at Intersection,N,Non-Junction,None,,,         ,Jessie,Meadows,Clear,"Sideswipe, Same Direction",no,no,no,no,no,False
102333920,METROPOLITAN NASHVILLE POLICE DEPT,20190209526,Davidson,Nashville,3/18/2019 6:30:00 AM,2,0,0,36.153710,-86.721560,SPENCE LN,,,,0.00,Feet,,LEBANON PKE,,,,0.00,Y,Four-Way, ,Intersection,None,,,         ,Zachary,Plese,Clear,Angle,no,no,no,no,yes,False
102333932,METROPOLITAN NASHVILLE POLICE DEPT,20190209586,Davidson,Nashville,3/18/2019 7:00:00 AM,2,1,0,36.039560,-86.781700,I65 N EXT RAMP,,,,0.00,,,I 65,,,,0.00,Y,OTHER,N,Entrance/Exit Ramp Related,None,,,         ,Jon,Mcvey,Clear,Front to Rear,no,no,no,no,no,False
102333936,METROPOLITAN NASHVILLE POLICE DEPT,20190209524,Davidson,Nashville,3/18/2019 6:43:00 AM,3,4,0,36.203140,-86.776840,I 65,,,,0.00,,,,,,,87.10,N,Not at Intersection,N,Entrance/Exit Ramp Related,None,,,         ,William,Coy,Clear,Front to Rear,no,no,no,no,no,False
102333937,METROPOLITAN NASHVILLE POLICE DEPT,2019-0209540,Davidson,Nashville,3/18/2019 6:50:00 AM,2,0,0,36.069120,-86.683840,ANTIOCH PKE,,,,0.00,,,RICHARDS RD,,,,0.00,Y,Y-Intersection,N,Intersection,None,,,         ,Stanley,Collins,Clear,Angle,no,no,no,no,no,False
102333946,METROPOLITAN NASHVILLE POLICE DEPT,20190207934,Davidson,Nashville,3/17/2019 1:45:00 PM,2,0,0,36.194220,-86.759470,JONES AV,,,,122.00,Feet,North,DOUGLAS AV,,,,0.00,N,Not at Intersection,N,Non-Junction,None,,,         ,Steven,Spillers,Clear,Rear to Rear,no,no,no,no,no,False
102333953,METROPOLITAN NASHVILLE POLICE DEPT,20190209525,Davidson,Nashville,3/18/2019 5:05:00 AM,2,0,0,36.136400,-86.663790,DONELSON PKE,,,,1119.00,Feet,South,I40 E ENT RAMP,,,,0.00,N,Not at Intersection, ,Non-Junction,None,,,         ,Michael,Dance,Clear,"Sideswipe, Same Direction",no,no,no,no,no,False
102333954,METROPOLITAN NASHVILLE POLICE DEPT,20190209577,Davidson,Nashville,3/18/2019 6:50:00 AM,2,0,0,36.185880,-86.676170,FERNBROOK LN,,,,0.00,,,MCGAVOCK PKE,,,,0.00,Y,T-Intersection,N,Intersection,None,,,         ,Michael,Dance,Clear,Angle,no,no,no,no,yes,False
102333971,METROPOLITAN NASHVILLE POLICE DEPT,20190209656,Davidson,Nashville,3/18/2019 7:45:00 AM,1,0,0,36.089630,-86.622670,SMITH SPRINGS RD,,,,145.00,Feet,West,RURAL HILL RD,,,,0.00,N,Not at Intersection,N,Non-Junction,None,,,         ,Samuel,Fredericks,Cloudy,Not Collision with Motor Vehicle in Transport,no,no,no,no,no,False
102333974,METROPOLITAN NASHVILLE POLICE DEPT,20190209622,Davidson,Nashville,3/18/2019 7:34:00 AM,2,0,0,36.111420,-86.745470,NOLENSVILLE PKE,,,,189.00,Feet,North,THOMPSON LN,,,,0.00,N,Not at Intersection, ,Non-Junction,None,,,         ,Phillip,Murphy,Clear,"Sideswipe, Same Direction",no,no,no,no,no,False
102333976,METROPOLITAN NASHVILLE POLICE DEPT,20190209529,Davidson,Nashville,3/18/2019 6:00:00 AM,2,0,0,36.154440,-86.762040,I24 W ENT RAMP,,,,0.00,,,I 40,,,,0.00,Y,Y-Intersection, ,Entrance/Exit Ramp Related,None,,,         ,Michael,Evans,Clear,Front to Rear,no,no,no,no,no,False
102333998,METROPOLITAN NASHVILLE POLICE DEPT,20190209794,Davidson,Nashville,3/18/2019 8:50:00 AM,1,1,0,36.178840,-86.795210,HUME ST,,,,0.00,,,ROSA L PARKS BLVD,,,,0.00,Y,Four-Way,N,Intersection-Related,None,,,         ,William,Coy,Clear,Not Collision with Motor Vehicle in Transport,yes,no,no,no,no,False
102334002,METROPOLITAN NASHVILLE POLICE DEPT,20190209717,Davidson,Nashville,3/18/2019 8:16:00 AM,3,0,0,36.182840,-86.799240,I 65,,,,0.00,,,,,,,85.20,N,Not at Intersection, ,Non-Junction,None,,,         ,Ronald,Bright,Clear,Front to Rear,no,no,no,no,no,False
102334009,METROPOLITAN NASHVILLE POLICE DEPT,20190209697,Davidson,Nashville,3/18/2019 8:09:00 AM,2,0,0,36.070000,-86.685490,HAYWOOD LN,,,,42.00,Feet,East,BAKERTOWN RD,,,,0.00,N,Not at Intersection,N,Non-Junction,None,,,         ,Jessie,Meadows,Clear,Angle,no,no,no,no,no,False
102334016,METROPOLITAN NASHVILLE POLICE DEPT,20190209792,Davidson,Nashville,3/18/2019 8:40:00 AM,2,0,0,36.206780,-86.776440,I 65,,,,0.00,,,,,,,87.35,N,Not at Intersection,N,Non-Junction,None,,,         ,Zachary,Goodall,Clear,Front to Rear,no,no,no,no,no,False
102334018,METROPOLITAN NASHVILLE POLICE DEPT,20190209793,Davidson,Nashville,3/18/2019 8:49:00 AM,2,2,0,36.143140,-86.705550,I 40,,,,0.00,,,,,,,214.45,N,Not at Intersection, ,Non-Junction,None,,,         ,Michael,Dance,Clear,Front to Rear,no,no,no,no,no,False
102334019,METROPOLITAN NASHVILLE POLICE DEPT,20190209803,Davidson,Nashville,3/18/2019 12:00:00 AM,2,0,0,36.058060,-86.682630,BARELLA DR,,,,103.00,Feet,South,TUSCARORA DR,,,,0.00,N,Not at Intersection,N,Non-Junction,None,,,         ,Jessie,Meadows,Clear,HeadOn,no,no,no,no,yes,False
102334021,METROPOLITAN NASHVILLE POLICE DEPT,20190209537,Davidson,Nashville,3/18/2019 6:45:00 AM,3,1,0,36.168450,-86.814360,I 40,,,,0.00,,,,,,,206.85,N,Not at Intersection,N,Non-Junction,None,,,         ,Jean,McCormack,Clear,Front to Rear,no,no,no,no,no,False
102334028,METROPOLITAN NASHVILLE POLICE DEPT,20190209735,Davidson,Nashville,3/18/2019 7:33:00 AM,2,1,0,36.102450,-86.663540,OLD MURFREESBORO PKE,,,,821.00,Feet,East,FAIRCLOTH LN,,,,0.00,N,Not at Intersection, ,Non-Junction,None,,,         ,Douglas,Meringer,Clear,Front to Rear,no,no,no,no,no,False
102334030,METROPOLITAN NASHVILLE POLICE DEPT,20190209806,Davidson,Nashville,3/18/2019 8:49:00 AM,3,0,0,36.145750,-86.741300,I 40,,,,0.00,,,,,,,212.20,N,Not at Intersection, ,Non-Junction,None,,,         ,Michael,Dance,Clear,Front to Rear,no,no,no,no,no,False
102334036,METROPOLITAN NASHVILLE POLICE DEPT,20190209841,Davidson,Nashville,3/18/2019 9:17:00 AM,2,0,0,36.038400,-86.784210,I65 S EXT RAMP,,,,0.00,Feet,East,I 65,,,,0.00,N,Not at Intersection, ,Non-Junction,None,,,         ,Alberta,Auguste,Clear,Front to Rear,no,no,no,no,no,False
102334037,GOODLETTSVILLE POLICE DEPT,19-10006,Davidson,Goodlettsville,3/18/2019 9:40:00 AM,2,1,0,36.325300,-86.705430,I65 N ENT RAMP,,,,0.00,Feet,East,I 65,,,,0.00,N,Not at Intersection,N,Non-Junction,None,,,         ,Benny,Alexander,Clear,Front to Rear,no,no,no,no,no,False
102334040,METROPOLITAN NASHVILLE POLICE DEPT,20190209880,Davidson,Nashville,3/18/2019 9:33:00 AM,2,0,0,36.123990,-86.747100,I 440,,,,0.00,,,,,,,6.55,N,Not at Intersection, ,,None,,,         ,Charles,Wakefield,,,no,no,no,no,no,False
102334042,METROPOLITAN NASHVILLE POLICE DEPT,20190209801,Davidson,Nashville,3/18/2019 8:45:00 AM,2,0,0,36.044140,-86.701820,OLD HICKORY BLVD,,,,422.00,Feet,South,BELL RD,,,,0.00,N,Not at Intersection, ,Non-Junction,None,,,         ,Peter,Kinsey,Clear,Front to Rear,no,no,no,no,no,False
102334063,METROPOLITAN NASHVILLE POLICE DEPT,20190210074,Davidson,Nashville,3/14/2019 5:15:00 PM,2,0,0,36.167400,-86.762740,SHELBY AV,,,,169.00,Feet,West,S 5TH ST,,,,0.00,N,Not at Intersection,N,Non-Junction,None,,,         ,Carey,Steel,Clear,Angle,no,no,no,no,no,False
102334066,METROPOLITAN NASHVILLE POLICE DEPT,20190210072,Davidson,Nashville,3/18/2019 10:27:00 AM,2,0,0,36.152240,-86.625070,BELL RD,,,,0.00,,,STEWARTS FERRY PKE,,,,0.00,Y,Four-Way, ,Intersection-Related,None,,,         ,Douglas,Meringer,Clear,Front to Rear,no,no,no,no,no,False
102334068,METROPOLITAN NASHVILLE POLICE DEPT,20190210050,Davidson,Nashville,3/18/2019 10:55:00 AM,2,1,0,36.160950,-86.849020,51ST AVN,,,,0.00,,,TENNESSEE AV,,,,0.00,Y,Four-Way,N,Intersection,None,,,         ,Curtis,Rich,Clear,Angle,no,no,no,no,no,False
102334072,METROPOLITAN NASHVILLE POLICE DEPT,20190209653,Davidson,Nashville,3/18/2019 8:05:00 AM,2,0,0,36.194060,-86.830840,BUENA VISTA PKE,,,,185.00,Feet,North,CLARKSVILLE PKE,,,,0.00,N,Not at Intersection, ,Non-Junction,None,,,         ,Wesley,Young,Clear,"Sideswipe, Same Direction",no,no,no,no,no,False
102334076,METROPOLITAN NASHVILLE POLICE DEPT,20190210059,Davidson,Nashville,3/18/2019 10:10:00 AM,2,0,0,36.183500,-86.610760,OLD HICKORY BLVD,,,,0.00,,,DODSON CHAPEL RD,,,,0.00,Y,Four-Way, ,Non-Junction,None,,,         ,Michael,Dance,Clear,Front to Rear,no,no,no,no,no,False
102334087,METROPOLITAN NASHVILLE POLICE DEPT,20190210125,Davidson,Nashville,3/18/2019 11:20:00 AM,3,0,0,36.180290,-86.621410,CENTRAL PKE,,,,0.00,,,BRANDAU RD,,,,0.00,Y,T-Intersection,N,Intersection,None,,,         ,Thomas,Odom,Clear,Front to Rear,no,no,no,no,no,False
102334098,METROPOLITAN NASHVILLE POLICE DEPT,20190209969,Davidson,Nashville,3/18/2019 12:00:00 AM,1,0,0,36.253940,-86.883550,EATONS CREEK RD,,,,0.71,Miles,South,TAZ HYDE RD,,,,0.00,N,Not at Intersection,N,Non-Junction,None,,,         ,Jeanine,Sarno,Clear,Not Collision with Motor Vehicle in Transport,no,no,no,no,yes,False
102334101,METROPOLITAN NASHVILLE POLICE DEPT,20190210274,Davidson,Nashville,3/18/2019 12:00:00 PM,2,0,0,36.091510,-86.832250,HARDING PL,,,,0.00,,,LINDAWOOD DR,,,,0.00,Y,T-Intersection,N,Intersection-Related,None,,,         ,Curtis,Rich,Clear,Angle,no,no,no,no,no,False
102334105,METROPOLITAN NASHVILLE POLICE DEPT,20190209568,Davidson,Not in City Limit,3/18/2019 7:07:00 AM,3,1,0,36.258430,-86.713540,HARRIS ST,,,,0.00,,,GALLATIN PKES,,,,0.00,Y,Four-Way,N,Intersection,None,,,         ,Samuel,Kersten,Clear,Front to Rear,no,no,no,no,no,False
102334112,METROPOLITAN NASHVILLE POLICE DEPT,20190209832,Davidson,Nashville,3/16/2019 3:00:00 PM,1,0,0,36.039910,-86.660110,CANE RIDGE RD,,,,21.00,Feet,North,CHIMNEYTOP DR,,,,0.00,N,Not at Intersection,N,Non-Junction,None,,,         ,Jessie,Meadows,Clear,Not Collision with Motor Vehicle in Transport,no,no,no,no,yes,False
102334119,METROPOLITAN NASHVILLE POLICE DEPT,20190210135,Davidson,Nashville,3/18/2019 11:15:00 AM,2,0,0,36.148560,-86.794500,CHET ATKINS PL,,,,82.00,Feet,East,18TH AVS,,,,0.00,N,Not at Intersection, ,Intersection-Related,None,,,         ,Jon,Mcvey,Clear,Front to Rear,no,no,no,no,no,False
102334120,METROPOLITAN NASHVILLE POLICE DEPT,20190210243,Davidson,Nashville,3/18/2019 11:59:00 AM,2,0,0,36.110220,-86.781720,WOODMONT BLVD,,,,115.00,Feet,East,MCNAIRY LN,,,,0.00,N,Not at Intersection,N,Non-Junction,None,,,         ,Jon,Mcvey,Clear,Front to Rear,no,no,no,no,no,False
102334122,METROPOLITAN NASHVILLE POLICE DEPT,20190210368,Davidson,Nashville,3/18/2019 12:50:00 PM,2,0,0,36.106210,-86.673020,US HWY 41,,,,0.00,,,STATE HWY 255,,,,0.00,Y,Four-Way, ,,None,,,         ,Samuel,Fredericks,,,no,no,no,no,no,False
102334124,METROPOLITAN NASHVILLE POLICE DEPT,20190209767,Davidson,Nashville,3/18/2019 8:35:00 AM,2,0,0,36.183980,-86.748300,GALLATIN AV,,,,61.00,Feet,North,EASTLAND AV,,,,0.00,N,Not at Intersection, ,Non-Junction,None,,,         ,Russell,Freeman,Clear,Front to Rear,no,no,no,no,no,False
102334125,METROPOLITAN NASHVILLE POLICE DEPT,20190210151,Davidson,Nashville,3/18/2019 11:24:00 AM,2,1,0,36.145650,-86.666670,DONELSON PKE,,,,110.00,Feet,South,ROYAL PKWY,,,,0.00,N,Not at Intersection,N,"Driveway, Alley Access, etc",None,,,         ,Michael,Dance,Clear,Front to Rear,no,no,no,no,no,False
102334126,METROPOLITAN NASHVILLE POLICE DEPT,20190210281,Davidson,Nashville,3/18/2019 12:11:00 PM,2,0,0,36.149970,-86.748110,I 40,,,,0.00,,,,,,,211.70,N,Not at Intersection, ,Non-Junction,None,,,         ,Michael,Dance,Clear,Front to Rear,no,no,no,no,no,False
102334132,METROPOLITAN NASHVILLE POLICE DEPT,20190210400,Davidson,Nashville,3/18/2019 12:55:00 PM,3,0,0,36.123680,-86.849490,HARDING PKE,,,,201.00,Feet,West,ROYAL OAKS CONDOS PVTDR,,,,0.00,N,Not at Intersection, ,Non-Junction,None,,,         ,Curtis,Rich,Clear,Front to Rear,no,no,no,no,no,False
102334151,METROPOLITAN NASHVILLE POLICE DEPT,20190210336,Davidson,Nashville,3/18/2019 12:28:00 PM,1,1,0,36.209260,-86.837700,NORTHSIDE STATION PVTDR,,,,0.00,,,,,,,0.00,,,N,Non-Junction,None,,,         ,Wesley,Young,Clear,Not Collision with Motor Vehicle in Transport,yes,no,no,yes,no,False
102334153,METROPOLITAN NASHVILLE POLICE DEPT,20190210403,Davidson,Nashville,3/18/2019 1:20:00 PM,2,0,0,36.161720,-86.646440,CREEKSTONE CIR,,,,0.00,,,STEWARTS FERRY PKE,,,,0.00,Y,T-Intersection, ,Non-Junction,None,,,         ,Michael,Dance,Clear,Front to Rear,no,no,no,no,no,False
102334165,METROPOLITAN NASHVILLE POLICE DEPT,20190209779,Davidson,Nashville,3/18/2019 8:45:00 AM,2,1,0,36.183820,-86.768480,HANCOCK ST,,,,0.00,,,MERIDIAN ST,,,,0.00,Y,Four-Way,N,Intersection,None,,,         ,Russell,Freeman,Clear,Angle,no,no,no,no,no,False
102334179,METROPOLITAN NASHVILLE POLICE DEPT,20190210352,Davidson,Nashville,3/18/2019 12:26:00 PM,2,0,0,36.031140,-86.751460,CLOVERLAND DR,,,,15.00,Feet,West,COPPERFIELD CT,,,,0.00,N,Not at Intersection, ,Non-Junction,None,,,         ,Alberta,Auguste,Clear,Front to Rear,no,no,no,no,no,False
102334181,METROPOLITAN NASHVILLE POLICE DEPT,20190210323,Davidson,Nashville,3/18/2019 12:45:00 PM,1,0,0,36.207060,-86.736350,MAYNOR AV,,,,81.00,Feet,West,GALLATIN PKE,,,,0.00,N,Not at Intersection,N,Non-Junction,None,,,         ,Russell,Freeman,Clear,Not Collision with Motor Vehicle in Transport,no,no,no,no,no,False
102334182,METROPOLITAN NASHVILLE POLICE DEPT,20190210384,Davidson,Nashville,3/18/2019 1:11:00 PM,2,1,0,36.160510,-86.801870,JO JOHNSTON AV,,,,0.00,,,DR D B TODD JR BLVD,,,,0.00,Y,Four-Way,N,Intersection,None,,,         ,Patrick,Taylor,Clear,Front to Rear,no,no,no,no,no,False
102334187,METROPOLITAN NASHVILLE POLICE DEPT,20190210410,Davidson,Nashville,3/18/2019 1:18:00 PM,2,0,0,36.146560,-86.767630,MILDRED SHUTE AV,,,,26.00,Feet,East,4TH AVS,,,,0.00,N,Not at Intersection,N,Non-Junction,None,,,         ,Tyler,Geiger,Clear,Angle,no,no,no,no,no,False
102334201,METROPOLITAN NASHVILLE POLICE DEPT,20190210466,Davidson,Nashville,3/18/2019 12:50:00 PM,2,0,0,36.143170,-86.814820,WEST END AV,,,,163.00,Feet,South,30TH AVS,,,,0.00,N,Not at Intersection, ,Intersection-Related,None,,,         ,Jon,Mcvey,Cloudy,Front to Rear,no,no,no,no,no,Campus