master_record_number,agency,agency_tracking_number,county,city,collision_date,vehicles_involved,number_injured,number_dead,latitude,longitude,roadway_name,roadway_suffix,roadway_number,roadway_local_id,distance_from_reference,miles-feet_indicator,direction_from_reference,intersection_road_name,intersection_road_name_suffix,intersection_road_number,intersection_local_id,mile_marker,intersection_indicator,intersect_type,interchange_related_indicator,relation_to_junction,work_zone_type,construction_maintenance_zone,construction_maintenance_zone_location,fatal_case_number,officer_first_name,officer_last_name,weather_condition(s),manner_of_crash,pedestrian,bicycle,scooter,parking,hitrun,mou
102334203,METROPOLITAN NASHVILLE POLICE DEPT,20190210319,Davidson,Nashville,3/18/2019 12:23:00 PM,2,0,0,36.121430,-86.750430,NOLENSVILLE PKE,,,,122.00,Feet,South,I440 E ENT RAMP,,,,0.00,N,Not at Intersection,N,Non-Junction,None,,,         ,Jessie,Meadows,Clear,"Sideswipe, Same Direction",no,no,no,no,yes,False
102334248,METROPOLITAN NASHVILLE POLICE DEPT,20190210437,Davidson,Nashville,3/18/2019 1:45:00 PM,2,0,0,36.081230,-86.715030,HARDING PL,,,,33.00,Feet,East,HUMBER DR,,,,0.00,N,Not at Intersection, ,Non-Junction,None,,,         ,Jessie,Meadows,Clear,Front to Rear,no,no,no,no,no,False
102334250,METROPOLITAN NASHVILLE POLICE DEPT,20190210275,Davidson,Nashville,3/18/2019 12:15:00 PM,2,0,0,36.180350,-86.817910,BUCHANAN ST,,,,0.00,,,25TH AVN,,,,0.00,Y,T-Intersection, ,Intersection,None,,,         ,Kevin,Frei,Clear,Angle,no,no,no,no,no,False
102334264,METROPOLITAN NASHVILLE POLICE DEPT,20190210599,Davidson,Nashville,3/18/2019 2:43:00 PM,3,0,0,36.151110,-86.750510,I 40,,,,0.00,,,,,,,211.55,N,Not at Intersection, ,Non-Junction,None,,,         ,Michael,Dance,Clear,Front to Rear,no,no,no,no,no,False
102334267,THP District 9 - Administrative,319014876,Davidson,Nashville,3/15/2019 10:01:00 AM,1,0,0,36.170180,-86.786300,6TH AVN,,,,0.00,Feet,West,BICENTENNIAL MALL CNCTR,,,,0.00,N,Not at Intersection,N,Non-Junction,None,,,         ,Russell,Peters,Cloudy,Not Collision with Motor Vehicle in Transport,no,no,no,yes,no,False
102334270,METROPOLITAN NASHVILLE POLICE DEPT,20190210582,Davidson,Nashville,3/18/2019 2:23:00 PM,2,0,0,36.185880,-86.676170,MCGAVOCK PKE,,,,0.00,,,FERNBROOK LN,,,,0.00,Y,Four-Way, ,Intersection,None,,,         ,Thomas,Odom,Clear,Angle,no,no,no,no,no,False
102334271,METROPOLITAN NASHVILLE POLICE DEPT,20190210611,Davidson,Nashville,3/18/2019 12:00:00 AM,1,0,0,36.157210,-86.835910,INDIANA AV,,,,7.00,Feet,East,41ST AVN,,,,0.00,N,Not at Intersection, ,Non-Junction,None,,,         ,Kelby,Dumond,Clear,Not Collision with Motor Vehicle in Transport,no,no,no,no,no,False
102334286,METROPOLITAN NASHVILLE POLICE DEPT,20190210609,Davidson,Nashville,3/18/2019 2:46:00 PM,2,1,0,36.174850,-86.770940,I24 W EXT RAMP,,,,0.00,Feet,East,I 24,,,,0.00,N,Not at Intersection,N,Non-Junction,None,,,         ,Cody,Jaworski,Clear,Front to Rear,no,no,no,no,no,False
102334291,METROPOLITAN NASHVILLE POLICE DEPT,2019-0210549,Davidson,Not in City Limit,3/18/2019 2:23:00 PM,2,0,0,36.264000,-86.721970,OLD HICKORY BLVDW,,,,0.00,,,GRAY AV,,,,0.00,Y,T-Intersection,Y,Intersection,None,,,         ,Blake,McKay,Clear,Front to Rear,no,no,no,no,no,False
102334296,METROPOLITAN NASHVILLE POLICE DEPT,20190210697,Davidson,Nashville,3/18/2019 3:12:00 PM,2,0,0,36.127690,-86.850820,SAINT MARYS CAMPUS PVTDR,,,,109.00,Feet,North,RICHLAND CREEK GRNWY NES CNCTR,,,,0.00,N,Not at Intersection, ,Non-Junction,None,,,         ,Torian,Cox,Clear,Front to Rear,no,no,no,no,no,False
102334306,METROPOLITAN NASHVILLE POLICE DEPT,20190210705,Davidson,Nashville,3/18/2019 3:19:00 PM,2,1,0,36.167660,-86.663320,LEBANON PKE,,,,0.00,Feet,East,DONELSON PKE,,,,0.00,N,Not at Intersection,N,Non-Junction,None,,,         ,Tyler,Hall,Clear,Angle,no,no,no,no,no,False
102334308,METROPOLITAN NASHVILLE POLICE DEPT,20190210672,Davidson,Nashville,3/18/2019 2:03:00 PM,2,0,0,36.148170,-86.799240,BROADWAY,,,,78.00,Feet,North,21ST AVS,,,,0.00,N,Not at Intersection,N,Non-Junction,None,,,         ,FELIKS,ABRAHAMYAN,Clear,"Sideswipe, Same Direction",no,no,no,yes,yes,Campus
102334322,METROPOLITAN NASHVILLE POLICE DEPT,20190210723,Davidson,Nashville,3/18/2019 3:23:00 PM,2,0,0,36.059120,-86.622250,MURFREESBORO PKE,,,,1700.00,Feet,South,MT VIEW RD,,,,0.00,N,Not at Intersection, ,Non-Junction,None,,,         ,Laura,Williams,Clear,"Sideswipe, Same Direction",no,no,no,no,yes,False
102334323,METROPOLITAN NASHVILLE POLICE DEPT,20190210670,Davidson,Nashville,3/18/2019 3:00:00 PM,2,0,0,36.135080,-86.824010,WEST END AV,,,,159.00,Feet,West,I440 WEST END AV ENT RAMP,,,,0.00,N,Not at Intersection, ,Non-Junction,None,,,         ,Ty,Cummings,Clear,Front to Rear,no,no,no,no,no,False
102334327,METROPOLITAN NASHVILLE POLICE DEPT,20190210845,Davidson,Nashville,3/18/2019 4:15:00 PM,1,0,0,36.142230,-86.765020,HOUSTON ST,,,,0.00,,,4TH AVS,,,,0.00,Y,OTHER, ,Intersection-Related,None,,,         ,Douglas,Sykes,Clear,Not Collision with Motor Vehicle in Transport,no,no,no,no,no,False
102334335,METROPOLITAN NASHVILLE POLICE DEPT,20190210925,Davidson,Nashville,3/18/2019 4:31:00 PM,2,0,0,36.241270,-86.723370,GALLATIN PKES,,,,1216.00,Feet,South,LAKEWOOD DR,,,,0.00,N,Not at Intersection, ,,None,,,         ,Christopher,Littles,,,no,no,no,no,no,False
102334336,METROPOLITAN NASHVILLE POLICE DEPT,20190210874,Davidson,Nashville,3/18/2019 12:00:00 AM,2,0,0,36.125810,-86.732200,I 440,,,,0.00,,,,,,,7.30,N,Not at Intersection, ,Non-Junction,None,,,         ,Ryan,Sherry,Clear,Front to Rear,no,no,no,no,no,False
102334342,METROPOLITAN NASHVILLE POLICE DEPT,20190210606,Davidson,Nashville,3/18/2019 2:30:00 PM,2,1,0,36.154120,-86.757720,I 40,,,,0.00,,,,,,,211.10,N,Not at Intersection,Y,Entrance/Exit Ramp Related,None,,,         ,Torry,Hill,Clear,Angle,no,no,no,no,no,False
102334347,METROPOLITAN NASHVILLE POLICE DEPT,20190210912,Davidson,Nashville,3/18/2019 4:41:00 PM,2,1,0,36.150430,-86.696760,ELM HILL PKE,,,,0.00,,,WANDA DR,,,,0.00,Y,Four-Way,Y,Intersection,None,,,         ,Samuel,Sundra,Clear,Angle,no,no,no,no,no,False
102334355,METROPOLITAN NASHVILLE POLICE DEPT,20190210838,Davidson,Nashville,3/18/2019 3:15:00 PM,2,0,0,36.071600,-86.635880,MURFREESBORO PKE,,,,134.00,Feet,South,BELL RD,,,,0.00,N,Not at Intersection,N,Non-Junction,None,,,         ,William,Durham,Clear,"Sideswipe, Same Direction",no,no,no,no,yes,False
102334356,METROPOLITAN NASHVILLE POLICE DEPT,20190210683,Davidson,Nashville,3/18/2019 3:00:00 PM,2,0,0,36.043090,-86.655430,I 24,,,,0.00,,,,,,,59.65,N,Not at Intersection, ,Non-Junction,None,,,         ,Eric,Wegener,Clear,Not Collision with Motor Vehicle in Transport,no,no,no,no,no,False
102334359,METROPOLITAN NASHVILLE POLICE DEPT,20190210959,Davidson,Nashville,3/18/2019 4:47:00 PM,2,0,0,36.180170,-86.813630,BUCHANAN ST,,,,147.00,Feet,West,22ND AVN,,,,0.00,N,Not at Intersection,N,Non-Junction,None,,,         ,Justin,Vaughn,Clear,Angle,no,no,no,no,yes,False
102334368,METROPOLITAN NASHVILLE POLICE DEPT,20190210924,Davidson,Nashville,3/18/2019 4:45:00 PM,2,0,0,36.134560,-86.759330,NOLENSVILLE PKE,,,,138.00,Feet,South,WALSH RD,,,,0.00,N,Not at Intersection, ,Non-Junction,None,,,         ,Devonte,Coleman,Clear,Angle,no,no,no,no,no,False
102334378,METROPOLITAN NASHVILLE POLICE DEPT,20190210740,Davidson,Nashville,3/18/2019 3:33:00 PM,2,0,0,36.173370,-86.763930,MAIN ST,,,,0.00,,,YEAMAN PL,,,,0.00,Y,T-Intersection, ,,None,,,         ,Barrett,Teague,,,no,no,no,no,no,False
102334381,METROPOLITAN NASHVILLE POLICE DEPT,20190210985,Davidson,Nashville,3/18/2019 12:00:00 AM,2,0,0,36.150410,-86.784860,I 40,,,,0.00,,,,,,,209.55,N,Not at Intersection, ,Non-Junction,None,,,         ,Trevor,Taylor,Clear,Front to Rear,no,no,no,no,no,False
102334382,METROPOLITAN NASHVILLE POLICE DEPT,20190211054,Davidson,Nashville,3/18/2019 5:43:00 PM,2,1,0,36.150840,-86.692600,ELM HILL PKE,,,,0.00,,,SANBORN DR,,,,0.00,Y,T-Intersection,N,Intersection,None,,,         ,Samuel,Sundra,Clear,Front to Rear,no,no,no,no,no,False
102334385,METROPOLITAN NASHVILLE POLICE DEPT,20190211027,Davidson,Nashville,3/18/2019 4:55:00 PM,2,0,0,36.153100,-86.764740,I 40,,,,0.00,,,,,,,210.70,N,Not at Intersection,N,Non-Junction,None,,,         ,Torry,Hill,Clear,Front to Rear,no,no,no,no,no,False
102334389,METROPOLITAN NASHVILLE POLICE DEPT,20190211014,Davidson,Nashville,3/18/2019 5:23:00 PM,2,0,0,36.121790,-86.727400,I 24,,,,0.00,,,,,,,52.80,N,Not at Intersection,Y,Entrance/Exit Ramp Related,None,,,         ,Andrew,Brazee,Clear,"Sideswipe, Same Direction",no,no,no,no,yes,False
102334394,METROPOLITAN NASHVILLE POLICE DEPT,20190210297,Davidson,Nashville,3/18/2019 12:28:00 PM,2,0,0,36.157900,-86.784420,BROADWAY,,,,37.00,Feet,West,10TH AVS,,,,0.00,N,Not at Intersection, ,Non-Junction,None,,,         ,Brandon,O'Guin,Clear,Angle,no,no,no,no,no,False
102334395,METROPOLITAN NASHVILLE POLICE DEPT,20190210979,Davidson,Nashville,3/18/2019 5:00:00 PM,2,0,0,36.152210,-86.625680,BLACKWOOD DR,,,,181.00,Feet,West,STEWARTS FERRY PKE,,,,0.00,N,Not at Intersection, ,"Driveway, Alley Access, etc",None,,,         ,Seth,Vaughn,Clear,Angle,no,no,no,no,no,False
102334396,METROPOLITAN NASHVILLE POLICE DEPT,20190210656,Davidson,Nashville,3/17/2019 12:00:00 AM,1,0,0,36.146480,-86.815990,BURCH AV,,,,48.00,Feet,West,30TH AVN,,,,0.00,N,Not at Intersection, ,Non-Junction,None,,,         ,Akira,McSwain,Clear,Not Collision with Motor Vehicle in Transport,no,no,no,yes,yes,False
102334397,METROPOLITAN NASHVILLE POLICE DEPT,20190210875,Davidson,Nashville,3/18/2019 3:45:00 PM,2,0,0,36.113620,-86.806780,WOODMONT BLVD,,,,186.00,Feet,West,HOPKINS ST,,,,0.00,N,Not at Intersection, ,,None,,,         ,Akira,McSwain,,,no,no,no,no,no,False
102334398,METROPOLITAN NASHVILLE POLICE DEPT,20190211012,Davidson,Nashville,3/18/2019 4:29:00 PM,2,0,0,36.094290,-86.758250,SIDCO DR,,,,0.00,,,POWELL AV,,,,0.00,Y,T-Intersection, ,Intersection-Related,None,,,         ,Jarrett,Ipox,Clear,Angle,no,no,no,no,no,False
102334399,METROPOLITAN NASHVILLE POLICE DEPT,20190210747,Davidson,Nashville,3/18/2019 3:16:00 PM,2,0,0,36.154830,-86.763340,HERMITAGE AV,,,,0.00,,,ANTHES DR,,,,0.00,Y,Four-Way, ,Intersection,None,,,         ,Michael,Douglas,Clear,"Sideswipe, Same Direction",no,no,no,no,no,False
102334404,METROPOLITAN NASHVILLE POLICE DEPT,20190211020,Davidson,Nashville,3/18/2019 5:25:00 PM,2,0,0,36.204850,-86.724240,MCGAVOCK PKE,,,,65.00,Feet,East,RIVERSIDE DR,,,,0.00,N,Not at Intersection, ,,None,,,         ,Alexander,Georgeson,,,no,no,no,no,no,False
102334411,METROPOLITAN NASHVILLE POLICE DEPT,20190211092,Davidson,Nashville,3/18/2019 5:59:00 PM,2,1,0,36.198440,-86.620270,LEBANON PKE,,,,0.00,,,OLD HICKORY BLVD,,,,0.00,Y,Four-Way, ,Non-Junction,None,,,         ,Ricki,Armstrong,Clear,Front to Rear,no,no,no,no,no,False
102334412,METROPOLITAN NASHVILLE POLICE DEPT,20190210932,Davidson,Nashville,3/18/2019 4:42:00 PM,1,0,0,36.060590,-86.903630,OLD HICKORY BLVD,,,,695.00,Feet,South,HIGHWAY 100,,,,0.00,N,Not at Intersection,N,OtherLocation,None,,,         ,Robert,Crow,Clear,Not Collision with Motor Vehicle in Transport,no,no,no,no,no,False
102334417,METROPOLITAN NASHVILLE POLICE DEPT,20190211060,Davidson,Nashville,3/18/2019 5:32:00 PM,2,0,0,36.144990,-86.857860,BURGESS AV,,,,32.00,Feet,East,WHITE BRIDGE PKE,,,,0.00,N,Not at Intersection,N,Non-Junction,None,,,         ,Torian,Cox,,"Sideswipe, Opposite Direction",no,no,no,no,no,False
102334419,METROPOLITAN NASHVILLE POLICE DEPT,20190211112,Davidson,Nashville,3/18/2019 5:57:00 PM,2,0,0,36.183270,-86.865620,BRILEY PKWYN,,,,993.00,Feet,South,BRILEY PKWYS,,,,0.00,N,Not at Intersection, ,Non-Junction,None,,,         ,Justin,Vaughn,Clear,Front to Rear,no,no,no,no,no,False
102334422,METROPOLITAN NASHVILLE POLICE DEPT,20190210990,Davidson,Nashville,3/18/2019 5:00:00 PM,2,0,0,36.069680,-86.633760,MURFREESBORO PKE,,,,1116.00,Feet,North,FOREST VIEW DR,,,,0.00,N,Not at Intersection, ,Non-Junction,None,,,         ,Eric,Wegener,Clear,Angle,no,no,no,no,no,False
102334429,METROPOLITAN NASHVILLE POLICE DEPT,20190211024,Davidson,Nashville,3/18/2019 12:00:00 AM,2,0,0,36.167620,-86.768380,INTERSTATE DR,,,,0.00,,,,,,,0.00,,,N,Non-Junction,None,,,         ,Wesley,Carver,Unknown,Angle,no,no,no,yes,yes,False
102334431,METROPOLITAN NASHVILLE POLICE DEPT,20190211143,Davidson,Nashville,3/18/2019 6:06:00 PM,2,0,0,36.142400,-86.709320,I 40,,,,0.00,,,,,,,214.25,N,Not at Intersection, ,Non-Junction,None,,,         ,Jason,Milyaro Lucas,Clear,"Sideswipe, Same Direction",no,no,no,no,no,False
102334432,METROPOLITAN NASHVILLE POLICE DEPT,20190211226,Davidson,Nashville,3/18/2019 6:25:00 PM,2,0,0,36.143550,-86.702170,I 40,,,,0.00,,,,,,,214.60,N,Not at Intersection,N,Non-Junction,None,,,         ,Dontaveous,Eubanks,Clear,Front to Rear,no,no,no,no,no,False
102334439,METROPOLITAN NASHVILLE POLICE DEPT,20190211233,Davidson,Nashville,3/18/2019 6:19:00 PM,2,0,0,36.090020,-86.650550,MURFREESBORO PKE,,,,380.00,Feet,North,BOROWOOD DR,,,,0.00,N,Not at Intersection,N,Non-Junction,None,,,         ,Devonte,Coleman,Clear,Front to Rear,no,no,no,no,yes,False
102334440,METROPOLITAN NASHVILLE POLICE DEPT,20190211082,Davidson,Nashville,3/18/2019 5:38:00 PM,2,0,0,36.121750,-86.755510,I 440,,,,0.00,,,,,,,6.00,N,Not at Intersection, ,,Construction Zone,,,         ,FELIKS,ABRAHAMYAN,,,no,no,no,no,no,False
102334453,METROPOLITAN NASHVILLE POLICE DEPT,20190211063,Davidson,Not in City Limit,3/18/2019 5:46:00 PM,2,0,0,36.272010,-86.684590,RIO VISTA DR,,,,0.00,,,ANDERSON LN,,,,0.00,Y,OTHER,N,OtherLocation,None,,,         ,Christopher,Littles,Clear,HeadOn,no,no,no,no,no,False
102334454,METROPOLITAN NASHVILLE POLICE DEPT,20190211198,Davidson,Nashville,3/18/2019 6:03:00 PM,2,1,0,36.247890,-86.734670,S GRAYCROFT AV,,,,477.00,Feet,South,DUE WEST AVW,,,,0.00,N,Not at Intersection,N,Non-Junction,None,,,         ,Christopher,Littles,Clear,Front to Rear,no,no,no,no,yes,False
102334455,METROPOLITAN NASHVILLE POLICE DEPT,20190211265,Davidson,Not in City Limit,3/18/2019 6:40:00 PM,3,0,0,36.263100,-86.712340,OLD HICKORY BLVDW,,,,121.00,Feet,West,STATE RT 45,,,,0.00,N,Not at Intersection,N,Non-Junction,None,,,         ,Christopher,Littles,Clear,"Sideswipe, Same Direction",no,no,no,no,no,False
102334465,METROPOLITAN NASHVILLE POLICE DEPT,20190211377,Davidson,Nashville,3/18/2019 7:40:00 PM,2,0,0,36.151830,-86.635310,I 40,,,,0.00,,,,,,,218.55,N,Not at Intersection, ,,None,,,         ,Seth,Vaughn,,,no,no,no,no,no,False
102334471,Nashville Airport Police,2019-01045,Davidson,Nashville,3/13/2019 8:24:00 PM,2,0,0,36.137170,-86.664870,DONELSON,PIKE,,,0.00,,,SATELLITE,WAY,,,0.00,Y,T-Intersection,N,Intersection-Related,None,,,         ,Chevy,Estes,,"Sideswipe, Opposite Direction",no,no,no,no,no,False
102334473,METROPOLITAN NASHVILLE POLICE DEPT,20190211280,Davidson,Nashville,3/18/2019 7:16:00 PM,2,1,0,36.192320,-86.616300,JUAREZ DR,,,,0.00,Feet,,OLD HICKORY BLVD,,,,0.00,Y,Four-Way,N,Intersection-Related,None,,,         ,David,Stanley,Clear,Angle,no,no,no,no,no,False
102334505,METROPOLITAN NASHVILLE POLICE DEPT,20190211460,Davidson,Nashville,3/18/2019 8:07:00 PM,2,0,0,36.168870,-86.684100,LEBANON PKE,,,,135.00,Feet,East,THE CROSSINGS PVTDR,,,,0.00,N,Not at Intersection,N,Non-Junction,None,,,         ,Jason,Milyaro Lucas,Clear,"Sideswipe, Same Direction",no,no,no,no,yes,False
102334510,METROPOLITAN NASHVILLE POLICE DEPT,20190211255,Davidson,Nashville,3/18/2019 7:08:00 PM,1,1,0,36.212800,-86.775530,I 65,,,,0.00,,,,,,,87.80,N,Not at Intersection,N,Non-Junction,None,,,         ,Cooper,HIll,Clear,Not Collision with Motor Vehicle in Transport,no,no,no,no,no,False
102334515,METROPOLITAN NASHVILLE POLICE DEPT,20190211293,Davidson,Nashville,3/18/2019 7:26:00 PM,2,1,0,36.176880,-86.776180,COWAN ST,,,,0.00,,,SPRING ST,,,,0.00,Y,Four-Way,N,Intersection,None,,,         ,Steven,Fisher,Clear,Angle,no,no,no,no,no,False
102334571,METROPOLITAN NASHVILLE POLICE DEPT,20190211130,Davidson,Nashville,3/18/2019 6:05:00 PM,2,0,0,36.121820,-86.704830,MURFREESBORO PKE,,,,0.00,,,KERMIT DR,,,,0.00,Y,T-Intersection, ,Intersection,None,,,         ,Dontaveous,Eubanks,Clear,Angle,no,no,no,no,no,False
102334583,METROPOLITAN NASHVILLE POLICE DEPT,20190211603,Davidson,Nashville,3/18/2019 9:59:00 PM,2,0,0,36.142590,-86.815500,31ST AVS,,,,0.00,Feet,East,31ST AVN,,,,0.00,N,Not at Intersection,N,Non-Junction,None,,,         ,Justin,Vaughn,Clear,Angle,no,no,no,no,yes,Campus
102334608,METROPOLITAN NASHVILLE POLICE DEPT,20190204853,Davidson,Nashville,3/16/2019 2:29:00 AM,2,1,0,36.158790,-86.798200,CHARLOTTE AV,,,,11.00,Feet,West,17TH AVN,,,,0.00,N,Not at Intersection,N,Non-Junction,None,,,         ,Joel,Bennett,Clear,Angle,no,no,no,no,no,False
102334610,METROPOLITAN NASHVILLE POLICE DEPT,20190211585,Davidson,Nashville,3/18/2019 12:00:00 AM,1,1,0,36.042020,-86.776120,BRENTWOOD COMMONS WAY,,,,323.00,Feet,North,OLD HICKORY BLVD,,,,0.00,N,Not at Intersection,N,Non-Junction,None,,,         ,David,Robberson,Clear,Not Collision with Motor Vehicle in Transport,no,no,no,no,no,False
102334616,METROPOLITAN NASHVILLE POLICE DEPT,20190211670,Davidson,Nashville,3/18/2019 10:18:00 PM,2,0,0,36.068200,-86.719110,NOLENSVILLE PKE,,,,0.00,,,HAYWOOD LN,,,,0.00,Y,T-Intersection,N,Intersection-Related,None,,,         ,William,Hamblen,Clear,Angle,no,no,no,no,yes,False
102334626,METROPOLITAN NASHVILLE POLICE DEPT,20190211758,Davidson,Nashville,3/18/2019 10:55:00 PM,2,0,0,36.159160,-86.782280,ROSA L PARKS BLVD,,,,110.00,Feet,North,BROADWAY,,,,0.00,N,Not at Intersection, ,Non-Junction,None,,,         ,Reagan,Heath,Clear,"Sideswipe, Same Direction",no,no,no,no,no,False
102334627,METROPOLITAN NASHVILLE POLICE DEPT,20190211584,Davidson,Nashville,3/18/2019 9:38:00 PM,1,0,0,36.077120,-86.947170,7613 HWY 70 S,,,,3.00,Feet,South,HWY 70 S,,,,0.00,N,Not at Intersection,N,Non-Junction,None,,,         ,Jeremy,Huffine,Clear,Not Collision with Motor Vehicle in Transport,no,no,no,yes,no,False
102334631,METROPOLITAN NASHVILLE POLICE DEPT,20190211965,Davidson,Nashville,3/19/2019 12:35:00 AM,1,1,0,36.220070,-86.696100,RUDY CIR PVTDR,,,,214.00,Feet,West,RUDY CIR,,,,0.00,N,Not at Intersection,N,Non-Junction,None,,,         ,Curtis,Fisher,Clear,Not Collision with Motor Vehicle in Transport,no,no,no,yes,no,False
102334679,METROPOLITAN NASHVILLE POLICE DEPT,20190212450,Davidson,Nashville,3/19/2019 12:00:00 AM,1,0,0,36.195410,-86.619160,OLD HICKORY BLVD,,,,110.00,Feet,South,HERMITAGE MARKETPLACE PVTDR,,,,0.00,N,Not at Intersection,N,Non-Junction,None,,,         ,Brandon,Epps,Clear,Not Collision with Motor Vehicle in Transport,no,no,no,no,yes,False
102334727,METROPOLITAN NASHVILLE POLICE DEPT,20190212782,Davidson,Nashville,3/19/2019 6:35:00 AM,2,0,0,36.135430,-86.726900,I24E,,,,437.00,Feet,South,I24 W ENT RAMP,,,,0.00,N,Not at Intersection, ,Non-Junction,None,,,         ,Jessie,Meadows,Clear,Front to Rear,no,no,no,no,no,False
102334728,METROPOLITAN NASHVILLE POLICE DEPT,20190210409,Davidson,Nashville,3/18/2019 1:14:00 PM,2,0,0,36.155970,-86.782980,DEMONBREUN ST,,,,75.00,Feet,West,10TH AVS,,,,0.00,N,Not at Intersection,N,Non-Junction,None,,,         ,Michael,Schlegel,Clear,Front to Rear,no,no,no,no,no,False
102334730,METROPOLITAN NASHVILLE POLICE DEPT,20190209871,Davidson,Nashville,3/18/2019 12:00:00 AM,3,0,0,36.166260,-86.751460,DEW ST,,,,28.00,Feet,West,S 11TH ST,,,,0.00,N,Not at Intersection,N,OtherLocation,None,,,         ,Eric,Knight,Clear,"Sideswipe, Same Direction",no,no,no,no,yes,False
102334733,METROPOLITAN NASHVILLE POLICE DEPT,20190212799,Davidson,Nashville,3/19/2019 6:45:00 AM,2,0,0,36.116060,-86.779830,I440 W ENT RAMP,,,,0.00,Feet,East,I 440,,,,0.00,N,Not at Intersection,N,OtherLocation,None,,,         ,Jon,Mcvey,Clear,Front to Rear,no,no,no,no,no,False
102334734,METROPOLITAN NASHVILLE POLICE DEPT,20190212797,Davidson,Nashville,3/19/2019 6:55:00 AM,1,0,0,36.069230,-86.859650,CHICKERING LN,,,,1928.00,Feet,North,CHICKERING CT,,,,0.00,N,Not at Intersection,N,Non-Junction,None,,,         ,Curtis,Rich,Clear,Not Collision with Motor Vehicle in Transport,no,no,no,no,no,False
102334737,METROPOLITAN NASHVILLE POLICE DEPT,20190212784,Davidson,Nashville,3/19/2019 6:22:00 AM,1,0,0,36.163870,-86.650560,STEWARTS FERRY PKE,,,,345.00,Feet,South,MCCAMPBELL AV,,,,0.00,N,Not at Intersection,N,Non-Junction,None,,,         ,Michael,Dance,Clear,Not Collision with Motor Vehicle in Transport,no,no,no,no,no,False
102334743,GOODLETTSVILLE POLICE DEPT,19-10090,Davidson,Goodlettsville,3/19/2019 6:40:00 AM,2,0,0,36.309130,-86.690110,VIETNAM VETERANS BLVDS,,,,372.00,Feet,East,VIETNAM VETERANS BLVDS,,,,0.00,N,Not at Intersection,N,Non-Junction,None,,,         ,George,Forbes,Clear,Front to Rear,no,no,no,no,no,False
102334744,METROPOLITAN NASHVILLE POLICE DEPT,20190212814,Davidson,Nashville,3/19/2019 6:58:00 AM,2,0,0,36.251500,-86.691580,NEELYS BEND RD,,,,0.00,,,TAHLENA AV,,,,0.00,Y,T-Intersection, ,Intersection,None,,,         ,Samuel,Kersten,Clear,Front to Rear,no,no,no,no,no,False
102334764,METROPOLITAN NASHVILLE POLICE DEPT,20190210649,Davidson,Nashville,3/18/2019 2:20:00 PM,2,0,0,36.106660,-86.743030,NOLENSVILLE PKE,,,,113.00,Feet,North,MORTON AV,,,,0.00,N,Not at Intersection, ,Non-Junction,None,,,         ,Kevin,Coleman,Clear,Front to Rear,no,no,no,no,no,False
102334774,METROPOLITAN NASHVILLE POLICE DEPT,20190212878,Davidson,Nashville,3/19/2019 7:29:00 AM,3,1,0,36.053320,-86.775160,I 65,,,,0.00,,,,,,,74.75,N,Not at Intersection,N,Non-Junction,None,,,         ,Earl,Davis,Clear,Front to Rear,no,no,no,no,no,False
102334779,METROPOLITAN NASHVILLE POLICE DEPT,20190212849,Davidson,Nashville,3/19/2019 7:18:00 AM,2,0,0,36.149070,-86.775790,I 40,,,,0.00,,,,,,,210.10,N,Not at Intersection, ,Non-Junction,None,,,         ,James,Hill,Clear,Angle,no,no,no,no,no,False
102334781,METROPOLITAN NASHVILLE POLICE DEPT,20190212949,Davidson,Nashville,3/19/2019 7:55:00 AM,2,3,0,36.120460,-86.911470,I 40,,,,0.00,,,,,,,200.10,N,Not at Intersection,N,Non-Junction,None,,,         ,Benjamin,Cantrell,Clear,Front to Rear,no,no,no,no,no,False
102334782,METROPOLITAN NASHVILLE POLICE DEPT,20190212865,Davidson,Not in City Limit,3/19/2019 7:30:00 AM,4,0,0,36.267750,-86.792630,I 24,,,,0.00,,,,,,,41.30,N,Not at Intersection,N,Non-Junction,None,,,         ,Wesley,Young,Clear,Front to Rear,no,no,no,no,no,False
102334788,METROPOLITAN NASHVILLE POLICE DEPT,20190212913,Davidson,Nashville,3/19/2019 7:29:00 AM,2,0,0,36.053790,-86.775150,I 65,,,,0.00,,,,,,,74.80,N,Not at Intersection,N,Non-Junction,None,,,         ,Earl,Davis,Clear,Front to Rear,no,no,no,no,no,False
102334790,METROPOLITAN NASHVILLE POLICE DEPT,20190212942,Davidson,Not in City Limit,3/19/2019 7:30:00 AM,2,0,0,36.259080,-86.788370,I 24,,,,0.00,,,,,,,41.90,N,Not at Intersection, ,Non-Junction,None,,,         ,Wesley,Young,Clear,Front to Rear,no,no,no,no,no,False
102334792,METROPOLITAN NASHVILLE POLICE DEPT,20190212932,Davidson,Nashville,3/19/2019 7:52:00 AM,2,0,0,36.168230,-86.760550,SHELBY AV,,,,72.00,Feet,West,S 6TH ST,,,,0.00,N,Not at Intersection,N,Non-Junction,None,,,         ,Jeffrey,Mullins,Clear,"Sideswipe, Same Direction",no,no,no,no,yes,False