master_record_number,agency,agency_tracking_number,county,city,collision_date,vehicles_involved,number_injured,number_dead,latitude,longitude,roadway_name,roadway_suffix,roadway_number,roadway_local_id,distance_from_reference,miles-feet_indicator,direction_from_reference,intersection_road_name,intersection_road_name_suffix,intersection_road_number,intersection_local_id,mile_marker,intersection_indicator,intersect_type,interchange_related_indicator,relation_to_junction,work_zone_type,construction_maintenance_zone,construction_maintenance_zone_location,fatal_case_number,officer_first_name,officer_last_name,weather_condition(s),manner_of_crash,pedestrian,bicycle,scooter,parking,hitrun,mou
102334794,METROPOLITAN NASHVILLE POLICE DEPT,20190212984,Davidson,Nashville,3/19/2019 8:00:00 AM,2,0,0,36.108000,-86.818940,CLEGHORN AV,,,,128.00,Feet,North,GREEN HILLS VILLAGE DR,,,,0.00,N,Not at Intersection, ,Non-Junction,None,,,         ,Curtis,Rich,Clear,Angle,no,no,no,no,no,False
102334804,METROPOLITAN NASHVILLE POLICE DEPT,20190213061,Davidson,Nashville,3/19/2019 8:44:00 AM,2,0,0,36.155480,-86.765800,HERMITAGE AV,,,,0.00,,,ACADEMY PL,,,,0.00,Y,T-Intersection, ,Intersection,None,,,         ,Johnathan,Carlisle,Clear,Angle,no,no,no,no,no,False
102334817,METROPOLITAN NASHVILLE POLICE DEPT,20190213079,Davidson,Nashville,3/19/2019 8:45:00 AM,3,1,0,36.151930,-86.690880,ELM HILL PKE,,,,0.00,,,BRILEY PKWYS,,,,0.00,Y,T-Intersection,N,Intersection,None,,,         ,Michael,Dance,Clear,Angle,no,no,no,no,no,False
102334822,METROPOLITAN NASHVILLE POLICE DEPT,20190212975,Davidson,Nashville,3/19/2019 8:05:00 AM,2,0,0,36.195250,-86.769060,EASTMORELAND ST,,,,525.00,Feet,West,MERIDIAN ST,,,,0.00,N,Not at Intersection,N,Non-Junction,None,,,         ,Russell,Freeman,Clear,Angle,no,no,no,no,no,False
102334827,METROPOLITAN NASHVILLE POLICE DEPT,20190213171,Davidson,Nashville,3/19/2019 9:20:00 AM,2,0,0,36.189930,-86.815290,24TH AVN,,,,618.00,Feet,North,DOWLAN ST,,,,0.00,N,Not at Intersection, ,Non-Junction,None,,,         ,Wesley,Young,Clear,Front to Rear,no,no,no,no,no,False
102334831,METROPOLITAN NASHVILLE POLICE DEPT,20190213099,Davidson,Nashville,3/19/2019 8:30:00 AM,2,1,0,36.178210,-86.763820,ELLINGTON PKWYS,,,,0.00,,,SPRING ST ENT RAMP,,,,0.00,Y,Y-Intersection,N,Entrance/Exit Ramp Related,None,,,         ,Russell,Freeman,Clear,Front to Rear,no,no,no,no,no,False
102334832,METROPOLITAN NASHVILLE POLICE DEPT,20190213087,Davidson,Nashville,3/19/2019 9:00:00 AM,2,0,0,36.106230,-86.718860,I 24,,,,0.00,,,,,,,54.00,N,Not at Intersection, ,Non-Junction,None,,,         ,Steven,Williams,Clear,Front to Rear,no,no,no,no,yes,False
102334833,METROPOLITAN NASHVILLE POLICE DEPT,20190212725,Davidson,Nashville,3/19/2019 5:50:00 AM,2,1,0,36.111210,-86.811310,HILLSBORO PKE,,,,0.00,,,GRAYBAR LN,,,,0.00,Y,T-Intersection,N,Intersection,None,,,         ,Donald,Davidson,Clear,Front to Rear,no,no,no,no,no,False
102334835,METROPOLITAN NASHVILLE POLICE DEPT,20190213240,Davidson,Nashville,3/19/2019 9:58:00 AM,2,0,0,36.146240,-86.742100,I 40,,,,0.00,,,,,,,212.15,N,Not at Intersection, ,Non-Junction,None,,,         ,Michael,Dance,Clear,Front to Rear,no,no,no,no,no,False
102334842,METROPOLITAN NASHVILLE POLICE DEPT,20190212877,Davidson,Nashville,3/19/2019 7:30:00 AM,2,0,0,36.176910,-86.774580,SPRING ST,,,,0.00,,,N 1ST ST,,,,0.00,Y,Four-Way, ,Intersection,None,,,         ,Gregory,Julia,Clear,Front to Rear,no,no,no,no,no,False
102334855,METROPOLITAN NASHVILLE POLICE DEPT,20190213050,Davidson,Nashville,3/19/2019 8:10:00 AM,2,0,0,36.120540,-86.749360,PEACHTREE ST,,,,39.00,Feet,East,AUSTIN AV,,,,0.00,N,Not at Intersection,N,Non-Junction,None,,,         ,James,Thomas,Clear,Angle,no,no,no,no,no,False
102334856,METROPOLITAN NASHVILLE POLICE DEPT,20190213286,Davidson,Nashville,3/19/2019 10:09:00 AM,2,3,0,36.124980,-86.847640,WOODMONT BLVD,,,,0.00,,,HARDING PKE,,,,0.00,Y,Four-Way,N,Intersection,None,,,         ,Curtis,Rich,Clear,Angle,no,no,no,no,no,False
102334860,METROPOLITAN NASHVILLE POLICE DEPT,20190213293,Davidson,Nashville,3/19/2019 9:28:00 AM,2,0,0,36.091240,-86.651280,MURFREESBORO PKE,,,,0.00,,,BRITISH WOODS DR,,,,0.00,Y,Four-Way, ,Non-Junction,None,,,         ,Adam,Warren,Clear,Angle,no,no,no,no,no,False
102334863,METROPOLITAN NASHVILLE POLICE DEPT,20190213328,Davidson,Nashville,3/19/2019 10:30:00 AM,2,0,0,36.024270,-86.751920,HEATHFIELD CIR,,,,26.00,Feet,West,BANBURY WAY,,,,0.00,N,Not at Intersection, ,Non-Junction,None,,,         ,Jon,Mcvey,Clear,"Sideswipe, Opposite Direction",no,no,no,no,no,False
102334864,METROPOLITAN NASHVILLE POLICE DEPT,20190212906,Davidson,Nashville,3/19/2019 7:40:00 AM,3,0,0,36.044820,-86.662470,BELL RD,,,,278.00,Feet,West,CANE RIDGE RD,,,,0.00,N,Not at Intersection,N,Non-Junction,None,,,         ,Jessie,Meadows,Clear,Front to Rear,no,no,no,no,no,False
102334881,METROPOLITAN NASHVILLE POLICE DEPT,20190213262,Davidson,Nashville,3/19/2019 10:01:00 AM,3,3,0,36.042550,-86.649740,HICKORY HOLLOW PKWY,,,,525.00,Feet,South,CROSSINGS PL,,,,0.00,N,Not at Intersection,N,Non-Junction,None,,,         ,Jason,Hees,Clear,Front to Rear,no,no,no,no,no,False
102334883,METROPOLITAN NASHVILLE POLICE DEPT,20190213070,Davidson,Nashville,3/19/2019 8:49:00 AM,2,0,0,36.163720,-86.782940,UNION ST,,,,0.00,,,CAPITOL BLVD,,,,0.00,Y,T-Intersection, ,Intersection,None,,,         ,Frank,Campbell,Clear,Other,no,no,no,no,no,False
102334885,METROPOLITAN NASHVILLE POLICE DEPT,20190213462,Davidson,Nashville,3/19/2019 12:00:00 AM,2,0,0,36.150550,-86.832380,39TH AVN,,,,55.00,Feet,North,ELKINS AV,,,,0.00,N,Not at Intersection, ,Non-Junction,None,,,         ,Brian,Myatt,Clear,"Sideswipe, Same Direction",no,no,no,no,yes,False
102334886,METROPOLITAN NASHVILLE POLICE DEPT,20190205886,Davidson,Nashville,3/16/2019 2:55:00 PM,1,1,0,36.161020,-86.777200,BROADWAY,,,,0.00,,,4TH AVN,,,,0.00,Y,Four-Way,N,Intersection,None,,,         ,Joshua,Reece,Clear,Not Collision with Motor Vehicle in Transport,yes,no,no,no,yes,False
102334891,METROPOLITAN NASHVILLE POLICE DEPT,20190213431,Davidson,Nashville,3/19/2019 11:03:00 AM,1,0,0,36.238390,-86.780910,BRILEY PKWYW,,,,0.00,Feet,North,BRICK CHURCH PKE,,,,0.00,N,Not at Intersection,N,Non-Junction,None,,,         ,Ronald,Bright,Clear,Not Collision with Motor Vehicle in Transport,no,no,no,no,no,False
102334894,METROPOLITAN NASHVILLE POLICE DEPT,20190210576,Davidson,Nashville,3/18/2019 2:25:00 PM,2,0,0,36.151350,-86.768370,2ND AVS,,,,6.00,Feet,North,I40 E ENT RAMP,,,,0.00,N,Not at Intersection, ,Non-Junction,None,,,         ,Brandon,O'Guin,Clear,Angle,no,no,no,no,no,False
102334900,METROPOLITAN NASHVILLE POLICE DEPT,20190213116,Davidson,Nashville,3/19/2019 9:08:00 AM,5,1,0,36.073020,-86.691910,I 24,,,,0.00,,,,,,,56.70,N,Not at Intersection,N,Non-Junction,None,,,         ,Jessie,Meadows,Clear,Front to Rear,no,no,no,no,no,False
102334905,METROPOLITAN NASHVILLE POLICE DEPT,20190213382,Davidson,Nashville,3/19/2019 10:43:00 AM,2,0,0,36.134280,-86.780470,WEDGEWOOD AV,,,,28.00,Feet,East,BEECH AV,,,,0.00,N,Not at Intersection,N,Non-Junction,None,,,         ,Alberta,Auguste,Clear,Angle,no,no,no,no,no,False
102334913,METROPOLITAN NASHVILLE POLICE DEPT,20190213555,Davidson,Not in City Limit,3/19/2019 10:15:00 AM,2,0,0,36.261290,-86.711710,MAPLE ST,,,,80.00,Feet,West,BRAWNER AV,,,,0.00,N,Not at Intersection, ,,None,,,         ,Brian,Otto,,,no,no,no,no,no,False
102334917,METROPOLITAN NASHVILLE POLICE DEPT,20190213411,Davidson,Nashville,3/19/2019 10:50:00 AM,2,1,0,36.234210,-86.802250,BRILEY PKWYE,,,,378.00,Feet,East,BRILEY PKWYW,,,,0.00,N,Not at Intersection,N,Non-Junction,None,,,         ,Jeanine,Sarno,Clear,Front to Rear,no,no,no,no,no,False
102334921,METROPOLITAN NASHVILLE POLICE DEPT,20190213537,Davidson,Nashville,3/19/2019 12:00:00 PM,2,0,0,36.145780,-86.666640,DONELSON PKE,,,,60.00,Feet,South,ROYAL PKWY,,,,0.00,N,Not at Intersection, ,Non-Junction,None,,,         ,Thomas,Odom,Clear,Angle,no,no,no,no,no,False
102334944,VANDERBILT UNIVERSITY POLICE,20190213417,Davidson,Nashville,3/19/2019 9:50:00 AM,1,0,0,36.144520,-86.799790,21ST AVS,,,,152.00,Feet,North,EDGEHILL AV,,,,0.00,N,Not at Intersection, ,,None,,,         ,Linda,Jennings,,,yes,no,no,no,no,Campus
102334946,METROPOLITAN NASHVILLE POLICE DEPT,20190213616,Davidson,Nashville,3/19/2019 12:26:00 PM,2,2,0,36.081100,-86.758360,HARDING PL,,,,0.00,,,TROUSDALE DR,,,,0.00,Y,Four-Way,N,Intersection,None,,,         ,Jon,Mcvey,Clear,Angle,no,no,no,no,no,False
102334959,METROPOLITAN NASHVILLE POLICE DEPT,20190213685,Davidson,Nashville,3/19/2019 12:45:00 PM,2,0,0,36.132760,-86.818940,I 440,,,,0.00,,,,,,,1.80,N,Not at Intersection, ,Non-Junction,None,,,         ,Curtis,Rich,Clear,"Sideswipe, Same Direction",no,no,no,no,no,False
102334972,METROPOLITAN NASHVILLE POLICE DEPT,20190213514,Davidson,Not in City Limit,3/19/2019 11:18:00 AM,2,0,0,36.274080,-86.763680,OLD HICKORY BLVD,,,,453.00,Feet,South,LAWING DR,,,,0.00,N,Not at Intersection,N,Non-Junction,None,,,         ,Nathaniel,Carroll,Clear,Front to Rear,no,no,no,no,no,False
102334979,METROPOLITAN NASHVILLE POLICE DEPT,20190213607,Davidson,Nashville,3/19/2019 9:45:00 AM,2,0,0,36.154530,-86.806940,MURPHY AV,,,,0.00,,,,,,,0.00,,, ,,None,,,         ,Brian,Murphy,,,no,no,no,yes,no,False
102334987,METROPOLITAN NASHVILLE POLICE DEPT,20190213713,Davidson,Nashville,3/19/2019 12:33:00 PM,2,0,0,36.189880,-86.798610,ROSA L PARKS BLVD,,,,715.00,Feet,North,DOMINICAN DR,,,,0.00,N,Not at Intersection, ,Non-Junction,None,,,         ,Wesley,Young,Clear,Front to Rear,no,no,no,no,no,False
102334996,METROPOLITAN NASHVILLE POLICE DEPT,20190213483,Davidson,Nashville,3/19/2019 11:23:00 AM,2,1,0,36.081110,-86.755390,TIMBERHILL DR,,,,0.00,,,HARDING PL,,,,0.00,Y,Four-Way,N,Non-Junction,None,,,         ,Phillip,Murphy,Clear,"Sideswipe, Same Direction",no,no,no,no,no,False
102334997,METROPOLITAN NASHVILLE POLICE DEPT,20190213722,Davidson,Not in City Limit,3/19/2019 10:50:00 AM,2,0,0,36.262820,-86.712010,GALLATIN PKES,,,,92.00,Feet,South,STATE RT 45,,,,0.00,N,Not at Intersection, ,,None,,,         ,Brian,Otto,,,no,no,no,no,no,False
102335007,METROPOLITAN NASHVILLE POLICE DEPT,20190213723,Davidson,Nashville,3/19/2019 1:15:00 PM,2,0,0,36.184320,-86.748150,GALLATIN AV,,,,147.00,Feet,South,CHICAMAUGA AV,,,,0.00,N,Not at Intersection,N,Non-Junction,None,,,         ,Russell,Freeman,Clear,"Sideswipe, Same Direction",no,no,no,no,no,False
102335017,METROPOLITAN NASHVILLE POLICE DEPT,20190210893,Davidson,Nashville,3/18/2019 4:35:00 PM,2,2,0,36.168540,-86.788320,HARRISON ST,,,,0.00,,,ROSA L PARKS BLVD,,,,0.00,Y,Four-Way,N,Intersection,None,,,         ,Michael,Douglas,Clear,Angle,no,no,no,no,no,False
102335024,METROPOLITAN NASHVILLE POLICE DEPT,20190213753,Davidson,Nashville,3/19/2019 1:21:00 PM,2,2,0,36.106170,-86.764230,POWELL AV,,,,166.00,Feet,South,POWELL PL,,,,0.00,N,Not at Intersection,N,Non-Junction,None,,,         ,Justin,Pinkelton,Clear,Front to Rear,no,no,no,no,no,False
102335026,METROPOLITAN NASHVILLE POLICE DEPT,20190213785,Davidson,Nashville,3/19/2019 12:50:00 PM,2,0,0,36.057980,-86.630010,HAMILTON CHURCH RD,,,,0.00,,,,,,,0.00,,Not at Intersection, ,Non-Junction,None,,,         ,Steven,Williams,Clear,Angle,no,no,no,yes,yes,False
102335027,METROPOLITAN NASHVILLE POLICE DEPT,20190213741,Davidson,Antioch,3/19/2019 1:05:00 PM,2,0,0,36.017350,-86.619780,OLD HICKORY BLVD,,,,182.00,Feet,North,FIRESTONE PKWY,,,,0.00,N,Not at Intersection, ,Non-Junction,None,,,         ,Jessie,Meadows,Clear,Front to Rear,no,no,no,no,no,False
102335029,METROPOLITAN NASHVILLE POLICE DEPT,20190213705,Davidson,Nashville,3/19/2019 1:00:00 PM,2,0,0,36.207380,-86.611960,LEBANON PKE,,,,87.00,Feet,South,HIGHLAND VIEW DR,,,,0.00,N,Not at Intersection,N,Non-Junction,None,,,         ,Thomas,Odom,Clear,Angle,no,no,no,yes,yes,False
102335038,METROPOLITAN NASHVILLE POLICE DEPT,2019-0213291,Davidson,Nashville,3/19/2019 10:01:00 AM,2,0,0,36.036480,-86.786920,FRANKLIN PKE,,,,38.00,Feet,North,FRANKLIN RD,,,,0.00,N,Not at Intersection, ,Non-Junction,None,,,         ,Sean,Williams,Clear,Front to Rear,no,no,no,no,no,False
102335040,METROPOLITAN NASHVILLE POLICE DEPT,20190213193,Davidson,Nashville,3/19/2019 9:10:00 AM,2,0,0,36.201700,-86.776840,I 65,,,,0.00,,,,,,,87.00,N,Not at Intersection,N,Non-Junction,None,,,         ,Corey,Reed,Clear,Front to Rear,no,no,no,no,no,False
102335109,METROPOLITAN NASHVILLE POLICE DEPT,20190214037,Davidson,Nashville,3/19/2019 3:13:00 PM,1,0,0,36.222940,-86.826660,BOYD DR,,,,225.00,Feet,East,LYTLE DR,,,,0.00,N,Not at Intersection,N,Non-Junction,None,,,         ,Justin,Vaughn,Clear,Not Collision with Motor Vehicle in Transport,no,no,no,no,no,False
102335122,VANDERBILT UNIVERSITY POLICE,20190214026,Davidson,Nashville,3/19/2019 12:00:00 AM,2,0,0,36.141750,-86.813410,VANDERBILT PL,,,,93.00,Feet,West,30TH AVS,,,,0.00,N,Not at Intersection, ,,None,,,         ,Shaneithia,Lewis,,,no,no,no,no,no,Campus
102335130,METROPOLITAN NASHVILLE POLICE DEPT,20190214049,Davidson,Nashville,3/19/2019 12:00:00 AM,2,0,0,36.217440,-86.691940,MCGAVOCK PKE WB EXT RAMP,,,,0.00,,,MCGAVOCK PKE EB EXT RAMP,,,,0.00,Y,Y-Intersection, ,,None,,,         ,Joshua,Hausman,,,no,no,no,no,no,False
102335131,METROPOLITAN NASHVILLE POLICE DEPT,20190213961,Davidson,Nashville,3/19/2019 2:33:00 PM,2,0,0,36.150190,-86.796240,DIVISION ST,,,,97.00,Feet,West,19TH AVS,,,,0.00,N,Not at Intersection,N,Non-Junction,None,,,         ,FELIKS,ABRAHAMYAN,Clear,Angle,no,no,no,no,no,False
102335132,METROPOLITAN NASHVILLE POLICE DEPT,20190213984,Davidson,Nashville,3/19/2019 3:00:00 PM,2,0,0,36.127520,-86.695770,BRILEY PKWY,,,,110.00,Feet,North,INTERNATIONAL PLZ,,,,0.00,N,Not at Intersection, ,Non-Junction,None,,,         ,Thomas,Odom,Clear,"Sideswipe, Same Direction",no,no,no,no,no,False
102335135,METROPOLITAN NASHVILLE POLICE DEPT,20190214124,Davidson,Nashville,3/19/2019 3:27:00 PM,2,0,0,36.211000,-86.838930,NORTHSIDE STATION PVTDR,,,,0.00,Feet,East,CLARKSVILLE PKE,,,,0.00,N,Not at Intersection,N,Non-Junction,None,,,         ,Justin,Vaughn,Clear,Front to Rear,no,no,no,no,no,False
102335155,METROPOLITAN NASHVILLE POLICE DEPT,20190214105,Davidson,Nashville,3/19/2019 2:15:00 PM,2,0,0,36.174980,-86.771430,I 24,,,,0.00,,,,,,,48.05,N,Not at Intersection, ,Non-Junction,None,,,         ,Brent,Morris,Clear,"Sideswipe, Same Direction",no,no,no,no,no,False
102335182,METROPOLITAN NASHVILLE POLICE DEPT,20190213993,Davidson,Nashville,3/19/2019 2:28:00 PM,2,0,0,36.117140,-86.922580,CHARLOTTE PKE,,,,250.00,Feet,East,OLD HICKORY BLVD,,,,0.00,N,Not at Intersection,N,Non-Junction,None,,,         ,Micah,Wright,Clear,Front to Rear,no,no,no,no,no,False
102335183,METROPOLITAN NASHVILLE POLICE DEPT,20190213977,Davidson,Nashville,3/19/2019 1:56:00 PM,2,0,0,36.044950,-86.664870,BELL RD,,,,523.00,Feet,North,CEDAR POINTE PKWY,,,,0.00,N,Not at Intersection, ,Non-Junction,None,,,         ,Devonte,Coleman,Clear,Front to Rear,no,no,no,no,no,False
102335188,METROPOLITAN NASHVILLE POLICE DEPT,20190214238,Davidson,Nashville,3/19/2019 4:16:00 PM,2,0,0,36.082210,-86.761660,SIDCO DR,,,,0.00,,,HARDING PL,,,,0.00,Y,Four-Way, ,,None,,,         ,FELIKS,ABRAHAMYAN,,,no,no,no,no,no,False
102335201,METROPOLITAN NASHVILLE POLICE DEPT,20190214273,Davidson,Not in City Limit,3/19/2019 4:42:00 PM,2,0,0,36.076890,-86.945220,HIGHWAY 70S,,,,0.00,,,SAWYER BROWN RD,,,,0.00,Y,Four-Way,N,Intersection,None,,,         ,Brandon,Pedigo,Clear,Angle,no,no,no,no,no,False
102335214,METROPOLITAN NASHVILLE POLICE DEPT,20190214002,Davidson,Nashville,3/19/2019 3:02:00 PM,2,1,0,36.103620,-86.666480,OLD MURFREESBORO PKE,,,,0.00,,,FAIRCLOTH LN,,,,0.00,Y,Four-Way,Y,Intersection,None,,,         ,Steven,Powers,Clear,Angle,no,no,no,no,no,False
102335219,METROPOLITAN NASHVILLE POLICE DEPT,20190214333,Davidson,Nashville,3/19/2019 5:15:00 PM,3,0,0,36.040270,-86.780490,OLD HICKORY BLVD,,,,90.00,Feet,East,I65 N ENT RAMP,,,,0.00,N,Not at Intersection,N,Non-Junction,None,,,         ,Conor,Cronin,Clear,Front to Rear,no,no,no,no,no,False
102335221,METROPOLITAN NASHVILLE POLICE DEPT,20190214341,Davidson,Nashville,3/19/2019 5:26:00 PM,1,0,0,36.038890,-86.809890,OLD HICKORY BLVD,,,,1991.00,Feet,East,GRANNY WHITE PKE,,,,0.00,N,Not at Intersection,N,Non-Junction,None,,,         ,FELIKS,ABRAHAMYAN,Clear,Not Collision with Motor Vehicle in Transport,no,no,no,no,no,False
102335225,METROPOLITAN NASHVILLE POLICE DEPT,20190214130,Davidson,Nashville,3/19/2019 3:40:00 PM,2,0,0,36.118010,-86.768090,I440 E ENT RAMP,,,,0.00,,,I 440,,,,0.00,Y,OTHER, ,Entrance/Exit Ramp Related,Construction Zone,,,         ,Douglas,Sykes,Clear,"Sideswipe, Same Direction",no,no,no,no,no,False
102335230,METROPOLITAN NASHVILLE POLICE DEPT,20190214409,Davidson,Nashville,3/19/2019 5:17:00 PM,2,0,0,36.154580,-86.626300,I40 E ENT RAMP,,,,0.00,,,STEWARTS FERRY PKE,,,,0.00,Y,Y-Intersection,N,Entrance/Exit Ramp Related,None,,,         ,Andrey,Volfson,Clear,Front to Rear,no,no,no,no,yes,False
102335231,METROPOLITAN NASHVILLE POLICE DEPT,20190214078,Davidson,Nashville,3/19/2019 2:20:00 PM,2,0,0,36.044460,-86.687130,BELL RD,,,,952.00,Feet,South,BRENTRIDGE DR,,,,0.00,N,Not at Intersection,N,Non-Junction,None,,,         ,Matthew,Turppa,Clear,Other,no,no,no,yes,yes,False
102335234,METROPOLITAN NASHVILLE POLICE DEPT,20190214314,Davidson,Nashville,3/19/2019 5:12:00 PM,3,0,0,36.161410,-86.760710,I 24,,,,0.00,,,,,,,49.40,N,Not at Intersection, ,Non-Junction,None,,,         ,Derek,Betty,Clear,Front to Rear,no,no,no,no,no,False
102335238,BERRY HILL POLICE DEPT,19-0981,Davidson,Nashville,3/19/2019 12:00:00 AM,4,0,0,36.111700,-86.760690,THOMPSON LN,,,,663.00,Feet,East,E IRIS DR,,,,0.00,N,Not at Intersection,N,Non-Junction,None,,,         ,John,Gleixner,Clear,Front to Rear,no,no,no,no,no,False
102335239,METROPOLITAN NASHVILLE POLICE DEPT,2019-0214199,Davidson,Nashville,3/19/2019 4:18:00 PM,2,0,0,36.111040,-86.746980,THOMPSON LN,,,,50.00,Feet,West,GRANDVIEW AV,,,,0.00,N,Not at Intersection,N,Non-Junction,None,,,         ,William,King,Clear,Front to Rear,no,no,no,no,no,False
102335246,METROPOLITAN NASHVILLE POLICE DEPT,20190214299,Davidson,Nashville,3/19/2019 4:40:00 PM,2,0,0,36.153790,-86.762460,CARROLL ST,,,,238.00,Feet,West,I40 W ENT RAMP,,,,0.00,N,Not at Intersection, ,,None,,,         ,Darci,Stechman,,,no,no,no,no,no,False
102335247,METROPOLITAN NASHVILLE POLICE DEPT,20190214366,Davidson,Nashville,3/19/2019 5:37:00 PM,2,1,0,36.130180,-86.755030,NOLENSVILLE PKE,,,,0.00,,,POLK AV,,,,0.00,Y,T-Intersection,Y,Intersection,None,,,         ,Douglas,Sykes,Clear,Front to Rear,no,no,no,no,no,False
102335249,METROPOLITAN NASHVILLE POLICE DEPT,20190214277,Davidson,Nashville,3/19/2019 4:51:00 PM,2,0,0,36.153960,-86.818220,28TH AVN,,,,0.00,Feet,East,CHARLOTTE AV,,,,0.00,N,Not at Intersection,N,OtherLocation,None,,,         ,Justin,Vaughn,Clear,Front to Rear,no,no,no,no,no,False
102335250,VANDERBILT UNIVERSITY POLICE,20190214321,Davidson,Nashville,3/19/2019 4:55:00 PM,2,0,0,36.142160,-86.806630,25TH AVS,,,,188.00,Feet,South,HIGHLAND AV,,,,0.00,N,Not at Intersection, ,Non-Junction,None,,,         ,Mark,Clear,Clear,Rear to Side,no,no,no,yes,no,Campus
102335254,METROPOLITAN NASHVILLE POLICE DEPT,20190214343,Davidson,Not in City Limit,3/19/2019 5:24:00 PM,2,0,0,36.073500,-86.926340,HICKS RD,,,,150.00,Feet,South,HIGHWAY 70S,,,,0.00,N,Not at Intersection, ,Non-Junction,None,,,         ,Jeremy,Huffine,Clear,Angle,no,no,no,no,no,False
102335258,METROPOLITAN NASHVILLE POLICE DEPT,20190214468,Davidson,Nashville,3/19/2019 6:23:00 PM,3,2,0,36.200550,-86.620930,OLD HICKORY BLVD,,,,0.00,Feet,West,PLANTATION DR,,,,0.00,N,Not at Intersection, ,Non-Junction,None,,,         ,Deandera,Payne,Clear,Front to Rear,no,no,no,no,no,False
102335259,METROPOLITAN NASHVILLE POLICE DEPT,20190214210,Davidson,Nashville,3/19/2019 4:22:00 PM,2,0,0,36.153660,-86.775870,6TH AVS,,,,0.00,,,LEA AV,,,,0.00,Y,Four-Way,N,Intersection,None,,,         ,Joshua,Reece,Clear,Angle,no,no,no,no,no,False
102335260,METROPOLITAN NASHVILLE POLICE DEPT,20190214287,Davidson,Nashville,3/19/2019 4:49:00 PM,2,0,0,36.173570,-86.790090,JEFFERSON ST,,,,0.00,,,7TH AVN,,,,0.00,Y,Four-Way, ,Intersection,None,,,         ,Joshua,Reece,Clear,Angle,no,no,no,no,no,False
102335271,METROPOLITAN NASHVILLE POLICE DEPT,20190214530,Davidson,Goodlettsville,3/19/2019 6:55:00 PM,2,1,0,36.296520,-86.699520,GALLATIN PKEN,,,,176.00,Feet,South,RIVERGATE PKWY,,,,0.00,N,Not at Intersection, ,Non-Junction,None,,,         ,Christopher,Littles,Clear,"Sideswipe, Same Direction",no,no,no,no,no,False
102335272,METROPOLITAN NASHVILLE POLICE DEPT,20190214262,Davidson,Nashville,3/19/2019 4:51:00 PM,2,0,0,36.152840,-86.774390,LAFAYETTE ST,,,,211.00,Feet,West,ELM ST,,,,0.00,N,Not at Intersection,N,Non-Junction,None,,,         ,Brandon,O'Guin,Clear,Angle,no,no,no,no,no,False
102335273,METROPOLITAN NASHVILLE POLICE DEPT,20190214294,Davidson,Nashville,3/19/2019 5:00:00 PM,3,1,0,36.071020,-86.769660,I 65,,,,0.00,,,,,,,77.00,N,Not at Intersection,N,Non-Junction,None,,,         ,David,Robberson,Clear,Front to Rear,no,no,no,no,no,False
102335277,METROPOLITAN NASHVILLE POLICE DEPT,20190214423,Davidson,Nashville,3/19/2019 5:25:00 PM,2,0,0,36.142000,-86.678050,I 40,,,,0.00,,,,,,,215.95,N,Not at Intersection,N,Non-Junction,None,,,         ,John,Kelley,Clear,Front to Rear,no,no,no,no,yes,False
102335282,METROPOLITAN NASHVILLE POLICE DEPT,20190214566,Davidson,Nashville,3/19/2019 5:24:00 PM,2,0,0,36.045710,-86.674230,BELL RD,,,,36.00,Feet,East,BLUE HOLE RD,,,,0.00,N,Not at Intersection,N,Non-Junction,None,,,         ,Devonte,Coleman,Clear,Front to Rear,no,no,no,no,yes,False
102335287,METROPOLITAN NASHVILLE POLICE DEPT,20190214232,Davidson,Nashville,3/19/2019 4:36:00 PM,2,0,0,36.201000,-86.739920,GALLATIN PKE,,,,17.00,Feet,North,BURCHWOOD AV,,,,0.00,N,Not at Intersection, ,Non-Junction,None,,,         ,Alexander,Georgeson,Clear,Front to Rear,no,no,no,no,no,False
102335290,METROPOLITAN NASHVILLE POLICE DEPT,20190214169,Davidson,Nashville,3/19/2019 4:03:00 PM,2,2,0,36.168960,-86.655930,LEBANON PKE,,,,142.00,Feet,West,CEDARSTONE WAY,,,,0.00,N,Not at Intersection,N,Non-Junction,None,,,         ,Terence,Mitchell,Clear,Front to Rear,no,no,no,no,no,False
102335291,METROPOLITAN NASHVILLE POLICE DEPT,20190214377,Davidson,Nashville,3/19/2019 5:43:00 PM,2,0,0,36.235300,-86.798250,BRILEY PKWYE,,,,336.00,Feet,North,BRILEY PKWYW,,,,0.00,N,Not at Intersection,N,Non-Junction,None,,,         ,Justin,Vaughn,Clear,Front to Rear,no,no,no,no,no,False
102335294,METROPOLITAN NASHVILLE POLICE DEPT,20190214493,Davidson,Nashville,3/19/2019 5:40:00 PM,2,0,0,36.086380,-86.770520,HARDING PL,,,,437.00,Feet,East,FRANKLIN PKE,,,,0.00,N,Not at Intersection, ,Non-Junction,None,,,         ,Randall,Ward,Clear,Front to Rear,no,no,no,no,no,False
102335295,METROPOLITAN NASHVILLE POLICE DEPT,20190214514,Davidson,Nashville,3/19/2019 12:00:00 AM,2,0,0,36.155650,-86.789720,14TH AVS,,,,0.00,,,BROADWAY,,,,0.00,Y,Four-Way, ,,None,,,         ,Trevor,Taylor,,,no,no,no,no,no,False
102335305,METROPOLITAN NASHVILLE POLICE DEPT,20190214378,Davidson,Nashville,3/19/2019 5:30:00 PM,2,0,0,36.154540,-86.779230,8TH AVS,,,,38.00,Feet,South,LAFAYETTE ST,,,,0.00,N,Not at Intersection,N,OtherLocation,None,,,         ,Brandon,O'Guin,Clear,Angle,no,no,no,no,no,False