master_record_number,agency,agency_tracking_number,county,city,collision_date,vehicles_involved,number_injured,number_dead,latitude,longitude,roadway_name,roadway_suffix,roadway_number,roadway_local_id,distance_from_reference,miles-feet_indicator,direction_from_reference,intersection_road_name,intersection_road_name_suffix,intersection_road_number,intersection_local_id,mile_marker,intersection_indicator,intersect_type,interchange_related_indicator,relation_to_junction,work_zone_type,construction_maintenance_zone,construction_maintenance_zone_location,fatal_case_number,officer_first_name,officer_last_name,weather_condition(s),manner_of_crash,pedestrian,bicycle,scooter,parking,hitrun,mou
102335309,METROPOLITAN NASHVILLE POLICE DEPT,20190214654,Davidson,Nashville,3/19/2019 7:31:00 PM,2,0,0,36.121260,-86.803790,I440 E ENT RAMP,,,,0.00,,,I 440,,,,0.00,Y,OTHER, ,Entrance/Exit Ramp Related,Construction Zone,,,         ,Douglas,Sykes,Clear,Front to Rear,no,no,no,no,no,False
102335310,METROPOLITAN NASHVILLE POLICE DEPT,2019-0214280,Davidson,Nashville,3/19/2019 4:39:00 PM,2,0,0,36.045190,-86.715400,OLD HICKORY BLVD,,,,179.00,Feet,West,BRENTWOOD EAST DR,,,,0.00,N,Not at Intersection,N,"Driveway, Alley Access, etc",None,,,         ,William,King,Clear,Angle,no,no,no,no,yes,False
102335311,METROPOLITAN NASHVILLE POLICE DEPT,20190214492,Davidson,Nashville,3/19/2019 5:53:00 PM,3,0,0,36.059070,-86.716220,NOLENSVILLE PKE,,,,0.00,,,TUSCULUM RD,,,,0.00,Y,Four-Way,N,Intersection,None,,,         ,FELIKS,ABRAHAMYAN,Clear,Angle,no,no,no,no,no,False
102335314,METROPOLITAN NASHVILLE POLICE DEPT,20190214601,Davidson,Nashville,3/19/2019 7:18:00 PM,2,0,0,36.118360,-86.774410,FRANKLIN PKE,,,,75.00,Feet,East,I440 ENT RAMP,,,,0.00,N,Not at Intersection, ,Non-Junction,None,,,         ,Randall,Ward,Clear,Front to Rear,no,no,no,no,no,False
102335339,METROPOLITAN NASHVILLE POLICE DEPT,20190214655,Davidson,Nashville,3/19/2019 6:17:00 PM,2,0,0,36.076750,-86.773210,FRANKLIN PKE,,,,264.00,Feet,South,TYNE BLVD,,,,0.00,N,Not at Intersection, ,,None,,,         ,FELIKS,ABRAHAMYAN,,,no,no,no,no,no,False
102335374,METROPOLITAN NASHVILLE POLICE DEPT,20190214575,Davidson,Not in City Limit,3/19/2019 6:51:00 PM,3,0,0,36.062320,-86.942740,BEECH BEND DR,,,,0.00,,,OLD HARDING PKE,,,,0.00,Y,Four-Way,N,Intersection,None,,,         ,Brandon,Pedigo,Clear,Angle,no,no,no,no,no,False
102335375,METROPOLITAN NASHVILLE POLICE DEPT,20190214741,Davidson,Not in City Limit,3/19/2019 8:11:00 PM,2,2,0,36.269260,-86.755740,OLD HICKORY BLVDW,,,,0.00,,,DICKERSON PKE,,,,0.00,Y,Four-Way,N,Intersection,None,,,         ,Christopher,Littles,Clear,HeadOn,no,no,no,no,no,False
102335384,METROPOLITAN NASHVILLE POLICE DEPT,20190214796,Davidson,Nashville,3/19/2019 8:24:00 PM,2,0,0,36.175800,-86.786810,4TH AVN,,,,0.00,Feet,East,MADISON ST,,,,0.00,N,Not at Intersection, ,Non-Junction,None,,,         ,Justin,Vaughn,Clear,Angle,no,no,no,no,no,False
102335407,METROPOLITAN NASHVILLE POLICE DEPT,20190214830,Davidson,Nashville,3/19/2019 12:00:00 AM,2,0,0,36.158150,-86.799740,CHARLOTTE AV,,,,40.00,Feet,East,18TH AVN,,,,0.00,N,Not at Intersection,N,Non-Junction,None,,,         ,Trevor,Taylor,Clear,Front to Rear,no,no,no,no,yes,False
102335424,METROPOLITAN NASHVILLE POLICE DEPT,20190214864,Davidson,Nashville,3/19/2019 8:50:00 PM,2,0,0,36.153180,-86.764510,I 40,,,,0.00,,,,,,,210.70,N,Not at Intersection, ,,None,,,         ,Darci,Stechman,,,no,no,no,no,no,False
102335425,METROPOLITAN NASHVILLE POLICE DEPT,20190214449,Davidson,Nashville,3/19/2019 6:10:00 PM,2,0,0,36.158060,-86.877010,ROBERTSON AV,,,,0.00,,,JAMES AV,,,,0.00,Y,Four-Way,N,Intersection,None,,,         ,Robert,Crow,Clear,Angle,no,no,no,no,no,False
102335443,METROPOLITAN NASHVILLE POLICE DEPT,20190214876,Davidson,Nashville,3/19/2019 9:04:00 PM,2,1,0,36.153230,-86.797600,HAYES ST,,,,180.00,Feet,East,19TH AVN,,,,0.00,N,Not at Intersection, ,Non-Junction,None,,,         ,FELIKS,ABRAHAMYAN,Clear,Rear to Side,no,no,no,yes,no,False
102335454,GOODLETTSVILLE POLICE DEPT,19-10187,Davidson,Goodlettsville,3/19/2019 6:00:00 PM,2,0,0,36.309650,-86.688430,VIETNAM VETERANS BLVDN,,,,694.00,Feet,South,VIETNAM VETERANS BLVDS,,,,0.00,N,Not at Intersection, ,Non-Junction,None,,,         ,Jessica,Gistarb,Clear,Front to Rear,no,no,no,no,no,False
102335465,METROPOLITAN NASHVILLE POLICE DEPT,20190214282,Davidson,Nashville,3/19/2019 4:54:00 PM,2,0,0,36.119720,-86.702150,MURFREESBORO PKE,,,,87.00,Feet,West,JUPITER DR,,,,0.00,N,Not at Intersection,N,Non-Junction,None,,,         ,Andrew,Brazee,Clear,Front to Rear,no,no,no,no,no,False
102335466,METROPOLITAN NASHVILLE POLICE DEPT,20190214435,Davidson,Nashville,3/19/2019 5:48:00 PM,2,0,0,36.135090,-86.823980,WEST END AV,,,,150.00,Feet,West,I440 WEST END AV ENT RAMP,,,,0.00,N,Not at Intersection, ,Entrance/Exit Ramp Related,None,,,         ,Torian,Cox,Clear,Front to Rear,no,no,no,no,no,False
102335475,Nashville Airport Police,2019-01142,Davidson,Nashville,3/19/2019 2:40:00 PM,2,0,0,36.116980,-86.669080,HANGAR LN,,,,0.00,,,AIRPORT SERVICE RD,,,,0.00,Y,T-Intersection, ,Non-Junction,None,,,         ,Daniel,DePinto,Clear,"Sideswipe, Same Direction",no,no,no,no,no,False
102335478,METROPOLITAN NASHVILLE POLICE DEPT,20190214937,Davidson,Nashville,3/19/2019 8:47:00 PM,2,0,0,36.098160,-86.763410,I 65,,,,0.00,,,,,,,78.90,N,Not at Intersection,N,Non-Junction,None,,,         ,FELIKS,ABRAHAMYAN,Clear,Front to Rear,no,no,no,no,yes,False
102335479,METROPOLITAN NASHVILLE POLICE DEPT,2019-0214922,Davidson,Nashville,3/19/2019 9:21:00 PM,2,0,0,36.037720,-86.794750,OLD HICKORY BLVD,,,,0.00,,,BRENTWOOD BLVD,,,,0.00,Y,Four-Way, ,Intersection-Related,None,,,         ,William,King,Clear,Front to Rear,no,no,no,no,no,False
102335535,METROPOLITAN NASHVILLE POLICE DEPT,20190214112,Davidson,Nashville,3/19/2019 3:40:00 PM,2,3,0,36.144430,-86.872720,CHARLOTTE PKE,,,,0.00,Feet,,AMERICAN RD,,,,0.00,Y,T-Intersection,N,Intersection-Related,None,,,         ,Torian,Cox,Clear,Front to Rear,no,no,no,no,no,False
102335537,METROPOLITAN NASHVILLE POLICE DEPT,20190211552,Davidson,Nashville,3/19/2019 9:20:00 PM,2,0,0,36.155460,-86.789160,I 40,,,,0.00,,,,,,,209.20,N,Not at Intersection, ,Non-Junction,Construction Zone,,,         ,Nicholas,Berens,Clear,Front to Rear,no,no,no,no,no,False
102335547,METROPOLITAN NASHVILLE POLICE DEPT,20190214525,Davidson,Nashville,3/19/2019 3:06:00 PM,1,0,0,36.037940,-86.646570,I 24,,,,0.00,,,,,,,60.25,N,Not at Intersection, ,Non-Junction,Unknown,,,         ,Andrew,Brazee,Clear,Not Collision with Motor Vehicle in Transport,no,no,no,no,no,False
102335551,METROPOLITAN NASHVILLE POLICE DEPT,20190215042,Davidson,Nashville,3/18/2019 10:17:00 PM,2,0,0,36.114370,-86.771870,I440 E ENT RAMP,,,,0.00,,,I 65,,,,0.00,Y,OTHER,N,Entrance/Exit Ramp Related,None,,,         ,Ralph,Smith IV,Clear,"Sideswipe, Same Direction",no,no,no,no,yes,False
102335553,METROPOLITAN NASHVILLE POLICE DEPT,20190214986,Davidson,Nashville,3/19/2019 10:03:00 PM,3,2,0,36.188510,-86.776160,I 24,,,,0.00,,,,,,,47.00,N,Not at Intersection,N,Non-Junction,None,,,         ,Roy,Sain Jr.,Clear,Front to Rear,no,no,no,no,yes,False
102335556,METROPOLITAN NASHVILLE POLICE DEPT,20190215152,Davidson,Nashville,3/19/2019 11:21:00 PM,2,0,0,36.163530,-86.762360,I 24,,,,0.00,,,,,,,49.20,N,Not at Intersection,N,Non-Junction,None,,,         ,Reagan,Heath,Clear,"Sideswipe, Same Direction",no,no,no,no,yes,False
102335557,METROPOLITAN NASHVILLE POLICE DEPT,20190215074,Davidson,Nashville,3/19/2019 10:10:00 PM,2,0,0,36.142590,-86.815500,31ST AVS,,,,0.00,,,31ST AVN,,,,0.00,Y,Four-Way,N,Intersection,None,,,         ,David,Barras,Clear,"Sideswipe, Same Direction",no,no,no,no,yes,Campus
102335560,METROPOLITAN NASHVILLE POLICE DEPT,20190215154,Davidson,Nashville,3/19/2019 9:00:00 PM,2,0,0,36.077430,-86.669200,BILLINGSGATE RD,,,,149.00,Feet,East,CHETOPA CT,,,,0.00,N,Not at Intersection,N,Non-Junction,None,,,         ,Carey,Steel,Clear,"Sideswipe, Same Direction",no,no,no,no,yes,False
102335562,METROPOLITAN NASHVILLE POLICE DEPT,20190215321,Davidson,Nashville,3/20/2019 12:30:00 AM,2,0,0,36.171830,-86.768530,I 24,,,,0.00,,,,,,,48.35,N,Not at Intersection,N,Non-Junction,Maintenance Zone,Lane Shift-Crossover,Transition Area,         ,Bradley,Pope,Clear,Front to Rear,no,no,no,no,yes,False
102335581,METROPOLITAN NASHVILLE POLICE DEPT,20190215141,Davidson,Nashville,3/19/2019 12:00:00 AM,1,0,0,36.218120,-86.746400,ELLINGTON PKWY N ENT RAMP,,,,0.00,Feet,East,HART LN,,,,0.00,N,Not at Intersection,N,Non-Junction,None,,,         ,Amanda,Hane,Clear,Unknown,no,no,no,no,yes,False
102335600,METROPOLITAN NASHVILLE POLICE DEPT,20190215769,Davidson,Nashville,3/20/2019 3:20:00 AM,1,1,0,36.158820,-86.641440,STEWARTS FERRY PIKE,,,,245.00,Feet,West,HICKORY PL,,,,0.00,N,Not at Intersection,N,Non-Junction,None,,,         ,Tyler,Manivong,Clear,Not Collision with Motor Vehicle in Transport,no,no,no,no,no,False
102335616,METROPOLITAN NASHVILLE POLICE DEPT,20190215864,Davidson,Nashville,3/20/2019 4:00:00 AM,1,0,0,36.055440,-86.745070,OAKLEY DR,,,,136.00,Feet,East,PRESERVE AT BRENTWOOD PVTDR,,,,0.00,N,Not at Intersection,N,Non-Junction,None,,,         ,David,Barras,Clear,Not Collision with Motor Vehicle in Transport,no,no,no,no,no,False
102335634,METROPOLITAN NASHVILLE POLICE DEPT,20190216112,Davidson,Nashville,3/20/2019 5:48:00 AM,3,1,0,36.154150,-86.757760,I24 W ENT RAMP,,,,0.00,Feet,East,I 40,,,,0.00,N,Not at Intersection,N,Non-Junction,None,,,         ,Joseph,Zambardi,Clear,Front to Rear,no,no,no,no,no,False
102335636,METROPOLITAN NASHVILLE POLICE DEPT,20190216203,Davidson,Nashville,3/20/2019 6:37:00 AM,2,0,0,36.145730,-86.645580,I 40,,,,0.00,,,,,,,217.10,N,Not at Intersection,N,Non-Junction,None,,,         ,Michael,Dance,Clear,Front to Rear,no,no,no,no,no,False
102335639,METROPOLITAN NASHVILLE POLICE DEPT,20190216226,Davidson,Nashville,3/20/2019 6:35:00 AM,2,0,0,36.143830,-86.689900,I 40,,,,0.00,,,,,,,215.30,N,Not at Intersection, ,,None,,,         ,Ralph,Harvey,,,no,no,no,no,no,False
102335640,METROPOLITAN NASHVILLE POLICE DEPT,20190216252,Davidson,Nashville,3/20/2019 7:08:00 AM,2,2,0,36.125210,-86.734150,I24 E ENT RAMP,,,,9.00,Feet,West,S LYLE LN,,,,0.00,N,Not at Intersection,N,Non-Junction,Construction Zone,Work On Shoulder Or Median,Advanced Warning Area,         ,Ronald,Bright,Clear,Front to Rear,no,no,no,no,no,False
102335643,METROPOLITAN NASHVILLE POLICE DEPT,20190216254,Davidson,Nashville,3/20/2019 7:08:00 AM,2,0,0,36.037610,-86.785120,OLD HICKORY BLVD,,,,0.00,,,I65 S ENT RAMP,,,,0.00,Y,OTHER, ,OtherLocation,None,,,         ,Jon,Mcvey,Cloudy,Front to Rear,no,no,no,no,no,False
102335670,METROPOLITAN NASHVILLE POLICE DEPT,20190216328,Davidson,Nashville,3/20/2019 7:45:00 AM,2,1,0,36.153820,-86.757940,I 40,,,,0.00,,,,,,,211.10,N,Not at Intersection,N,Non-Junction,None,,,         ,Robert,Leverick,Clear,Front to Rear,no,no,no,no,no,False
102335679,METROPOLITAN NASHVILLE POLICE DEPT,20190216367,Davidson,Nashville,3/20/2019 7:30:00 AM,2,0,0,36.109410,-86.727890,BRILEY PKWYN,,,,0.00,,,BRILEY PKWYS,,,,0.00,Y,Four-Way,Y,Intersection,None,,,         ,Joseph,Simon,Clear,Front to Rear,no,no,no,no,no,False
102335688,METROPOLITAN NASHVILLE POLICE DEPT,20190216258,Davidson,Antioch,3/20/2019 7:20:00 AM,2,0,0,36.047840,-86.612050,MURFREESBORO PKE,,,,1284.00,Feet,North,MOUNTAIN SPRINGS RD,,,,0.00,N,Not at Intersection, ,Non-Junction,None,,,         ,Jessie,Meadows,Clear,Angle,no,no,no,no,no,False
102335690,METROPOLITAN NASHVILLE POLICE DEPT,20190216416,Davidson,Nashville,3/20/2019 8:10:00 AM,2,0,0,36.148630,-86.666290,DONELSON PKE,,,,62.00,Feet,South,ELM HILL PKE,,,,0.00,N,Not at Intersection,N,Non-Junction,None,,,         ,Zachary,Scott,Clear,Front to Rear,no,no,no,no,no,False
102335691,Nashville Airport Police,19-01152,Davidson,Nashville,3/20/2019 7:00:00 AM,2,0,0,36.116980,-86.669080,HANGAR LN,,,,0.00,,,AIRPORT SERVICE RD,,,,0.00,Y,OTHER, ,Non-Junction,None,,,         ,Gary,Glover,Clear,Front to Rear,no,no,no,no,no,False
102335692,METROPOLITAN NASHVILLE POLICE DEPT,20190216512,Davidson,Nashville,3/20/2019 8:55:00 AM,2,0,0,36.145760,-86.871150,CHARLOTTE PKE,,,,177.00,Feet,West,WESTBORO DR,,,,0.00,N,Not at Intersection,N,Non-Junction,None,,,         ,Curtis,Rich,Clear,Front to Rear,no,no,no,no,no,False
102335699,METROPOLITAN NASHVILLE POLICE DEPT,2019-0216370,Davidson,Nashville,3/20/2019 7:54:00 AM,2,0,0,36.078000,-86.723470,WALLACE RD,,,,700.00,Feet,East,BROOKRIDGE TRL,,,,0.00,N,Not at Intersection, ,Non-Junction,None,,,         ,Stanley,Collins,Clear,Angle,no,no,no,no,no,False
102335700,Nashville Airport Police,19-01153,Davidson,Nashville,3/20/2019 6:31:00 AM,1,1,0,36.112890,-86.689010,MURFREESBORO PKE,,,,0.00,,,MCGAVOCK PKE,,,,0.00,Y,T-Intersection,Y,Intersection-Related,None,,,         ,Phillip,Schmidt,Clear,Not Collision with Motor Vehicle in Transport,no,no,no,no,no,False
102335702,METROPOLITAN NASHVILLE POLICE DEPT,20190216487,Davidson,Nashville,3/20/2019 8:37:00 AM,2,1,0,36.080850,-86.807400,TYNE BLVD,,,,119.00,Feet,East,ROSELAWN CIR,,,,0.00,N,Not at Intersection, ,Non-Junction,None,,,         ,Jon,Mcvey,Clear,Angle,no,no,no,no,no,False
102335706,METROPOLITAN NASHVILLE POLICE DEPT,20190216318,Davidson,Nashville,3/20/2019 7:35:00 AM,3,1,0,36.109410,-86.727890,BRILEY PKWYN,,,,0.00,,,BRILEY PKWYS,,,,0.00,Y,Four-Way,Y,Intersection,None,,,         ,Joseph,Simon,Clear,Front to Rear,no,no,no,no,no,False
102335709,METROPOLITAN NASHVILLE POLICE DEPT,20190216342,Davidson,Nashville,3/20/2019 7:52:00 AM,1,1,0,36.188050,-86.629550,LEBANON PKE,,,,93.00,Feet,West,HICKORY HILL LN,,,,0.00,N,Not at Intersection,N,"Driveway, Alley Access, etc",None,,,         ,Michael,Dance,Clear,Not Collision with Motor Vehicle in Transport,no,yes,no,no,no,False
102335712,METROPOLITAN NASHVILLE POLICE DEPT,20190216385,Davidson,Nashville,3/20/2019 8:06:00 AM,2,0,0,36.064610,-86.684390,I 24,,,,0.00,,,,,,,57.45,N,Not at Intersection, ,Non-Junction,None,,,         ,Jessie,Meadows,Clear,Front to Rear,no,no,no,no,no,False
102335725,METROPOLITAN NASHVILLE POLICE DEPT,20190216470,Davidson,Nashville,3/20/2019 8:00:00 AM,2,1,0,36.092100,-86.651800,MURFREESBORO PKE,,,,349.00,Feet,North,BRITISH WOODS DR,,,,0.00,N,Not at Intersection,N,Non-Junction,None,,,         ,Douglas,Meringer,Clear,Front to Rear,no,no,no,no,no,False
102335730,METROPOLITAN NASHVILLE POLICE DEPT,20190216648,Davidson,Nashville,3/20/2019 8:27:00 AM,2,0,0,36.144390,-86.741380,ELM HILL PKE,,,,96.00,Feet,East,LANNIE BOSWELL AV,,,,0.00,N,Not at Intersection, ,,None,,,         ,Ralph,Harvey,,,no,no,no,no,no,False
102335755,VANDERBILT UNIVERSITY POLICE,20190216564,Davidson,Nashville,3/20/2019 8:30:00 AM,2,0,0,36.141900,-86.805650,24TH AVS,,,,0.00,,,,,,,0.00,,, ,,None,,,         ,Linda,Jennings,,,no,no,no,yes,no,Campus
102335758,METROPOLITAN NASHVILLE POLICE DEPT,20190216797,Davidson,Nashville,3/20/2019 10:15:00 AM,2,0,0,36.149120,-86.771060,5TH AVS,,,,301.00,Feet,South,CARROLL ST,,,,0.00,N,Not at Intersection,N,Non-Junction,None,,,         ,Jon,Mcvey,Clear,Angle,no,no,no,no,yes,False
102335769,METROPOLITAN NASHVILLE POLICE DEPT,20190216771,Davidson,Nashville,3/20/2019 10:39:00 AM,2,0,0,36.146410,-86.742670,I 40,,,,0.00,,,,,,,212.10,N,Not at Intersection, ,Non-Junction,None,,,         ,Michael,Dance,Clear,Front to Rear,no,no,no,no,no,False
102335770,METROPOLITAN NASHVILLE POLICE DEPT,20190216439,Davidson,Nashville,3/20/2019 8:30:00 AM,3,0,0,36.177920,-86.764240,SPRING ST ENT RAMP,,,,0.00,Feet,East,ELLINGTON PKWYS,,,,0.00,N,Not at Intersection,N,Entrance/Exit Ramp Related,None,,,         ,Joseph,Progar,Clear,Front to Rear,no,no,no,no,no,False
102335780,METROPOLITAN NASHVILLE POLICE DEPT,20190216774,Davidson,Nashville,3/20/2019 10:30:00 AM,2,1,0,36.187920,-86.798480,DOMINICAN DR,,,,0.00,,,ROSA L PARKS BLVD,,,,0.00,Y,Four-Way,N,Intersection,None,,,         ,Wesley,Young,Clear,Front to Rear,no,no,no,no,no,False
102335783,METROPOLITAN NASHVILLE POLICE DEPT,20190216768,Davidson,Nashville,3/20/2019 10:45:00 AM,1,0,0,36.179090,-86.618620,CENTRAL PKE,,,,791.00,Feet,North,JAMES KAY LN,,,,0.00,N,Not at Intersection,N,OtherLocation,None,,,         ,Joshua,Hausman,Clear,Not Collision with Motor Vehicle in Transport,no,no,no,no,no,False
102335791,METROPOLITAN NASHVILLE POLICE DEPT,20190216502,Davidson,Nashville,3/20/2019 8:55:00 AM,2,0,0,36.045740,-86.674350,BELL RD,,,,0.00,,,BLUE HOLE RD,,,,0.00,Y,Four-Way,N,Non-Junction,None,,,         ,Steven,Williams,Clear,Front to Rear,no,no,no,no,no,False
102335796,METROPOLITAN NASHVILLE POLICE DEPT,20190216772,Davidson,Nashville,3/20/2019 10:38:00 AM,2,0,0,36.164330,-86.762980,I 24,,,,0.00,,,,,,,49.15,N,Not at Intersection,Y,Non-Junction,None,,,         ,Byron,Carter,Clear,Front to Rear,no,no,no,no,yes,False
102335799,METROPOLITAN NASHVILLE POLICE DEPT,20190216577,Davidson,Nashville,3/20/2019 9:29:00 AM,2,0,0,36.120120,-86.696920,BRILEY PKWYN,,,,341.00,Feet,South,BRILEY PKWYS,,,,0.00,N,Not at Intersection, ,Entrance/Exit Ramp Related,None,,,         ,Terry,Denton,Clear,Angle,no,no,no,no,no,False
102335800,METROPOLITAN NASHVILLE POLICE DEPT,2018 0216814,Davidson,Not in City Limit,3/20/2019 10:55:00 AM,1,0,0,36.042220,-86.977490,MCCRORY LN,,,,326.00,Feet,East,SEQUOYAH LN,,,,0.00,N,Not at Intersection,N,Non-Junction,None,,,         ,Paul,Junkmann,Clear,Not Collision with Motor Vehicle in Transport,no,no,no,no,no,False
102335809,METROPOLITAN NASHVILLE POLICE DEPT,20190216915,Davidson,Nashville,3/20/2019 11:40:00 AM,2,2,0,36.073960,-86.924520,HIGHWAY 70S,,,,0.00,,,BELLE FOREST CIR,,,,0.00,Y,T-Intersection,N,Intersection,None,,,         ,Curtis,Rich,Clear,Angle,no,no,no,no,no,False
102335815,METROPOLITAN NASHVILLE POLICE DEPT,20190216988,Davidson,Nashville,3/20/2019 12:09:00 PM,2,0,0,36.142290,-86.666610,I40 W ENT RAMP,,,,0.00,,,I 40,,,,0.00,Y,T-Intersection, ,Intersection,None,,,         ,Michael,Dance,Clear,Front to Rear,no,no,no,no,no,False
102335837,METROPOLITAN NASHVILLE POLICE DEPT,20190216811,Davidson,Nashville,3/20/2019 10:39:00 AM,2,1,0,36.203950,-86.776770,I 65,,,,0.00,,,,,,,87.15,N,Not at Intersection,N,Non-Junction,None,,,         ,Royce,McLester,Clear,Front to Rear,no,no,no,no,no,False
102335872,METROPOLITAN NASHVILLE POLICE DEPT,20190216933,Davidson,Nashville,3/20/2019 11:47:00 AM,2,0,0,36.201200,-86.739810,GALLATIN PKE,,,,99.00,Feet,North,BURCHWOOD AV,,,,0.00,N,Not at Intersection, ,Non-Junction,None,,,         ,Michael,Agee,Clear,Front to Rear,no,no,no,no,no,False
102335891,METROPOLITAN NASHVILLE POLICE DEPT,20190217057,Davidson,Nashville,3/20/2019 12:30:00 PM,2,0,0,36.079540,-86.726500,HARDING PL,,,,58.00,Feet,West,NOLENSVILLE PKE,,,,0.00,N,Not at Intersection, ,Intersection-Related,None,,,         ,Jon,Mcvey,Clear,Front to Rear,no,no,no,no,no,False
102335894,METROPOLITAN NASHVILLE POLICE DEPT,20190216432,Davidson,Nashville,3/20/2019 8:20:00 AM,2,2,0,36.168410,-86.760090,SHELBY AV,,,,79.00,Feet,East,S 6TH ST,,,,0.00,N,Not at Intersection,N,Non-Junction,None,,,         ,Russell,Freeman,Clear,Front to Rear,no,no,no,no,yes,False
102335931,METROPOLITAN NASHVILLE POLICE DEPT,20190217130,Davidson,Nashville,3/20/2019 12:55:00 PM,2,0,0,36.134330,-86.889010,CHARLOTTE PKE,,,,311.00,Feet,West,W HILLWOOD DR,,,,0.00,N,Not at Intersection, ,Non-Junction,None,,,         ,Benjamin,Cantrell,Clear,Front to Rear,no,no,no,no,no,False
102335938,METROPOLITAN NASHVILLE POLICE DEPT,20190217108,Davidson,Nashville,3/20/2019 12:56:00 PM,2,1,0,36.125630,-86.813840,I 440,,,,0.00,,,,,,,2.35,N,Not at Intersection,N,Non-Junction,None,,,         ,David,Lang,Clear,Front to Rear,no,no,no,no,no,False
102335941,BERRY HILL POLICE DEPT,19-0997,Davidson,Berry Hill,3/20/2019 11:20:00 AM,2,0,0,36.111930,-86.762920,THOMPSON LN,,,,0.00,,,E IRIS DR,,,,0.00,Y,T-Intersection, ,Non-Junction,None,,,         ,Ronnie,Hill,Cloudy,Angle,no,no,no,no,no,False
102335952,METROPOLITAN NASHVILLE POLICE DEPT,20190217107,Davidson,Nashville,3/20/2019 12:55:00 PM,1,1,0,36.127910,-86.850990,SAINT MARYS CAMPUS PVTDR,,,,162.00,Feet,North,WHITE BRIDGE PKE,,,,0.00,N,Not at Intersection,N,Non-Junction,None,,,         ,Curtis,Rich,Clear,Not Collision with Motor Vehicle in Transport,no,no,no,yes,no,False
102335955,METROPOLITAN NASHVILLE POLICE DEPT,20190217189,Davidson,Nashville,3/20/2019 1:10:00 PM,2,0,0,36.147640,-86.808250,ELLISTON PL,,,,100.00,Feet,North,25TH AVN,,,,0.00,N,Not at Intersection,N,Non-Junction,None,,,         ,Brian,Murphy,Clear,Angle,no,no,no,no,no,Campus
102335962,METROPOLITAN NASHVILLE POLICE DEPT,20190217172,Davidson,Not in City Limit,3/20/2019 1:13:00 PM,2,0,0,36.257740,-86.707540,HARRIS ST,,,,139.00,Feet,West,IDLEWILD AV,,,,0.00,N,Not at Intersection, ,,None,,,         ,Timothy,Kearney,,,no,no,no,no,no,False
102336019,METROPOLITAN NASHVILLE POLICE DEPT,20190217281,Davidson,Antioch,3/20/2019 2:05:00 PM,2,0,0,36.047840,-86.612050,MURFREESBORO PKE,,,,1284.00,Feet,North,MOUNTAIN SPRINGS RD,,,,0.00,N,Not at Intersection,N,Non-Junction,None,,,         ,Jessie,Meadows,Clear,"Sideswipe, Same Direction",no,no,no,no,yes,False
102336026,METROPOLITAN NASHVILLE POLICE DEPT,20190217229,Davidson,Nashville,3/20/2019 1:45:00 PM,2,3,0,36.191010,-86.798950,ROSA L PARKS BLVD,,,,0.00,,,VANTAGE WAY,,,,0.00,Y,Four-Way,N,Intersection,None,,,         ,Wesley,Young,Clear,Front to Rear,no,no,no,no,no,False
102336027,METROPOLITAN NASHVILLE POLICE DEPT,20190217232,Davidson,Nashville,3/20/2019 1:45:00 PM,2,1,0,36.144100,-86.873100,WATTS LN,,,,0.00,Feet,North,CHARLOTTE PKE,,,,0.00,N,Not at Intersection,N,Non-Junction,None,,,         ,Brian,Myatt,Clear,Front to Rear,no,no,no,no,no,False
102336028,METROPOLITAN NASHVILLE POLICE DEPT,20190217257,Davidson,Nashville,3/19/2019 1:49:00 PM,2,0,0,36.228930,-86.759840,DICKERSON PKE,,,,0.00,,,,,,,0.00,,,N,Non-Junction,None,,,         ,Nicholas,Smith,Clear,Rear to Side,no,no,no,no,yes,False
102336032,METROPOLITAN NASHVILLE POLICE DEPT,20190217262,Davidson,Nashville,3/20/2019 1:58:00 PM,2,0,0,36.080620,-86.726660,NOLENSVILLE PKE,,,,383.00,Feet,North,HARDING PL,,,,0.00,N,Not at Intersection, ,Non-Junction,None,,,         ,Jon,Mcvey,Clear,Front to Rear,no,no,no,no,no,False
102336033,METROPOLITAN NASHVILLE POLICE DEPT,20190217155,Davidson,Nashville,3/20/2019 1:08:00 PM,2,0,0,36.152930,-86.755550,I 40,,,,0.00,,,,,,,211.25,N,Not at Intersection, ,Non-Junction,None,,,         ,Terry,Denton,Clear,"Sideswipe, Same Direction",no,no,no,no,no,False
102336038,METROPOLITAN NASHVILLE POLICE DEPT,20190217215,Davidson,Nashville,3/20/2019 1:30:00 PM,2,1,0,36.217950,-86.597630,ANDREW JACKSON PKWY,,,,44.00,Feet,North,JACKSON MEADOWS DR,,,,0.00,N,Not at Intersection,N,Non-Junction,None,,,         ,Zachary,Scott,Clear,Angle,no,no,no,no,no,False
102336056,METROPOLITAN NASHVILLE POLICE DEPT,20190217319,Davidson,Nashville,3/20/2019 2:30:00 PM,2,0,0,36.139650,-86.819910,PARK DR,,,,1.00,Feet,East,FAIRMONT DR,,,,0.00,N,Not at Intersection, ,Non-Junction,None,,,         ,Timothy,Ward,Clear,"Sideswipe, Same Direction",no,no,no,no,no,False
102336071,METROPOLITAN NASHVILLE POLICE DEPT,20190217361,Davidson,Nashville,3/20/2019 2:00:00 PM,2,0,0,36.171390,-86.799010,JEFFERSON ST,,,,62.00,Feet,East,I40 E ENT RAMP,,,,0.00,N,Not at Intersection,N,Non-Junction,None,,,         ,Justin,Vaughn,Clear,Angle,no,no,no,no,yes,False