master_record_number,agency,agency_tracking_number,county,city,collision_date,vehicles_involved,number_injured,number_dead,latitude,longitude,roadway_name,roadway_suffix,roadway_number,roadway_local_id,distance_from_reference,miles-feet_indicator,direction_from_reference,intersection_road_name,intersection_road_name_suffix,intersection_road_number,intersection_local_id,mile_marker,intersection_indicator,intersect_type,interchange_related_indicator,relation_to_junction,work_zone_type,construction_maintenance_zone,construction_maintenance_zone_location,fatal_case_number,officer_first_name,officer_last_name,weather_condition(s),manner_of_crash,pedestrian,bicycle,scooter,parking,hitrun,mou
102336102,METROPOLITAN NASHVILLE POLICE DEPT,20190217208,Davidson,Nashville,3/20/2019 1:30:00 PM,2,2,0,36.139650,-86.879840,CHARLOTTE PKE,,,,253.00,Feet,West,RUSSLEO DR,,,,0.00,N,Not at Intersection,N,Non-Junction,None,,,         ,George,Spencer,Clear,Angle,no,no,no,no,no,False
102336109,METROPOLITAN NASHVILLE POLICE DEPT,20190217507,Davidson,Nashville,3/20/2019 3:40:00 PM,2,0,0,36.239690,-86.753460,I 65,,,,0.00,,,,,,,90.25,N,Not at Intersection, ,Entrance/Exit Ramp Related,None,,,         ,Christopher,Littles,Clear,Front to Rear,no,no,no,no,no,False
102336115,METROPOLITAN NASHVILLE POLICE DEPT,20190217491,Davidson,Nashville,3/20/2019 3:30:00 PM,2,0,0,36.165500,-86.760440,SUMMER PL,,,,178.00,Feet,East,S 5TH ST,,,,0.00,N,Not at Intersection,N,Non-Junction,None,,,         ,Riley,Brewer,Clear,Front to Rear,no,no,no,no,yes,False
102336116,METROPOLITAN NASHVILLE POLICE DEPT,20190217390,Davidson,Nashville,3/20/2019 2:39:00 PM,2,0,0,36.152300,-86.797450,WEST END AV,,,,0.00,Feet,East,19TH AVN,,,,0.00,N,Not at Intersection,N,Non-Junction,None,,,         ,Brandon,Harbaugh,Clear,Angle,no,no,no,no,no,False
102336130,METROPOLITAN NASHVILLE POLICE DEPT,20190214191,Davidson,Nashville,3/19/2019 3:22:00 PM,2,0,0,36.154420,-86.758170,I24 W ENT RAMP,,,,0.00,,,I 40,,,,0.00,Y,Y-Intersection, ,Intersection,None,,,         ,Michael,Douglas,Clear,Front to Rear,no,no,no,no,no,False
102336137,METROPOLITAN NASHVILLE POLICE DEPT,20190217526,Davidson,Nashville,3/20/2019 3:47:00 PM,2,0,0,36.140330,-86.731000,I 40,,,,0.00,,,,,,,212.90,N,Not at Intersection,N,Non-Junction,None,,,         ,Samuel,Sundra,Clear,Front to Rear,no,no,no,no,no,False
102336138,METROPOLITAN NASHVILLE POLICE DEPT,20190217410,Davidson,Nashville,3/20/2019 2:56:00 PM,2,0,0,36.155310,-86.781310,CLARK PL,,,,41.00,Feet,North,9TH AVS,,,,0.00,N,Not at Intersection, ,,None,,,         ,Derek,Betty,,,no,no,no,no,no,False
102336142,METROPOLITAN NASHVILLE POLICE DEPT,20190217307,Davidson,Nashville,3/20/2019 2:17:00 PM,2,0,0,36.052940,-86.696960,DELVIN DR,,,,0.00,,,TUSCULUM CT,,,,0.00,Y,Four-Way,N,Intersection,None,,,         ,Alex,Moore,Clear,Angle,no,no,no,no,yes,False
102336143,METROPOLITAN NASHVILLE POLICE DEPT,20190217377,Davidson,Nashville,3/20/2019 2:36:00 PM,2,0,0,36.162850,-86.776980,COMMERCE ST,,,,43.00,Feet,West,3RD AVN,,,,0.00,N,Not at Intersection, ,Non-Junction,None,,,         ,David,Snowden,Clear,Angle,no,no,no,no,no,False
102336145,METROPOLITAN NASHVILLE POLICE DEPT,20190217502,Davidson,Nashville,3/20/2019 1:57:00 PM,2,0,0,36.205720,-86.778010,I65 S ENT RAMP,,,,0.00,Feet,East,I 65,,,,0.00,N,Not at Intersection, ,Non-Junction,None,,,         ,Justin,Vaughn,Clear,Front to Rear,no,no,no,no,no,False
102336174,METROPOLITAN NASHVILLE POLICE DEPT,20190217558,Davidson,Nashville,3/20/2019 2:30:00 PM,2,0,0,36.080360,-86.696420,I 24,,,,0.00,,,,,,,56.20,N,Not at Intersection, ,Non-Junction,None,,,         ,William,Durham,Clear,"Sideswipe, Opposite Direction",no,no,no,no,no,False
102336176,METROPOLITAN NASHVILLE POLICE DEPT,20190214313,Davidson,Nashville,3/19/2019 5:14:00 PM,2,1,0,36.078590,-86.772930,FRANKLIN PKE,,,,0.00,,,LAMBERT DR,,,,0.00,Y,T-Intersection,N,Intersection,None,,,         ,Russell,Ward,Clear,Angle,no,no,no,no,no,False
102336181,METROPOLITAN NASHVILLE POLICE DEPT,20190217593,Davidson,Nashville,3/20/2019 4:28:00 PM,2,1,0,36.210930,-86.838370,NORTHSIDE STATION PVTDR,,,,167.00,Feet,East,CLARKSVILLE PKE,,,,0.00,N,Not at Intersection,N,Non-Junction,None,,,         ,Justin,Vaughn,Clear,Angle,no,no,no,no,no,False
102336185,METROPOLITAN NASHVILLE POLICE DEPT,20190217371,Davidson,Nashville,3/20/2019 2:46:00 PM,2,0,0,36.152350,-86.769010,2ND AVS,,,,0.00,,,LINDSLEY AV,,,,0.00,Y,Four-Way,N,Intersection,None,,,         ,Phillip,Burke,Clear,Angle,no,no,no,no,no,False
102336199,METROPOLITAN NASHVILLE POLICE DEPT,20190217642,Davidson,Nashville,3/20/2019 3:56:00 PM,1,0,0,36.192270,-86.802120,ATHENS WAY,,,,207.00,Feet,North,PONDER PL,,,,0.00,N,Not at Intersection, ,Non-Junction,None,,,         ,Andrey,Volfson,Clear,Not Collision with Motor Vehicle in Transport,no,no,no,no,no,False
102336201,METROPOLITAN NASHVILLE POLICE DEPT,20190217632,Davidson,Nashville,3/20/2019 4:45:00 PM,2,1,0,36.124450,-86.739340,I 440,,,,0.00,,,,,,,6.90,N,Not at Intersection, ,Non-Junction,Construction Zone,,,         ,Conor,Cronin,Clear,Front to Rear,no,no,no,no,no,False
102336202,METROPOLITAN NASHVILLE POLICE DEPT,20190217493,Davidson,Nashville,3/20/2019 3:31:00 PM,3,0,0,36.082580,-86.698000,I 24,,,,0.00,,,,,,,56.00,N,Not at Intersection,N,Non-Junction,None,,,         ,Johnathon,Birdwell,Clear,Front to Rear,no,no,no,no,no,False
102336203,METROPOLITAN NASHVILLE POLICE DEPT,20190217597,Davidson,Nashville,3/20/2019 4:29:00 PM,2,1,0,36.150670,-86.767910,LAFAYETTE ST,,,,12.00,Feet,East,2ND AVS,,,,0.00,N,Not at Intersection,Y,Non-Junction,None,,,         ,Trenton,Searcy,Clear,Angle,no,no,no,no,no,False
102336208,METROPOLITAN NASHVILLE POLICE DEPT,20190217276,Davidson,Nashville,3/20/2019 2:04:00 PM,2,0,0,36.083118,-87.004589,NEWSOM STATION RD,,,,0.00,,,RIVERVALLEY DR,,,,0.00,Y,T-Intersection, ,Intersection-Related,None,,,         ,Jeremy,Huffine,Clear,Angle,no,no,no,no,no,False
102336209,METROPOLITAN NASHVILLE POLICE DEPT,20190217611,Davidson,Nashville,3/20/2019 4:35:00 PM,2,0,0,36.171350,-86.768110,I 24,,,,0.00,,,,,,,48.40,N,Not at Intersection, ,,None,,,         ,Derek,Betty,,,no,no,no,no,no,False
102336210,METROPOLITAN NASHVILLE POLICE DEPT,20190217645,Davidson,Nashville,3/20/2019 4:10:00 PM,2,0,0,36.147120,-86.743470,I 40,,,,0.00,,,,,,,212.05,N,Not at Intersection,N,Non-Junction,None,,,         ,Darci,Stechman,Clear,Front to Rear,no,no,no,no,no,False
102336217,METROPOLITAN NASHVILLE POLICE DEPT,20190217663,Davidson,Nashville,3/20/2019 5:03:00 PM,2,0,0,36.158290,-86.771890,HERMITAGE AV,,,,0.00,,,KOREAN VETERANS BLVD,,,,0.00,Y,Four-Way, ,,None,,,         ,Phillip,Burke,,,no,no,no,no,no,False
102336223,METROPOLITAN NASHVILLE POLICE DEPT,20190217734,Davidson,Nashville,3/20/2019 5:30:00 PM,2,0,0,36.151070,-86.784340,DIVISION ST,,,,0.00,,,12TH AVS,,,,0.00,Y,Four-Way, ,Intersection-Related,None,,,         ,Joshua,Reece,Clear,Front to Rear,no,no,no,no,no,False
102336226,METROPOLITAN NASHVILLE POLICE DEPT,20190217737,Davidson,Nashville,3/20/2019 5:47:00 PM,2,0,0,36.206300,-86.773550,I65 N ENT RAMP,,,,0.00,,,W TRINITY LN,,,,0.00,Y,Y-Intersection, ,Intersection,None,,,         ,Christopher,Valdez,Cloudy,Angle,no,no,no,no,no,False
102336232,METROPOLITAN NASHVILLE POLICE DEPT,20190217594,Davidson,Nashville,3/20/2019 4:16:00 PM,2,0,0,36.151900,-86.791430,DIVISION ST,,,,60.00,Feet,East,MUSIC SQE,,,,0.00,N,Not at Intersection, ,,None,,,         ,FELIKS,ABRAHAMYAN,,,no,no,no,no,no,False
102336235,METROPOLITAN NASHVILLE POLICE DEPT,20190217694,Davidson,Nashville,3/20/2019 5:05:00 PM,2,0,0,36.075470,-86.639580,MURFREESBORO PKE,,,,455.00,Feet,North,RURAL HILL RD,,,,0.00,N,Not at Intersection, ,Non-Junction,None,,,         ,Cheri,Cox,Clear,"Sideswipe, Same Direction",no,no,no,no,no,False
102336240,METROPOLITAN NASHVILLE POLICE DEPT,20190217700,Davidson,Nashville,3/20/2019 5:08:00 PM,2,1,0,36.075840,-86.634930,BELL RD,,,,272.00,Feet,South,DAVENPORT DR,,,,0.00,N,Not at Intersection,N,Non-Junction,None,,,         ,Gabriel,Vasquez,Clear,Front to Rear,no,no,no,no,no,False
102336242,METROPOLITAN NASHVILLE POLICE DEPT,20190217775,Davidson,Nashville,3/20/2019 5:37:00 PM,2,0,0,36.140220,-86.722410,I 40,,,,0.00,,,,,,,213.50,N,Not at Intersection, ,,None,,,         ,Dontaveous,Eubanks,,,no,no,no,no,no,False
102336243,METROPOLITAN NASHVILLE POLICE DEPT,20190217676,Davidson,Nashville,3/20/2019 4:55:00 PM,2,2,0,36.158040,-86.775270,4TH AVS,,,,86.00,Feet,South,MOLLOY ST,,,,0.00,N,Not at Intersection, ,Non-Junction,None,,,         ,Brandon,O'Guin,,Angle,no,no,no,no,no,False
102336256,METROPOLITAN NASHVILLE POLICE DEPT,20190217591,Davidson,Nashville,3/20/2019 4:11:00 PM,2,0,0,36.179030,-86.790480,5TH AVN,,,,1.00,Feet,South,VAN BUREN ST,,,,0.00,N,Not at Intersection, ,Non-Junction,None,,,         ,Justin,Vaughn,Clear,Front to Rear,no,no,no,no,no,False
102336263,METROPOLITAN NASHVILLE POLICE DEPT,20190217523,Davidson,Nashville,3/20/2019 3:42:00 PM,2,0,0,36.116910,-86.861310,POST RD,,,,35.00,Feet,North,HILL PLACE DR,,,,0.00,N,Not at Intersection,N,Non-Junction,None,,,         ,Justin,Coyle,Clear,"Sideswipe, Opposite Direction",no,no,no,no,no,False
102336264,METROPOLITAN NASHVILLE POLICE DEPT,20190217796,Davidson,Nashville,3/20/2019 6:13:00 PM,2,1,0,36.155410,-86.880740,EDSEL DR,,,,0.00,,,ANNEX AV,,,,0.00,Y,Four-Way,Y,Intersection,None,,,         ,Justin,Coyle,Clear,Angle,no,no,no,no,no,False
102336270,METROPOLITAN NASHVILLE POLICE DEPT,20190217742,Davidson,Nashville,3/20/2019 5:50:00 PM,2,1,0,36.187410,-86.746780,GALLATIN AV,,,,319.00,Feet,North,PETWAY AV,,,,0.00,N,Not at Intersection,N,Non-Junction,None,,,         ,Gregory,Cenicola,Clear,Angle,no,no,no,no,no,False
102336272,METROPOLITAN NASHVILLE POLICE DEPT,20190217505,Davidson,Nashville,3/20/2019 3:38:00 PM,2,2,0,36.109800,-86.744610,NOLENSVILLE PKE,,,,12.00,Feet,North,COLLIER AV,,,,0.00,N,Not at Intersection,N,Non-Junction,None,,,         ,William,King,Clear,Angle,no,no,no,no,no,False
102336273,METROPOLITAN NASHVILLE POLICE DEPT,20190217785,Davidson,Nashville,3/20/2019 6:13:00 PM,2,0,0,36.140650,-86.732070,I 40,,,,0.00,,,,,,,213.00,N,Not at Intersection, ,Non-Junction,None,,,         ,Dontaveous,Eubanks,Clear,"Sideswipe, Same Direction",no,no,no,no,no,False
102336277,METROPOLITAN NASHVILLE POLICE DEPT,20190217595,Davidson,Nashville,3/20/2019 2:57:00 PM,2,0,0,36.111160,-86.755230,THOMPSON LN,,,,0.00,,,SIDCO DR,,,,0.00,Y,T-Intersection, ,,None,,,         ,FELIKS,ABRAHAMYAN,,,no,no,no,no,no,False
102336282,METROPOLITAN NASHVILLE POLICE DEPT,20190217708,Davidson,Nashville,3/20/2019 3:56:00 PM,2,0,0,36.190170,-86.781180,COWAN ST,,,,901.00,Feet,South,I24 E ENT RAMP,,,,0.00,N,Not at Intersection,N,Non-Junction,None,,,         ,Justin,Vaughn,Clear,HeadOn,no,no,no,no,no,False
102336287,METROPOLITAN NASHVILLE POLICE DEPT,20190217705,Davidson,Nashville,3/20/2019 5:23:00 PM,2,0,0,36.077470,-86.732570,HARDING PL,,,,312.00,Feet,West,MILNER DR,,,,0.00,N,Not at Intersection, ,Non-Junction,None,,,         ,FELIKS,ABRAHAMYAN,Clear,"Sideswipe, Same Direction",no,no,no,no,no,False
102336293,METROPOLITAN NASHVILLE POLICE DEPT,20190217500,Davidson,Nashville,3/20/2019 3:17:00 PM,4,0,0,36.109100,-86.728280,SOUTHLAKE DR,,,,142.00,Feet,South,BRILEY PKWYN,,,,0.00,N,Not at Intersection, ,Non-Junction,None,,,         ,Je-Marc,Sears,Clear,Front to Rear,no,no,no,no,no,False
102336306,METROPOLITAN NASHVILLE POLICE DEPT,20190217512,Davidson,Nashville,3/20/2019 3:30:00 PM,2,0,0,36.150770,-86.800610,WEST END AV,,,,211.00,Feet,East,21ST AVN,,,,0.00,N,Not at Intersection, ,Non-Junction,None,,,         ,Darryl,Williams,Clear,"Sideswipe, Same Direction",no,no,no,no,no,Campus
102336308,METROPOLITAN NASHVILLE POLICE DEPT,20190217803,Davidson,Nashville,3/20/2019 5:00:00 PM,2,0,0,36.041240,-86.778390,OLD HICKORY BLVD,,,,317.00,Feet,East,FRANKLIN PIKE CIR,,,,0.00,N,Not at Intersection,N,Non-Junction,None,,,         ,William,King,Clear,Front to Rear,no,no,no,no,no,False
102336311,METROPOLITAN NASHVILLE POLICE DEPT,20190217613,Davidson,Nashville,3/20/2019 4:41:00 PM,3,0,0,36.079500,-86.726290,NOLENSVILLE PKE,,,,38.00,Feet,South,HARDING PL,,,,0.00,N,Not at Intersection,N,Non-Junction,None,,,         ,Aimee,Ortiz,Clear,Front to Rear,no,no,no,no,no,False
102336321,METROPOLITAN NASHVILLE POLICE DEPT,20190217842,Davidson,Nashville,3/20/2019 5:37:00 PM,2,0,0,36.084410,-86.756270,LYNN DR,,,,0.00,,,TROUSDALE DR,,,,0.00,Y,T-Intersection, ,,None,,,         ,FELIKS,ABRAHAMYAN,,,no,no,no,no,no,False
102336360,METROPOLITAN NASHVILLE POLICE DEPT,20190217807,Davidson,Nashville,3/20/2019 6:15:00 PM,2,0,0,36.109230,-86.728190,SOUTHLAKE DR,,,,90.00,Feet,South,BRILEY PKWYN,,,,0.00,N,Not at Intersection,N,Non-Junction,None,,,         ,Benny,Pittman,Clear,"Sideswipe, Same Direction",no,no,no,no,yes,False
102336363,METROPOLITAN NASHVILLE POLICE DEPT,2019-0217940,Davidson,Nashville,3/20/2019 6:37:00 PM,2,0,0,36.040840,-86.773470,OLD HICKORY BLVD,,,,0.00,,,OAKES DR,,,,0.00,Y,Four-Way, ,Intersection-Related,None,,,         ,William,King,Clear,"Sideswipe, Same Direction",no,no,no,no,no,False
102336373,METROPOLITAN NASHVILLE POLICE DEPT,20190217827,Davidson,Nashville,3/20/2019 6:13:00 PM,2,3,0,36.207020,-86.791600,W TRINITY LN,,,,0.00,,,WHITES CREEK PKE,,,,0.00,Y,Four-Way,N,Intersection,None,,,         ,Justin,Vaughn,Clear,Angle,yes,no,no,no,no,False
102336376,METROPOLITAN NASHVILLE POLICE DEPT,20190217997,Davidson,Nashville,3/20/2019 6:41:00 PM,2,0,0,36.103920,-86.717980,TWIN OAKS DR,,,,170.00,Feet,West,TWIN OAKS PVTDR,,,,0.00,N,Not at Intersection, ,Non-Junction,None,,,         ,Je-Marc,Sears,Clear,"Sideswipe, Same Direction",no,no,no,no,yes,False
102336411,METROPOLITAN NASHVILLE POLICE DEPT,20190217463,Davidson,Nashville,3/20/2019 3:20:00 PM,2,0,0,36.053940,-86.715110,NOLENSVILLE PKE,,,,109.00,Feet,North,BREWER DR,,,,0.00,N,Not at Intersection,N,Non-Junction,None,,,         ,Brandon,Hughes,Clear,Front to Rear,no,no,no,no,yes,False
102336413,METROPOLITAN NASHVILLE POLICE DEPT,20190218135,Davidson,Nashville,3/20/2019 9:07:00 PM,2,1,0,36.168000,-86.821400,JOHN A MERRITT BLVD,,,,0.00,,,29TH AVN,,,,0.00,Y,Four-Way, ,Non-Junction,None,,,         ,Justin,Vaughn,Clear,Front to Rear,no,no,no,no,no,False
102336416,METROPOLITAN NASHVILLE POLICE DEPT,20190217486,Davidson,Nashville,3/20/2019 3:25:00 PM,2,0,0,36.162390,-86.793150,I40 W ENT RAMP,,,,5.00,Feet,South,I 40,,,,0.00,N,Not at Intersection, ,Entrance/Exit Ramp Related,None,,,         ,Timothy,Mead,Clear,Front to Rear,no,no,no,no,no,False
102336424,METROPOLITAN NASHVILLE POLICE DEPT,20190218123,Davidson,Nashville,3/20/2019 8:55:00 PM,2,0,0,36.046000,-86.713340,NOLENSVILLE PKE,,,,245.00,Feet,North,OLD HICKORY BLVD,,,,0.00,N,Not at Intersection, ,,None,,,         ,FELIKS,ABRAHAMYAN,,,no,no,no,no,no,False
102336427,METROPOLITAN NASHVILLE POLICE DEPT,20190218195,Davidson,Not in City Limit,3/20/2019 9:19:00 PM,1,0,0,36.030870,-86.995100,HIGHWAY 100,,,,692.00,Feet,East,OLD HARDING PKE,,,,0.00,N,Not at Intersection, ,Non-Junction,None,,,         ,Adam,Reese,Clear,Not Collision with Motor Vehicle in Transport,no,no,no,no,no,False
102336448,METROPOLITAN NASHVILLE POLICE DEPT,20190217849,Davidson,Nashville,3/20/2019 5:30:00 PM,2,0,0,36.200280,-86.620840,OLD HICKORY BLVD,,,,99.00,Feet,South,PLANTATION DR,,,,0.00,N,Not at Intersection, ,Non-Junction,None,,,         ,Abbey,Sawl,Clear,Front to Rear,no,no,no,no,no,False
102336449,METROPOLITAN NASHVILLE POLICE DEPT,20190217982,Davidson,Nashville,3/20/2019 5:26:00 PM,2,0,0,36.182780,-86.603970,MARKET SQ,,,,364.00,Feet,West,BARNWELL CT,,,,0.00,N,Not at Intersection, ,,None,,,         ,Marvis,Malone,,,no,no,no,no,no,False
102336450,METROPOLITAN NASHVILLE POLICE DEPT,20190218286,Davidson,Nashville,3/20/2019 8:57:00 PM,2,0,0,36.041200,-86.776820,OLD HICKORY BLVD,,,,181.00,Feet,West,BRENTWOOD TRC,,,,0.00,N,Not at Intersection, ,,None,,,         ,FELIKS,ABRAHAMYAN,,,no,no,no,no,no,False
102336458,METROPOLITAN NASHVILLE POLICE DEPT,20190217706,Davidson,Nashville,3/20/2019 5:31:00 PM,2,0,0,36.124410,-86.737170,I 440,,,,0.00,,,,,,,7.00,N,Not at Intersection,N,Non-Junction,None,,,         ,Johnathon,Birdwell,Clear,Front to Rear,no,no,no,no,no,False
102336459,METROPOLITAN NASHVILLE POLICE DEPT,20190218096,Davidson,Nashville,3/20/2019 8:28:00 PM,2,0,0,36.152740,-86.787150,I40 W EXT RAMP,,,,0.00,,,I 40,,,,0.00,Y,OTHER, ,Entrance/Exit Ramp Related,None,,,         ,Phillip,Burke,Clear,"Sideswipe, Same Direction",no,no,no,no,no,False
102336466,METROPOLITAN NASHVILLE POLICE DEPT,20190218296,Davidson,Nashville,3/20/2019 10:21:00 PM,2,0,0,36.156260,-86.760690,I40 W ENT RAMP,,,,0.00,,,I 24,,,,0.00,Y,Y-Intersection, ,,None,,,         ,Derek,Betty,,,no,no,no,no,no,False
102336502,METROPOLITAN NASHVILLE POLICE DEPT,20190218073,Davidson,Nashville,3/20/2019 8:39:00 PM,4,6,0,36.129880,-86.900990,CHARLOTTE PK,,,,0.00,,,CABOT DR,,,,0.00,Y,Four-Way,N,Intersection,None,,,         ,Jeremy,Huffine,Clear,Angle,no,no,no,no,no,False
102336512,THP District 3 - Nashville,319014829,Davidson,Not in City Limit,3/15/2019 4:48:00 AM,2,0,0,36.348690,-86.932210,I 24,,,,0.00,,,,,,,31.00,N,Not at Intersection,N,Non-Junction,None,,,         ,Robert,Snider,Clear,Front to Rear,no,no,no,no,no,False
102336514,METROPOLITAN NASHVILLE POLICE DEPT,20190218565,Davidson,Nashville,3/21/2019 12:07:00 AM,1,1,0,36.141130,-86.627970,BELL RD,,,,0.00,,,ELM HILL PKE,,,,0.00,Y,T-Intersection,N,Intersection,None,,,         ,Bridget,Griepentrog,Clear,Not Collision with Motor Vehicle in Transport,no,no,no,no,no,False
102336516,METROPOLITAN NASHVILLE POLICE DEPT,20190218751,Davidson,Nashville,3/21/2019 12:30:00 AM,2,0,0,36.161020,-86.777200,BROADWAY,,,,0.00,Feet,,4TH AVN,,,,0.00,Y,Four-Way, ,Intersection,None,,,         ,Reagan,Heath,Clear,Front to Rear,no,no,no,no,no,False
102336517,METROPOLITAN NASHVILLE POLICE DEPT,20190218810,Davidson,Nashville,3/21/2019 1:10:00 AM,2,0,0,36.112300,-86.922600,I40 W EXT RAMP,,,,0.00,,,I 40,,,,0.00,Y,Four-Way,Y,Entrance/Exit Ramp Related,None,,,         ,Jackson,Smythe,Clear,Front to Rear,no,no,no,no,yes,False
102336522,METROPOLITAN NASHVILLE POLICE DEPT,20190218509,Davidson,Nashville,3/20/2019 11:10:00 PM,2,0,0,36.164420,-86.777270,CHURCH ST,,,,151.00,Feet,East,3RD AVN,,,,0.00,N,Not at Intersection,N,Non-Junction,None,,,         ,Damon,Hutcheson,Cloudy,Angle,no,no,no,no,yes,False
102336525,METROPOLITAN NASHVILLE POLICE DEPT,20190218777,Davidson,Not in City Limit,3/21/2019 1:10:00 AM,1,0,0,35.991030,-86.675660,BURKITT RD,,,,87.00,Feet,West,CANONBURY DR,,,,0.00,N,Not at Intersection, ,Non-Junction,None,,,         ,David,Simmonds,Clear,Not Collision with Motor Vehicle in Transport,no,no,no,no,no,False
102336583,METROPOLITAN NASHVILLE POLICE DEPT,20190219356,Davidson,Nashville,3/21/2019 5:25:00 AM,2,0,0,36.200600,-86.618020,LEBANON PKE,,,,0.00,,,,,,,0.00,,,N,Non-Junction,None,,,         ,Patrick,Lancaster,Clear,HeadOn,no,no,no,yes,yes,False
102336589,METROPOLITAN NASHVILLE POLICE DEPT,20190219506,Davidson,Nashville,3/21/2019 6:32:00 AM,2,0,0,36.177580,-86.605050,I40 E EXT RAMP,,,,132.00,Feet,South,OLD HICKORY BLVD,,,,0.00,N,Not at Intersection, ,Non-Junction,None,,,         ,Michael,Dance,Clear,"Sideswipe, Same Direction",no,no,no,no,no,False
102336602,METROPOLITAN NASHVILLE POLICE DEPT,20190194225,Davidson,Nashville,3/11/2019 11:00:00 AM,2,0,0,36.197580,-86.839770,ASHLAND CITY HWY,,,,0.00,,,,,,,0.00,,,N,Non-Junction,None,,,         ,Wesley,Young,Rain,"Sideswipe, Same Direction",no,no,no,yes,yes,False
102336604,METROPOLITAN NASHVILLE POLICE DEPT,20190219471,Davidson,Nashville,3/21/2019 6:18:00 AM,1,0,0,36.098840,-86.710210,I 24,,,,0.00,,,,,,,54.65,N,Not at Intersection,N,Non-Junction,None,,,         ,Autumn,Manning,Cloudy,Not Collision with Motor Vehicle in Transport,no,no,no,no,no,False
102336606,METROPOLITAN NASHVILLE POLICE DEPT,20190219540,Davidson,Nashville,3/21/2019 7:05:00 AM,1,0,0,36.112060,-86.630500,COUCHVILLE PIKE,,,,24.00,Feet,East,RAMP,,,,0.00,N,Not at Intersection,N,Non-Junction,None,,,         ,Samuel,Fredericks,Cloudy,Not Collision with Motor Vehicle in Transport,no,no,no,no,no,False
102336608,THP District 9 - Administrative,319015511,Davidson,Nashville,3/18/2019 9:00:00 AM,2,0,0,36.164430,-86.782600,6TH AVN,,,,132.00,Feet,South,DEADERICK ST,,,,0.00,N,Not at Intersection, ,"Driveway, Alley Access, etc",None,,,         ,Eric,Pincince,Clear,Angle,no,no,no,yes,no,False
102336613,METROPOLITAN NASHVILLE POLICE DEPT,20190219570,Davidson,Nashville,3/21/2019 7:19:00 AM,2,1,0,36.116890,-86.631360,BELL RD,,,,478.00,Feet,South,HERON POINTE DR,,,,0.00,N,Not at Intersection,N,Non-Junction,None,,,         ,Michael,Dance,Clear,Front to Rear,no,no,no,no,no,False
102336615,METROPOLITAN NASHVILLE POLICE DEPT,20190219592,Davidson,Nashville,3/21/2019 7:30:00 AM,2,0,0,36.081080,-86.758210,HARDING PL,,,,45.00,Feet,East,TROUSDALE DR,,,,0.00,N,Not at Intersection, ,Non-Junction,None,,,         ,Jon,Mcvey,Cloudy,Front to Rear,no,no,no,no,no,False
102336617,METROPOLITAN NASHVILLE POLICE DEPT,20190219575,Davidson,Nashville,3/21/2019 7:24:00 AM,2,0,0,36.134180,-86.759060,NOLENSVILLE PKE,,,,70.00,Feet,North,CRAIGHEAD ST,,,,0.00,N,Not at Intersection, ,Non-Junction,None,,,         ,Jessie,Meadows,Clear,"Sideswipe, Same Direction",no,no,no,no,no,False
102336632,METROPOLITAN NASHVILLE POLICE DEPT,20190219645,Davidson,Nashville,3/21/2019 7:32:00 AM,2,0,0,36.128060,-86.900990,I 40,,,,0.00,,,,,,,200.85,N,Not at Intersection, ,Non-Junction,None,,,         ,Benjamin,Cantrell,Clear,Front to Rear,no,no,no,no,no,False
102336633,METROPOLITAN NASHVILLE POLICE DEPT,20190219631,Davidson,Nashville,3/21/2019 7:50:00 AM,2,0,0,36.164020,-86.616130,I 40,,,,0.00,,,,,,,219.90,N,Not at Intersection,N,Entrance/Exit Ramp Related,None,,,         ,Michael,Brooks,Clear,Front to Rear,no,no,no,no,no,False
102336637,METROPOLITAN NASHVILLE POLICE DEPT,20190219643,Davidson,Nashville,3/21/2019 7:55:00 AM,2,1,0,36.155400,-86.828780,I 40,,,,0.00,,,,,,,205.55,N,Not at Intersection,N,Non-Junction,None,,,         ,Curtis,Rich,Clear,Front to Rear,no,no,no,no,no,False
102336643,METROPOLITAN NASHVILLE POLICE DEPT,20190219708,Davidson,Nashville,3/21/2019 8:13:00 AM,2,0,0,36.141740,-86.674280,I 40,,,,0.00,,,,,,,215.00,N,Not at Intersection, ,,None,,,         ,Michael,Dance,,,no,no,no,no,no,False
102336660,METROPOLITAN NASHVILLE POLICE DEPT,20190219665,Davidson,Nashville,3/21/2019 8:00:00 AM,3,0,0,36.200260,-86.751590,ELLINGTON PKWY,,,,164.00,Feet,North,ELLINGTON PKWYN,,,,0.00,N,Not at Intersection,N,Non-Junction,None,,,         ,Steven,Spillers,Clear,Front to Rear,no,no,no,no,yes,False
102336665,METROPOLITAN NASHVILLE POLICE DEPT,20190219705,Davidson,Nashville,3/21/2019 8:05:00 AM,2,0,0,36.149420,-86.830650,NEVADA AV,,,,53.00,Feet,East,38TH AVN,,,,0.00,N,Not at Intersection,N,Non-Junction,None,,,         ,Jack,Crouch,Clear,Other,no,no,no,no,yes,False
102336672,METROPOLITAN NASHVILLE POLICE DEPT,20190219731,Davidson,Nashville,3/21/2019 12:00:00 AM,2,0,0,36.170300,-86.808570,SCOVEL ST,,,,453.00,Feet,West,DR D B TODD JR BLVD,,,,0.00,N,Not at Intersection,N,Non-Junction,None,,,         ,Wesley,Young,Unknown,Unknown,no,no,no,no,yes,False