master_record_number,agency,agency_tracking_number,county,city,collision_date,vehicles_involved,number_injured,number_dead,latitude,longitude,roadway_name,roadway_suffix,roadway_number,roadway_local_id,distance_from_reference,miles-feet_indicator,direction_from_reference,intersection_road_name,intersection_road_name_suffix,intersection_road_number,intersection_local_id,mile_marker,intersection_indicator,intersect_type,interchange_related_indicator,relation_to_junction,work_zone_type,construction_maintenance_zone,construction_maintenance_zone_location,fatal_case_number,officer_first_name,officer_last_name,weather_condition(s),manner_of_crash,pedestrian,bicycle,scooter,parking,hitrun,mou
102338150,METROPOLITAN NASHVILLE POLICE DEPT,20190224050,Davidson,Nashville,3/22/2019 3:35:00 PM,2,0,0,36.141400,-86.716100,I 40,,,,0.00,,,,,,,213.85,N,Not at Intersection,N,Non-Junction,None,,,         ,Darci,Stechman,Clear,Front to Rear,no,no,no,no,yes,False
102338159,METROPOLITAN NASHVILLE POLICE DEPT,20190224038,Davidson,Nashville,3/22/2019 3:45:00 PM,2,0,0,36.153920,-86.691650,BRILEY PKWYS,,,,329.00,Feet,South,BRILEY PKWY S EXT RAMP,,,,0.00,N,Not at Intersection, ,Non-Junction,None,,,         ,Trenton,Searcy,Clear,Front to Rear,no,no,no,no,no,False
102338160,METROPOLITAN NASHVILLE POLICE DEPT,20190224098,Davidson,Nashville,3/22/2019 1:15:00 PM,2,0,0,36.157470,-86.801990,CHARLOTTE AV,,,,171.00,Feet,West,19TH AVN,,,,0.00,N,Not at Intersection,N,Non-Junction,None,,,         ,Christopher,Dickerson,Clear,"Sideswipe, Same Direction",no,no,no,no,yes,False
102338185,METROPOLITAN NASHVILLE POLICE DEPT,20190224099,Davidson,Nashville,3/22/2019 4:18:00 PM,2,0,0,36.126690,-86.753030,NOLENSVILLE PKE,,,,78.00,Feet,South,VIVELLE AV,,,,0.00,N,Not at Intersection, ,Non-Junction,None,,,         ,Jesse,Cox,Clear,Angle,no,no,no,no,no,False
102338193,METROPOLITAN NASHVILLE POLICE DEPT,20190224167,Davidson,Nashville,3/22/2019 4:32:00 PM,2,0,0,36.132910,-86.696450,BRILEY PKWY S EXT RAMP,,,,0.00,Feet,East,BRILEY PKWYN,,,,0.00,N,Not at Intersection, ,Non-Junction,None,,,         ,Steven,Powers,Clear,Front to Rear,no,no,no,no,no,False
102338195,METROPOLITAN NASHVILLE POLICE DEPT,20190224106,Davidson,Nashville,3/22/2019 4:02:00 PM,2,0,0,36.153940,-86.794520,17TH AVN,,,,65.00,Feet,North,WEST END AV,,,,0.00,N,Not at Intersection, ,,None,,,         ,FELIKS,ABRAHAMYAN,,,no,no,no,no,no,False
102338196,Nashville Airport Police,2019-01024,Davidson,Nashville,3/12/2019 3:26:00 PM,2,0,0,36.109750,-86.671440,DONELSON PKE,,,,0.00,,,KNAPP BLVD,,,,0.00,Y,Four-Way, ,Intersection-Related,None,,,         ,Christopher,Kullman,Clear,Front to Rear,no,no,no,no,no,False
102338197,METROPOLITAN NASHVILLE POLICE DEPT,20190223998,Davidson,Nashville,3/22/2019 3:15:00 PM,2,0,0,36.206270,-86.773480,I65 N EXT RAMP,,,,0.00,,,W TRINITY LN,,,,0.00,Y,T-Intersection, ,Intersection,None,,,         ,Chase,Harriman,Clear,"Sideswipe, Opposite Direction",no,no,no,no,no,False
102338199,METROPOLITAN NASHVILLE POLICE DEPT,20190224119,Davidson,Nashville,3/22/2019 4:04:00 PM,2,0,0,36.162380,-86.778080,COMMERCE ST,,,,0.00,,,4TH AVN,,,,0.00,Y,Four-Way, ,Intersection-Related,None,,,         ,Joshua,Reece,Clear,Angle,no,no,no,no,no,False
102338204,METROPOLITAN NASHVILLE POLICE DEPT,20190224182,Davidson,Nashville,3/22/2019 3:50:00 PM,2,0,0,36.130820,-86.716400,MURFREESBORO PKE,,,,192.00,Feet,East,FOOTHILL DR,,,,0.00,N,Not at Intersection, ,Non-Junction,None,,,         ,Gabriel,Vasquez,Clear,Angle,no,no,no,no,no,False
102338219,METROPOLITAN NASHVILLE POLICE DEPT,20190224100,Davidson,Nashville,3/22/2019 4:05:00 PM,2,0,0,36.241980,-86.756850,DICKERSON PKE ENT RAMP,,,,0.00,,,DICKERSON PKE,,,,0.00,Y,T-Intersection, ,,None,,,         ,Christopher,Littles,,,no,no,no,no,no,False
102338220,METROPOLITAN NASHVILLE POLICE DEPT,20190223999,Davidson,Not in City Limit,3/22/2019 3:24:00 PM,2,0,0,36.284300,-86.746650,CUNNIFF PKWY,,,,0.00,,,DICKERSON PKES,,,,0.00,Y,T-Intersection,N,Intersection,None,,,         ,Christopher,Littles,Clear,Front to Rear,no,no,no,no,no,False
102338221,METROPOLITAN NASHVILLE POLICE DEPT,20190224004,Davidson,Not in City Limit,3/22/2019 3:30:00 PM,3,3,0,36.277190,-86.799810,I 24,,,,0.00,,,,,,,40.50,N,Not at Intersection,N,Non-Junction,None,,,         ,Christopher,Littles,Clear,Front to Rear,no,no,no,no,no,False
102338222,METROPOLITAN NASHVILLE POLICE DEPT,20190224195,Davidson,Not in City Limit,3/22/2019 5:00:00 PM,2,0,0,36.308520,-86.681850,GALLATIN PKEN,,,,102.00,Feet,West,RIVERCHASE BLVD,,,,0.00,N,Not at Intersection, ,Non-Junction,None,,,         ,Christopher,Littles,Clear,Front to Rear,no,no,no,no,no,False
102338223,METROPOLITAN NASHVILLE POLICE DEPT,20190224033,Davidson,Nashville,3/22/2019 3:42:00 PM,2,0,0,36.158060,-86.877010,ROBERTSON AV,,,,0.00,,,JAMES AV,,,,0.00,Y,Four-Way,Y,Intersection,None,,,         ,Justin,Coyle,Clear,Angle,no,no,no,no,yes,False
102338224,METROPOLITAN NASHVILLE POLICE DEPT,20190224161,Davidson,Nashville,3/22/2019 4:47:00 PM,2,1,0,36.141910,-86.638190,ELM HILL PKE,,,,291.00,Feet,West,TRAILS END LN,,,,0.00,N,Not at Intersection,N,Non-Junction,None,,,         ,Seth,Vaughn,Clear,Angle,no,no,no,no,no,False
102338232,TENNESSEE STATE UNIVERSITY ,19-TSU-13101,Davidson,Nashville,3/22/2019 3:25:00 PM,1,0,0,36.169850,-86.819170,W HEIMAN ST,,,,514.00,Feet,West,W H DAVIS DR,,,,0.00,N,Not at Intersection, ,Non-Junction,None,,,         ,Lionel,Butler,Clear,Not Collision with Motor Vehicle in Transport,no,no,no,no,no,False
102338239,METROPOLITAN NASHVILLE POLICE DEPT,20190222336,Davidson,Nashville,3/22/2019 2:44:00 AM,1,0,0,36.144030,-86.738430,I 40,,,,0.00,,,,,,,212.40,N,Not at Intersection,N,Non-Junction,None,,,         ,Meghan,Pope,Clear,Not Collision with Motor Vehicle in Transport,no,no,no,no,no,False
102338247,METROPOLITAN NASHVILLE POLICE DEPT,20190224152,Davidson,Nashville,3/22/2019 2:48:00 PM,2,0,0,36.170590,-86.802140,JEFFERSON ST,,,,251.00,Feet,West,14TH AVN,,,,0.00,N,Not at Intersection,N,Non-Junction,None,,,         ,Steven,Fisher,Clear,Front to Rear,no,no,no,no,yes,False
102338248,METROPOLITAN NASHVILLE POLICE DEPT,20190216708,Davidson,Nashville,3/20/2019 10:21:00 AM,3,2,0,36.135120,-86.726900,I24E,,,,537.00,Feet,South,I24 W ENT RAMP,,,,0.00,N,Not at Intersection,N,Non-Junction,None,,,         ,Jessie,Meadows,Clear,Front to Rear,no,no,no,no,no,False
102338249,METROPOLITAN NASHVILLE POLICE DEPT,20190221366,Davidson,Nashville,3/21/2019 5:00:00 PM,2,0,0,36.134900,-86.726900,I24E,,,,609.00,Feet,West,I24 W ENT RAMP,,,,0.00,N,Not at Intersection, ,OtherLocation,None,,,         ,Je-Marc,Sears,Clear,Front to Rear,no,no,no,no,no,False
102338250,METROPOLITAN NASHVILLE POLICE DEPT,20190221154,Davidson,Nashville,3/21/2019 12:00:00 AM,2,0,0,36.106190,-86.673030,MURFREESBORO PKE,,,,11.00,Feet,East,DONELSON PKE,,,,0.00,N,Not at Intersection, ,Non-Junction,None,,,         ,Ryan,Sherry,Clear,"Sideswipe, Same Direction",no,no,no,no,no,False
102338256,METROPOLITAN NASHVILLE POLICE DEPT,20190222135,Davidson,Not in City Limit,3/22/2019 1:37:00 AM,2,0,0,36.275440,-86.735480,I 65,,,,0.00,,,,,,,93.00,N,Not at Intersection,N,Non-Junction,None,,,         ,Jeremy,Spoonemore,Cloudy,Front to Rear,no,no,no,no,no,False
102338257,METROPOLITAN NASHVILLE POLICE DEPT,20190222274,Davidson,Nashville,3/22/2019 2:11:00 AM,1,0,0,36.101020,-86.718520,TWIN OAKS PVTDR,,,,0.00,,,,,,,0.00,,,N,Non-Junction,None,,,         ,David,Smith,Cloudy,Not Collision with Motor Vehicle in Transport,no,no,no,yes,yes,False
102338280,METROPOLITAN NASHVILLE POLICE DEPT,20190224212,Davidson,Nashville,3/22/2019 5:14:00 PM,2,0,0,36.163250,-86.762060,I 24,,,,0.00,,,,,,,49.20,N,Not at Intersection,N,Non-Junction,None,,,         ,Roy,Sain Jr.,Clear,Front to Rear,no,no,no,no,no,False
102338281,METROPOLITAN NASHVILLE POLICE DEPT,20190224277,Davidson,Nashville,3/22/2019 5:20:00 PM,2,1,0,36.046120,-86.713350,NOLENSVILLE PKE,,,,275.00,Feet,North,OLD HICKORY BLVD,,,,0.00,N,Not at Intersection, ,Non-Junction,None,,,         ,Citlaly,Juarez,Clear,Angle,no,no,no,no,no,False
102338288,METROPOLITAN NASHVILLE POLICE DEPT,20190224111,Davidson,Nashville,3/22/2019 4:15:00 PM,2,0,0,36.069130,-86.691200,HAYWOOD LN,,,,152.00,Feet,West,I24 E EXT RAMP,,,,0.00,N,Not at Intersection,N,Non-Junction,None,,,         ,Marcus,Darden,Clear,Angle,no,no,no,no,no,False
102338289,METROPOLITAN NASHVILLE POLICE DEPT,20190224275,Davidson,Nashville,3/22/2019 5:45:00 PM,2,0,0,36.133230,-86.801310,PORTLAND AV,,,,0.00,,,MAGNOLIA BLVD,,,,0.00,Y,Four-Way, ,Non-Junction,None,,,         ,FELIKS,ABRAHAMYAN,Clear,Angle,no,no,no,no,no,False
102338291,METROPOLITAN NASHVILLE POLICE DEPT,20190224343,Davidson,Nashville,3/22/2019 6:18:00 PM,2,0,0,36.242910,-86.747870,I65 N ENT RAMP,,,,0.00,,,I 65,,,,0.00,Y,OTHER,N,Entrance/Exit Ramp Related,None,,,         ,Christopher,Littles,Clear,"Sideswipe, Same Direction",no,no,no,no,yes,False
102338292,METROPOLITAN NASHVILLE POLICE DEPT,20190224264,Davidson,Nashville,3/22/2019 5:00:00 PM,2,0,0,36.151970,-86.760680,FAIN ST,,,,0.00,,,CLAIBORNE ST,,,,0.00,Y,Four-Way,N,Intersection,None,,,         ,Darci,Stechman,Clear,Angle,no,no,no,no,yes,False
102338297,METROPOLITAN NASHVILLE POLICE DEPT,20190224103,Davidson,Nashville,3/22/2019 4:15:00 PM,2,0,0,36.164490,-86.688980,BRILEY PKWYS,,,,115.00,Feet,West,BRILEY PKWYN,,,,0.00,N,Not at Intersection,N,Non-Junction,None,,,         ,Jason,Milyaro Lucas,Clear,Front to Rear,no,no,no,no,yes,False
102338302,METROPOLITAN NASHVILLE POLICE DEPT,20190224142,Davidson,Antioch,3/22/2019 4:36:00 PM,2,1,0,36.016670,-86.619930,OLD HICKORY BLVD,,,,68.00,Feet,South,FIRESTONE PKWY,,,,0.00,N,Not at Intersection, ,Non-Junction,None,,,         ,Taylor,Hurley,Clear,Front to Rear,no,no,no,no,no,False
102338304,METROPOLITAN NASHVILLE POLICE DEPT,20190224246,Davidson,Nashville,3/22/2019 12:00:00 AM,2,0,0,36.066360,-86.686520,I24 E ENT RAMP,,,,0.00,Feet,East,I 24,,,,0.00,N,Not at Intersection, ,Non-Junction,None,,,         ,Ryan,Sherry,Clear,"Sideswipe, Same Direction",no,no,no,no,no,False
102338318,METROPOLITAN NASHVILLE POLICE DEPT,20190224247,Davidson,Nashville,3/22/2019 12:00:00 AM,2,0,0,36.156100,-86.785540,11TH AVS,,,,0.00,,,MCGAVOCK ST,,,,0.00,Y,T-Intersection,Y,Intersection-Related,None,,,         ,Trevor,Taylor,Clear,Front to Rear,no,no,no,no,no,False
102338323,METROPOLITAN NASHVILLE POLICE DEPT,20190223917,Davidson,Nashville,3/22/2019 2:58:00 PM,2,1,0,36.096780,-86.656590,MURFREESBORO PKE,,,,197.00,Feet,West,SMITH SPRINGS RD,,,,0.00,N,Not at Intersection,N,Non-Junction,None,,,         ,Andrew,Brazee,Clear,Front to Rear,no,no,no,no,no,False
102338324,METROPOLITAN NASHVILLE POLICE DEPT,20190224116,Davidson,Nashville,3/22/2019 4:00:00 PM,2,0,0,36.168380,-86.813670,I40 E EXT RAMP,,,,0.00,Feet,East,I 40,,,,0.00,N,Not at Intersection, ,Non-Junction,None,,,         ,Gardiner,Bradley,Clear,Front to Rear,no,no,no,no,no,False
102338325,METROPOLITAN NASHVILLE POLICE DEPT,20190224197,Davidson,Nashville,3/22/2019 5:02:00 PM,2,0,0,36.170440,-86.767370,I 24,,,,0.00,,,,,,,48.65,N,Not at Intersection, ,,None,,,         ,Phillip,Burke,,,no,no,no,no,no,False
102338359,METROPOLITAN NASHVILLE POLICE DEPT,20190224324,Davidson,Nashville,3/22/2019 5:38:00 PM,3,2,0,36.109020,-86.726990,EAST THOMPSON LN,,,,300.00,Feet,East,BRILEY PKWYN,,,,0.00,N,Not at Intersection,N,Non-Junction,None,,,         ,Aimee,Ortiz,Clear,Front to Rear,no,no,no,no,yes,False
102338360,METROPOLITAN NASHVILLE POLICE DEPT,20190223990,Davidson,Nashville,3/22/2019 3:11:00 PM,2,0,0,36.143000,-86.778820,8TH AVS,,,,190.00,Feet,South,OLYMPIC ST,,,,0.00,N,Not at Intersection, ,,None,,,         ,Akira,McSwain,,,no,no,no,no,no,False
102338361,METROPOLITAN NASHVILLE POLICE DEPT,20190224326,Davidson,Nashville,3/22/2019 2:30:00 PM,2,0,0,36.095390,-86.762370,KENILWOOD DR,,,,1282.00,Feet,West,MORRISWOOD DR,,,,0.00,N,Not at Intersection,N,Non-Junction,None,,,         ,Akira,McSwain,Clear,"Sideswipe, Opposite Direction",no,no,no,yes,yes,False
102338378,METROPOLITAN NASHVILLE POLICE DEPT,20190224502,Davidson,Nashville,3/22/2019 7:15:00 PM,2,0,0,36.176900,-86.774450,SPRING ST,,,,58.00,Feet,West,N 1ST ST,,,,0.00,N,Not at Intersection,N,Non-Junction,None,,,         ,Riley,Brewer,Clear,"Sideswipe, Same Direction",no,no,no,no,yes,False
102338382,METROPOLITAN NASHVILLE POLICE DEPT,20190224466,Davidson,Nashville,3/22/2019 7:21:00 PM,2,0,0,36.158290,-86.777550,DEMONBREUN ST,,,,143.00,Feet,West,5TH AVS,,,,0.00,N,Not at Intersection,N,Non-Junction,None,,,         ,Joseph,Jakes,Clear,Front to Rear,no,no,no,no,yes,False
102338389,METROPOLITAN NASHVILLE POLICE DEPT,20190224504,Davidson,Nashville,3/22/2019 7:40:00 PM,2,1,0,36.153000,-86.857620,WHITE BRIDGE PKE EXT RAMP,,,,0.00,,,I40 W EXT RAMP,,,,0.00,Y,Four-Way,N,Intersection,None,,,         ,Steven,Wiser,Clear,Angle,no,no,no,no,no,False
102338390,METROPOLITAN NASHVILLE POLICE DEPT,20190224291,Davidson,Nashville,3/22/2019 4:40:00 PM,2,0,0,36.174560,-86.806650,17TH AVN,,,,0.00,Feet,East,COCKRILL ST,,,,0.00,N,Not at Intersection, ,Non-Junction,None,,,         ,Gardiner,Bradley,Clear,Angle,no,no,no,no,no,False
102338392,METROPOLITAN NASHVILLE POLICE DEPT,20190224547,Davidson,Nashville,3/22/2019 8:01:00 PM,2,0,0,36.248230,-86.720210,GALLATIN PKES,,,,73.00,Feet,North,DUE WEST AVE,,,,0.00,N,Not at Intersection,N,Non-Junction,None,,,         ,Christopher,Littles,Clear,Front to Rear,no,no,no,no,no,False
102338395,METROPOLITAN NASHVILLE POLICE DEPT,20190224262,Davidson,Nashville,3/22/2019 5:25:00 PM,2,0,0,36.215400,-86.588510,LEBANON PKE,,,,0.00,,,BIG HORN DR,,,,0.00,Y,Four-Way, ,Non-Junction,None,,,         ,Terence,Mitchell,Clear,"Sideswipe, Same Direction",no,no,no,no,no,False
102338404,METROPOLITAN NASHVILLE POLICE DEPT,20190224248,Davidson,Nashville,3/22/2019 5:21:00 PM,2,0,0,36.234160,-86.766660,I 65,,,,0.00,,,,,,,89.40,N,Not at Intersection, ,,None,,,         ,Brynn,Cellan,,,no,no,no,no,no,False
102338416,VANDERBILT UNIVERSITY POLICE,20190224187,Davidson,Nashville,3/22/2019 4:10:00 PM,2,0,0,36.149580,-86.802270,WEST END AV,,,,0.00,,,,,,,0.00,,, ,Non-Junction,None,,,         ,Christopher,Dion,Clear,"Sideswipe, Same Direction",no,no,no,yes,no,Campus
102338441,METROPOLITAN NASHVILLE POLICE DEPT,20190224521,Davidson,Nashville,3/22/2019 7:50:00 PM,2,0,0,36.186830,-86.795470,I 65,,,,0.00,,,,,,,85.55,N,Not at Intersection,N,Non-Junction,None,,,         ,Andrey,Volfson,Clear,Front to Rear,no,no,no,no,no,False
102338447,METROPOLITAN NASHVILLE POLICE DEPT,20190224512,Davidson,Nashville,3/22/2019 7:37:00 PM,2,0,0,36.197050,-86.745670,CAHAL AV,,,,78.00,Feet,East,MARTHA AV,,,,0.00,N,Not at Intersection,N,Non-Junction,None,,,         ,Marc,Kozen,Clear,"Sideswipe, Same Direction",no,no,no,no,yes,False
102338450,METROPOLITAN NASHVILLE POLICE DEPT,20190224567,Davidson,Nashville,3/22/2019 8:05:00 PM,2,0,0,36.165770,-86.764200,I 24,,,,0.00,,,,,,,49.00,N,Not at Intersection,N,Non-Junction,None,,,         ,Chase,Harriman,Clear,Front to Rear,no,no,no,no,yes,False
102338451,METROPOLITAN NASHVILLE POLICE DEPT,20190224578,Davidson,Nashville,3/22/2019 4:48:00 PM,2,0,0,36.098530,-86.738490,HARRISON ST,,,,130.00,Feet,East,NOLENSVILLE PKE,,,,0.00,N,Not at Intersection, ,Non-Junction,None,,,         ,Aimee,Ortiz,Clear,Other,no,no,no,no,no,False
102338455,METROPOLITAN NASHVILLE POLICE DEPT,20190224576,Davidson,Nashville,3/22/2019 8:15:00 PM,1,1,0,36.176620,-86.755520,MAIN ST,,,,0.00,,,MCFERRIN AV,,,,0.00,Y,Four-Way,N,Intersection,None,,,         ,Gregory,Cenicola,Clear,Not Collision with Motor Vehicle in Transport,yes,no,no,no,no,False
102338461,METROPOLITAN NASHVILLE POLICE DEPT,20190224493,Davidson,Nashville,3/22/2019 7:30:00 PM,1,1,0,36.122990,-86.630470,BELL RD,,,,94.00,Feet,North,WOODLAND POINTE DR,,,,0.00,N,Not at Intersection,N,Non-Junction,None,,,         ,Seth,Vaughn,Clear,Not Collision with Motor Vehicle in Transport,no,no,no,no,no,False
102338462,METROPOLITAN NASHVILLE POLICE DEPT,20190224477,Davidson,Nashville,3/22/2019 12:00:00 AM,3,0,0,36.052450,-86.644670,BELL RD,,,,112.00,Feet,North,EAGLE VIEW BLVD,,,,0.00,N,Not at Intersection,N,Non-Junction,None,,,         ,Wesley,Carver,Cloudy,Front to Rear,no,no,no,no,yes,False
102338465,METROPOLITAN NASHVILLE POLICE DEPT,20190223997,Davidson,Nashville,3/22/2019 12:00:00 AM,2,0,0,36.206250,-86.776330,I 65,,,,0.00,,,,,,,87.30,N,Not at Intersection, ,Non-Junction,None,,,         ,John,Petriello,Clear,Front to Rear,no,no,no,no,no,False
102338471,METROPOLITAN NASHVILLE POLICE DEPT,20190224559,Davidson,Nashville,3/22/2019 6:00:00 PM,2,0,0,36.080500,-86.726620,NOLENSVILLE PKE,,,,337.00,Feet,North,HARDING PL,,,,0.00,N,Not at Intersection,N,Non-Junction,None,,,         ,Akira,McSwain,Clear,Front to Rear,no,no,no,no,yes,False
102338476,METROPOLITAN NASHVILLE POLICE DEPT,20190224356,Davidson,Nashville,3/22/2019 6:14:00 PM,2,1,0,36.209470,-86.870000,ASHLAND CITY HWY EB ENT RAMP,,,,0.00,,,ASHLAND CITY HWY,,,,0.00,Y,OTHER,Y,Entrance/Exit Ramp Related,None,,,         ,Jonathan,Sharp,Clear,Front to Rear,no,no,no,no,no,False
102338478,METROPOLITAN NASHVILLE POLICE DEPT,20190224596,Davidson,Nashville,3/22/2019 8:20:00 PM,2,2,0,36.158620,-86.773050,2ND AVS,,,,202.00,Feet,South,MOLLOY ST,,,,0.00,N,Not at Intersection, ,Non-Junction,None,,,         ,Brent,Morris,Clear,Rear to Rear,no,no,no,no,no,False
102338479,METROPOLITAN NASHVILLE POLICE DEPT,20190224169,Davidson,Nashville,3/22/2019 4:53:00 PM,2,0,0,36.140860,-86.661010,I 40,,,,0.00,,,,,,,218.00,N,Not at Intersection,N,Non-Junction,None,,,         ,Cheri,Cox,Clear,Angle,no,no,no,no,no,False
102338480,METROPOLITAN NASHVILLE POLICE DEPT,20190223996,Davidson,Nashville,3/22/2019 3:30:00 PM,2,0,0,36.163950,-86.778360,PRINTERS ALY,,,,0.00,,,CHURCH ST,,,,0.00,Y,T-Intersection, ,Intersection,None,,,         ,Timothy,Mead,Clear,Angle,no,no,no,no,no,False
102338505,METROPOLITAN NASHVILLE POLICE DEPT,20190224630,Davidson,Nashville,3/22/2019 12:00:00 AM,2,1,0,36.201900,-86.776850,I 65,,,,0.00,,,,,,,87.00,N,Not at Intersection,N,Non-Junction,None,,,         ,John,Petriello,Clear,Front to Rear,no,no,no,no,no,False
102338524,METROPOLITAN NASHVILLE POLICE DEPT,20190224379,Davidson,Nashville,3/22/2019 6:30:00 PM,1,1,0,36.171840,-86.764770,S 5TH ST,,,,0.00,,,WOODLAND ST,,,,0.00,Y,Four-Way,N,Intersection,None,,,         ,Christopher,Butner,Clear,Not Collision with Motor Vehicle in Transport,no,yes,no,no,yes,False
102338534,METROPOLITAN NASHVILLE POLICE DEPT,20190224731,Davidson,Nashville,3/22/2019 7:25:00 PM,2,0,0,36.071870,-86.636180,MURFREESBORO PKE,,,,0.00,,,BELL RD,,,,0.00,Y,Four-Way, ,Intersection-Related,None,,,         ,Steven,Powers,Clear,"Sideswipe, Same Direction",no,no,no,no,no,False
102338536,METROPOLITAN NASHVILLE POLICE DEPT,20190224562,Davidson,Nashville,3/22/2019 7:35:00 PM,2,0,0,36.154600,-86.786200,DEMONBREUN ST,,,,0.00,,,12TH AVS,,,,0.00,Y,Four-Way, ,,None,,,         ,Phillip,Burke,,,no,no,no,no,no,False
102338545,METROPOLITAN NASHVILLE POLICE DEPT,20190224374,Davidson,Nashville,3/22/2019 6:30:00 PM,2,1,0,36.124080,-86.751680,NOLENSVILLE PKE,,,,0.00,,,I440 W EXT RAMP,,,,0.00,Y,T-Intersection, ,Intersection,None,,,         ,John,Roberson,Clear,Angle,no,no,no,no,no,False
102338555,METROPOLITAN NASHVILLE POLICE DEPT,20190224296,Davidson,Nashville,3/22/2019 6:02:00 PM,3,2,0,36.217080,-86.696380,MCGAVOCK PKE,,,,0.00,,,MUSIC VALLEY DR,,,,0.00,Y,Four-Way,Y,Intersection,None,,,         ,Allyson,Reis,Clear,Angle,no,no,no,no,no,False
102338556,METROPOLITAN NASHVILLE POLICE DEPT,2019-0223981,Davidson,Hermitage,3/22/2019 3:30:00 PM,4,3,0,36.255780,-86.653920,ROBINSON RD,,,,31.00,Feet,East,MERRITT ST,,,,0.00,N,Not at Intersection,N,Non-Junction,None,,,         ,Ricki,Armstrong,Clear,Front to Rear,no,no,no,no,no,False
102338580,METROPOLITAN NASHVILLE POLICE DEPT,20190224846,Davidson,Nashville,3/22/2019 12:00:00 AM,2,0,0,36.208800,-86.777390,BRICK CHURCH PKE,,,,330.00,Feet,North,I65 S EXT RAMP,,,,0.00,N,Not at Intersection,N,Non-Junction,None,,,         ,Abigail,Malone,Clear,Angle,no,no,no,yes,yes,False
102338583,METROPOLITAN NASHVILLE POLICE DEPT,20190224796,Davidson,Hermitage,3/22/2019 10:03:00 PM,3,0,0,36.257150,-86.655820,ROBINSON RD,,,,409.00,Feet,East,MARTINGALE DR,,,,0.00,N,Not at Intersection, ,Non-Junction,None,,,         ,Ricki,Armstrong,Clear,Front to Rear,no,no,no,no,no,False
102338586,METROPOLITAN NASHVILLE POLICE DEPT,20190224859,Davidson,Nashville,3/22/2019 10:35:00 PM,2,0,0,36.134650,-86.825060,WEST END AV,,,,0.00,,,BOWLING AV,,,,0.00,Y,Four-Way, ,,None,,,         ,Matthew,Jankiewicz,,,no,no,no,no,no,False
102338607,METROPOLITAN NASHVILLE POLICE DEPT,20190221686,Davidson,Nashville,3/21/2019 10:40:00 PM,1,1,0,36.088310,-86.881020,HIGHWAY 100,,,,30.00,Feet,North,CHEEKWOOD TER,,,,0.00,N,Not at Intersection,N,Non-Junction,None,,,         ,Kenneth,Bray,Clear,Not Collision with Motor Vehicle in Transport,no,no,no,no,no,False
102338631,METROPOLITAN NASHVILLE POLICE DEPT,20190224957,Davidson,Nashville,3/22/2019 11:29:00 PM,2,0,0,36.217490,-86.846310,CREEKWOODN,,,,0.00,,,KINGS LN,,,,0.00,Y,Four-Way, ,Intersection-Related,None,,,         ,Abigail,Malone,Clear,Angle,no,no,no,no,no,False
102338632,METROPOLITAN NASHVILLE POLICE DEPT,20190224857,Davidson,Nashville,3/22/2019 10:03:00 PM,2,0,0,36.116840,-86.923030,CHARLOTTE PKE,,,,79.00,Feet,East,OLD HICKORY BLVD,,,,0.00,N,Not at Intersection, ,Non-Junction,None,,,         ,Joshua,Asbell,Clear,Front to Rear,no,no,no,no,no,False
102338642,METROPOLITAN NASHVILLE POLICE DEPT,20190225032,Davidson,Nashville,3/22/2019 8:20:00 PM,2,0,0,36.190840,-86.733380,SCOTT AV,,,,159.00,Feet,South,DOUGLAS AV,,,,0.00,N,Not at Intersection,N,Non-Junction,None,,,         ,Andrew,Richey,Clear,Unknown,no,no,no,no,yes,False
102338645,BELLE MEADE POLICE DEPT,19-0077,Davidson,Belle Meade,3/22/2019 3:36:00 PM,2,0,0,36.114400,-86.861860,HARDING PKE,,,,0.00,,,CLARENDON AV,,,,0.00,Y,T-Intersection, ,Intersection-Related,None,,,         ,Doris,Howell,Clear,"Sideswipe, Same Direction",no,no,no,no,no,False
102338656,METROPOLITAN NASHVILLE POLICE DEPT,20190225144,Davidson,Nashville,3/23/2019 12:45:00 AM,2,0,0,36.151690,-86.803720,ELLISTON PL,,,,0.00,,,22ND AVN,,,,0.00,Y,T-Intersection,N,Non-Junction,None,,,         ,Brian,Warstadt,Clear,Angle,no,no,no,no,no,Campus
102338672,METROPOLITAN NASHVILLE POLICE DEPT,20190224959,Davidson,Nashville,3/22/2019 10:00:00 PM,1,0,0,36.080430,-86.751810,WAUFORD DR,,,,200.00,Feet,South,HARDING PL,,,,0.00,N,Not at Intersection,N,Non-Junction,None,,,         ,Gabriel,Hamilton,Clear,Not Collision with Motor Vehicle in Transport,no,no,no,no,no,False
102338673,METROPOLITAN NASHVILLE POLICE DEPT,20190224937,Davidson,Nashville,3/22/2019 12:00:00 AM,2,0,0,36.148380,-86.792220,MUSIC SQE,,,,0.00,,,CHET ATKINS PL,,,,0.00,Y,OTHER,N,Unknown,Unknown,,,         ,Kenneth,Bray,Clear,Angle,no,no,no,no,yes,False
102338675,METROPOLITAN NASHVILLE POLICE DEPT,20190224761,Davidson,Nashville,3/22/2019 9:23:00 PM,4,1,0,36.039670,-86.661600,CHIMNEYTOP DR,,,,0.00,Feet,East,BELL HOLLOW APTS PVTDR,,,,0.00,N,Not at Intersection,N,Non-Junction,None,,,         ,Taylor,Hurley,Clear,Angle,no,no,no,yes,no,False