master_record_number,agency,agency_tracking_number,county,city,collision_date,vehicles_involved,number_injured,number_dead,latitude,longitude,roadway_name,roadway_suffix,roadway_number,roadway_local_id,distance_from_reference,miles-feet_indicator,direction_from_reference,intersection_road_name,intersection_road_name_suffix,intersection_road_number,intersection_local_id,mile_marker,intersection_indicator,intersect_type,interchange_related_indicator,relation_to_junction,work_zone_type,construction_maintenance_zone,construction_maintenance_zone_location,fatal_case_number,officer_first_name,officer_last_name,weather_condition(s),manner_of_crash,pedestrian,bicycle,scooter,parking,hitrun,mou
102338676,METROPOLITAN NASHVILLE POLICE DEPT,20190225049,Davidson,Nashville,3/23/2019 12:09:00 AM,2,1,0,36.145950,-86.666580,DONELSON PKE,,,,5.00,Feet,East,ROYAL PKWY,,,,0.00,N,Not at Intersection,N,Non-Junction,None,,,         ,Lynsie,Smith,Clear,Angle,no,no,no,no,no,False
102338685,METROPOLITAN NASHVILLE POLICE DEPT,20190224995,Davidson,Nashville,3/22/2019 10:00:00 PM,2,0,0,36.116880,-86.738670,LUTIE ST,,,,0.00,,,STERLING BOONE DR,,,,0.00,Y,Four-Way,N,Intersection,None,,,         ,Zachary,Lang,Clear,Angle,no,no,no,no,yes,False
102338689,METROPOLITAN NASHVILLE POLICE DEPT,20190225247,Davidson,Nashville,3/23/2019 1:55:00 AM,2,0,0,36.151010,-86.796490,19TH AVS,,,,0.00,Feet,North,BROADWAY,,,,0.00,N,Not at Intersection, ,Non-Junction,None,,,         ,Brian,Warstadt,Clear,Angle,no,no,no,no,no,False
102338695,METROPOLITAN NASHVILLE POLICE DEPT,20190225385,Davidson,Nashville,3/23/2019 3:20:00 AM,1,0,0,36.161260,-86.776610,BROADWAY,,,,194.00,Feet,East,4TH AVN,,,,0.00,N,Not at Intersection, ,Non-Junction,None,,,         ,Reagan,Heath,Clear,Not Collision with Motor Vehicle in Transport,no,no,no,no,no,False
102338699,METROPOLITAN NASHVILLE POLICE DEPT,20190225386,Davidson,Nashville,3/23/2019 3:29:00 AM,1,0,0,36.145530,-86.873440,AMERICAN RD,,,,10.00,Feet,North,MERCOMATIC DR,,,,0.00,N,Not at Intersection,N,Non-Junction,None,,,         ,Jonathan,Watch,Clear,Not Collision with Motor Vehicle in Transport,no,no,no,no,yes,False
102338700,METROPOLITAN NASHVILLE POLICE DEPT,20190225179,Davidson,Nashville,3/23/2019 12:36:00 AM,1,0,0,36.182590,-86.804710,COFFEE ST,,,,4.00,Feet,West,OWEN ST,,,,0.00,N,Not at Intersection,N,Non-Junction,None,,,         ,Christopher,Royer,Clear,Not Collision with Motor Vehicle in Transport,no,no,no,no,yes,False
102338701,METROPOLITAN NASHVILLE POLICE DEPT,20190225316,Davidson,Nashville,3/23/2019 2:24:00 AM,2,0,0,36.195630,-86.776440,FERN AV,,,,68.00,Feet,East,BRICK CHURCH PKE,,,,0.00,N,Not at Intersection,N,Non-Junction,None,,,         ,Jacob,Dick,Clear,Rear to Rear,no,no,no,yes,yes,False
102338712,METROPOLITAN NASHVILLE POLICE DEPT,20190224855,Davidson,Nashville,3/22/2019 6:25:00 PM,2,0,0,36.089460,-86.620140,SMITH SPRINGS RD,,,,595.00,Feet,East,RURAL HILL RD,,,,0.00,N,Not at Intersection,N,Non-Junction,None,,,         ,Bridget,Griepentrog,Clear,Front to Rear,no,no,no,no,no,False
102338728,METROPOLITAN NASHVILLE POLICE DEPT,20190225377,Davidson,Nashville,3/23/2019 3:25:00 AM,2,0,0,36.188990,-86.753650,GRANADA AV,,,,0.00,Feet,West,SHARPE AV,,,,0.00,N,Not at Intersection,N,Non-Junction,None,,,         ,Reginald,Pierre-Paul,Clear,Angle,no,no,no,no,no,False
102338729,METROPOLITAN NASHVILLE POLICE DEPT,20190225133,Davidson,Nashville,3/22/2019 9:53:00 PM,2,0,0,36.152820,-86.683410,ELM HILL PKE,,,,0.00,,,MCGAVOCK PKE,,,,0.00,Y,T-Intersection,N,Intersection,None,,,         ,Craig,Amabile,Clear,Angle,no,no,no,no,no,False
102338731,METROPOLITAN NASHVILLE POLICE DEPT,20190225427,Davidson,Antioch,3/23/2019 3:50:00 AM,2,1,0,36.027990,-86.614570,OLD HICKORY BLVD,,,,1004.00,Feet,South,LOGISTICS WAY,,,,0.00,N,Not at Intersection,N,Non-Junction,None,,,         ,Zachary,Lang,Clear,HeadOn,no,no,no,no,no,False
102338732,METROPOLITAN NASHVILLE POLICE DEPT,20190225432,Davidson,Nashville,3/23/2019 3:56:00 AM,1,1,0,36.148170,-86.799460,21ST AVS,,,,88.00,Feet,North,BROADWAY,,,,0.00,N,Not at Intersection,N,Non-Junction,None,,,         ,Dakota,Vermillion,Clear,Not Collision with Motor Vehicle in Transport,no,no,no,no,no,Campus
102338733,METROPOLITAN NASHVILLE POLICE DEPT,20190225558,Davidson,Nashville,3/23/2019 2:55:00 AM,2,0,0,36.118540,-86.716170,GREYMONT DR,,,,37.00,Feet,North,CURREY RD,,,,0.00,N,Not at Intersection,N,Non-Junction,None,,,         ,David,Smith,Clear,Front to Rear,no,no,no,no,yes,False
102338739,METROPOLITAN NASHVILLE POLICE DEPT,20190225114,Davidson,Nashville,3/23/2019 12:35:00 AM,2,1,0,36.044930,-86.664690,BELL RD,,,,533.00,Feet,North,CANE RIDGE RD,,,,0.00,N,Not at Intersection,N,Non-Junction,None,,,         ,Maccio,Hightower,Clear,Angle,no,no,no,no,no,False
102338741,METROPOLITAN NASHVILLE POLICE DEPT,20190225614,Davidson,Nashville,3/23/2019 5:53:00 AM,1,1,0,36.142890,-86.649940,ELM HILL PKE,,,,25.00,Feet,South,MCCRORY CREEK RD,,,,0.00,N,Not at Intersection,N,Non-Junction,None,,,         ,Jacob,West,Clear,Not Collision with Motor Vehicle in Transport,no,no,no,no,no,False
102338772,BELLE MEADE POLICE DEPT,19-0076,Davidson,Belle Meade,3/22/2019 3:27:00 PM,2,0,0,36.111800,-86.856250,SUTHERLAND AV,,,,293.00,Feet,West,BELLE MEADE BLVD,,,,0.00,N,Not at Intersection,N,Non-Junction,None,,,         ,Katelyn,Cloxton,Clear,Angle,no,no,no,no,no,False
102338773,METROPOLITAN NASHVILLE POLICE DEPT,20190225725,Davidson,Nashville,3/23/2019 7:35:00 AM,2,0,0,36.160620,-86.585380,BELL RD,,,,0.00,,,S NEW HOPE RD,,,,0.00,Y,Four-Way, ,Intersection,None,,,         ,Michael,Brooks,Clear,"Sideswipe, Opposite Direction",no,no,no,no,no,False
102338792,METROPOLITAN NASHVILLE POLICE DEPT,20190225750,Davidson,Nashville,3/23/2019 7:51:00 AM,2,0,0,36.149090,-86.690830,MARRIOTT DR,,,,478.00,Feet,East,BRILEY PKWY N EXT RAMP,,,,0.00,N,Not at Intersection,N,Non-Junction,None,,,         ,Richard,Luellen,Clear,Angle,no,no,no,no,no,False
102338803,METROPOLITAN NASHVILLE POLICE DEPT,20190225671,Davidson,Nashville,3/23/2019 6:58:00 AM,3,0,0,36.104530,-86.669100,MURFREESBORO PKE,,,,238.00,Feet,West,OLD MURFREESBORO PKE,,,,0.00,N,Not at Intersection,N,Non-Junction,None,,,         ,MIchael,Mihajlov,Clear,"Sideswipe, Same Direction",no,no,no,no,no,False
102338804,METROPOLITAN NASHVILLE POLICE DEPT,20190225822,Davidson,Nashville,3/23/2019 8:48:00 AM,2,0,0,36.188360,-86.800280,ATHENS WAY,,,,300.00,Feet,North,DOMINICAN DR,,,,0.00,N,Not at Intersection, ,Non-Junction,None,,,         ,Caleb,Jernigan,Clear,Rear to Side,no,no,no,no,no,False
102338815,METROPOLITAN NASHVILLE POLICE DEPT,20190225855,Davidson,Nashville,3/23/2019 12:00:00 AM,1,0,0,36.111000,-86.724140,EAST THOMPSON LN,,,,0.00,,,,,,,0.00,,Not at Intersection,N,Non-Junction,None,,,         ,Joseph,Simon,Clear,Not Collision with Motor Vehicle in Transport,no,no,no,yes,yes,False
102338817,METROPOLITAN NASHVILLE POLICE DEPT,20190225832,Davidson,Nashville,3/23/2019 8:50:00 AM,2,0,0,36.140870,-86.883080,ANNEX AV,,,,419.00,Feet,East,PREMIER DR,,,,0.00,N,Not at Intersection, ,Non-Junction,None,,,         ,Wesley,Tilley,Clear,Front to Rear,no,no,no,no,no,False
102338863,METROPOLITAN NASHVILLE POLICE DEPT,20190226011,Davidson,Nashville,3/23/2019 11:02:00 AM,2,0,0,36.164860,-86.763700,I 24,,,,0.00,,,,,,,49.10,N,Not at Intersection, ,Non-Junction,None,,,         ,Kyle,Eicholtz,Clear,Angle,no,no,no,no,no,False
102338869,METROPOLITAN NASHVILLE POLICE DEPT,20190225958,Davidson,Nashville,3/23/2019 9:30:00 AM,3,1,0,36.114010,-86.811510,WOODMONT BLVD,,,,188.00,Feet,West,HILLSBORO PKE,,,,0.00,N,Not at Intersection,N,Non-Junction,None,,,         ,Brian,Myatt,Clear,Front to Rear,no,no,no,no,no,False
102338871,METROPOLITAN NASHVILLE POLICE DEPT,2019-0226031,Davidson,Goodlettsville,3/23/2019 11:10:00 AM,2,1,0,36.296910,-86.699160,GALLATIN PKEN,,,,0.00,,,RIVERGATE PKWY,,,,0.00,Y,Four-Way, ,Intersection,None,,,         ,Travis,Baxter,Clear,Front to Rear,no,no,no,no,no,False
102338872,METROPOLITAN NASHVILLE POLICE DEPT,20190225987,Davidson,Nashville,3/23/2019 10:40:00 AM,1,1,0,36.229960,-86.829930,BRILEY PKWYE,,,,119.00,Feet,South,BRILEY PKWY W EXT RAMP,,,,0.00,N,Not at Intersection,N,Non-Junction,None,,,         ,Kenneth,Oneal,Clear,Not Collision with Motor Vehicle in Transport,no,no,no,no,no,False
102338878,METROPOLITAN NASHVILLE POLICE DEPT,20190226006,Davidson,Nashville,3/23/2019 11:00:00 AM,2,0,0,36.088300,-86.790730,BATTERY LN,,,,80.00,Feet,East,LEALAND LN,,,,0.00,N,Not at Intersection,N,Non-Junction,None,,,         ,Randy,Puckett,Clear,Front to Rear,no,no,no,no,no,False
102338889,METROPOLITAN NASHVILLE POLICE DEPT,20190226077,Davidson,Nashville,3/23/2019 11:47:00 AM,1,0,0,36.230260,-86.829750,BRILEY PKWYW,,,,0.00,,,BRILEY PKWY W EXT RAMP,,,,0.00,Y,OTHER, ,Entrance/Exit Ramp Related,None,,,         ,William,Coy,Clear,Not Collision with Motor Vehicle in Transport,no,no,no,no,no,False
102338900,METROPOLITAN NASHVILLE POLICE DEPT,20190226100,Davidson,Nashville,3/23/2019 12:07:00 PM,2,0,0,36.134420,-86.803730,FAIRFAX AV,,,,0.00,,,CONVENT PL,,,,0.00,Y,T-Intersection,N,Intersection,None,,,         ,David,Lang,Clear,Angle,no,no,no,no,no,Campus
102338915,METROPOLITAN NASHVILLE POLICE DEPT,20190226067,Davidson,Nashville,3/23/2019 11:42:00 AM,2,0,0,36.253220,-86.716800,GALLATIN PKES,,,,0.00,,,MADISON SQ,,,,0.00,Y,Four-Way, ,Intersection-Related,None,,,         ,Samuel,Kersten,Clear,Front to Rear,no,no,no,no,no,False
102338941,METROPOLITAN NASHVILLE POLICE DEPT,20190226081,Davidson,Nashville,3/23/2019 11:55:00 AM,1,1,0,36.152020,-86.769780,LINDSLEY AV,,,,30.00,Feet,North,3RD AVS,,,,0.00,N,Not at Intersection,N,"Driveway, Alley Access, etc",None,,,         ,Johnathan,Carlisle,Clear,Not Collision with Motor Vehicle in Transport,yes,no,no,yes,no,False
102338952,METROPOLITAN NASHVILLE POLICE DEPT,20190226105,Davidson,Nashville,3/23/2019 12:00:00 PM,2,0,0,36.147070,-86.743390,I 40,,,,0.00,,,,,,,212.05,N,Not at Intersection, ,Non-Junction,None,,,         ,Lee,Davis,Clear,"Sideswipe, Same Direction",no,no,no,no,no,False
102338953,METROPOLITAN NASHVILLE POLICE DEPT,20190226125,Davidson,Nashville,3/23/2019 12:10:00 PM,2,0,0,36.137000,-86.726760,I 24,,,,0.00,,,,,,,52.30,N,Not at Intersection, ,Non-Junction,None,,,         ,Anna,Clayton,Clear,Front to Rear,no,no,no,no,no,False
102338962,METROPOLITAN NASHVILLE POLICE DEPT,20190226129,Davidson,Nashville,3/23/2019 12:23:00 PM,2,2,0,36.074570,-86.750490,BLACKMAN RD,,,,0.00,,,BRIARWOOD DR,,,,0.00,Y,Four-Way,N,Intersection,None,,,         ,Earl,Davis,Clear,Angle,no,no,no,no,no,False
102339001,METROPOLITAN NASHVILLE POLICE DEPT,20190226063,Davidson,Nashville,3/23/2019 11:33:00 AM,2,0,0,36.089350,-86.802940,BATTERY LN,,,,0.00,,,GRANNY WHITE PKE,,,,0.00,Y,Four-Way, ,Intersection,None,,,         ,Nathan,Kemp,Clear,Angle,no,no,no,no,no,False
102339017,METROPOLITAN NASHVILLE POLICE DEPT,20190226069,Davidson,Not in City Limit,3/23/2019 11:44:00 AM,3,1,0,36.297000,-86.811470,I 24,,,,0.00,,,,,,,39.00,N,Not at Intersection,N,Non-Junction,None,,,         ,James,Wray,Clear,Front to Rear,no,no,no,no,no,False
102339030,METROPOLITAN NASHVILLE POLICE DEPT,20190226123,Davidson,Nashville,3/23/2019 12:18:00 PM,2,0,0,36.172840,-86.765340,JAMES ROBERTSON PKWY,,,,0.00,,,SPRING ST,,,,0.00,Y,Four-Way, ,,None,,,         ,Nathan,Mayo,,,no,no,no,no,no,False
102339050,METROPOLITAN NASHVILLE POLICE DEPT,20190226178,Davidson,Nashville,3/23/2019 12:30:00 PM,2,0,0,36.101740,-86.739210,ANTIOCH PKE,,,,75.00,Feet,West,MCCOMBS AV,,,,0.00,N,Not at Intersection, ,Non-Junction,None,,,         ,James,Thomas,Clear,Angle,no,no,no,no,no,False
102339051,METROPOLITAN NASHVILLE POLICE DEPT,20190226193,Davidson,Nashville,3/23/2019 12:41:00 PM,3,0,0,36.203320,-86.776840,I 65,,,,0.00,,,,,,,87.10,N,Not at Intersection, ,Non-Junction,None,,,         ,Zachary,Goodall,Clear,Front to Rear,no,no,no,no,yes,False
102339056,METROPOLITAN NASHVILLE POLICE DEPT,20190226205,Davidson,Nashville,3/23/2019 1:20:00 PM,2,0,0,36.224240,-86.774540,I 65,,,,0.00,,,,,,,88.55,N,Not at Intersection, ,Non-Junction,None,,,         ,Kenneth,Oneal,Clear,Front to Rear,no,no,no,no,no,False
102339091,METROPOLITAN NASHVILLE POLICE DEPT,20190226086,Davidson,Not in City Limit,3/23/2019 12:00:00 PM,3,0,0,36.263160,-86.680920,RIO VISTA DR,,,,61.00,Feet,North,STATE RT 45,,,,0.00,N,Not at Intersection,N,Non-Junction,None,,,         ,Blake,McKay,Clear,Front to Rear,no,no,no,no,no,False
102339099,METROPOLITAN NASHVILLE POLICE DEPT,20190226275,Davidson,Nashville,3/23/2019 2:08:00 PM,2,0,0,36.193660,-86.831220,CLARKSVILLE PKE,,,,0.00,,,BUENA VISTA PKE,,,,0.00,Y,Four-Way,N,Non-Junction,None,,,         ,James,Wray,Clear,Angle,no,no,no,no,no,False
102339121,METROPOLITAN NASHVILLE POLICE DEPT,20190226273,Davidson,Nashville,3/23/2019 2:05:00 PM,2,0,0,36.168310,-86.781950,GAY ST,,,,0.00,,,JAMES ROBERTSON PKWY,,,,0.00,Y,Four-Way, ,,None,,,         ,James,Hill,,,no,no,no,no,no,False
102339164,METROPOLITAN NASHVILLE POLICE DEPT,20190226394,Davidson,Nashville,3/23/2019 3:15:00 PM,2,0,0,36.231890,-86.801300,EWING DR,,,,88.00,Feet,East,CLAYMILLE BLVD,,,,0.00,N,Not at Intersection, ,,None,,,         ,Eric,McCoy,,,no,no,no,no,no,False
102339166,METROPOLITAN NASHVILLE POLICE DEPT,20190226249,Davidson,Nashville,3/23/2019 1:48:00 PM,2,1,0,36.222140,-86.726110,GALLATIN PKE,,,,259.00,Feet,South,GREENLAND AV,,,,0.00,N,Not at Intersection,N,Non-Junction,None,,,         ,Michael,Agee,Clear,HeadOn,no,no,no,no,no,False
102339170,METROPOLITAN NASHVILLE POLICE DEPT,20190226020,Davidson,Nashville,3/23/2019 11:12:00 AM,2,0,0,36.044880,-86.663600,BELL RD,,,,612.00,Feet,West,CANE RIDGE RD,,,,0.00,N,Not at Intersection, ,Non-Junction,None,,,         ,Amy,Hirschmann,Clear,Angle,no,no,no,no,no,False
102339174,METROPOLITAN NASHVILLE POLICE DEPT,20190226374,Davidson,Nashville,3/23/2019 1:30:00 PM,2,0,0,36.184770,-86.759360,ELLINGTON PKWY N EXT RAMP,,,,0.00,Feet,East,ELLINGTON PKWY N ENT RAMP,,,,0.00,N,Not at Intersection,N,Non-Junction,None,,,         ,Gordon,Stovall,Clear,Front to Rear,no,no,no,no,yes,False
102339193,METROPOLITAN NASHVILLE POLICE DEPT,20190226430,Davidson,Nashville,3/23/2019 3:47:00 PM,2,0,0,36.176560,-86.770170,SPRING ST,,,,45.00,Feet,East,DICKERSON PKE,,,,0.00,N,Not at Intersection,N,Non-Junction,None,,,         ,Cody,Jaworski,Clear,Front to Rear,no,no,no,no,yes,False
102339196,METROPOLITAN NASHVILLE POLICE DEPT,20190226339,Davidson,Nashville,3/23/2019 2:56:00 PM,2,0,0,36.161100,-86.777010,BROADWAY,,,,64.00,Feet,East,4TH AVN,,,,0.00,N,Not at Intersection, ,Non-Junction,None,,,         ,Seth,Quiles,Clear,"Sideswipe, Same Direction",no,no,no,no,no,False
102339215,METROPOLITAN NASHVILLE POLICE DEPT,20190226385,Davidson,Nashville,3/23/2019 3:21:00 PM,2,0,0,36.163600,-86.762200,I 24,,,,0.00,,,,,,,49.20,N,Not at Intersection,N,Non-Junction,None,,,         ,Brynn,Cellan,Clear,Angle,no,no,no,no,no,False
102339216,METROPOLITAN NASHVILLE POLICE DEPT,20190226399,Davidson,Nashville,3/23/2019 3:00:00 PM,2,0,0,36.122320,-86.717600,LAWNDALE DR,,,,4.00,Feet,East,EAST THOMPSON LN,,,,0.00,N,Not at Intersection,N,Non-Junction,None,,,         ,Aimee,Ortiz,Clear,Angle,no,no,no,no,no,False
102339236,METROPOLITAN NASHVILLE POLICE DEPT,20190226529,Davidson,Nashville,3/23/2019 4:30:00 PM,2,0,0,36.069160,-86.691070,I24 E EXT RAMP,,,,0.00,Feet,East,I 24,,,,0.00,N,Not at Intersection, ,,None,,,         ,Richard,Olive,,,no,no,no,no,no,False
102339237,METROPOLITAN NASHVILLE POLICE DEPT,20190226470,Davidson,Goodlettsville,3/23/2019 4:01:00 PM,2,4,0,36.300780,-86.694820,RIVERGATE MALL PVTDR,,,,1.00,Feet,North,SHEPHERD HILLS DR,,,,0.00,N,Not at Intersection,N,Non-Junction,None,,,         ,Peter,Vaught,Clear,Front to Rear,no,no,no,no,no,False
102339247,METROPOLITAN NASHVILLE POLICE DEPT,20190226300,Davidson,Nashville,3/23/2019 2:40:00 PM,2,2,0,36.136360,-86.726750,I 24,,,,0.00,,,,,,,52.25,N,Not at Intersection,Y,Entrance/Exit Ramp Related,None,,,         ,Torry,Hill,Clear,Front to Rear,no,no,no,no,no,False
102339252,METROPOLITAN NASHVILLE POLICE DEPT,20190226525,Davidson,Nashville,3/23/2019 3:49:00 PM,2,0,0,36.153830,-86.784200,11TH AVS,,,,111.00,Feet,South,LAUREL ST,,,,0.00,N,Not at Intersection, ,Non-Junction,None,,,         ,Jonathan,Nicholson,Clear,"Sideswipe, Same Direction",no,no,no,no,no,False
102339254,METROPOLITAN NASHVILLE POLICE DEPT,20190226598,Davidson,Nashville,3/23/2019 4:23:00 PM,2,0,0,36.165090,-86.794360,I 40,,,,0.00,,,,,,,208.40,N,Not at Intersection, ,Non-Junction,None,,,         ,Jed,Baldoni,Clear,Angle,no,no,no,no,no,False
102339255,METROPOLITAN NASHVILLE POLICE DEPT,20190226595,Davidson,Nashville,3/23/2019 5:00:00 PM,2,1,0,36.126700,-86.711090,EAST THOMPSON LN,,,,0.00,,,MURFREESBORO PKE,,,,0.00,Y,Four-Way,N,Intersection,None,,,         ,Tyler,Hall,Clear,Front to Rear,no,no,no,no,yes,False
102339278,METROPOLITAN NASHVILLE POLICE DEPT,20190226580,Davidson,Nashville,3/23/2019 4:11:00 PM,2,0,0,36.081430,-86.759590,HARDING PL,,,,383.00,Feet,West,TROUSDALE DR,,,,0.00,N,Not at Intersection, ,"Driveway, Alley Access, etc",None,,,         ,John,Roberson,Clear,"Sideswipe, Same Direction",no,no,no,no,no,False
102339311,METROPOLITAN NASHVILLE POLICE DEPT,20190226620,Davidson,Nashville,3/23/2019 5:15:00 PM,2,1,0,36.148350,-86.780320,I 40,,,,0.00,,,,,,,209.80,N,Not at Intersection, ,Non-Junction,None,,,         ,Brent,Morris,Clear,"Sideswipe, Same Direction",no,no,no,no,no,False
102339316,METROPOLITAN NASHVILLE POLICE DEPT,20190226594,Davidson,Nashville,3/23/2019 3:59:00 PM,2,0,0,36.074800,-86.662700,UNA ANTIOCH PKE,,,,89.00,Feet,South,BILLINGSGATE RD,,,,0.00,N,Not at Intersection, ,Non-Junction,None,,,         ,Sean,Weaver,Clear,Front to Rear,no,no,no,no,no,False
102339328,METROPOLITAN NASHVILLE POLICE DEPT,20190226630,Davidson,Nashville,3/23/2019 5:35:00 PM,1,1,0,36.118430,-86.841600,WOODMONT BLVD,,,,0.00,Feet,East,WOODMONT CIR,,,,0.00,N,Not at Intersection,N,Non-Junction,None,,,         ,Kelby,Dumond,Clear,Not Collision with Motor Vehicle in Transport,no,no,no,no,no,False
102339349,METROPOLITAN NASHVILLE POLICE DEPT,20190226483,Davidson,Nashville,3/23/2019 4:10:00 PM,2,0,0,36.143570,-86.814350,WEST END AV,,,,37.00,Feet,North,30TH AVS,,,,0.00,N,Not at Intersection,N,Non-Junction,None,,,         ,Darryl,Williams,Clear,Angle,no,no,no,no,no,Campus
102339350,METROPOLITAN NASHVILLE POLICE DEPT,20190226341,Davidson,Nashville,3/23/2019 3:00:00 PM,3,4,0,36.123820,-86.908330,I 40,,,,0.00,,,,,,,200.40,N,Not at Intersection,N,Non-Junction,None,,,         ,Ty,Cummings,Cloudy,Front to Rear,no,no,no,no,no,False
102339351,METROPOLITAN NASHVILLE POLICE DEPT,20190226617,Davidson,Nashville,3/23/2019 5:29:00 PM,2,0,0,36.173270,-86.791400,ROSA L PARKS BLVD,,,,0.00,,,JEFFERSON ST,,,,0.00,Y,Four-Way,N,Intersection-Related,None,,,         ,Andrey,Volfson,Clear,Angle,no,no,no,no,no,False
102339386,METROPOLITAN NASHVILLE POLICE DEPT,20190226588,Davidson,Nashville,3/23/2019 5:09:00 PM,2,0,0,36.089360,-86.718310,PARAGON MILLS RD,,,,19.00,Feet,East,ASTER DR,,,,0.00,N,Not at Intersection, ,Non-Junction,None,,,         ,Andrew,Brazee,Clear,Front to Rear,no,no,no,no,no,False
102339390,METROPOLITAN NASHVILLE POLICE DEPT,20190226801,Davidson,Nashville,3/23/2019 7:28:00 PM,2,1,0,36.032720,-86.712830,NOLENSVILLE PKE,,,,296.00,Feet,South,BARNES RD,,,,0.00,N,Not at Intersection,N,Non-Junction,None,,,         ,Eric,Wegener,Clear,Front to Rear,no,no,no,no,no,False
102339392,METROPOLITAN NASHVILLE POLICE DEPT,20190226634,Davidson,Nashville,3/23/2019 5:43:00 PM,2,0,0,36.179510,-86.773860,I 24,,,,0.00,,,,,,,47.70,N,Not at Intersection, ,Non-Junction,None,,,         ,Brynn,Cellan,Clear,Angle,no,no,no,no,no,False
102339396,VANDERBILT UNIVERSITY POLICE,190226727,Davidson,Nashville,3/23/2019 12:00:00 AM,1,0,0,36.141670,-86.801400,MEDICAL CENTER DR,,,,302.00,Feet,North,DIXIE PL,,,,0.00,N,Not at Intersection, ,Non-Junction,None,,,         ,Joseph,Bishop,Unknown,Unknown,no,no,no,yes,no,Campus
102339401,METROPOLITAN NASHVILLE POLICE DEPT,20190226790,Davidson,Nashville,3/23/2019 12:00:00 AM,2,0,0,36.170830,-86.746800,SHELBY AV,,,,0.00,Feet,East,S 14TH ST,,,,0.00,N,Not at Intersection,N,Non-Junction,None,,,         ,Gordon,Stovall,Clear,Front to Rear,no,no,no,no,yes,False
102339402,METROPOLITAN NASHVILLE POLICE DEPT,20190226481,Davidson,Not in City Limit,3/23/2019 12:00:00 AM,2,1,0,36.259320,-86.757780,BELLSHIRE DR,,,,0.00,,,DICKERSON PKE,,,,0.00,Y,Four-Way,Y,Intersection,None,,,         ,Michael,Quinn,Clear,Angle,no,no,no,no,yes,False
102339410,METROPOLITAN NASHVILLE POLICE DEPT,20190226518,Davidson,Nashville,3/23/2019 4:10:00 PM,2,0,0,36.146700,-86.859650,OCEOLA AV,,,,457.00,Feet,South,LENOX AV,,,,0.00,N,Not at Intersection,N,Non-Junction,None,,,         ,Jonathan,Phipps,Clear,Angle,no,no,no,yes,yes,False
102339423,METROPOLITAN NASHVILLE POLICE DEPT,20190226692,Davidson,Nashville,3/23/2019 6:16:00 PM,2,1,0,36.082920,-86.709710,HARDING PL,,,,249.00,Feet,East,TAMPA DR,,,,0.00,N,Not at Intersection,N,Non-Junction,None,,,         ,Andrew,Brazee,Clear,Front to Rear,no,no,no,no,no,False
102339431,METROPOLITAN NASHVILLE POLICE DEPT,20190226860,Davidson,Nashville,3/23/2019 7:54:00 PM,2,0,0,36.126700,-86.711090,EAST THOMPSON LN,,,,0.00,Feet,East,MURFREESBORO PKE,,,,0.00,N,Not at Intersection, ,Non-Junction,None,,,         ,Deandera,Payne,Clear,"Sideswipe, Same Direction",no,no,no,no,no,False
102339432,METROPOLITAN NASHVILLE POLICE DEPT,20190226909,Davidson,Goodlettsville,3/23/2019 8:24:00 PM,1,0,0,36.286790,-86.705440,W MONTICELLO AV,,,,0.00,Feet,West,GALLATIN PKEN,,,,0.00,N,Not at Intersection,N,Non-Junction,None,,,         ,Peter,Vaught,Clear,Not Collision with Motor Vehicle in Transport,no,no,no,no,yes,False
102339449,METROPOLITAN NASHVILLE POLICE DEPT,20190226808,Davidson,Nashville,3/23/2019 7:30:00 PM,2,1,0,36.183170,-86.677460,MCGAVOCK PKE,,,,4.00,Feet,North,TWO RIVERS PKWY,,,,0.00,N,Not at Intersection,N,Non-Junction,None,,,         ,Torry,Hill,Clear,Front to Rear,no,no,no,no,no,False
102339453,METROPOLITAN NASHVILLE POLICE DEPT,20190226776,Davidson,Nashville,3/23/2019 6:23:00 PM,2,0,0,36.043810,-86.712660,NOLENSVILLE PKE,,,,0.00,,,,,,,0.00,,,N,Non-Junction,None,,,         ,Andrew,Brazee,Clear,"Sideswipe, Same Direction",no,no,no,no,yes,False
102339465,METROPOLITAN NASHVILLE POLICE DEPT,20190227003,Davidson,Nashville,3/23/2019 8:55:00 PM,2,0,0,36.175250,-86.752670,RUSSELL ST,,,,302.00,Feet,West,S 10TH ST,,,,0.00,N,Not at Intersection, ,Non-Junction,None,,,         ,Gordon,Stovall,Clear,Angle,no,no,no,no,no,False
102339469,METROPOLITAN NASHVILLE POLICE DEPT,20190227063,Davidson,Nashville,3/23/2019 9:00:00 PM,2,0,0,36.151810,-86.758660,FAIN ST,,,,0.00,Feet,East,MAURY ST,,,,0.00,N,Not at Intersection, ,,None,,,         ,Darci,Stechman,,,no,no,no,no,no,False
102339472,METROPOLITAN NASHVILLE POLICE DEPT,20190226907,Davidson,Nashville,3/23/2019 7:50:00 PM,2,0,0,36.132480,-86.894050,CHARLOTTE PKE,,,,0.00,Feet,East,I 40,,,,0.00,N,Not at Intersection,N,Non-Junction,None,,,         ,Ty,Cummings,Clear,Front to Rear,no,no,no,no,no,False