master_record_number,agency,agency_tracking_number,county,city,collision_date,vehicles_involved,number_injured,number_dead,latitude,longitude,roadway_name,roadway_suffix,roadway_number,roadway_local_id,distance_from_reference,miles-feet_indicator,direction_from_reference,intersection_road_name,intersection_road_name_suffix,intersection_road_number,intersection_local_id,mile_marker,intersection_indicator,intersect_type,interchange_related_indicator,relation_to_junction,work_zone_type,construction_maintenance_zone,construction_maintenance_zone_location,fatal_case_number,officer_first_name,officer_last_name,weather_condition(s),manner_of_crash,pedestrian,bicycle,scooter,parking,hitrun,mou
102339480,METROPOLITAN NASHVILLE POLICE DEPT,20190227026,Davidson,Nashville,3/23/2019 8:01:00 PM,2,0,0,36.086560,-86.730820,ELYSIAN FIELDS RD,,,,209.00,Feet,West,NOLENSVILLE PKE,,,,0.00,N,Not at Intersection, ,,None,,,         ,Citlaly,Juarez,,,no,no,no,no,no,False
102339491,METROPOLITAN NASHVILLE POLICE DEPT,20190226988,Davidson,Nashville,3/23/2019 8:17:00 PM,2,0,0,36.076590,-86.642270,DOVER GLEN DR,,,,310.00,Feet,West,DOVER GLEN PVTDR,,,,0.00,N,Not at Intersection, ,OtherLocation,None,,,         ,Jedidayah,Merriweather,Clear,Front to Rear,no,no,no,yes,no,False
102339534,METROPOLITAN NASHVILLE POLICE DEPT,20190227049,Davidson,Nashville,3/23/2019 9:25:00 PM,2,0,0,36.090090,-86.762830,I 65,,,,0.00,,,,,,,78.35,N,Not at Intersection, ,Non-Junction,None,,,         ,John,Roberson,Clear,"Sideswipe, Same Direction",no,no,no,no,no,False
102339535,METROPOLITAN NASHVILLE POLICE DEPT,20190227085,Davidson,Nashville,3/23/2019 6:50:00 PM,2,0,0,36.166060,-86.778900,3RD AVN,,,,114.00,Feet,South,DEADERICK ST,,,,0.00,N,Not at Intersection,N,Non-Junction,None,,,         ,Brent,Morris,Clear,"Sideswipe, Same Direction",no,no,no,no,yes,False
102339537,METROPOLITAN NASHVILLE POLICE DEPT,20190226899,Davidson,Nashville,3/23/2019 12:00:00 AM,2,0,0,36.162300,-86.782230,CHURCH ST,,,,59.00,Feet,West,CAPITOL BLVD,,,,0.00,N,Not at Intersection,N,Non-Junction,None,,,         ,Trevor,Taylor,Clear,Front to Rear,no,no,no,no,no,False
102339542,METROPOLITAN NASHVILLE POLICE DEPT,20190226867,Davidson,Nashville,3/23/2019 7:57:00 PM,2,1,0,36.158230,-86.771840,HERMITAGE AV,,,,27.00,Feet,South,KOREAN VETERANS BLVD,,,,0.00,N,Not at Intersection, ,Non-Junction,None,,,         ,Joseph,Bingham,Clear,Front to Rear,no,no,no,no,no,False
102339551,GOODLETTSVILLE POLICE DEPT,19-10719,Davidson,Goodlettsville,3/23/2019 9:09:00 PM,2,2,0,36.294380,-86.729390,DICKERSON PKES,,,,946.00,Feet,North,THE RETREAT AT DRY CREEK FARMS,,,,0.00,N,Not at Intersection,N,Non-Junction,None,,,         ,Matt,Shoesmith,Clear,Front to Rear,no,no,no,no,no,False
102339553,METROPOLITAN NASHVILLE POLICE DEPT,20190227148,Davidson,Nashville,3/23/2019 10:35:00 PM,2,1,0,36.131160,-86.830870,WHITLAND AV,,,,0.00,,,CARDEN AV,,,,0.00,Y,Four-Way,Y,Intersection-Related,None,,,         ,Kelby,Dumond,Clear,"Sideswipe, Opposite Direction",no,no,no,no,no,False
102339590,METROPOLITAN NASHVILLE POLICE DEPT,20190227265,Davidson,Nashville,3/23/2019 11:25:00 PM,2,0,0,36.220570,-86.774770,I 65,,,,0.00,,,,,,,88.30,N,Not at Intersection, ,,None,,,         ,Daniel,Kallman,,,no,no,no,no,no,False
102339602,METROPOLITAN NASHVILLE POLICE DEPT,20190227238,Davidson,Not in City Limit,3/23/2019 11:17:00 PM,1,1,0,36.291370,-86.884500,EATONS CREEK RD,,,,297.00,Feet,West,CLARKSVILLE PKE,,,,0.00,N,Not at Intersection,N,Non-Junction,None,,,         ,Joseph,Gawlowski,Clear,Not Collision with Motor Vehicle in Transport,no,no,no,no,no,False
102339605,METROPOLITAN NASHVILLE POLICE DEPT,20190227257,Davidson,Nashville,3/23/2019 9:40:00 PM,2,0,0,36.248060,-86.721010,DUE WEST AVW,,,,192.00,Feet,West,GALLATIN PKES,,,,0.00,N,Not at Intersection,N,Non-Junction,None,,,         ,Bryant,Presley,Clear,Angle,no,no,no,no,yes,False
102339614,METROPOLITAN NASHVILLE POLICE DEPT,20190227207,Davidson,Nashville,3/23/2019 11:00:00 PM,2,0,0,36.162900,-86.776860,3RD AVN,,,,0.00,,,COMMERCE ST,,,,0.00,Y,Four-Way,N,Intersection,None,,,         ,Daniel,Russett,Clear,Angle,no,no,no,no,yes,False
102339624,METROPOLITAN NASHVILLE POLICE DEPT,20190227175,Davidson,Nashville,3/23/2019 11:43:00 PM,2,2,0,36.111620,-86.792580,WOODMONT BLVD,,,,0.00,Feet,,GRANNY WHITE PKE,,,,0.00,Y,Four-Way,Y,Intersection,None,,,         ,Randall,Atkinson,Clear,Angle,no,no,no,no,no,False
102339627,METROPOLITAN NASHVILLE POLICE DEPT,20190227384,Davidson,Nashville,3/24/2019 12:30:00 AM,2,0,0,36.161050,-86.774630,2ND AVS,,,,342.00,Feet,South,BROADWAY,,,,0.00,N,Not at Intersection,N,Non-Junction,None,,,         ,Daniel,Russett,Clear,Angle,no,no,no,no,yes,False
102339628,METROPOLITAN NASHVILLE POLICE DEPT,20190227296,Davidson,Nashville,3/23/2019 11:34:00 PM,2,0,0,36.058180,-86.659500,WINTON DR,,,,0.00,,,MOSS RD,,,,0.00,Y,T-Intersection,N,Intersection,None,,,         ,David,Simmonds,Clear,Angle,no,no,no,no,no,False
102339636,METROPOLITAN NASHVILLE POLICE DEPT,20190227410,Davidson,Nashville,3/24/2019 12:20:00 AM,2,0,0,36.183050,-86.609390,OLD HICKORY BLVD,,,,433.00,Feet,East,CHANDLER PL,,,,0.00,N,Not at Intersection,N,Non-Junction,None,,,         ,Michael,Griggs,Clear,Angle,no,no,no,no,no,False
102339638,METROPOLITAN NASHVILLE POLICE DEPT,20190227365,Davidson,Nashville,3/24/2019 12:37:00 AM,2,0,0,36.140580,-86.731840,I 40,,,,0.00,,,,,,,213.00,N,Not at Intersection,Y,Entrance/Exit Ramp Related,None,,,         ,Thomas,Broatch,Cloudy,"Sideswipe, Same Direction",no,no,no,no,yes,False
102339639,METROPOLITAN NASHVILLE POLICE DEPT,20190227342,Davidson,Nashville,3/23/2019 11:23:00 PM,2,0,0,36.162380,-86.778080,4TH AVN,,,,0.00,,,COMMERCE ST,,,,0.00,Y,Four-Way, ,Intersection-Related,None,,,         ,Austin,Childress,Clear,"Sideswipe, Same Direction",no,no,no,no,no,False
102339642,METROPOLITAN NASHVILLE POLICE DEPT,20190227493,Davidson,Nashville,3/24/2019 1:45:00 AM,2,1,0,36.082010,-86.761450,HARDING PL,,,,81.00,Feet,East,SIDCO DR,,,,0.00,N,Not at Intersection,N,Non-Junction,None,,,         ,Garrett,Reingardt,Clear,Front to Rear,no,no,no,no,no,False
102339644,METROPOLITAN NASHVILLE POLICE DEPT,20190227438,Davidson,Antioch,3/24/2019 1:28:00 AM,2,0,0,36.047840,-86.612050,MURFREESBORO PKE,,,,1284.00,Feet,North,MOUNTAIN SPRINGS RD,,,,0.00,N,Not at Intersection,N,Non-Junction,None,,,         ,Jefferson,Hughes,Clear,Angle,no,no,no,no,no,False
102339671,METROPOLITAN NASHVILLE POLICE DEPT,20190227548,Davidson,Nashville,3/24/2019 2:51:00 AM,1,2,0,36.216600,-86.701170,OPRY MILLS DR,,,,296.00,Feet,South,MCGAVOCK PKE,,,,0.00,N,Not at Intersection,N,Non-Junction,None,,,         ,Tyler,Manivong,Clear,Not Collision with Motor Vehicle in Transport,no,no,no,no,no,False
102339680,METROPOLITAN NASHVILLE POLICE DEPT,20190227264,Davidson,Nashville,3/23/2019 11:34:00 PM,2,0,0,36.231600,-86.781520,EWING DR,,,,0.00,,,BRICK CHURCH PKE,,,,0.00,Y,Four-Way,Y,Intersection,None,,,         ,Brandon,Wood,Clear,Angle,no,no,no,no,no,False
102339690,METROPOLITAN NASHVILLE POLICE DEPT,20190227695,Davidson,Nashville,3/24/2019 3:00:00 AM,2,0,0,36.155880,-86.789090,I40 W EXT RAMP,,,,0.00,,,I 40,,,,0.00,Y,Four-Way, ,Entrance/Exit Ramp Related,None,,,         ,Austin,Childress,Clear,Front to Rear,no,no,no,no,no,False
102339701,METROPOLITAN NASHVILLE POLICE DEPT,20190227756,Davidson,Nashville,3/24/2019 4:25:00 AM,1,0,0,36.046490,-86.647680,MT VIEW RD,,,,0.00,,,,,,,0.00,,,N,Non-Junction,None,,,         ,Jefferson,Hughes,Clear,Unknown,no,no,no,no,yes,False
102339728,METROPOLITAN NASHVILLE POLICE DEPT,20190227780,Davidson,Nashville,3/24/2019 4:37:00 AM,2,1,0,36.174020,-86.605360,CENTRAL PKE ENT RAMP,,,,0.00,,,CENTRAL PKE,,,,0.00,Y,T-Intersection,N,Intersection-Related,None,,,         ,Michael,Griggs,Clear,Front to Rear,no,no,no,no,no,False
102339797,METROPOLITAN NASHVILLE POLICE DEPT,20190227977,Davidson,Nashville,3/24/2019 7:52:00 AM,2,0,0,36.158060,-86.799970,CHARLOTTE AV,,,,0.00,,,DR D B TODD JR BLVD,,,,0.00,Y,Four-Way, ,Non-Junction,None,,,         ,Caleb,Jernigan,Clear,Angle,no,no,no,no,no,False
102339801,METROPOLITAN NASHVILLE POLICE DEPT,20190227883,Davidson,Nashville,3/24/2019 6:46:00 AM,1,0,0,36.049750,-86.666860,I 24,,,,0.00,,,,,,,58.90,N,Not at Intersection,N,Non-Junction,None,,,         ,Jason,Kedzierski,Clear,Not Collision with Motor Vehicle in Transport,no,no,no,no,no,False
102339848,METROPOLITAN NASHVILLE POLICE DEPT,20190228129,Davidson,Nashville,3/24/2019 12:00:00 AM,2,0,0,36.074840,-86.621540,BRANTLEY DR,,,,38.00,Feet,West,SAFFORD VIEW DR,,,,0.00,N,Not at Intersection,N,Non-Junction,None,,,         ,Samuel,Fredericks,Clear,Unknown,no,no,no,no,yes,False
102339864,METROPOLITAN NASHVILLE POLICE DEPT,20190227959,Davidson,Nashville,3/24/2019 7:46:00 AM,2,0,0,36.170890,-86.753630,SHELBY AV,,,,214.00,Feet,East,S 9TH ST,,,,0.00,N,Not at Intersection,N,Non-Junction,None,,,         ,Nathan,Mayo,Cloudy,Not Collision with Motor Vehicle in Transport,no,no,no,no,yes,False
102339940,METROPOLITAN NASHVILLE POLICE DEPT,20190228264,Davidson,Nashville,3/24/2019 11:44:00 AM,2,0,0,36.077530,-86.641990,MURFREESBORO PKE,,,,213.00,Feet,West,DOVER GLEN PVTDR,,,,0.00,N,Not at Intersection,N,Non-Junction,None,,,         ,Samuel,Fredericks,Cloudy,"Sideswipe, Same Direction",no,no,no,no,no,False
102339955,METROPOLITAN NASHVILLE POLICE DEPT,20190228239,Davidson,Nashville,3/24/2019 11:18:00 AM,2,1,0,36.087430,-86.692210,ANTIOCH PKE,,,,0.00,,,HARDING PL,,,,0.00,Y,Four-Way,Y,Intersection,None,,,         ,Joseph,Simon,Clear,Front to Rear,no,no,no,no,no,False
102339957,METROPOLITAN NASHVILLE POLICE DEPT,20190228284,Davidson,Nashville,3/24/2019 12:04:00 PM,2,0,0,36.156570,-86.775870,5TH AVS,,,,0.00,,,KOREAN VETERANS BLVD,,,,0.00,Y,Four-Way, ,,None,,,         ,Destiny,Zunic,,,no,no,no,no,no,False
102339985,METROPOLITAN NASHVILLE POLICE DEPT,20190228316,Davidson,Nashville,3/24/2019 12:23:00 PM,2,0,0,36.234050,-86.789630,EWINGDALE DR,,,,475.00,Feet,South,EWINGWOOD DR,,,,0.00,N,Not at Intersection, ,Non-Junction,None,,,         ,William,Coy,Rain,"Sideswipe, Same Direction",no,no,no,no,no,False
102339988,METROPOLITAN NASHVILLE POLICE DEPT,20190228262,Davidson,Nashville,3/24/2019 11:36:00 AM,2,0,0,36.124810,-86.847880,HARDING PKE,,,,94.00,Feet,West,WOODMONT BLVD,,,,0.00,N,Not at Intersection, ,OtherLocation,None,,,         ,Jack,Crouch,Cloudy,Front to Rear,no,no,no,no,no,False
102339999,METROPOLITAN NASHVILLE POLICE DEPT,20190228357,Davidson,Nashville,3/24/2019 1:19:00 PM,2,0,0,36.161290,-86.792460,CHARLOTTE AV,,,,74.00,Feet,East,GEORGE L DAVIS BLVD,,,,0.00,N,Not at Intersection, ,,None,,,         ,Kyle,Eicholtz,,,no,no,no,no,no,False
102340000,METROPOLITAN NASHVILLE POLICE DEPT,20190228343,Davidson,Nashville,3/24/2019 1:09:00 PM,2,0,0,36.124980,-86.847640,WOODMONT BLVD,,,,0.00,,,HARDING PKE,,,,0.00,Y,Four-Way, ,,None,,,         ,Robert,Morris,,,no,no,no,no,no,False
102340016,METROPOLITAN NASHVILLE POLICE DEPT,20190228306,Davidson,Nashville,3/24/2019 12:20:00 PM,2,0,0,36.134800,-86.824680,WEST END AV,,,,0.00,Feet,East,BOWLING AV,,,,0.00,N,Not at Intersection, ,Non-Junction,None,,,         ,Brian,Myatt,Rain,Front to Rear,no,no,no,no,no,False
102340017,METROPOLITAN NASHVILLE POLICE DEPT,2019-0228354,Davidson,Nashville,3/24/2019 1:17:00 PM,1,0,0,36.079970,-86.720240,RECOVERY RD,,,,328.00,Feet,North,HARDING PL,,,,0.00,N,Not at Intersection,N,Non-Junction,None,,,         ,Stanley,Collins,Rain,Not Collision with Motor Vehicle in Transport,no,no,no,no,no,False
102340023,METROPOLITAN NASHVILLE POLICE DEPT,20190228311,Davidson,Nashville,3/24/2019 12:35:00 PM,2,3,0,36.152920,-86.789830,DEMONBREUN ST,,,,462.00,Feet,North,MUSIC CIRE,,,,0.00,N,Not at Intersection,N,Non-Junction,None,,,         ,Justan,Vance,Rain,Front to Rear,yes,no,no,no,no,False
102340024,METROPOLITAN NASHVILLE POLICE DEPT,20190228300,Davidson,Nashville,3/24/2019 12:00:00 AM,2,3,0,36.207020,-86.791600,W TRINITY LN,,,,0.00,Feet,West,WHITES CREEK PKE,,,,0.00,N,Not at Intersection,N,"Driveway, Alley Access, etc",None,,,         ,Zachary,Goodall,Rain,Angle,no,no,no,no,no,False
102340042,METROPOLITAN NASHVILLE POLICE DEPT,20190228367,Davidson,Nashville,3/24/2019 1:12:00 PM,2,1,0,36.121550,-86.807400,HILLSBORO PKE,,,,0.00,,,I440 E ENT RAMP,,,,0.00,Y,T-Intersection,N,Intersection,None,,,         ,Michael,McCord,Cloudy,Angle,no,no,no,no,no,False
102340069,METROPOLITAN NASHVILLE POLICE DEPT,20190228356,Davidson,Nashville,3/24/2019 1:15:00 PM,2,0,0,36.233740,-86.728910,JOYCE LN,,,,13.00,Feet,East,GRINSTEAD PL,,,,0.00,N,Not at Intersection,N,Non-Junction,None,,,         ,Zachary,Carter,Cloudy,HeadOn,no,no,no,no,no,False
102340113,METROPOLITAN NASHVILLE POLICE DEPT,20190228377,Davidson,Not in City Limit,3/24/2019 1:44:00 PM,2,0,0,36.269310,-86.756080,OLD HICKORY BLVD,,,,103.00,Feet,West,DICKERSON PKE,,,,0.00,N,Not at Intersection, ,Non-Junction,None,,,         ,Gabriel,Centeno,Cloudy,Front to Rear,no,no,no,no,no,False
102340117,METROPOLITAN NASHVILLE POLICE DEPT,20190228336,Davidson,Nashville,3/24/2019 12:30:00 PM,2,0,0,36.176670,-86.789270,MONROE ST,,,,73.00,Feet,West,5TH AVN,,,,0.00,N,Not at Intersection, ,Non-Junction,None,,,         ,Jonathon,Sheppard,Clear,"Sideswipe, Same Direction",no,no,no,no,no,False
102340118,METROPOLITAN NASHVILLE POLICE DEPT,20190228342,Davidson,Nashville,3/24/2019 1:00:00 PM,3,0,0,36.209230,-86.776130,I 65,,,,0.00,,,,,,,87.55,N,Not at Intersection, ,Non-Junction,None,,,         ,Jonathon,Sheppard,Clear,Front to Rear,no,no,no,no,no,False
102340122,METROPOLITAN NASHVILLE POLICE DEPT,20190228390,Davidson,Nashville,3/24/2019 1:12:00 PM,2,0,0,36.077150,-86.734090,HARDING PL,,,,0.00,Feet,West,OVERCREST DR,,,,0.00,N,Not at Intersection,N,Non-Junction,None,,,         ,Randy,Puckett,Cloudy,Angle,no,no,no,no,no,False
102340147,METROPOLITAN NASHVILLE POLICE DEPT,20190228431,Davidson,Not in City Limit,3/24/2019 2:39:00 PM,2,5,0,36.264950,-86.711260,GALLATIN PKEN,,,,254.00,Feet,North,OLD TIME VILLAGE PVTDR,,,,0.00,N,Not at Intersection,N,Non-Junction,None,,,         ,Peter,Vaught,Clear,Front to Rear,no,no,no,no,no,False
102340168,METROPOLITAN NASHVILLE POLICE DEPT,20190228387,Davidson,Goodlettsville,3/24/2019 1:58:00 PM,2,1,0,36.296600,-86.699980,GALLATIN PKEN,,,,0.00,,,,,,,0.00,,,N,Non-Junction,None,,,         ,Blake,McKay,Clear,Rear to Side,no,no,no,yes,no,False
102340170,METROPOLITAN NASHVILLE POLICE DEPT,20190228457,Davidson,Nashville,3/24/2019 2:29:00 PM,2,0,0,36.130290,-86.899940,CHARLOTTE PKE,,,,0.00,,,I40 W EXT RAMP,,,,0.00,Y,T-Intersection, ,,None,,,         ,Adam,Reese,,,no,no,no,no,no,False
102340188,METROPOLITAN NASHVILLE POLICE DEPT,20190228565,Davidson,Nashville,3/24/2019 2:41:00 PM,2,0,0,36.154370,-86.801530,20TH AVN,,,,0.00,,,STATE ST,,,,0.00,Y,T-Intersection,Y,Intersection-Related,None,,,         ,Gary,Peters,Cloudy,"Sideswipe, Same Direction",no,no,no,no,no,False
102340198,METROPOLITAN NASHVILLE POLICE DEPT,20190228542,Davidson,Nashville,3/24/2019 3:21:00 PM,2,0,0,36.139660,-86.729710,I 24,,,,0.00,,,,,,,51.50,N,Not at Intersection,N,Non-Junction,None,,,         ,Jarret,Sonnenberg,Clear,Front to Rear,no,no,no,no,no,False
102340201,BERRY HILL POLICE DEPT,19-1054,Davidson,Berry Hill,3/24/2019 10:42:00 AM,2,0,0,36.119660,-86.771480,BERRY RD,,,,0.00,,,,,,,0.00,,Not at Intersection,N,Non-Junction,None,,,         ,Dawn,Thornsberry,Clear,Rear to Rear,no,no,no,yes,yes,False
102340204,BERRY HILL POLICE DEPT,19-1046,Davidson,Berry Hill,3/23/2019 7:55:00 PM,2,2,0,36.115920,-86.763910,E IRIS DR,,,,180.00,Feet,North,DOGWOOD PL,,,,0.00,N,Not at Intersection,N,Non-Junction,None,,,         ,Stephen,Reece,Clear,HeadOn,no,no,no,no,no,False
102340205,METROPOLITAN NASHVILLE POLICE DEPT,20190228614,Davidson,Nashville,3/24/2019 3:52:00 PM,2,1,0,36.246140,-86.721490,GALLATIN PKES,,,,217.00,Feet,South,BERKLEY DR,,,,0.00,N,Not at Intersection,N,Non-Junction,None,,,         ,DuJuan,Kendrick,Clear,Front to Rear,no,no,no,no,no,False
102340235,METROPOLITAN NASHVILLE POLICE DEPT,20190228663,Davidson,Nashville,3/24/2019 4:13:00 PM,2,0,0,36.140570,-86.731810,I 40,,,,0.00,,,,,,,213.00,N,Not at Intersection, ,Non-Junction,None,,,         ,Jarret,Sonnenberg,Clear,"Sideswipe, Same Direction",no,no,no,no,no,False
102340245,METROPOLITAN NASHVILLE POLICE DEPT,20190228583,Davidson,Nashville,3/24/2019 2:30:00 PM,2,0,0,36.185290,-86.775190,I 24,,,,0.00,,,,,,,47.20,N,Not at Intersection,N,Non-Junction,None,,,         ,Joseph,Bingham,Clear,"Sideswipe, Same Direction",no,no,no,no,yes,False
102340246,METROPOLITAN NASHVILLE POLICE DEPT,20190228714,Davidson,Nashville,3/24/2019 4:35:00 PM,2,1,0,36.182700,-86.748840,GALLATIN AV,,,,0.00,,,STRATTON AV,,,,0.00,Y,T-Intersection,Y,Intersection,None,,,         ,Barrett,Teague,Clear,Angle,no,no,no,no,no,False
102340247,METROPOLITAN NASHVILLE POLICE DEPT,20190228707,Davidson,Nashville,3/24/2019 2:22:00 PM,3,0,0,36.201110,-86.776520,I 65,,,,0.00,,,,,,,87.00,N,Not at Intersection, ,Non-Junction,None,,,         ,Cooper,HIll,Clear,"Sideswipe, Same Direction",no,no,no,no,no,False
102340257,METROPOLITAN NASHVILLE POLICE DEPT,20190228655,Davidson,Nashville,3/24/2019 3:10:00 PM,2,0,0,36.046410,-86.858760,OLD HICKORY BLVD,,,,1014.00,Feet,West,WILDWOOD VALLEY DR,,,,0.00,N,Not at Intersection,N,Non-Junction,None,,,         ,Heather,Fox,Clear,Front to Rear,no,no,no,no,no,False
102340276,METROPOLITAN NASHVILLE POLICE DEPT,20190228747,Davidson,Nashville,3/24/2019 4:46:00 PM,2,1,0,36.162080,-86.774720,BROADWAY,,,,120.00,Feet,West,1ST AVS,,,,0.00,N,Not at Intersection, ,Non-Junction,None,,,         ,David,Snowden,Clear,Front to Rear,no,no,no,no,no,False
102340299,GOODLETTSVILLE POLICE DEPT,19-10785,Davidson,Goodlettsville,3/24/2019 11:10:00 AM,2,1,0,36.307830,-86.709960,MOSS TRL,,,,691.00,Feet,East,CIMA DR,,,,0.00,N,Not at Intersection,N,Non-Junction,None,,,         ,Benny,Alexander,Cloudy,Front to Rear,no,no,no,no,no,False
102340308,METROPOLITAN NASHVILLE POLICE DEPT,20190228879,Davidson,Nashville,3/24/2019 4:45:00 PM,2,0,0,36.138110,-86.820380,WEST END AV,,,,587.00,Feet,South,ORLEANS DR,,,,0.00,N,Not at Intersection, ,Non-Junction,None,,,         ,John,Roberson,Clear,Front to Rear,no,no,no,no,no,False
102340326,METROPOLITAN NASHVILLE POLICE DEPT,20190228991,Davidson,Nashville,3/24/2019 6:55:00 PM,2,0,0,36.039300,-86.662470,CHIMNEYTOP DR,,,,733.00,Feet,West,MOUNTAINHIGH DR,,,,0.00,N,Not at Intersection, ,Non-Junction,None,,,         ,Laura,Williams,Clear,Angle,no,no,no,yes,yes,False
102340373,METROPOLITAN NASHVILLE POLICE DEPT,20190228975,Davidson,Nashville,3/24/2019 7:14:00 PM,1,1,0,36.167990,-86.781850,JAMES ROBERTSON PKWY,,,,124.00,Feet,South,GAY ST,,,,0.00,N,Not at Intersection,N,Non-Junction,None,,,         ,Seth,Quiles,Clear,Not Collision with Motor Vehicle in Transport,no,yes,no,no,no,False
102340376,METROPOLITAN NASHVILLE POLICE DEPT,20190229027,Davidson,Nashville,3/24/2019 7:53:00 PM,2,1,0,36.132470,-86.719310,MURFREESBORO PKE,,,,0.00,Feet,East,WILHAGAN RD,,,,0.00,N,Not at Intersection,Y,OtherLocation,None,,,         ,Terence,Mitchell,Clear,Angle,no,no,no,no,no,False
102340378,METROPOLITAN NASHVILLE POLICE DEPT,20190229042,Davidson,Nashville,3/24/2019 7:45:00 PM,2,0,0,36.168080,-86.817210,JEFFERSON ST,,,,83.00,Feet,West,I40 W ENT RAMP,,,,0.00,N,Not at Intersection,N,Non-Junction,None,,,         ,Gene,McCollum,Clear,Rear to Side,no,no,no,yes,yes,False
102340380,METROPOLITAN NASHVILLE POLICE DEPT,2019-0227255,Davidson,Nashville,3/23/2019 10:35:00 PM,2,0,0,36.152930,-86.807280,PATTERSON ST,,,,0.00,,,,,,,0.00,,, ,Non-Junction,None,,,         ,Frank,Walker,Clear,Angle,no,no,no,yes,no,False
102340386,METROPOLITAN NASHVILLE POLICE DEPT,20190228795,Davidson,Nashville,3/24/2019 5:12:00 PM,2,1,0,36.124440,-86.736970,I 440,,,,0.00,,,,,,,7.00,N,Not at Intersection,N,Non-Junction,None,,,         ,Aimee,Ortiz,Clear,Front to Rear,no,no,no,no,no,False
102340390,METROPOLITAN NASHVILLE POLICE DEPT,20190228957,Davidson,Nashville,3/24/2019 6:48:00 PM,2,0,0,36.175420,-86.807350,17TH AVN,,,,477.00,Feet,South,WHELESS ST,,,,0.00,N,Not at Intersection,N,Non-Junction,None,,,         ,Andrey,Volfson,Clear,"Sideswipe, Same Direction",no,no,no,no,yes,False
102340437,METROPOLITAN NASHVILLE POLICE DEPT,20190229033,Davidson,Nashville,3/24/2019 9:00:00 PM,2,0,0,36.068780,-86.676220,WAIKIKI BLVD,,,,57.00,Feet,North,DREWRY DR,,,,0.00,N,Not at Intersection, ,,None,,,         ,Aimee,Ortiz,,,no,no,no,no,no,False
102340456,METROPOLITAN NASHVILLE POLICE DEPT,20190229142,Davidson,Nashville,3/24/2019 9:10:00 PM,2,0,0,36.167120,-86.780320,JAMES ROBERTSON PKWY,,,,208.00,Feet,West,3RD AVN,,,,0.00,N,Not at Intersection, ,Non-Junction,None,,,         ,Steven,Fisher,Clear,"Sideswipe, Same Direction",no,no,no,no,no,False
102340477,METROPOLITAN NASHVILLE POLICE DEPT,20190229101,Davidson,Nashville,3/24/2019 7:01:00 PM,3,0,0,36.156750,-86.794050,CHURCH ST,,,,85.00,Feet,West,16TH AVN,,,,0.00,N,Not at Intersection,N,Non-Junction,None,,,         ,Gary,Peters,Clear,"Sideswipe, Same Direction",no,no,no,no,yes,False
102340480,METROPOLITAN NASHVILLE POLICE DEPT,20190229155,Davidson,Nashville,3/24/2019 9:23:00 PM,2,0,0,36.179860,-86.787800,3RD AVN,,,,234.00,Feet,North,TAYLOR ST,,,,0.00,N,Not at Intersection, ,,None,,,         ,Amery,Milligan,,,no,no,no,no,no,False
102340481,METROPOLITAN NASHVILLE POLICE DEPT,20190229062,Davidson,Not in City Limit,3/24/2019 8:25:00 PM,2,0,0,36.263310,-86.711840,GALLATIN PKEN,,,,91.00,Feet,North,STATE RT 45,,,,0.00,N,Not at Intersection, ,Non-Junction,None,,,         ,Harold,Willmore IV,Clear,Angle,no,no,no,no,no,False
102340496,METROPOLITAN NASHVILLE POLICE DEPT,20190228646,Davidson,Nashville,3/24/2019 3:55:00 PM,2,1,0,36.091360,-86.828510,HARDING PL,,,,0.00,,,HILLSBORO PKE,,,,0.00,Y,Four-Way,N,Intersection,None,,,         ,Ty,Cummings,Clear,Angle,no,no,no,no,no,False
102340505,METROPOLITAN NASHVILLE POLICE DEPT,20190229088,Davidson,Nashville,3/24/2019 8:26:00 PM,1,0,0,36.043690,-86.641920,MT VIEW RD,,,,362.00,Feet,West,BABY RUTH LN,,,,0.00,N,Not at Intersection,N,Non-Junction,None,,,         ,Wesley,Carver,Clear,Not Collision with Motor Vehicle in Transport,no,no,no,no,no,False
102340508,METROPOLITAN NASHVILLE POLICE DEPT,20190229253,Davidson,Nashville,3/24/2019 9:57:00 PM,2,0,0,36.160910,-86.793320,CHARLOTTE AV,,,,0.00,,,I40 E EXT RAMP,,,,0.00,Y,Four-Way,N,Intersection,None,,,         ,Bryce,Hatten,Clear,Front to Rear,no,no,no,no,yes,False
102340524,METROPOLITAN NASHVILLE POLICE DEPT,20190229293,Davidson,Nashville,3/24/2019 11:00:00 PM,2,0,0,36.207210,-86.791160,W TRINITY LN,,,,147.00,Feet,East,WHITES CREEK PKE,,,,0.00,N,Not at Intersection,N,Non-Junction,None,,,         ,Stephen,Johnston,Clear,Angle,no,no,no,no,yes,False
102340540,METROPOLITAN NASHVILLE POLICE DEPT,20190229307,Davidson,Nashville,3/23/2019 12:00:00 AM,1,0,0,36.125330,-86.729530,I24 E ENT RAMP,,,,0.00,Feet,East,I 440,,,,0.00,N,Not at Intersection,N,Non-Junction,None,,,         ,Teresah,Pinho,Unknown,Unknown,no,no,no,no,yes,False
102340560,METROPOLITAN NASHVILLE POLICE DEPT,20190229258,Davidson,Nashville,3/24/2019 10:50:00 PM,2,0,0,36.144140,-86.692040,I 40,,,,0.00,,,,,,,215.20,N,Not at Intersection,N,Non-Junction,None,,,         ,Meghan,Pope,Clear,Front to Rear,no,no,no,no,yes,False