master_record_number,agency,agency_tracking_number,county,city,collision_date,vehicles_involved,number_injured,number_dead,latitude,longitude,roadway_name,roadway_suffix,roadway_number,roadway_local_id,distance_from_reference,miles-feet_indicator,direction_from_reference,intersection_road_name,intersection_road_name_suffix,intersection_road_number,intersection_local_id,mile_marker,intersection_indicator,intersect_type,interchange_related_indicator,relation_to_junction,work_zone_type,construction_maintenance_zone,construction_maintenance_zone_location,fatal_case_number,officer_first_name,officer_last_name,weather_condition(s),manner_of_crash,pedestrian,bicycle,scooter,parking,hitrun,mou
102340572,METROPOLITAN NASHVILLE POLICE DEPT,20190229409,Davidson,Nashville,3/24/2019 12:00:00 AM,2,0,0,36.231450,-86.781900,EWING DR,,,,0.00,,,,,,,0.00,,,N,Non-Junction,None,,,         ,Brandon,Wood,Clear,Unknown,no,no,no,yes,yes,False
102340580,METROPOLITAN NASHVILLE POLICE DEPT,20190229257,Davidson,Nashville,3/24/2019 10:50:00 PM,2,1,0,36.168840,-86.784190,JAMES ROBERTSON PKWY,,,,100.00,Feet,West,5TH AVN,,,,0.00,N,Not at Intersection,N,Non-Junction,None,,,         ,William,Erickson,Clear,Front to Rear,no,no,no,no,no,False
102340591,METROPOLITAN NASHVILLE POLICE DEPT,20190229861,Davidson,Nashville,3/25/2019 3:19:00 AM,2,1,0,36.124460,-86.707520,VULTEE BLVD,,,,0.00,,,,,,,0.00,,,N,Non-Junction,None,,,         ,Ralph,Smith IV,Rain,"Sideswipe, Opposite Direction",no,no,no,no,yes,False
102340598,METROPOLITAN NASHVILLE POLICE DEPT,20190229910,Davidson,Nashville,3/25/2019 12:00:00 AM,1,0,0,36.092710,-86.676670,EZELL PKE,,,,65.00,Feet,East,HARDING PL,,,,0.00,N,Not at Intersection,N,Non-Junction,None,,,         ,Kaleb,Stella,Rain,Not Collision with Motor Vehicle in Transport,no,no,no,no,yes,False
102340600,METROPOLITAN NASHVILLE POLICE DEPT,20190229855,Davidson,Nashville,3/25/2019 12:00:00 AM,2,0,0,36.162160,-86.779540,5TH AVN,,,,0.00,,,,,,,0.00,,,N,Non-Junction,None,,,         ,Daniel,Russett,Clear,Front to Rear,no,no,no,yes,yes,False
102340615,METROPOLITAN NASHVILLE POLICE DEPT,20190230113,Davidson,Nashville,3/25/2019 5:30:00 AM,2,0,0,36.141160,-86.717750,I40 W EXT RAMP,,,,0.00,Feet,East,I 40,,,,0.00,N,Not at Intersection, ,Non-Junction,None,,,         ,Meghan,Pope,Clear,"Sideswipe, Same Direction",no,no,no,no,no,False
102340624,METROPOLITAN NASHVILLE POLICE DEPT,20190230026,Davidson,Nashville,3/25/2019 4:30:00 AM,2,0,0,36.138070,-86.726120,I24 W ENT RAMP,,,,0.00,,,I 24,,,,0.00,Y,Y-Intersection, ,,None,,,         ,Teresah,Pinho,,,no,no,no,no,no,False
102340625,METROPOLITAN NASHVILLE POLICE DEPT,20190230140,Davidson,Nashville,3/25/2019 5:43:00 AM,1,1,0,36.156010,-86.788850,BROADWAY,,,,0.00,Feet,,I40 W ENT RAMP,,,,0.00,Y,Four-Way,N,Intersection,None,,,         ,Brenna,Hosey,Clear,Not Collision with Motor Vehicle in Transport,no,yes,no,no,no,False
102340628,METROPOLITAN NASHVILLE POLICE DEPT,2019-0230036,Davidson,Nashville,3/25/2019 5:01:00 AM,2,0,0,36.141180,-86.731200,I 40,,,,0.00,,,,,,,212.90,N,Not at Intersection, ,,Maintenance Zone,,,         ,Joshua,McGarvey,,,no,no,no,no,no,False
102340630,BRENTWOOD POLICE DEPT,BPD-19-00972,Davidson,Nashville,3/25/2019 6:04:00 AM,2,0,0,36.034300,-86.791740,MARYLAND WAY,,,,0.00,,,EASTPARK DR,,,,0.00,Y,Four-Way, ,Intersection-Related,None,,,         ,Matthew,Dale,Rain,Angle,no,no,no,no,no,False
102340633,METROPOLITAN NASHVILLE POLICE DEPT,20190230204,Davidson,Nashville,3/25/2019 6:00:00 AM,2,0,0,36.149600,-86.783070,I 40,,,,0.00,,,,,,,209.65,N,Not at Intersection,N,Non-Junction,None,,,         ,Jeremy,Arrington,Cloudy,Front to Rear,no,no,no,no,no,False
102340635,METROPOLITAN NASHVILLE POLICE DEPT,20190230253,Davidson,Nashville,3/25/2019 6:31:00 AM,2,0,0,36.141160,-86.717750,I40 W EXT RAMP,,,,0.00,Feet,East,I 40,,,,0.00,N,Not at Intersection, ,,None,,,         ,Meghan,Pope,,,no,no,no,no,no,False
102340640,METROPOLITAN NASHVILLE POLICE DEPT,20190226158,Davidson,Nashville,3/24/2019 1:26:00 PM,2,0,0,36.123940,-86.733780,STIRTON RD,,,,0.00,,,GARWOOD DR,,,,0.00,Y,OTHER, ,,None,,,         ,Amy,Hirschmann,,,no,no,no,no,no,False
102340642,METROPOLITAN NASHVILLE POLICE DEPT,20190230129,Davidson,Nashville,3/25/2019 5:23:00 AM,2,0,0,36.121780,-86.726860,I440 W ENT RAMP,,,,0.00,,,I 24,,,,0.00,Y,OTHER, ,Non-Junction,None,,,         ,Maccio,Hightower,Rain,"Sideswipe, Same Direction",no,no,no,no,no,False
102340654,METROPOLITAN NASHVILLE POLICE DEPT,20190230293,Davidson,Nashville,3/25/2019 6:43:00 AM,2,1,0,36.135990,-86.698810,BRILEY PKWYS,,,,0.00,,,CORPORATE DR,,,,0.00,Y,Four-Way,N,Intersection,None,,,         ,Michael,Dance,Cloudy,Front to Rear,no,no,no,no,no,False
102340674,METROPOLITAN NASHVILLE POLICE DEPT,20190230286,Davidson,Nashville,3/25/2019 6:20:00 AM,2,0,0,36.124200,-86.745660,I 440,,,,0.00,,,,,,,6.50,N,Not at Intersection,N,Non-Junction,None,,,         ,Jessie,Meadows,Clear,Front to Rear,no,no,no,no,yes,False
102340676,METROPOLITAN NASHVILLE POLICE DEPT,20190230415,Davidson,Nashville,3/25/2019 7:45:00 AM,2,0,0,36.157980,-86.772640,2ND AVS,,,,0.00,,,KOREAN VETERANS BLVD,,,,0.00,Y,T-Intersection, ,Intersection-Related,None,,,         ,Tony,Folad,Cloudy,"Sideswipe, Same Direction",no,no,no,no,yes,False
102340683,METROPOLITAN NASHVILLE POLICE DEPT,20190230356,Davidson,Antioch,3/25/2019 7:11:00 AM,2,1,0,36.052970,-86.599260,HOBSON PKE,,,,70.00,Feet,North,LAKEWALK DR,,,,0.00,N,Not at Intersection,N,Non-Junction,None,,,         ,Brandon,Evans,Clear,Angle,no,no,no,no,no,False
102340685,METROPOLITAN NASHVILLE POLICE DEPT,20190230295,Davidson,Nashville,3/25/2019 6:40:00 AM,2,0,0,36.141200,-86.717410,I 40,,,,0.00,,,,,,,213.80,N,Not at Intersection, ,Non-Junction,None,,,         ,Anna,Clayton,Cloudy,Front to Rear,no,no,no,no,no,False
102340693,METROPOLITAN NASHVILLE POLICE DEPT,20190230547,Davidson,Nashville,3/25/2019 8:11:00 AM,2,0,0,36.212760,-86.775690,I 65,,,,0.00,,,,,,,87.80,N,Not at Intersection, ,Non-Junction,None,,,         ,Zachary,Goodall,Cloudy,Front to Rear,no,no,no,no,no,False
102340697,METROPOLITAN NASHVILLE POLICE DEPT,20190230432,Davidson,Nashville,3/25/2019 7:50:00 AM,2,0,0,36.119700,-86.726390,I440 W ENT RAMP,,,,0.00,Feet,East,I 24,,,,0.00,N,Not at Intersection, ,Non-Junction,None,,,         ,Jessie,Meadows,Clear,"Sideswipe, Same Direction",no,no,no,no,no,False
102340698,METROPOLITAN NASHVILLE POLICE DEPT,20190230340,Davidson,Nashville,3/25/2019 7:11:00 AM,3,1,0,36.110300,-86.721980,I 24,,,,0.00,,,,,,,53.65,N,Not at Intersection,N,Non-Junction,None,,,         ,Jessie,Meadows,Clear,Front to Rear,no,no,no,no,no,False
102340699,METROPOLITAN NASHVILLE POLICE DEPT,20190230404,Davidson,Nashville,3/25/2019 7:38:00 AM,1,0,0,36.117740,-86.768600,I 440,,,,0.00,,,,,,,5.20,N,Not at Intersection,N,Non-Junction,Construction Zone,Work On Shoulder Or Median,Activity Area,         ,Jon,Mcvey,Cloudy,Not Collision with Motor Vehicle in Transport,no,no,no,no,no,False
102340701,METROPOLITAN NASHVILLE POLICE DEPT,20190230399,Davidson,Nashville,3/25/2019 7:39:00 AM,2,1,0,36.146780,-86.694600,BRILEY PKWY S EXT RAMP,,,,0.00,Feet,East,BRILEY PKWYS,,,,0.00,N,Not at Intersection,N,Entrance/Exit Ramp Related,None,,,         ,Michael,Dance,Clear,Front to Rear,no,no,no,no,no,False
102340704,METROPOLITAN NASHVILLE POLICE DEPT,20190230581,Davidson,Nashville,3/25/2019 8:35:00 AM,2,0,0,36.153730,-86.787380,I40 W EXT RAMP,,,,0.00,Feet,East,I 40,,,,0.00,N,Not at Intersection, ,Non-Junction,None,,,         ,Tony,Folad,Rain,Front to Rear,no,no,no,no,no,False
102340708,METROPOLITAN NASHVILLE POLICE DEPT,20190230355,Davidson,Not in City Limit,3/25/2019 7:10:00 AM,3,2,0,36.290330,-86.810090,I 24,,,,0.00,,,,,,,39.45,N,Not at Intersection,N,Non-Junction,None,,,         ,Jeanine,Sarno,Cloudy,Front to Rear,no,no,no,no,no,False
102340716,METROPOLITAN NASHVILLE POLICE DEPT,20190230466,Davidson,Nashville,3/25/2019 8:05:00 AM,3,1,0,36.138610,-86.665470,DONELSON PKE,,,,173.00,Feet,South,I40 E ENT RAMP,,,,0.00,N,Not at Intersection,N,Non-Junction,None,,,         ,Michael,Dance,Cloudy,Front to Rear,no,no,no,no,no,False
102340717,METROPOLITAN NASHVILLE POLICE DEPT,20190230312,Davidson,Nashville,3/25/2019 5:56:00 AM,2,0,0,36.163450,-86.783530,UNION ST,,,,0.00,,,7TH AVN,,,,0.00,Y,Four-Way, ,Intersection,None,,,         ,James,Hill,Cloudy,Angle,no,no,no,no,no,False
102340725,METROPOLITAN NASHVILLE POLICE DEPT,20190230275,Davidson,Not in City Limit,3/25/2019 6:45:00 AM,2,3,0,36.277640,-86.751250,NESBITT DR,,,,0.00,Feet,,DICKERSON PKE,,,,0.00,Y,Four-Way,N,Intersection,None,,,         ,Cyretha,Frazier,Cloudy,Angle,no,no,no,no,no,False
102340726,METROPOLITAN NASHVILLE POLICE DEPT,2019-0230543,Davidson,Nashville,3/25/2019 8:27:00 AM,2,0,0,36.056100,-86.663410,MT VIEW RD,,,,1032.00,Feet,South,KEVINWOOD CT,,,,0.00,N,Not at Intersection,N,Non-Junction,None,,,         ,Stanley,Collins,Rain,"Sideswipe, Same Direction",no,no,no,no,no,False
102340729,METROPOLITAN NASHVILLE POLICE DEPT,20190230748,Davidson,Nashville,3/25/2019 9:42:00 AM,2,0,0,36.143010,-86.684370,I 40,,,,0.00,,,,,,,215.60,N,Not at Intersection, ,Non-Junction,None,,,         ,Michael,Dance,Cloudy,Front to Rear,no,no,no,no,no,False
102340739,METROPOLITAN NASHVILLE POLICE DEPT,20190230696,Davidson,Nashville,3/25/2019 8:45:00 AM,2,0,0,36.187140,-86.756970,ELLINGTON PKWYS,,,,213.00,Feet,East,APEX ST,,,,0.00,N,Not at Intersection, ,Non-Junction,None,,,         ,Steven,Spillers,Rain,Front to Rear,no,no,no,no,no,False
102340753,METROPOLITAN NASHVILLE POLICE DEPT,20190230539,Davidson,Nashville,3/25/2019 8:20:00 AM,2,1,0,36.130930,-86.755860,NOLENSVILLE PKE,,,,0.00,,,WOODYCREST AV,,,,0.00,Y,T-Intersection,N,Intersection,None,,,         ,Peter,Kinsey,Cloudy,Angle,no,no,no,no,no,False
102340757,METROPOLITAN NASHVILLE POLICE DEPT,20190230706,Davidson,Nashville,3/25/2019 9:31:00 AM,2,1,0,36.144090,-86.737900,ELM HILL PKE,,,,0.00,,,TWIN ELMS CT,,,,0.00,Y,T-Intersection,N,Intersection,None,,,         ,Richard,Luellen,Cloudy,Front to Rear,no,no,no,no,no,False
102340758,METROPOLITAN NASHVILLE POLICE DEPT,20190230798,Davidson,Nashville,3/25/2019 10:34:00 AM,2,1,0,36.086570,-86.698070,I24 W EXT RAMP,,,,0.00,Feet,East,I 24,,,,0.00,N,Not at Intersection,N,Non-Junction,None,,,         ,Jessie,Meadows,Clear,Front to Rear,no,no,no,no,no,False
102340764,METROPOLITAN NASHVILLE POLICE DEPT,20190230618,Davidson,Nashville,3/25/2019 8:50:00 AM,3,2,0,36.076940,-86.641200,MURFREESBORO PKE,,,,104.00,Feet,East,LAKEVILLA DR,,,,0.00,N,Not at Intersection,N,Non-Junction,None,,,         ,MIchael,Mihajlov,Cloudy,Front to Rear,no,no,no,no,no,False
102340765,METROPOLITAN NASHVILLE POLICE DEPT,20190230815,Davidson,Nashville,3/25/2019 10:16:00 AM,2,0,0,36.128850,-86.777980,8TH AVS,,,,96.00,Feet,North,FRANKLIN PKE,,,,0.00,N,Not at Intersection, ,Non-Junction,None,,,         ,Justin,Pinkelton,Cloudy,Front to Rear,no,no,no,no,no,False
102340779,METROPOLITAN NASHVILLE POLICE DEPT,20190230419,Davidson,Nashville,3/25/2019 7:45:00 AM,2,0,0,36.167320,-86.763910,S 4TH ST,,,,125.00,Feet,North,SHELBY AV,,,,0.00,N,Not at Intersection, ,Non-Junction,None,,,         ,Russell,Freeman,Cloudy,Front to Rear,no,no,no,no,no,False
102340782,METROPOLITAN NASHVILLE POLICE DEPT,20190230414,Davidson,Nashville,3/25/2019 7:45:00 AM,2,0,0,36.146710,-86.742840,I 40,,,,0.00,,,,,,,212.10,N,Not at Intersection,N,Non-Junction,None,,,         ,Anna,Clayton,Cloudy,Front to Rear,no,no,no,no,no,False
102340785,METROPOLITAN NASHVILLE POLICE DEPT,20190230857,Davidson,Nashville,3/25/2019 10:45:00 AM,2,0,0,36.182690,-86.608680,OLD HICKORY BLVD,,,,259.00,Feet,North,ANDREW JACKSON WAY,,,,0.00,N,Not at Intersection, ,Non-Junction,None,,,         ,Michael,Dance,Cloudy,"Sideswipe, Same Direction",no,no,no,no,no,False
102340792,METROPOLITAN NASHVILLE POLICE DEPT,20190230891,Davidson,Nashville,3/25/2019 10:55:00 AM,3,0,0,36.146590,-86.742650,I 40,,,,0.00,,,,,,,212.10,N,Not at Intersection, ,,None,,,         ,Samuel,Fredericks,,,no,no,no,no,no,False
102340795,METROPOLITAN NASHVILLE POLICE DEPT,20190224174,Davidson,Nashville,3/22/2019 4:44:00 PM,2,0,0,36.155850,-86.777290,6TH AVS,,,,0.00,,,KOREAN VETERANS BLVD,,,,0.00,Y,Four-Way, ,,None,,,         ,Timothy,Mead,,,no,no,no,no,no,False
102340796,METROPOLITAN NASHVILLE POLICE DEPT,20190230608,Davidson,Nashville,3/25/2019 8:50:00 AM,2,0,0,36.180140,-86.749890,GALLATIN AV,,,,0.00,,,N 11TH ST,,,,0.00,Y,Y-Intersection, ,Intersection,None,,,         ,Russell,Freeman,Cloudy,Angle,no,no,no,no,no,False
102340800,METROPOLITAN NASHVILLE POLICE DEPT,20190230955,Davidson,Nashville,3/25/2019 11:27:00 AM,3,1,0,36.153360,-86.756630,I 40,,,,0.00,,,,,,,211.20,N,Not at Intersection,N,Non-Junction,None,,,         ,Michael,Dance,Cloudy,Front to Rear,no,no,no,no,no,False
102340801,METROPOLITAN NASHVILLE POLICE DEPT,20190230854,Davidson,Nashville,3/25/2019 10:40:00 AM,2,0,0,36.151760,-86.768630,2ND AVS,,,,0.00,,,I40 W EXT RAMP,,,,0.00,Y,Four-Way,N,Intersection,None,,,         ,Wesley,Henderson,Cloudy,"Sideswipe, Same Direction",no,no,no,no,yes,False
102340802,METROPOLITAN NASHVILLE POLICE DEPT,20190230542,Davidson,Nashville,3/25/2019 8:20:00 AM,2,0,0,36.224210,-86.774540,I 65,,,,0.00,,,,,,,88.55,N,Not at Intersection,Y,Non-Junction,None,,,         ,Jean,McCormack,Clear,"Sideswipe, Same Direction",no,no,no,no,no,False
102340803,METROPOLITAN NASHVILLE POLICE DEPT,20190230954,Davidson,Nashville,3/25/2019 11:23:00 AM,2,0,0,36.044740,-86.659570,I24 E ENT RAMP,,,,0.00,Feet,East,I 24,,,,0.00,N,Not at Intersection,N,Non-Junction,None,,,         ,Jessie,Meadows,Clear,"Sideswipe, Same Direction",no,no,no,no,yes,False
102340806,METROPOLITAN NASHVILLE POLICE DEPT,20190230888,Davidson,Nashville,3/25/2019 12:00:00 AM,1,1,0,36.235400,-86.758280,DICKERSON PKE,,,,112.00,Feet,North,HOMESTEAD RD,,,,0.00,N,Not at Intersection,N,Non-Junction,None,,,         ,Russell,Freeman,Cloudy,Not Collision with Motor Vehicle in Transport,yes,no,no,no,yes,False
102340827,METROPOLITAN NASHVILLE POLICE DEPT,20190231079,Davidson,Nashville,3/25/2019 12:19:00 PM,2,1,0,36.111440,-86.758000,THOMPSON LN,,,,0.00,Feet,,KRAFT DR,,,,0.00,Y,T-Intersection,N,Intersection-Related,None,,,         ,Jon,Mcvey,Cloudy,Angle,no,no,no,no,no,False
102340831,METROPOLITAN NASHVILLE POLICE DEPT,20190231005,Davidson,Nashville,3/25/2019 11:18:00 AM,2,1,0,36.183740,-86.747690,EASTLAND AV,,,,202.00,Feet,East,GALLATIN AV,,,,0.00,N,Not at Intersection,N,Non-Junction,None,,,         ,Jeffrey,Mullins,Cloudy,Angle,no,no,no,no,no,False
102340867,METROPOLITAN NASHVILLE POLICE DEPT,20190231216,Davidson,Nashville,3/25/2019 12:53:00 PM,2,0,0,36.123200,-86.750750,I 440,,,,0.00,,,,,,,6.30,N,Not at Intersection, ,Entrance/Exit Ramp Related,Construction Zone,,,         ,Justin,Pinkelton,Cloudy,"Sideswipe, Same Direction",no,no,no,no,no,False
102340870,METROPOLITAN NASHVILLE POLICE DEPT,20190231232,Davidson,Old Hickory,3/25/2019 1:10:00 PM,1,1,0,36.269440,-86.666420,BRIDGEWAY AV,,,,0.00,,,ENSLEY AV,,,,0.00,Y,OTHER, ,Intersection,None,,,         ,Michael,Dance,Cloudy,Not Collision with Motor Vehicle in Transport,no,no,no,no,no,False
102340878,BERRY HILL POLICE DEPT,19-1068,Davidson,Berry Hill,3/25/2019 8:48:00 AM,2,0,0,36.120470,-86.775150,FRANKLIN PKE,,,,0.00,Feet,East,KIRKWOOD AV,,,,0.00,N,Not at Intersection, ,"Driveway, Alley Access, etc",None,,,         ,Ronnie,Hill,Rain,Angle,no,no,no,no,no,False
102340879,METROPOLITAN NASHVILLE POLICE DEPT,20190231127,Davidson,Nashville,3/25/2019 12:30:00 PM,2,0,0,36.156200,-86.796200,17TH AVN,,,,158.00,Feet,North,CHURCH ST,,,,0.00,N,Not at Intersection, ,Non-Junction,None,,,         ,Brian,Murphy,Cloudy,Front to Rear,no,no,no,no,no,False
102340891,METROPOLITAN NASHVILLE POLICE DEPT,20190231290,Davidson,Nashville,3/25/2019 12:45:00 PM,2,0,0,36.138610,-86.794050,16TH AVS,,,,412.00,Feet,North,MAGNOLIA BLVD,,,,0.00,N,Not at Intersection, ,,None,,,         ,Jon,Mcvey,,,no,no,no,no,no,False
102340898,GOODLETTSVILLE POLICE DEPT,19-10907,Davidson,Goodlettsville,3/25/2019 12:10:00 PM,2,0,0,36.317590,-86.700260,CONFERENCE DR,,,,270.00,Feet,South,NORTHCREEK BLVD,,,,0.00,N,Not at Intersection, ,Non-Junction,None,,,         ,Charles,Hauskin,Cloudy,Angle,no,no,no,no,no,False
102340899,METROPOLITAN NASHVILLE POLICE DEPT,20190231218,Davidson,Nashville,3/25/2019 1:01:00 PM,2,0,0,36.151800,-86.771250,LAFAYETTE ST,,,,0.00,,,4TH AVS,,,,0.00,Y,Four-Way, ,Intersection,None,,,         ,Joshua,Reece,Clear,Angle,no,no,no,no,no,False
102340907,METROPOLITAN NASHVILLE POLICE DEPT,20190231154,Davidson,Nashville,3/25/2019 12:19:00 PM,3,0,0,36.120530,-86.750020,MELROSE AV,,,,0.00,,,I440 E ENT RAMP,,,,0.00,Y,Four-Way, ,Intersection,None,,,         ,Justin,Pinkelton,Cloudy,Front to Rear,no,no,no,no,no,False
102340914,VANDERBILT UNIVERSITY POLICE,20190231176,Davidson,Nashville,3/25/2019 12:00:00 AM,2,0,0,36.110270,-86.764930,POWELL AVE,,,,0.00,,,,,,,0.00,,, ,Non-Junction,None,,,         ,Donald,Clark,Cloudy,Rear to Side,no,no,no,yes,no,OHO
102340926,METROPOLITAN NASHVILLE POLICE DEPT,20190231402,Davidson,Nashville,3/25/2019 2:00:00 PM,2,0,0,36.081850,-86.713700,WHISPERING OAKS PL,,,,68.00,Feet,North,HARDING PL,,,,0.00,N,Not at Intersection,N,Non-Junction,None,,,         ,Jessie,Meadows,Clear,Front to Rear,no,no,no,yes,yes,False
102340954,METROPOLITAN NASHVILLE POLICE DEPT,20190231406,Davidson,Nashville,3/25/2019 2:10:00 PM,2,0,0,36.198050,-86.776330,I 65,,,,0.00,,,,,,,86.75,N,Not at Intersection, ,Non-Junction,None,,,         ,William,Coy,Clear,Front to Rear,no,no,no,no,no,False
102340962,METROPOLITAN NASHVILLE POLICE DEPT,20190231034,Davidson,Nashville,3/25/2019 12:02:00 PM,1,1,0,36.183650,-86.952680,RIVER ROAD PKE,,,,1470.00,Feet,South,RIVER ROAD PKE PVTDR,,,,0.00,N,Not at Intersection,N,Non-Junction,None,,,         ,Walter,Gray II,Cloudy,Not Collision with Motor Vehicle in Transport,no,no,no,no,no,False
102340982,METROPOLITAN NASHVILLE POLICE DEPT,20190231563,Davidson,Nashville,3/25/2019 2:55:00 PM,2,0,0,36.174850,-86.760110,MAIN ST,,,,269.00,Feet,East,N 7TH ST,,,,0.00,N,Not at Intersection, ,Non-Junction,None,,,         ,Marc,Kozen,Clear,"Sideswipe, Same Direction",no,no,no,no,no,False
102341008,METROPOLITAN NASHVILLE POLICE DEPT,20190231762,Davidson,Nashville,3/25/2019 3:45:00 PM,3,0,0,36.099260,-86.710780,I 24,,,,0.00,,,,,,,54.60,N,Not at Intersection,N,Non-Junction,None,,,         ,YUNUS,ADAK,Clear,Front to Rear,no,no,no,no,yes,False
102341010,METROPOLITAN NASHVILLE POLICE DEPT,2019-0231372,Davidson,Nashville,3/25/2019 2:04:00 PM,2,1,0,36.236280,-86.762690,I 65,,,,0.00,,,,,,,89.65,N,Not at Intersection,N,Non-Junction,None,,,         ,Arthur,Hipp,Cloudy,Not Collision with Motor Vehicle in Transport,no,no,no,no,no,False
102341013,METROPOLITAN NASHVILLE POLICE DEPT,20190231724,Davidson,Nashville,3/25/2019 3:56:00 PM,2,0,0,36.155010,-86.627110,STEWARTS FERRY PKE,,,,0.00,Feet,East,I40 E EXT RAMP,,,,0.00,N,Not at Intersection, ,,None,,,         ,Terence,Mitchell,,,no,no,no,no,no,False
102341018,METROPOLITAN NASHVILLE POLICE DEPT,20190231713,Davidson,Nashville,3/25/2019 12:00:00 AM,2,0,0,36.125530,-86.733070,I 440,,,,0.00,,,,,,,7.25,N,Not at Intersection, ,Non-Junction,Construction Zone,,,         ,Kelby,Dumond,Cloudy,Front to Rear,no,no,no,no,no,False
102341025,METROPOLITAN NASHVILLE POLICE DEPT,20190231839,Davidson,Nashville,3/25/2019 4:29:00 PM,2,0,0,36.134010,-86.758950,NOLENSVILLE PKE,,,,0.00,,,CRAIGHEAD ST,,,,0.00,Y,OTHER, ,Intersection-Related,None,,,         ,Douglas,Sykes,Clear,Front to Rear,no,no,no,no,no,False
102341027,METROPOLITAN NASHVILLE POLICE DEPT,20190231781,Davidson,Nashville,3/25/2019 4:15:00 PM,3,2,0,36.153490,-86.733350,LEBANON PKE,,,,1873.00,Feet,East,OMOHUNDRO PL,,,,0.00,N,Not at Intersection,N,Non-Junction,None,,,         ,Samuel,Sundra,Clear,Front to Rear,no,no,no,no,no,False
102341040,METROPOLITAN NASHVILLE POLICE DEPT,20190231764,Davidson,Nashville,3/25/2019 3:45:00 PM,2,0,0,36.149130,-86.773970,I 40,,,,0.00,,,,,,,210.20,N,Not at Intersection,Y,Non-Junction,None,,,         ,Heather,Fox,Clear,"Sideswipe, Same Direction",no,no,no,no,no,False
102341045,METROPOLITAN NASHVILLE POLICE DEPT,20190231489,Davidson,Antioch,3/18/2019 12:00:00 AM,2,0,0,36.059400,-86.599650,HAMILTON CHURCH RD,,,,641.00,Feet,West,HOBSON PKE,,,,0.00,N,Not at Intersection, ,Non-Junction,Construction Zone,,,         ,Wesley,Carver,Unknown,Rear to Side,no,no,no,no,no,False
102341053,METROPOLITAN NASHVILLE POLICE DEPT,20190231824,Davidson,Nashville,3/25/2019 12:00:00 AM,2,0,0,36.156940,-86.774570,4TH AVS,,,,69.00,Feet,South,KOREAN VETERANS BLVD,,,,0.00,N,Not at Intersection, ,Non-Junction,None,,,         ,Trevor,Taylor,Cloudy,"Sideswipe, Same Direction",no,no,no,no,no,False
102341063,METROPOLITAN NASHVILLE POLICE DEPT,20190231700,Davidson,Nashville,3/25/2019 3:53:00 PM,2,1,0,36.105120,-86.766970,I 65,,,,0.00,,,,,,,79.45,N,Not at Intersection,N,Non-Junction,None,,,         ,Akira,McSwain,Clear,Front to Rear,no,no,no,no,yes,False
102341064,METROPOLITAN NASHVILLE POLICE DEPT,20190231784,Davidson,Nashville,3/25/2019 4:15:00 PM,2,1,0,36.141460,-86.793500,16TH AVS,,,,264.00,Feet,North,HORTON AV,,,,0.00,N,Not at Intersection, ,"Driveway, Alley Access, etc",None,,,         ,John,Roberson,Cloudy,Angle,no,no,no,no,no,False
102341069,METROPOLITAN NASHVILLE POLICE DEPT,20190231946,Davidson,Nashville,3/25/2019 5:03:00 PM,2,0,0,36.159530,-86.774720,DEMONBREUN ST,,,,24.00,Feet,West,3RD AVS,,,,0.00,N,Not at Intersection,N,Non-Junction,None,,,         ,Brent,Morris,Cloudy,"Sideswipe, Same Direction",no,no,no,no,no,False
102341094,METROPOLITAN NASHVILLE POLICE DEPT,20190232130,Davidson,Nashville,3/25/2019 5:40:00 PM,2,0,0,36.083100,-86.628640,BELL RD,,,,119.00,Feet,North,MOSSDALE DR,,,,0.00,N,Not at Intersection, ,Non-Junction,None,,,         ,Jason,Milyaro Lucas,Clear,HeadOn,no,no,no,no,no,False
102341099,BRENTWOOD POLICE DEPT,BPD-19-00980,Davidson,Nashville,3/25/2019 6:10:00 PM,2,0,0,36.033270,-86.783900,CHURCH STE,,,,0.00,,,FRIERSON ST,,,,0.00,Y,T-Intersection,N,Intersection,None,,,         ,Caleb,Andrist,Cloudy,Angle,no,no,no,no,yes,False
102341105,METROPOLITAN NASHVILLE POLICE DEPT,20190232178,Davidson,Nashville,3/23/2019 4:00:00 AM,2,0,0,36.047490,-86.665820,CEDAR POINTE PKWY,,,,285.00,Feet,West,CANE RIDGE RD,,,,0.00,N,Not at Intersection,N,Non-Junction,None,,,         ,Marc,Kozen,Clear,"Sideswipe, Same Direction",no,no,no,yes,yes,False
102341115,METROPOLITAN NASHVILLE POLICE DEPT,20190232029,Davidson,Not in City Limit,3/25/2019 5:14:00 PM,2,0,0,36.015020,-86.705420,NOLENSVILLE PKE,,,,149.00,Feet,South,SUGAR VALLEY DR,,,,0.00,N,Not at Intersection, ,Non-Junction,None,,,         ,Andrew,Brazee,Cloudy,Front to Rear,no,no,no,no,no,False
102341126,METROPOLITAN NASHVILLE POLICE DEPT,20190232219,Davidson,Nashville,3/25/2019 6:50:00 PM,2,0,0,36.221700,-86.761670,HART LN,,,,0.00,Feet,East,DICKERSON PKE,,,,0.00,N,Not at Intersection,N,Non-Junction,None,,,         ,Cody,Jaworski,Clear,Front to Rear,no,no,no,no,yes,False
102341128,METROPOLITAN NASHVILLE POLICE DEPT,20190231982,Davidson,Not in City Limit,3/25/2019 5:15:00 PM,2,1,0,36.263670,-86.711710,GALLATIN PKEN,,,,228.00,Feet,North,STATE RT 45,,,,0.00,N,Not at Intersection,N,Non-Junction,None,,,         ,Jacob,Krispin,Cloudy,Angle,no,no,no,no,no,False