master_record_number,agency,agency_tracking_number,county,city,collision_date,vehicles_involved,number_injured,number_dead,latitude,longitude,roadway_name,roadway_suffix,roadway_number,roadway_local_id,distance_from_reference,miles-feet_indicator,direction_from_reference,intersection_road_name,intersection_road_name_suffix,intersection_road_number,intersection_local_id,mile_marker,intersection_indicator,intersect_type,interchange_related_indicator,relation_to_junction,work_zone_type,construction_maintenance_zone,construction_maintenance_zone_location,fatal_case_number,officer_first_name,officer_last_name,weather_condition(s),manner_of_crash,pedestrian,bicycle,scooter,parking,hitrun,mou
102341129,METROPOLITAN NASHVILLE POLICE DEPT,20190231886,Davidson,Nashville,3/25/2019 4:42:00 PM,3,1,0,36.099630,-86.820290,HILLSBORO PKE,,,,144.00,Feet,East,CASTLEMAN DR,,,,0.00,N,Not at Intersection,N,Non-Junction,None,,,         ,Alexander,Donald,Clear,Angle,no,no,no,no,no,False
102341139,METROPOLITAN NASHVILLE POLICE DEPT,20190232066,Davidson,Nashville,3/25/2019 5:35:00 PM,2,0,0,36.232330,-86.624740,OLD HICKORY BLVD,,,,16.00,Feet,North,SHUTE LN,,,,0.00,N,Not at Intersection, ,Non-Junction,None,,,         ,Abbey,Sawl,Cloudy,Front to Rear,no,no,no,no,no,False
102341148,METROPOLITAN NASHVILLE POLICE DEPT,20190231624,Davidson,Nashville,3/25/2019 2:18:00 PM,2,0,0,36.044830,-86.662740,BELL RD,,,,359.00,Feet,West,CANE RIDGE RD,,,,0.00,N,Not at Intersection, ,Non-Junction,None,,,         ,William,Durham,Clear,Angle,no,no,no,no,no,False
102341152,METROPOLITAN NASHVILLE POLICE DEPT,20190232092,Davidson,Nashville,3/25/2019 5:27:00 PM,2,0,0,36.159240,-86.834890,40TH AVN,,,,0.00,,,MICHIGAN AV,,,,0.00,Y,Four-Way,N,Intersection-Related,None,,,         ,Walter,Gray II,Cloudy,Angle,no,no,no,no,no,False
102341161,METROPOLITAN NASHVILLE POLICE DEPT,20190232062,Davidson,Nashville,3/25/2019 5:36:00 PM,2,1,0,36.071090,-86.635310,MURFREESBORO PKE,,,,383.00,Feet,South,BELL RD,,,,0.00,N,Not at Intersection,N,Non-Junction,None,,,         ,Taylor,Hurley,Cloudy,Angle,no,no,no,no,no,False
102341182,METROPOLITAN NASHVILLE POLICE DEPT,20190232378,Davidson,Nashville,3/25/2019 12:00:00 AM,2,0,0,36.162890,-86.761380,I 24,,,,0.00,,,,,,,49.30,N,Not at Intersection, ,Non-Junction,None,,,         ,Gordon,Stovall,Clear,Front to Rear,no,no,no,no,no,False
102341184,METROPOLITAN NASHVILLE POLICE DEPT,20190232279,Davidson,Nashville,3/25/2019 7:07:00 PM,2,0,0,36.113050,-86.800030,WOODMONT BLVD,,,,0.00,,,BELMONT BLVD,,,,0.00,Y,Four-Way, ,,None,,,         ,FELIKS,ABRAHAMYAN,,,no,no,no,no,no,False
102341188,METROPOLITAN NASHVILLE POLICE DEPT,20190232291,Davidson,Nashville,3/25/2019 7:33:00 PM,2,0,0,36.042900,-86.712980,NOLENSVILLE PKE,,,,163.00,Feet,North,MILL CREEK WHITTLEMORE GRNWY,,,,0.00,N,Not at Intersection, ,Non-Junction,None,,,         ,Ryan,Allen,Clear,"Sideswipe, Same Direction",no,no,no,no,no,False
102341196,VANDERBILT UNIVERSITY POLICE,20190232339,Davidson,Nashville,3/25/2019 12:00:00 AM,2,0,0,36.140740,-86.804410,24TH AVS,,,,322.00,Feet,North,PIERCE AV,,,,0.00,N,Not at Intersection, ,Non-Junction,None,,,         ,Mark,Clear,Clear,Unknown,no,no,no,yes,yes,Campus
102341235,METROPOLITAN NASHVILLE POLICE DEPT,20190232164,Davidson,Nashville,3/25/2019 6:20:00 PM,2,0,0,36.175820,-86.757570,MAIN ST,,,,0.00,,,NEILL AV,,,,0.00,Y,T-Intersection, ,Intersection,None,,,         ,Barrett,Teague,Clear,HeadOn,no,no,no,no,no,False
102341268,METROPOLITAN NASHVILLE POLICE DEPT,20190232526,Davidson,Nashville,3/25/2019 9:35:00 PM,2,0,0,36.123300,-86.727560,I 24,,,,0.00,,,,,,,52.70,N,Not at Intersection, ,Non-Junction,Construction Zone,,,         ,Jesse,Cox,Clear,Angle,no,no,no,no,yes,False
102341270,METROPOLITAN NASHVILLE POLICE DEPT,20190232427,Davidson,Nashville,3/25/2019 8:47:00 PM,2,0,0,36.055010,-86.642410,ZELIDA AV,,,,0.00,Feet,,BELL RD,,,,0.00,Y,Four-Way,N,Intersection,None,,,         ,Andrew,Brazee,Cloudy,Front to Rear,no,no,no,no,no,False
102341279,METROPOLITAN NASHVILLE POLICE DEPT,20190232514,Davidson,Nashville,3/25/2019 9:32:00 PM,2,0,0,36.046640,-86.661540,I 24,,,,0.00,,,,,,,59.25,N,Not at Intersection,N,Non-Junction,None,,,         ,Andrew,Brazee,Cloudy,Front to Rear,no,no,no,no,no,False
102341281,METROPOLITAN NASHVILLE POLICE DEPT,20190232524,Davidson,Nashville,3/25/2019 9:40:00 PM,2,2,0,36.059070,-86.716220,NOLENSVILLE PKE,,,,0.00,,,TUSCULUM RD,,,,0.00,Y,Four-Way,N,Intersection,None,,,         ,Akira,McSwain,Clear,Angle,no,no,no,no,no,False
102341296,METROPOLITAN NASHVILLE POLICE DEPT,20190232595,Davidson,Nashville,3/25/2019 12:00:00 AM,2,0,0,36.177970,-86.749900,N 11TH ST,,,,151.00,Feet,North,WOODLAND ST,,,,0.00,N,Not at Intersection,N,Non-Junction,None,,,         ,Gordon,Stovall,Clear,Angle,no,no,no,yes,yes,False
102341299,METROPOLITAN NASHVILLE POLICE DEPT,20190232670,Davidson,Nashville,3/25/2019 12:00:00 AM,2,0,0,36.158470,-86.774790,MOLLOY ST,,,,0.00,,,ALMOND ST,,,,0.00,Y,Four-Way,N,Intersection,None,,,         ,Eric,Schaefer,Clear,Unknown,no,no,no,no,yes,False
102341300,METROPOLITAN NASHVILLE POLICE DEPT,20190232591,Davidson,Nashville,3/25/2019 10:32:00 PM,2,3,0,36.192420,-86.622090,JUAREZ DR,,,,302.00,Feet,West,PANAMA DR,,,,0.00,N,Not at Intersection,N,Non-Junction,None,,,         ,Ricki,Armstrong,Clear,Front to Rear,no,no,no,no,no,False
102341311,METROPOLITAN NASHVILLE POLICE DEPT,20190232651,Davidson,Nashville,3/25/2019 10:25:00 PM,2,0,0,36.173550,-86.790180,JEFFERSON ST,,,,26.00,Feet,West,7TH AVN,,,,0.00,N,Not at Intersection,N,Non-Junction,None,,,         ,Bobby,Samuels,Clear,Angle,no,no,no,no,yes,False
102341330,METROPOLITAN NASHVILLE POLICE DEPT,20190232628,Davidson,Nashville,3/25/2019 10:38:00 PM,2,0,0,36.042130,-86.649540,HICKORY HOLLOW PKWY,,,,126.00,Feet,North,I24 W ENT RAMP,,,,0.00,N,Not at Intersection,N,Entrance/Exit Ramp Related,None,,,         ,David,Moser,Clear,Front to Rear,no,no,no,no,yes,False
102341343,METROPOLITAN NASHVILLE POLICE DEPT,20190232740,Davidson,Nashville,3/25/2019 12:00:00 AM,1,0,0,36.209930,-86.725520,GREENFIELD AV,,,,0.00,Feet,,OXFORD ST,,,,0.00,Y,T-Intersection,N,Non-Junction,None,,,         ,Luke,Steigerwalt,Clear,Not Collision with Motor Vehicle in Transport,no,no,no,no,no,False
102341461,GOODLETTSVILLE POLICE DEPT,19-10934,Davidson,Goodlettsville,3/25/2019 3:40:00 PM,3,1,0,36.319840,-86.713180,S MAIN ST,,,,60.00,Feet,South,JONES AV,,,,0.00,N,Not at Intersection,N,Non-Junction,None,,,         ,Charles,Hauskin,Cloudy,Front to Rear,no,no,no,no,yes,False
102341507,METROPOLITAN NASHVILLE POLICE DEPT,20190224955,Davidson,Nashville,3/22/2019 11:31:00 PM,1,0,1,36.002230,-87.029900,OLD HARDING PKE,,,,75.00,Feet,West,BIG EAST FORK RD,,,,0.00,N,Not at Intersection,N,Non-Junction,None,,,19-0182  ,Donald,Davidson,Clear,Not Collision with Motor Vehicle in Transport,no,no,no,no,no,False
102341610,METROPOLITAN NASHVILLE POLICE DEPT,20190232114,Davidson,Nashville,3/25/2019 6:03:00 PM,2,1,0,36.174390,-86.783020,2ND AVN,,,,0.00,,,JUNIOR GILLIAM WAY,,,,0.00,Y,T-Intersection,N,Intersection,None,,,         ,Joshua,Reece,Clear,Angle,no,no,no,no,no,False
102341890,METROPOLITAN NASHVILLE POLICE DEPT,20190232476,Davidson,Nashville,3/25/2019 9:15:00 PM,2,0,0,36.169610,-86.806040,JEFFERSON ST,,,,180.00,Feet,East,DR D B TODD JR BLVD,,,,0.00,N,Not at Intersection,N,Non-Junction,None,,,         ,Gardiner,Bradley,Clear,Angle,no,no,no,no,yes,False
102343106,METROPOLITAN NASHVILLE POLICE DEPT,20190208311,Davidson,Nashville,3/17/2019 5:00:00 PM,1,0,0,36.157110,-86.583330,JOHN HAGAR RD,,,,790.00,Feet,South,WINDCHASE RUN,,,,0.00,N,Not at Intersection,N,Non-Junction,None,,,         ,Marvis,Malone,Unknown,Not Collision with Motor Vehicle in Transport,no,no,no,no,yes,False
102343843,Nashville Airport Police,2019-01185,Davidson,Nashville,3/22/2019 2:04:00 PM,2,0,0,36.135720,-86.663510,DONELSON PKE N ENT RAMP,,,,1513.00,Feet,North,DONELSON PKE,,,,0.00,N,Not at Intersection,Y,OtherLocation,None,,,         ,Christopher,Swisher,Clear,Angle,no,no,no,yes,no,False
102346233,Nashville Airport Police,2019-01236,Davidson,Nashville,3/25/2019 6:45:00 AM,2,0,0,36.109690,-86.671460,KNAPP BLVD,,,,0.00,,,DONELSON PKE,,,,0.00,Y,Four-Way, ,,None,,,         ,William,Green,,,no,no,no,no,no,False
102347029,METROPOLITAN NASHVILLE POLICE DEPT,20190239934,Davidson,Nashville,3/7/2019 12:00:00 AM,2,0,0,36.154650,-86.808920,23RD AVN,,,,0.00,,,,,,,0.00,,,N,Non-Junction,None,,,         ,Joseph,Jakes,Unknown,Angle,no,no,no,yes,yes,False
102347056,METROPOLITAN NASHVILLE POLICE DEPT,20190228788,Davidson,Nashville,3/24/2019 5:09:00 PM,2,1,1,36.089240,-86.732800,NOLENSVILLE PKE,,,,380.00,Feet,South,ZOO RD,,,,0.00,N,Not at Intersection,N,Non-Junction,None,,,19-0187  ,Donald,Davidson,Clear,Angle,no,no,no,no,no,False
102347127,METROPOLITAN NASHVILLE POLICE DEPT,20190219821,Davidson,Nashville,3/21/2019 9:06:00 AM,2,2,0,36.144450,-86.749330,MURFREESBORO PKE,,,,44.00,Feet,East,NANCE LN,,,,0.00,N,Not at Intersection, ,Non-Junction,None,,,         ,Jessie,Meadows,Clear,Angle,no,no,no,no,no,False
102349014,THP District 9 - Administrative,319014854,Davidson,Nashville,3/15/2019 7:43:00 AM,3,0,0,36.135150,-86.726750,I 24,,,,0.00,,,,,,,52.15,N,Not at Intersection,Y,Non-Junction,None,,,         ,Sarah,Hurst,Cloudy,"Sideswipe, Same Direction",no,no,no,no,yes,False
102380886,METROPOLITAN NASHVILLE POLICE DEPT,20190207720,Davidson,Nashville,3/16/2019 2:47:00 PM,1,1,0,36.161020,-86.777200,BROADWAY,,,,0.00,Feet,,4TH AVN,,,,0.00,Y,Four-Way,N,Intersection,None,,,         ,Mark,Woodfin,Clear,Not Collision with Motor Vehicle in Transport,yes,no,no,no,yes,False
102389898,Long Hunter State Park,1920,Davidson,Nashville,3/9/2019 10:45:00 AM,1,0,0,36.092460,-86.555640,2910 HOBSON PIKE,,,,0.00,,,,,,,0.00,,Not at Intersection, ,Non-Junction,None,,,         ,Jeffrey,Sweeney,Clear,Unknown,no,no,no,yes,no,False
102509448,Nashville Airport Police,2019-00949,Davidson,Nashville,3/6/2019 11:40:00 PM,1,0,0,36.130080,-86.695140,BRILEY PKWYS,,,,45.00,Feet,North,BRILEY PKWYN,,,,0.00,N,Not at Intersection, ,Non-Junction,None,,,         ,Jamory,Stills,Clear,Not Collision with Motor Vehicle in Transport,no,no,no,no,no,False
102668222,METROPOLITAN NASHVILLE POLICE DEPT,20200143201,Davidson,Goodlettsville,2/28/2019 3:07:00 PM,2,0,0,36.293600,-86.718710,I 65,,,,0.00,,,,,,,94.55,N,Not at Intersection, ,Non-Junction,None,,,         ,Brandon,O'Guin,Cloudy,Front to Rear,no,no,no,no,no,False
102341340,METROPOLITAN NASHVILLE POLICE DEPT,20190233119,Davidson,Nashville,3/26/2019 1:40:00 AM,2,0,0,36.161540,-86.775970,3RD AVS,,,,0.00,Feet,East,BROADWAY,,,,0.00,N,Not at Intersection, ,Non-Junction,None,,,         ,Reagan,Heath,Clear,Angle,no,no,no,no,no,False
102341344,METROPOLITAN NASHVILLE POLICE DEPT,20190232882,Davidson,Not in City Limit,3/26/2019 12:00:00 AM,1,0,0,36.278230,-86.834080,WHITES CREEK PKE,,,,0.58,Miles,South,TRANHAM RD,,,,0.00,N,Not at Intersection,N,Non-Junction,None,,,         ,Joseph,Gawlowski,Clear,Not Collision with Motor Vehicle in Transport,no,no,no,no,no,False
102341351,METROPOLITAN NASHVILLE POLICE DEPT,20190233359,Davidson,Nashville,3/26/2019 3:12:00 AM,1,0,0,36.063470,-86.690860,PACKARD DR,,,,10.00,Feet,West,BRENDA LN,,,,0.00,N,Not at Intersection, ,Non-Junction,None,,,         ,Autumn,Manning,Clear,Not Collision with Motor Vehicle in Transport,no,no,no,no,no,False
102341391,METROPOLITAN NASHVILLE POLICE DEPT,20190233751,Davidson,Nashville,3/26/2019 5:53:00 AM,2,0,0,36.038950,-86.647980,I 24,,,,0.00,,,,,,,60.15,N,Not at Intersection, ,,None,,,         ,David,Moser,,,no,no,no,no,no,False
102341393,METROPOLITAN NASHVILLE POLICE DEPT,20190233720,Davidson,Not in City Limit,3/26/2019 5:32:00 AM,2,0,0,36.266850,-86.737090,I 65,,,,0.00,,,,,,,92.40,N,Not at Intersection,N,Non-Junction,None,,,         ,Brandon,Wood,Clear,"Sideswipe, Same Direction",no,no,no,no,no,False
102341425,METROPOLITAN NASHVILLE POLICE DEPT,20190233836,Davidson,Nashville,3/26/2019 6:42:00 AM,2,0,0,36.142380,-86.735070,I 40,,,,0.00,,,,,,,212.80,N,Not at Intersection,N,Non-Junction,None,,,         ,Michael,Dance,Clear,"Sideswipe, Same Direction",no,no,no,no,no,False
102341428,METROPOLITAN NASHVILLE POLICE DEPT,20190233791,Davidson,Nashville,3/26/2019 6:10:00 AM,3,0,0,36.140700,-86.720500,I 40,,,,0.00,,,,,,,213.60,N,Not at Intersection,Y,Non-Junction,None,,,         ,Joseph,Zambardi,Clear,Front to Rear,no,no,no,no,no,False
102341444,METROPOLITAN NASHVILLE POLICE DEPT,20190233879,Davidson,Nashville,3/26/2019 5:55:00 AM,2,0,0,36.194290,-86.776300,I 65,,,,0.00,,,,,,,86.50,N,Not at Intersection,N,Non-Junction,None,,,         ,Wesley,Young,Clear,"Sideswipe, Same Direction",no,no,no,no,yes,False
102341445,METROPOLITAN NASHVILLE POLICE DEPT,20190233835,Davidson,Nashville,3/26/2019 6:20:00 AM,2,0,0,36.153880,-86.763570,I 40,,,,0.00,,,,,,,210.80,N,Not at Intersection,N,Non-Junction,None,,,         ,Michael,Dance,Clear,"Sideswipe, Same Direction",no,no,no,no,no,False
102341456,METROPOLITAN NASHVILLE POLICE DEPT,20190233900,Davidson,Nashville,3/26/2019 7:05:00 AM,2,1,0,36.089620,-86.622200,SMITH SPRINGS RD,,,,16.00,Feet,West,RURAL HILL RD,,,,0.00,N,Not at Intersection,N,Non-Junction,None,,,         ,Joshua,Dale,Clear,Angle,no,no,no,no,no,False
102341466,METROPOLITAN NASHVILLE POLICE DEPT,20190234008,Davidson,Nashville,3/26/2019 7:45:00 AM,2,0,0,36.160760,-86.793690,14TH AVN,,,,0.00,,,CHARLOTTE AV,,,,0.00,Y,Four-Way,N,Intersection,None,,,         ,Brian,Murphy,Clear,"Sideswipe, Same Direction",no,no,no,no,yes,False
102341467,METROPOLITAN NASHVILLE POLICE DEPT,20190233883,Davidson,Not in City Limit,3/26/2019 6:22:00 AM,1,0,0,36.263930,-86.688550,STATE RT 45,,,,132.00,Feet,South,ARCHWOOD DR,,,,0.00,N,Not at Intersection, ,Non-Junction,None,,,         ,Samuel,Kersten,Clear,Not Collision with Motor Vehicle in Transport,no,no,no,no,no,False
102341468,METROPOLITAN NASHVILLE POLICE DEPT,20190234000,Davidson,Nashville,3/26/2019 7:50:00 AM,2,0,0,36.143530,-86.822690,I 440,,,,0.00,,,,,,,1.00,N,Not at Intersection,N,Non-Junction,None,,,         ,Douglas,Atwood,Clear,Front to Rear,no,no,no,no,no,False
102341477,METROPOLITAN NASHVILLE POLICE DEPT,20190233893,Davidson,Nashville,3/26/2019 7:00:00 AM,4,0,0,36.200270,-86.751590,ELLINGTON PKWY,,,,167.00,Feet,North,ELLINGTON PKWYN,,,,0.00,N,Not at Intersection, ,Non-Junction,None,,,         ,Steven,Spillers,Clear,Front to Rear,no,no,no,no,no,False
102341479,METROPOLITAN NASHVILLE POLICE DEPT,20190233886,Davidson,Nashville,3/26/2019 6:41:00 AM,2,0,0,36.055200,-86.691050,LUKER LN,,,,215.00,Feet,South,HILL BENNETT CIR,,,,0.00,N,Not at Intersection, ,Non-Junction,None,,,         ,Charles,Coe,Clear,"Sideswipe, Same Direction",no,no,no,no,no,False
102341481,METROPOLITAN NASHVILLE POLICE DEPT,20190233923,Davidson,Nashville,3/26/2019 7:15:00 AM,3,1,0,36.170220,-86.596130,I 40,,,,0.00,,,,,,,221.10,N,Not at Intersection,N,Non-Junction,None,,,         ,Gerry,Hutcheson,Clear,Front to Rear,no,no,no,no,no,False
102341486,METROPOLITAN NASHVILLE POLICE DEPT,20190234025,Davidson,Nashville,3/26/2019 8:05:00 AM,2,0,0,36.141910,-86.640610,ELM HILL PKE,,,,0.00,,,TIMBER VALLEY DR,,,,0.00,Y,T-Intersection,N,Intersection,None,,,         ,Michael,Dance,Clear,Angle,no,no,no,no,yes,False
102341487,METROPOLITAN NASHVILLE POLICE DEPT,20190234021,Davidson,Nashville,3/26/2019 8:03:00 AM,2,0,0,36.041690,-86.782420,I 65,,,,0.00,,,,,,,74.80,N,Not at Intersection,N,Non-Junction,None,,,         ,Earl,Davis,Clear,Front to Rear,no,no,no,no,no,False
102341491,METROPOLITAN NASHVILLE POLICE DEPT,20190233975,Davidson,Nashville,3/26/2019 7:31:00 AM,2,0,0,36.170480,-86.679700,MCGAVOCK PKE,,,,408.00,Feet,North,LEBANON PKE,,,,0.00,N,Not at Intersection, ,Non-Junction,None,,,         ,MIchael,Mihajlov,Clear,Angle,no,no,no,no,no,False
102341493,METROPOLITAN NASHVILLE POLICE DEPT,20190234016,Davidson,Not in City Limit,3/26/2019 7:57:00 AM,2,0,0,36.269500,-86.755600,DICKERSON PKE,,,,98.00,Feet,North,OLD HICKORY BLVD,,,,0.00,N,Not at Intersection, ,Non-Junction,None,,,         ,Gabriel,Centeno,Clear,Angle,no,no,no,no,no,False
102341494,METROPOLITAN NASHVILLE POLICE DEPT,20190233855,Davidson,Nashville,3/26/2019 6:22:00 AM,1,0,0,36.141280,-86.740590,FOSTER AV,,,,95.00,Feet,South,MURFREESBORO PKE,,,,0.00,N,Not at Intersection, ,,None,,,         ,Jessie,Meadows,,,yes,no,no,no,no,False
102341504,METROPOLITAN NASHVILLE POLICE DEPT,20190234171,Davidson,Nashville,3/26/2019 9:15:00 AM,2,0,0,36.172760,-86.806300,KNOWLES ST,,,,318.00,Feet,West,17TH AVN,,,,0.00,N,Not at Intersection, ,Non-Junction,None,,,         ,Kevin,Reynolds,Clear,"Sideswipe, Same Direction",no,no,no,no,no,False
102341512,METROPOLITAN NASHVILLE POLICE DEPT,20190234082,Davidson,Nashville,3/26/2019 8:33:00 AM,3,0,0,36.071360,-86.769580,I 65,,,,0.00,,,,,,,77.00,N,Not at Intersection,N,Non-Junction,None,,,         ,Earl,Davis,Clear,Front to Rear,no,no,no,no,no,False
102341513,METROPOLITAN NASHVILLE POLICE DEPT,20190234096,Davidson,Nashville,3/26/2019 8:39:00 AM,2,0,0,36.174590,-86.613570,CENTRAL PKE,,,,212.00,Feet,East,DODSON CHAPEL RD,,,,0.00,N,Not at Intersection,N,Non-Junction,None,,,         ,Michael,Dance,Clear,Front to Rear,no,no,no,no,no,False
102341515,METROPOLITAN NASHVILLE POLICE DEPT,20190234113,Davidson,Nashville,3/26/2019 8:45:00 AM,2,0,0,36.136860,-86.795760,WEDGEWOOD AV,,,,0.00,,,17TH AVS,,,,0.00,Y,Four-Way,Y,Intersection-Related,None,,,         ,Timothy,Ward,Clear,Angle,no,no,no,no,no,Campus
102341527,METROPOLITAN NASHVILLE POLICE DEPT,20190233956,Davidson,Nashville,3/26/2019 7:31:00 AM,2,2,0,36.032270,-86.765710,CLOVERLAND DR,,,,127.00,Feet,West,FREDERICKSBURG WAY,,,,0.00,N,Not at Intersection,N,Non-Junction,None,,,         ,Phillip,Murphy,Clear,Front to Rear,no,no,no,no,no,False
102341529,METROPOLITAN NASHVILLE POLICE DEPT,20190234068,Davidson,Nashville,3/26/2019 8:10:00 AM,1,0,0,36.112000,-86.691120,MURFREESBORO PKE,,,,703.00,Feet,West,MCGAVOCK PKE,,,,0.00,N,Not at Intersection,N,Non-Junction,None,,,         ,Kevin,Coleman,Clear,Not Collision with Motor Vehicle in Transport,no,no,no,yes,no,False
102341530,METROPOLITAN NASHVILLE POLICE DEPT,20190233932,Davidson,Nashville,3/26/2019 7:12:00 AM,3,1,0,36.061730,-86.681400,I 24,,,,0.00,,,,,,,57.70,N,Not at Intersection,N,Non-Junction,None,,,         ,Jessie,Meadows,Clear,Front to Rear,no,no,no,no,yes,False
102341555,METROPOLITAN NASHVILLE POLICE DEPT,20190234202,Davidson,Nashville,3/26/2019 9:10:00 AM,2,0,0,36.142540,-86.743590,MURFREESBORO PKE,,,,240.00,Feet,West,POLK AV,,,,0.00,N,Not at Intersection,N,Non-Junction,None,,,         ,Richard,Luellen,Clear,Front to Rear,no,no,no,no,yes,False
102341568,METROPOLITAN NASHVILLE POLICE DEPT,20190234276,Davidson,Nashville,3/26/2019 10:25:00 AM,3,1,0,36.151040,-86.750360,I 40,,,,0.00,,,,,,,211.60,N,Not at Intersection, ,Non-Junction,None,,,         ,Michael,Dance,Clear,Front to Rear,no,no,no,no,no,False
102341570,METROPOLITAN NASHVILLE POLICE DEPT,20190234312,Davidson,Nashville,3/26/2019 9:50:00 AM,2,0,0,36.166080,-86.766150,SHELBY AV,,,,91.00,Feet,West,I24 E ENT RAMP,,,,0.00,N,Not at Intersection,N,Non-Junction,None,,,         ,Benjamin,Cantrell,Clear,Front to Rear,no,no,no,no,yes,False
102341572,METROPOLITAN NASHVILLE POLICE DEPT,20190234230,Davidson,Nashville,3/26/2019 8:20:00 AM,2,0,0,36.255960,-86.703390,MARGARET ST,,,,227.00,Feet,North,NEELYS BEND RD,,,,0.00,N,Not at Intersection,N,Non-Junction,None,,,         ,Samuel,Kersten,Clear,"Sideswipe, Same Direction",no,no,no,no,yes,False
102341573,METROPOLITAN NASHVILLE POLICE DEPT,20190233993,Davidson,Nashville,3/26/2019 7:20:00 AM,2,0,0,36.039430,-86.645480,CROSSINGS BLVD,,,,935.00,Feet,North,I24 E ENT RAMP,,,,0.00,N,Not at Intersection, ,Non-Junction,None,,,         ,Jessie,Meadows,Clear,Angle,no,no,no,no,no,False
102341575,METROPOLITAN NASHVILLE POLICE DEPT,20190234290,Davidson,Nashville,3/26/2019 10:20:00 AM,2,0,0,36.168160,-86.690160,LEBANON PKE,,,,0.00,Feet,,BRILEY PKWY S EXT RAMP,,,,0.00,Y,T-Intersection,N,Intersection,None,,,         ,Gerry,Hutcheson,Clear,Angle,no,no,no,no,no,False
102341576,METROPOLITAN NASHVILLE POLICE DEPT,20190234321,Davidson,Nashville,3/26/2019 10:00:00 AM,2,0,0,36.080020,-86.726460,NOLENSVILLE PKE,,,,156.00,Feet,North,HARDING PL,,,,0.00,N,Not at Intersection, ,Non-Junction,None,,,         ,James,Thomas,Clear,Front to Rear,no,no,no,no,no,False
102341579,METROPOLITAN NASHVILLE POLICE DEPT,20190234369,Davidson,Nashville,3/26/2019 11:09:00 AM,2,0,0,36.152820,-86.683410,ELM HILL PKE,,,,0.00,,,MCGAVOCK PKE,,,,0.00,Y,Four-Way, ,Intersection,None,,,         ,Michael,Dance,Clear,Angle,no,no,no,no,no,False
102341586,METROPOLITAN NASHVILLE POLICE DEPT,20190233834,Davidson,Nashville,3/26/2019 6:38:00 AM,3,2,0,36.184250,-86.773740,DICKERSON PKE,,,,61.00,Feet,South,HANCOCK ST,,,,0.00,N,Not at Intersection,N,Non-Junction,None,,,         ,Nicholas,Silinsky,Clear,HeadOn,no,no,no,no,no,False
102341587,METROPOLITAN NASHVILLE POLICE DEPT,20190234305,Davidson,Nashville,3/26/2019 9:50:00 AM,2,0,0,36.151370,-86.796760,19TH AVS,,,,153.00,Feet,North,BROADWAY,,,,0.00,N,Not at Intersection, ,Non-Junction,None,,,         ,Timothy,Ward,Clear,Rear to Side,no,no,no,no,no,False
102341588,METROPOLITAN NASHVILLE POLICE DEPT,20190233968,Davidson,Nashville,3/26/2019 7:40:00 AM,4,0,0,36.176400,-86.767430,SPRING ST ENT RAMP,,,,0.00,,,SPRING ST,,,,0.00,Y,Y-Intersection,N,Intersection-Related,None,,,         ,Russell,Freeman,Clear,Front to Rear,no,no,no,no,no,False
102341591,METROPOLITAN NASHVILLE POLICE DEPT,20190234183,Davidson,Nashville,3/26/2019 9:22:00 AM,3,0,0,36.167720,-86.765660,I 24,,,,0.00,,,,,,,48.85,N,Not at Intersection,N,Non-Junction,None,,,         ,Byron,Carter,Clear,Front to Rear,no,no,no,no,no,False
102341592,METROPOLITAN NASHVILLE POLICE DEPT,20190234403,Davidson,Nashville,3/26/2019 11:15:00 AM,1,0,0,36.085260,-86.690540,ANTIOCH PKE,,,,113.00,Feet,South,PERIMETER HILL DR,,,,0.00,N,Not at Intersection,N,Non-Junction,None,,,         ,Adam,Warren,Clear,Not Collision with Motor Vehicle in Transport,no,no,no,no,no,False
102341609,METROPOLITAN NASHVILLE POLICE DEPT,20190234073,Davidson,Antioch,3/26/2019 8:15:00 AM,2,0,0,36.015000,-86.621000,I 24,,,,0.00,,,,,,,62.50,N,Not at Intersection, ,Non-Junction,None,,,         ,Jessie,Meadows,Clear,Front to Rear,no,no,no,no,no,False
102341627,METROPOLITAN NASHVILLE POLICE DEPT,20190234017,Davidson,Nashville,3/26/2019 8:01:00 AM,3,4,0,36.183720,-86.747510,EASTLAND AV,,,,256.00,Feet,East,GALLATIN AV,,,,0.00,N,Not at Intersection,N,Non-Junction,None,,,         ,Russell,Freeman,Clear,Angle,no,no,no,no,no,False
102341636,METROPOLITAN NASHVILLE POLICE DEPT,20190234391,Davidson,Nashville,3/26/2019 11:15:00 AM,2,1,0,36.136310,-86.822150,WEST END AV,,,,0.00,,,I440 E EXT RAMP,,,,0.00,Y,Y-Intersection,Y,Entrance/Exit Ramp Related,None,,,         ,Timothy,Ward,Clear,Front to Rear,no,no,no,no,no,False
102341637,METROPOLITAN NASHVILLE POLICE DEPT,20190234120,Davidson,Nashville,3/26/2019 8:50:00 AM,3,0,0,36.095810,-86.707740,I 24,,,,0.00,,,,,,,54.90,N,Not at Intersection,N,Non-Junction,None,,,         ,Jessie,Meadows,Clear,Front to Rear,no,no,no,no,no,False