master_record_number,agency,agency_tracking_number,county,city,collision_date,vehicles_involved,number_injured,number_dead,latitude,longitude,roadway_name,roadway_suffix,roadway_number,roadway_local_id,distance_from_reference,miles-feet_indicator,direction_from_reference,intersection_road_name,intersection_road_name_suffix,intersection_road_number,intersection_local_id,mile_marker,intersection_indicator,intersect_type,interchange_related_indicator,relation_to_junction,work_zone_type,construction_maintenance_zone,construction_maintenance_zone_location,fatal_case_number,officer_first_name,officer_last_name,weather_condition(s),manner_of_crash,pedestrian,bicycle,scooter,parking,hitrun,mou
102341639,METROPOLITAN NASHVILLE POLICE DEPT,20190234554,Davidson,Nashville,3/26/2019 12:26:00 PM,3,0,0,36.112330,-86.767020,THOMPSON LN,,,,0.00,,,BRANSFORD AV,,,,0.00,Y,Four-Way, ,Intersection,None,,,         ,Justin,Pinkelton,Clear,Front to Rear,no,no,no,no,no,False
102341660,METROPOLITAN NASHVILLE POLICE DEPT,20190234319,Davidson,Nashville,3/26/2019 10:40:00 AM,2,1,0,36.229110,-86.725140,GALLATIN PKE,,,,0.00,,,BROADMOOR DR,,,,0.00,Y,T-Intersection,N,Intersection,None,,,         ,Russell,Freeman,Clear,Angle,no,no,no,no,no,False
102341664,METROPOLITAN NASHVILLE POLICE DEPT,20190234470,Davidson,Nashville,3/26/2019 11:54:00 AM,2,1,0,36.213800,-86.799990,WHITES CREEK PKE,,,,0.00,,,FRANCES ST,,,,0.00,Y,Four-Way,N,Intersection,None,,,         ,Wesley,Young,Clear,Angle,no,no,no,no,yes,False
102341674,METROPOLITAN NASHVILLE POLICE DEPT,20190234175,Davidson,Nashville,3/26/2019 9:23:00 AM,2,0,0,36.133510,-86.758500,NOLENSVILLE PKE,,,,226.00,Feet,South,CRAIGHEAD ST,,,,0.00,N,Not at Intersection,N,Non-Junction,None,,,         ,Jessie,Meadows,Clear,"Sideswipe, Same Direction",no,no,no,no,no,False
102341682,METROPOLITAN NASHVILLE POLICE DEPT,20190234652,Davidson,Nashville,3/26/2019 1:08:00 PM,2,0,0,36.044770,-86.661000,BELL RD,,,,162.00,Feet,East,CANE RIDGE RD,,,,0.00,N,Not at Intersection, ,Non-Junction,None,,,         ,Jason,Hees,Clear,"Sideswipe, Same Direction",no,no,no,no,no,False
102341707,METROPOLITAN NASHVILLE POLICE DEPT,20190234330,Davidson,Nashville,3/26/2019 9:56:00 AM,2,0,0,36.106190,-86.742790,NOLENSVILLE PKE,,,,71.00,Feet,South,MORTON AV,,,,0.00,N,Not at Intersection,N,Non-Junction,None,,,         ,Jessie,Meadows,Clear,"Sideswipe, Same Direction",no,no,no,no,yes,False
102341709,METROPOLITAN NASHVILLE POLICE DEPT,20190234524,Davidson,Nashville,3/26/2019 12:18:00 PM,2,0,0,36.132980,-86.892510,CHARLOTTE PKE,,,,171.00,Feet,West,OLD CHARLOTTE PKE,,,,0.00,N,Not at Intersection, ,Non-Junction,None,,,         ,Walter,Gray II,Clear,"Sideswipe, Same Direction",no,no,no,no,no,False
102341710,METROPOLITAN NASHVILLE POLICE DEPT,20190234496,Davidson,Nashville,3/26/2019 10:40:00 AM,2,0,0,36.079600,-86.726320,NOLENSVILLE PKE,,,,0.00,,,HARDING PL,,,,0.00,Y,Four-Way, ,Intersection,None,,,         ,Peter,Kinsey,Clear,Angle,no,no,no,no,no,False
102341711,METROPOLITAN NASHVILLE POLICE DEPT,20190234713,Davidson,Nashville,3/26/2019 12:00:00 AM,2,0,0,36.174230,-86.760750,S 7TH ST,,,,122.00,Feet,South,MAIN ST,,,,0.00,N,Not at Intersection,N,Non-Junction,None,,,         ,Russell,Freeman,Clear,Unknown,no,no,no,no,yes,False
102341713,METROPOLITAN NASHVILLE POLICE DEPT,20190234697,Davidson,Nashville,3/26/2019 12:48:00 PM,2,0,0,36.162090,-86.848540,CENTENNIAL BLVD,,,,18.00,Feet,West,LOUISIANA AV,,,,0.00,N,Not at Intersection, ,Non-Junction,None,,,         ,Douglas,Atwood,Clear,Front to Rear,no,no,no,no,no,False
102341714,METROPOLITAN NASHVILLE POLICE DEPT,20190234687,Davidson,Nashville,3/26/2019 12:45:00 PM,2,1,0,36.210450,-86.775980,I 65,,,,0.00,,,,,,,87.60,N,Not at Intersection, ,Non-Junction,None,,,         ,Kevin,Reynolds,Clear,Front to Rear,no,no,no,no,no,False
102341725,METROPOLITAN NASHVILLE POLICE DEPT,20190234570,Davidson,Nashville,3/26/2019 12:33:00 PM,2,0,0,36.153300,-86.772180,4TH AVS,,,,0.00,,,ELM ST,,,,0.00,Y,T-Intersection, ,Intersection,None,,,         ,Johnathan,Carlisle,Clear,Angle,no,no,no,no,no,False
102341726,METROPOLITAN NASHVILLE POLICE DEPT,20190234531,Davidson,Nashville,3/26/2019 1:01:00 PM,2,1,0,36.148790,-86.769200,4TH AVS,,,,48.00,Feet,South,OAK ST,,,,0.00,N,Not at Intersection,N,Non-Junction,None,,,         ,Alberta,Auguste,Clear,Angle,no,no,no,no,no,False
102341727,METROPOLITAN NASHVILLE POLICE DEPT,20190234359,Davidson,Nashville,3/26/2019 11:02:00 AM,1,0,0,36.118990,-86.729490,GLENROSE AV,,,,226.00,Feet,East,OLD GLENROSE AV,,,,0.00,N,Not at Intersection,N,Non-Junction,None,,,         ,Jessie,Meadows,Clear,Not Collision with Motor Vehicle in Transport,no,no,no,no,yes,False
102341734,METROPOLITAN NASHVILLE POLICE DEPT,20190234492,Davidson,Nashville,3/26/2019 11:30:00 AM,2,0,0,36.112410,-86.723480,I 24,,,,0.00,,,,,,,53.50,N,Not at Intersection, ,Non-Junction,None,,,         ,James,Thomas,Clear,Front to Rear,no,no,no,no,no,False
102341752,METROPOLITAN NASHVILLE POLICE DEPT,20190234669,Davidson,Nashville,3/26/2019 1:14:00 PM,2,1,0,36.172930,-86.600940,CENTRAL PKE,,,,0.00,,,BURNING TREE DR,,,,0.00,Y,T-Intersection, ,Intersection,None,,,         ,Michael,Dance,Clear,Angle,no,no,no,no,no,False
102341758,METROPOLITAN NASHVILLE POLICE DEPT,20190234508,Davidson,Nashville,3/26/2019 12:11:00 PM,2,1,0,36.083240,-86.725280,WELCH RD,,,,76.00,Feet,East,TRAVIS DR,,,,0.00,N,Not at Intersection,N,Non-Junction,None,,,         ,Jessie,Meadows,Clear,Angle,no,no,no,no,no,False
102341763,METROPOLITAN NASHVILLE POLICE DEPT,20190234779,Davidson,Nashville,3/26/2019 2:07:00 PM,1,2,0,36.117180,-86.769540,I 440,,,,0.00,,,,,,,5.15,N,Not at Intersection,N,Non-Junction,Construction Zone,Work On Shoulder Or Median,Activity Area,         ,Justin,Pinkelton,Clear,Not Collision with Motor Vehicle in Transport,no,no,no,no,no,False
102341778,METROPOLITAN NASHVILLE POLICE DEPT,20190234744,Davidson,Nashville,3/26/2019 1:51:00 PM,2,0,0,36.153860,-86.762810,I 40,,,,0.00,,,,,,,210.80,N,Not at Intersection,N,Entrance/Exit Ramp Related,None,,,         ,Michael,Dance,Clear,"Sideswipe, Same Direction",no,no,no,no,yes,False
102341826,METROPOLITAN NASHVILLE POLICE DEPT,20190234624,Davidson,Nashville,3/26/2019 12:54:00 PM,1,0,0,36.076880,-86.791100,OVERTON LEA RD,,,,375.00,Feet,East,LEALAND LN,,,,0.00,N,Not at Intersection,N,Non-Junction,None,,,         ,Raymond,Flaherty,Clear,Not Collision with Motor Vehicle in Transport,no,no,no,no,yes,False
102341827,METROPOLITAN NASHVILLE POLICE DEPT,20190234843,Davidson,Nashville,3/26/2019 2:47:00 PM,3,0,0,36.193680,-86.623130,LEBANON PKE,,,,357.00,Feet,North,JUAREZ DR,,,,0.00,N,Not at Intersection, ,,None,,,         ,Joshua,Hausman,,,no,no,no,no,no,False
102341849,TENNESSEE STATE UNIVERSITY ,19-TSU-13719,Davidson,Nashville,3/26/2019 12:50:00 PM,2,1,0,36.164750,-86.826390,33RD AVN,,,,0.00,,,ALAMEDA ST,,,,0.00,Y,OTHER,N,Non-Junction,None,,,         ,Harold,Taylor,Clear,Front to Rear,yes,no,no,yes,no,False
102341855,METROPOLITAN NASHVILLE POLICE DEPT,20190234826,Davidson,Nashville,3/26/2019 2:27:00 PM,2,0,0,36.181430,-86.673290,WINDEMERE CIR,,,,0.00,,,KNOBDALE RD,,,,0.00,Y,Four-Way,N,Intersection,None,,,         ,Thomas,Odom,Clear,Angle,no,no,no,no,no,False
102341869,METROPOLITAN NASHVILLE POLICE DEPT,20190235006,Davidson,Nashville,3/26/2019 3:00:00 PM,2,0,0,36.158740,-86.789950,CHURCH ST,,,,229.00,Feet,East,12TH AVN,,,,0.00,N,Not at Intersection, ,Non-Junction,None,,,         ,Brent,Morris,Clear,Front to Rear,no,no,no,no,no,False
102341904,METROPOLITAN NASHVILLE POLICE DEPT,20190235062,Davidson,Nashville,3/26/2019 4:09:00 PM,2,0,0,36.215300,-86.763940,DICKERSON PKE,,,,0.00,,,LEMUEL RD,,,,0.00,Y,T-Intersection, ,Intersection,None,,,         ,Christopher,Valdez,Clear,Front to Rear,no,no,no,no,no,False
102341906,METROPOLITAN NASHVILLE POLICE DEPT,20190235100,Davidson,Nashville,3/26/2019 3:20:00 PM,2,1,0,36.168460,-86.687640,LEBANON PKE,,,,97.00,Feet,East,BRILEY PKWY N ENT RAMP,,,,0.00,N,Not at Intersection,N,Non-Junction,None,,,         ,Trenton,Searcy,Clear,Front to Rear,no,no,no,no,no,False
102341911,METROPOLITAN NASHVILLE POLICE DEPT,20190235154,Davidson,Nashville,3/26/2019 4:40:00 PM,2,0,0,36.161370,-86.792280,CHARLOTTE AV,,,,133.00,Feet,East,GEORGE L DAVIS BLVD,,,,0.00,N,Not at Intersection, ,Non-Junction,None,,,         ,Brent,Morris,Clear,Front to Rear,no,no,no,no,no,False
102341919,METROPOLITAN NASHVILLE POLICE DEPT,20190235001,Davidson,Nashville,3/26/2019 12:00:00 AM,2,1,0,36.080690,-86.799050,TYNE BLVD,,,,0.00,,,SEWANEE RD,,,,0.00,Y,OTHER,N,Intersection,None,,,         ,David,Robberson,Clear,Angle,no,no,no,no,no,False
102341923,METROPOLITAN NASHVILLE POLICE DEPT,20190234960,Davidson,Not in City Limit,3/26/2019 3:24:00 PM,2,0,0,36.077150,-86.945080,SAWYER BROWN RD,,,,100.00,Feet,North,HIGHWAY 70S,,,,0.00,N,Not at Intersection,N,Non-Junction,None,,,         ,Walter,Gray II,Clear,Front to Rear,no,no,no,no,yes,False
102341926,METROPOLITAN NASHVILLE POLICE DEPT,20190235129,Davidson,Nashville,3/26/2019 4:09:00 PM,3,0,0,36.167610,-86.778610,JAMES ROBERTSON PKWY,,,,0.00,,,2ND AVN,,,,0.00,Y,T-Intersection, ,Intersection,None,,,         ,Joshua,Reece,Clear,Front to Rear,no,no,no,no,no,False
102341936,VANDERBILT UNIVERSITY POLICE,20190235059,Davidson,Nashville,3/26/2019 3:45:00 PM,2,1,0,36.140260,-86.813700,31ST AVS,,,,88.00,Feet,South,DUDLEY AV,,,,0.00,N,Not at Intersection,N,Non-Junction,None,,,         ,Mark,Clear,Clear,Front to Rear,no,no,no,no,no,Campus
102341939,METROPOLITAN NASHVILLE POLICE DEPT,20190235080,Davidson,Nashville,3/26/2019 4:00:00 PM,2,0,0,36.077060,-86.736640,HARDING PL,,,,0.00,,,SHADESCREST DR,,,,0.00,Y,T-Intersection,N,Intersection,None,,,         ,FELIKS,ABRAHAMYAN,Clear,Angle,no,no,no,no,no,False
102341945,METROPOLITAN NASHVILLE POLICE DEPT,20190235185,Davidson,Nashville,3/26/2019 4:55:00 PM,2,0,0,36.154480,-86.779420,8TH AVS,,,,0.00,,,8TH AVS,,,,0.00,Y,Roundabout, ,OtherLocation,None,,,         ,Joshua,Reece,Clear,Angle,no,no,no,no,no,False
102341946,METROPOLITAN NASHVILLE POLICE DEPT,20190235358,Davidson,Nashville,3/26/2019 5:38:00 PM,2,0,0,36.110070,-86.733500,HARTFORD DR,,,,88.00,Feet,North,THOMPSON LN,,,,0.00,N,Not at Intersection, ,Non-Junction,None,,,         ,YUNUS,ADAK,Clear,Front to Rear,no,no,no,no,no,False
102341948,METROPOLITAN NASHVILLE POLICE DEPT,20190235065,Davidson,Nashville,3/26/2019 4:03:00 PM,2,0,0,36.169680,-86.797300,I 40,,,,0.00,,,,,,,207.95,N,Not at Intersection,N,Non-Junction,None,,,         ,Justin,Vaughn,Clear,Front to Rear,no,no,no,no,no,False
102341949,METROPOLITAN NASHVILLE POLICE DEPT,20190235239,Davidson,Nashville,3/26/2019 5:05:00 PM,2,0,0,36.109780,-86.721770,BRILEY PKWYS,,,,196.00,Feet,West,BRILEY PKWYN,,,,0.00,N,Not at Intersection, ,Entrance/Exit Ramp Related,None,,,         ,Devonte,Coleman,Clear,Front to Rear,no,no,no,no,no,False
102341951,METROPOLITAN NASHVILLE POLICE DEPT,20190234794,Davidson,Nashville,3/26/2019 2:20:00 PM,3,2,0,36.172420,-86.794810,10TH AVN,,,,0.00,,,JEFFERSON ST,,,,0.00,Y,Four-Way,N,Non-Junction,None,,,         ,Paxton,Montgomery,Clear,"Sideswipe, Same Direction",no,no,no,no,no,False
102341954,METROPOLITAN NASHVILLE POLICE DEPT,20190235281,Davidson,Nashville,3/26/2019 5:32:00 PM,2,0,0,36.129870,-86.695060,AIRWAYS BLVD,,,,1.00,Feet,North,BRILEY PKWYN,,,,0.00,N,Not at Intersection, ,Non-Junction,None,,,         ,Deandera,Payne,Clear,"Sideswipe, Same Direction",no,no,no,no,no,False
102341965,METROPOLITAN NASHVILLE POLICE DEPT,20190235316,Davidson,Nashville,3/26/2019 5:59:00 PM,2,1,0,36.119850,-86.726430,I440 W ENT RAMP,,,,0.00,Feet,East,I 24,,,,0.00,N,Not at Intersection,N,Entrance/Exit Ramp Related,None,,,         ,Devonte,Coleman,Clear,Front to Rear,no,no,no,no,no,False
102341967,METROPOLITAN NASHVILLE POLICE DEPT,20190235050,Davidson,Nashville,3/26/2019 4:01:00 PM,2,5,0,36.112830,-86.746230,NOLENSVILLE PKE,,,,48.00,Feet,North,MCCLAIN AV,,,,0.00,N,Not at Intersection,N,Non-Junction,None,,,         ,Andrew,Brazee,Clear,Angle,no,no,no,no,no,False
102341968,GOODLETTSVILLE POLICE DEPT,19-11091,Davidson,Goodlettsville,3/26/2019 5:55:00 PM,2,0,0,36.312060,-86.678300,VIETNAM VETERANS BLVDN,,,,1207.00,Feet,North,VIETNAM VETERANS BLVDS,,,,0.00,N,Not at Intersection,N,Non-Junction,None,,,         ,Marcus,Zugelder,Clear,Front to Rear,no,no,no,no,no,False
102341969,METROPOLITAN NASHVILLE POLICE DEPT,20190234426,Davidson,Nashville,3/26/2019 11:24:00 AM,2,0,0,36.168310,-86.781950,GAY ST,,,,0.00,,,JAMES ROBERTSON PKWY,,,,0.00,Y,Four-Way,N,Intersection-Related,None,,,         ,Timothy,Mead,Clear,Angle,no,no,no,no,no,False
102341975,METROPOLITAN NASHVILLE POLICE DEPT,20190235373,Davidson,Nashville,3/26/2019 3:28:00 PM,2,0,0,36.089820,-86.733440,NOLENSVILLE PKE,,,,98.00,Feet,South,ZOO RD,,,,0.00,N,Not at Intersection, ,Non-Junction,None,,,         ,Ciarra,Rench,Clear,Angle,no,no,no,no,no,False
102341977,METROPOLITAN NASHVILLE POLICE DEPT,20190235406,Davidson,Nashville,3/26/2019 5:50:00 PM,2,0,0,36.134280,-86.780570,WEDGEWOOD AV,,,,0.00,,,BEECH AV,,,,0.00,Y,T-Intersection,Y,Intersection,None,,,         ,Conor,Cronin,Clear,Angle,no,no,no,no,no,False
102341978,METROPOLITAN NASHVILLE POLICE DEPT,20190235103,Davidson,Nashville,3/26/2019 4:25:00 PM,2,2,0,36.115740,-86.865920,DAVIDSON RD,,,,634.00,Feet,North,CLOSE LN,,,,0.00,N,Not at Intersection, ,Non-Junction,None,,,         ,Walter,Gray II,Clear,Front to Rear,no,no,no,no,no,False
102341981,METROPOLITAN NASHVILLE POLICE DEPT,20190235258,Davidson,Nashville,3/26/2019 5:15:00 PM,2,0,0,36.207980,-86.776290,I 65,,,,0.00,,,,,,,87.40,N,Not at Intersection,N,Non-Junction,None,,,         ,Douglas,Sykes,Clear,"Sideswipe, Same Direction",no,no,no,no,yes,False
102341983,METROPOLITAN NASHVILLE POLICE DEPT,20190235399,Davidson,Nashville,3/26/2019 4:53:00 PM,2,0,0,36.158820,-86.826010,CLIFTON AV,,,,297.00,Feet,West,33RD AVN,,,,0.00,N,Not at Intersection, ,Non-Junction,None,,,         ,Melvin,Taylor,Clear,Front to Rear,no,no,no,no,no,False
102341984,METROPOLITAN NASHVILLE POLICE DEPT,20190234830,Davidson,Not in City Limit,3/26/2019 2:35:00 PM,2,0,0,36.263460,-86.684270,STATE RT 45,,,,0.00,,,LARKIN SPRINGS RD,,,,0.00,Y,T-Intersection,Y,Intersection-Related,None,,,         ,Derek,Sibley,Clear,Angle,no,no,no,no,no,False
102341990,METROPOLITAN NASHVILLE POLICE DEPT,20190235325,Davidson,Nashville,3/26/2019 5:55:00 PM,2,0,0,36.138920,-86.883260,CHARLOTTE PKE,,,,789.00,Feet,North,ANNEX AV,,,,0.00,N,Not at Intersection,N,Non-Junction,None,,,         ,Walter,Gray II,Clear,"Sideswipe, Same Direction",no,no,no,yes,yes,False
102341996,VANDERBILT UNIVERSITY POLICE,20190235307,Davidson,Nashville,3/26/2019 5:30:00 PM,2,0,0,36.139080,-86.805070,CHILDRENS WAY,,,,0.00,,,24TH AVS,,,,0.00,Y,Four-Way, ,,None,,,         ,Shaneithia,Lewis,,,no,no,no,no,no,Campus
102341997,METROPOLITAN NASHVILLE POLICE DEPT,20190235244,Davidson,Nashville,3/26/2019 5:20:00 PM,2,1,0,36.152770,-86.779320,8TH AVS,,,,0.00,,,DREXEL ST,,,,0.00,Y,T-Intersection,Y,Intersection,None,,,         ,Trevor,Taylor,Clear,"Sideswipe, Same Direction",no,no,no,no,no,False
102342001,METROPOLITAN NASHVILLE POLICE DEPT,20190235403,Davidson,Nashville,3/26/2019 5:19:00 PM,2,0,0,36.159400,-86.822010,I 40,,,,0.00,,,,,,,206.05,N,Not at Intersection,N,Non-Junction,None,,,         ,Justin,Vaughn,Clear,"Sideswipe, Same Direction",no,no,no,no,no,False
102342002,METROPOLITAN NASHVILLE POLICE DEPT,20190235472,Davidson,Nashville,3/26/2019 6:29:00 PM,2,0,0,36.075020,-86.650020,DOVER GLEN DR,,,,192.00,Feet,West,LASSEN CT,,,,0.00,N,Not at Intersection,N,Non-Junction,None,,,         ,Devonte,Coleman,Clear,Angle,no,no,no,no,no,False
102342005,METROPOLITAN NASHVILLE POLICE DEPT,20190235332,Davidson,Nashville,3/26/2019 5:24:00 PM,2,0,0,36.095930,-86.771790,FRANKLIN PKE,,,,280.00,Feet,South,MORRISWOOD DR,,,,0.00,N,Not at Intersection,N,Non-Junction,None,,,         ,FELIKS,ABRAHAMYAN,Clear,Angle,no,no,no,no,no,False
102342006,VANDERBILT UNIVERSITY POLICE,20190235388,Davidson,Nashville,3/26/2019 12:00:00 AM,2,0,0,36.141440,-86.808480,25TH AVS,,,,936.00,Feet,North,CHILDRENS WAY,,,,0.00,N,Not at Intersection, ,Non-Junction,None,,,         ,Mark,Clear,Clear,Rear to Side,no,no,no,yes,no,Campus
102342013,METROPOLITAN NASHVILLE POLICE DEPT,20190235234,Davidson,Nashville,3/26/2019 5:10:00 PM,4,2,0,36.149130,-86.773950,I 40,,,,0.00,,,,,,,210.20,N,Not at Intersection,N,Non-Junction,None,,,         ,Darci,Stechman,Clear,Front to Rear,no,no,no,no,yes,False
102342018,BERRY HILL POLICE DEPT,19-1092,Davidson,Berry Hill,3/26/2019 12:00:00 AM,2,0,0,36.112500,-86.765340,THOMPSON LN,,,,0.00,,,,,,,0.00,,Not at Intersection, ,,None,,,         ,John,Gleixner,,,no,no,no,yes,no,False
102342019,METROPOLITAN NASHVILLE POLICE DEPT,20190235477,Davidson,Nashville,3/26/2019 6:59:00 PM,2,1,0,36.037480,-86.791200,OLD HICKORY BLVD,,,,62.00,Feet,West,S HILLVIEW DR,,,,0.00,N,Not at Intersection, ,Non-Junction,None,,,         ,Jarrett,Ipox,Clear,Front to Rear,no,no,no,no,no,False
102342021,METROPOLITAN NASHVILLE POLICE DEPT,20190235336,Davidson,Not in City Limit,3/26/2019 5:49:00 PM,2,1,0,35.995660,-86.688130,NOLENSVILLE PKE,,,,100.00,Feet,West,PETTUS RD,,,,0.00,N,Not at Intersection, ,Non-Junction,None,,,         ,Brandon,Hughes,Clear,Front to Rear,no,no,no,no,no,False
102342029,METROPOLITAN NASHVILLE POLICE DEPT,20190235159,Davidson,Nashville,3/26/2019 4:00:00 PM,2,0,0,36.131300,-86.801510,21ST AVS,,,,0.00,,,BERNARD AV,,,,0.00,Y,T-Intersection, ,Non-Junction,None,,,         ,Akira,McSwain,Clear,Angle,no,no,no,no,no,False
102342030,METROPOLITAN NASHVILLE POLICE DEPT,20190235334,Davidson,Nashville,3/26/2019 6:00:00 PM,3,2,0,36.109250,-86.769770,I 65,,,,0.00,,,,,,,79.70,N,Not at Intersection,N,Non-Junction,None,,,         ,Akira,McSwain,Clear,Front to Rear,no,no,no,no,no,False
102342049,METROPOLITAN NASHVILLE POLICE DEPT,20190235486,Davidson,Nashville,3/26/2019 7:34:00 PM,2,0,0,36.149460,-86.797510,DIVISION ST,,,,276.00,Feet,East,20TH AVS,,,,0.00,N,Not at Intersection,N,Non-Junction,None,,,         ,FELIKS,ABRAHAMYAN,Clear,Angle,no,no,no,no,yes,False
102342072,METROPOLITAN NASHVILLE POLICE DEPT,20190235417,Davidson,Not in City Limit,3/26/2019 5:27:00 PM,3,0,0,36.262720,-86.680190,STATE RT 45,,,,232.00,Feet,East,E OLD HICKORY BLVD,,,,0.00,N,Not at Intersection, ,Non-Junction,None,,,         ,Bradley,Fort,Clear,Front to Rear,no,no,no,no,no,False
102342110,METROPOLITAN NASHVILLE POLICE DEPT,20190235569,Davidson,Nashville,3/26/2019 7:28:00 PM,2,2,0,36.141310,-86.731960,I 40,,,,0.00,,,,,,,213.00,N,Not at Intersection, ,Non-Junction,None,,,         ,Samuel,Sundra,Clear,"Sideswipe, Same Direction",no,no,no,no,no,False
102342121,METROPOLITAN NASHVILLE POLICE DEPT,20190235661,Davidson,Nashville,3/26/2019 9:06:00 PM,1,0,0,36.228480,-86.759440,DICKERSON PKE,,,,331.00,Feet,South,BROADMOOR DR,,,,0.00,N,Not at Intersection, ,Non-Junction,None,,,         ,Edward,Conrads,Clear,Not Collision with Motor Vehicle in Transport,no,no,no,yes,no,False
102342139,METROPOLITAN NASHVILLE POLICE DEPT,20190235478,Davidson,Nashville,3/26/2019 7:13:00 PM,2,0,0,36.152210,-86.842030,CHARLOTTE AV,,,,60.00,Feet,East,46TH AVN,,,,0.00,N,Not at Intersection,N,Non-Junction,None,,,         ,Molly,Page,Clear,Front to Rear,no,no,no,no,yes,False
102342152,METROPOLITAN NASHVILLE POLICE DEPT,20190235553,Davidson,Nashville,3/26/2019 12:00:00 AM,2,0,0,36.072840,-86.732490,EDMONDSON PKE,,,,284.00,Feet,North,WHISPERING HILLS DR,,,,0.00,N,Not at Intersection,N,Non-Junction,None,,,         ,David,Robberson,Clear,"Sideswipe, Same Direction",no,no,no,no,no,False
102342159,METROPOLITAN NASHVILLE POLICE DEPT,20190235681,Davidson,Nashville,3/26/2019 8:44:00 PM,2,0,0,36.042420,-86.711650,MILL CREEK WHITTEMORE GRNWY,,,,0.00,Feet,East,MILL CREEK WHITTLEMORE GRNWY,,,,0.00,N,Not at Intersection,N,Non-Junction,None,,,         ,Devonte,Coleman,Clear,Unknown,no,no,no,yes,yes,False
102342176,METROPOLITAN NASHVILLE POLICE DEPT,20190235540,Davidson,Nashville,3/26/2019 8:00:00 PM,2,1,0,36.189090,-86.628040,LEBANON PKE,,,,492.00,Feet,East,HICKORY HILL LN,,,,0.00,N,Not at Intersection,N,Non-Junction,None,,,         ,Abbey,Sawl,Clear,Angle,no,no,no,no,no,False
102342182,METROPOLITAN NASHVILLE POLICE DEPT,20190235551,Davidson,Nashville,3/26/2019 8:16:00 PM,2,3,0,36.157370,-86.692650,BRILEY PKWYS,,,,476.00,Feet,West,WANDA DR,,,,0.00,N,Not at Intersection,N,Non-Junction,None,,,         ,Allyson,Reis,Clear,Front to Rear,no,no,no,no,no,False
102342199,METROPOLITAN NASHVILLE POLICE DEPT,20109235606,Davidson,Nashville,3/26/2019 8:36:00 PM,2,0,0,36.148330,-86.674060,ROYAL PKWY,,,,750.00,Feet,West,RACHEL DR,,,,0.00,N,Not at Intersection,N,Non-Junction,None,,,         ,Terence,Mitchell,Clear,"Sideswipe, Same Direction",no,no,no,no,no,False
102342201,METROPOLITAN NASHVILLE POLICE DEPT,20190235689,Davidson,Nashville,3/26/2019 8:40:00 PM,2,0,0,36.234810,-86.775610,MOOREWOOD DR,,,,0.00,,,RICHMOND HILL DR,,,,0.00,Y,Four-Way, ,Intersection-Related,None,,,         ,Bradley,Fort,Clear,Angle,no,no,no,no,no,False
102342222,METROPOLITAN NASHVILLE POLICE DEPT,20190235812,Davidson,Nashville,3/26/2019 10:50:00 PM,2,2,0,36.109830,-86.721930,I 24,,,,0.00,,,,,,,53.70,N,Not at Intersection,N,Entrance/Exit Ramp Related,Work Zone,Lane Shift-Crossover,Transition Area,         ,Dalton,Crum,Clear,Front to Rear,no,no,no,no,no,False
102342281,METROPOLITAN NASHVILLE POLICE DEPT,20190236182,Davidson,Not in City Limit,3/26/2019 11:55:00 PM,1,0,0,35.991290,-86.666130,BURKITT RD,,,,0.00,,,WESTCOTT LN,,,,0.00,Y,T-Intersection,N,Intersection-Related,None,,,         ,David,Moser,Clear,Not Collision with Motor Vehicle in Transport,no,no,no,no,no,False
102342308,METROPOLITAN NASHVILLE POLICE DEPT,20190236326,Davidson,Nashville,3/27/2019 2:40:00 AM,2,1,0,36.078240,-86.722750,WALLACE RD,,,,667.00,Feet,West,BROOKRIDGE TRL,,,,0.00,N,Not at Intersection,N,Non-Junction,None,,,         ,Autumn,Manning,Clear,"Sideswipe, Opposite Direction",no,no,no,yes,yes,False
102342311,METROPOLITAN NASHVILLE POLICE DEPT,20190236334,Davidson,Nashville,3/27/2019 12:34:00 AM,1,0,0,36.027180,-86.680490,PETTUS RD,,,,141.00,Feet,North,OLD HICKORY BLVD,,,,0.00,N,Not at Intersection,N,Non-Junction,None,,,         ,David,Moser,Clear,Not Collision with Motor Vehicle in Transport,no,no,no,no,yes,False
102342315,METROPOLITAN NASHVILLE POLICE DEPT,20190235913,Davidson,Nashville,3/26/2019 12:00:00 AM,2,0,0,36.182390,-86.588600,COLCHESTER DR,,,,212.00,Feet,West,FARMINGHAM WOODS DR,,,,0.00,N,Not at Intersection,N,Non-Junction,None,,,         ,Patrick,Lancaster,Clear,Unknown,no,no,no,yes,yes,False
102342322,METROPOLITAN NASHVILLE POLICE DEPT,20190236676,Davidson,Nashville,3/27/2019 5:55:00 AM,1,0,0,36.163510,-86.761970,I24 W EXT RAMP,,,,0.00,Feet,East,I 24,,,,0.00,N,Not at Intersection,N,Non-Junction,None,,,         ,Ronald,Bright,Clear,Not Collision with Motor Vehicle in Transport,no,no,no,no,no,False
102342334,METROPOLITAN NASHVILLE POLICE DEPT,20190236659,Davidson,Nashville,3/27/2019 5:41:00 AM,2,0,0,36.161040,-86.774620,2ND AVS,,,,81.00,Feet,North,SHELBY ST PEDESTRIAN BRIDGE GR,,,,0.00,N,Not at Intersection, ,Non-Junction,None,,,         ,Brenton,Adcox,Clear,"Sideswipe, Same Direction",no,no,no,no,no,False