master_record_number,agency,agency_tracking_number,county,city,collision_date,vehicles_involved,number_injured,number_dead,latitude,longitude,roadway_name,roadway_suffix,roadway_number,roadway_local_id,distance_from_reference,miles-feet_indicator,direction_from_reference,intersection_road_name,intersection_road_name_suffix,intersection_road_number,intersection_local_id,mile_marker,intersection_indicator,intersect_type,interchange_related_indicator,relation_to_junction,work_zone_type,construction_maintenance_zone,construction_maintenance_zone_location,fatal_case_number,officer_first_name,officer_last_name,weather_condition(s),manner_of_crash,pedestrian,bicycle,scooter,parking,hitrun,mou
102345352,METROPOLITAN NASHVILLE POLICE DEPT,2019-0246005,Davidson,Goodlettsville,3/30/2019 10:32:00 AM,2,0,0,36.300140,-86.696020,GALLATIN PKEN,,,,213.00,Feet,East,CUDE LN,,,,0.00,N,Not at Intersection, ,Non-Junction,None,,,         ,Arthur,Hipp,Cloudy,Front to Rear,no,no,no,no,no,False
102345361,TENNESSEE STATE UNIVERSITY ,19-TSU-14238,Davidson,Nashville,3/30/2019 8:55:00 AM,1,0,0,36.168020,-86.832590,TIGERBELLE DR,,,,0.00,,,37TH AVN,,,,0.00,Y,OTHER, ,Non-Junction,None,,,         ,Harold,Taylor,Clear,Not Collision with Motor Vehicle in Transport,no,no,no,yes,no,False
102345362,METROPOLITAN NASHVILLE POLICE DEPT,20190245974,Davidson,Nashville,3/30/2019 11:01:00 AM,2,0,0,36.154570,-86.665330,DONELSON PKE,,,,144.00,Feet,South,LAKELAND DR,,,,0.00,N,Not at Intersection, ,Non-Junction,None,,,         ,Gerry,Hutcheson,Cloudy,Front to Rear,no,no,no,no,no,False
102345388,METROPOLITAN NASHVILLE POLICE DEPT,20190246124,Davidson,Nashville,3/30/2019 12:12:00 PM,2,0,0,36.124980,-86.776670,INVERNESS AV,,,,0.00,,,FRANKLIN PKE,,,,0.00,Y,T-Intersection, ,Intersection,None,,,         ,Nathan,Kemp,Clear,Angle,no,no,no,no,no,False
102345389,METROPOLITAN NASHVILLE POLICE DEPT,20190245994,Davidson,Not in City Limit,3/30/2019 10:27:00 AM,2,0,0,36.337830,-86.913640,I 24,,,,0.00,,,,,,,32.15,N,Not at Intersection, ,Non-Junction,None,,,         ,James,Wray,Clear,Front to Rear,no,no,no,no,no,False
102345413,METROPOLITAN NASHVILLE POLICE DEPT,20190246100,Davidson,Nashville,3/30/2019 11:50:00 AM,1,2,0,36.151490,-86.786020,I40 W EXT RAMP,,,,0.00,,,I 40,,,,0.00,Y,Y-Intersection,N,Entrance/Exit Ramp Related,None,,,         ,Kyle,Eicholtz,Clear,Not Collision with Motor Vehicle in Transport,no,no,no,no,no,False
102345414,METROPOLITAN NASHVILLE POLICE DEPT,20190246102,Davidson,Nashville,3/30/2019 11:45:00 AM,2,0,0,36.138780,-86.762470,4TH AVS,,,,0.00,,,CARNEY ST,,,,0.00,Y,T-Intersection, ,Non-Junction,None,,,         ,Raymond,Flaherty,Cloudy,"Sideswipe, Same Direction",no,no,no,no,no,False
102345418,METROPOLITAN NASHVILLE POLICE DEPT,20190246040,Davidson,Nashville,3/30/2019 11:07:00 AM,2,0,0,36.045300,-86.717410,OLD HICKORY BLVD,,,,110.00,Feet,West,KNOLLS PL,,,,0.00,N,Not at Intersection, ,Non-Junction,None,,,         ,Alberta,Auguste,Clear,Angle,no,no,no,no,no,False
102345420,METROPOLITAN NASHVILLE POLICE DEPT,20190246101,Davidson,Nashville,3/30/2019 11:50:00 AM,2,0,0,36.039680,-86.761980,OLD HICKORY BLVD,,,,200.00,Feet,East,HEARTHSTONE LN,,,,0.00,N,Not at Intersection, ,Non-Junction,None,,,         ,Earl,Davis,Cloudy,Front to Rear,no,no,no,no,no,False
102345431,METROPOLITAN NASHVILLE POLICE DEPT,20190246032,Davidson,Nashville,3/30/2019 10:48:00 AM,2,1,0,36.134750,-86.824800,WEST END AV,,,,85.00,Feet,East,BOWLING AV,,,,0.00,N,Not at Intersection,N,Non-Junction,None,,,         ,Brian,Myatt,Clear,Front to Rear,no,no,no,no,no,False
102345434,METROPOLITAN NASHVILLE POLICE DEPT,20190245897,Davidson,Nashville,3/30/2019 9:18:00 AM,2,1,0,36.172490,-86.765140,S 5TH ST,,,,143.00,Feet,South,SPRING ST,,,,0.00,N,Not at Intersection, ,Non-Junction,None,,,         ,Faye,Denson,Clear,Front to Rear,no,no,no,no,no,False
102345436,METROPOLITAN NASHVILLE POLICE DEPT,20190246115,Davidson,Nashville,3/30/2019 12:05:00 PM,2,0,0,36.040900,-86.779380,OLD HICKORY BLVD,,,,0.00,,,STONE BROOK DR,,,,0.00,Y,Four-Way, ,Intersection,None,,,         ,Earl,Davis,Cloudy,Angle,no,no,no,no,no,False
102345489,METROPOLITAN NASHVILLE POLICE DEPT,20190246131,Davidson,Nashville,3/30/2019 12:11:00 PM,2,1,0,36.206620,-86.777900,W TRINITY LN,,,,0.00,,,BRICK CHURCH PKE,,,,0.00,Y,Four-Way,N,Intersection-Related,None,,,         ,William,Coy,Cloudy,Front to Rear,no,no,no,no,yes,False
102345494,METROPOLITAN NASHVILLE POLICE DEPT,20190246186,Davidson,Nashville,3/30/2019 12:00:00 PM,2,0,0,36.075590,-86.725090,NOLENSVILLE PKE,,,,198.00,Feet,North,FLORA MAXWELL RD,,,,0.00,N,Not at Intersection, ,Non-Junction,None,,,         ,Adam,Warren,Clear,"Sideswipe, Same Direction",no,no,no,no,no,False
102345501,METROPOLITAN NASHVILLE POLICE DEPT,20190246044,Davidson,Nashville,3/30/2019 11:00:00 AM,2,1,0,36.153700,-86.718470,LEBANON PKE,,,,378.00,Feet,West,SPENCE ENCLAVE CT,,,,0.00,N,Not at Intersection,N,Non-Junction,None,,,         ,Michael,Brooks,Cloudy,Angle,no,no,no,no,no,False
102345502,METROPOLITAN NASHVILLE POLICE DEPT,20190246093,Davidson,Nashville,3/30/2019 1:03:00 AM,2,0,0,36.152760,-86.593120,BAY OVERLOOK DR,,,,156.00,Feet,South,PENINSULA POINT DR,,,,0.00,N,Not at Intersection,N,Non-Junction,None,,,         ,Michael,Brooks,Unknown,Unknown,no,no,no,no,yes,False
102345552,METROPOLITAN NASHVILLE POLICE DEPT,20190246174,Davidson,Nashville,3/30/2019 12:15:00 PM,2,0,0,36.044770,-86.661530,BELL RD,,,,0.00,,,CANE RIDGE RD,,,,0.00,Y,Four-Way,N,Intersection,None,,,         ,Brandon,Evans,Clear,Angle,no,no,no,no,yes,False
102345555,METROPOLITAN NASHVILLE POLICE DEPT,20190246266,Davidson,Nashville,3/30/2019 2:03:00 PM,1,2,0,36.097290,-86.708930,I 24,,,,0.00,,,,,,,54.80,N,Not at Intersection,N,Non-Junction,None,,,         ,Ryan,Howard,Clear,Not Collision with Motor Vehicle in Transport,no,no,no,no,no,False
102345567,METROPOLITAN NASHVILLE POLICE DEPT,20190246214,Davidson,Nashville,3/30/2019 1:25:00 PM,2,3,0,36.239370,-86.776570,BRILEY PKWYW,,,,323.00,Feet,North,DOVERSIDE DR,,,,0.00,N,Not at Intersection,N,Non-Junction,None,,,         ,Gabriel,Centeno,Cloudy,"Sideswipe, Same Direction",no,no,no,no,no,False
102345602,METROPOLITAN NASHVILLE POLICE DEPT,20190246251,Davidson,Nashville,3/30/2019 1:52:00 PM,2,1,0,36.134750,-86.779050,8TH AVS,,,,171.00,Feet,North,WEDGEWOOD AV,,,,0.00,N,Not at Intersection,N,Non-Junction,None,,,         ,Raymond,Flaherty,Cloudy,Angle,no,no,no,no,no,False
102345614,METROPOLITAN NASHVILLE POLICE DEPT,20190246278,Davidson,Not in City Limit,3/30/2019 2:13:00 PM,2,0,0,36.324220,-86.867130,I 24,,,,0.00,,,,,,,35.00,N,Not at Intersection,N,Non-Junction,None,,,         ,Zachary,Goodall,Cloudy,Angle,no,no,no,no,no,False
102345622,METROPOLITAN NASHVILLE POLICE DEPT,20190246299,Davidson,Nashville,3/30/2019 2:00:00 PM,2,0,0,36.138980,-86.665660,STATE HWY 255,,,,0.00,,,CONNECTING ROAD,,,,0.00,Y,T-Intersection,N,Non-Junction,None,,,         ,Brady,Reynolds,Clear,"Sideswipe, Same Direction",no,no,no,no,no,False
102345636,METROPOLITAN NASHVILLE POLICE DEPT,20190246337,Davidson,Nashville,3/30/2019 2:06:00 PM,2,0,0,36.122730,-86.630500,WOODLAND POINTE DR,,,,0.00,Feet,North,BELL RD,,,,0.00,N,Not at Intersection, ,Non-Junction,None,,,         ,Deandera,Payne,Clear,Front to Rear,no,no,no,no,no,False
102345648,METROPOLITAN NASHVILLE POLICE DEPT,20190246355,Davidson,Nashville,3/30/2019 2:48:00 PM,2,0,0,36.145500,-86.626190,LINCOYA BAY DR,,,,0.00,,,BELL RD,,,,0.00,Y,Four-Way, ,Intersection,None,,,         ,Steven,Powers,Cloudy,Front to Rear,no,no,no,no,no,False
102345659,METROPOLITAN NASHVILLE POLICE DEPT,20190245867,Davidson,Nashville,3/30/2019 8:51:00 AM,2,0,0,36.084160,-86.705890,LINBAR DR,,,,0.00,,,HARDING PL,,,,0.00,Y,Four-Way,N,Non-Junction,None,,,         ,Nopel,Stella,Clear,Front to Rear,no,no,no,no,no,False
102345666,THP District 3 - Nashville,319017672,Davidson,Nashville,3/27/2019 4:59:00 PM,2,0,0,36.148680,-86.745860,I 40,,,,0.00,,,,,,,211.90,N,Not at Intersection, ,Non-Junction,None,,,         ,Andrew,Perez,Clear,"Sideswipe, Same Direction",no,no,no,no,no,False
102345668,METROPOLITAN NASHVILLE POLICE DEPT,20190246411,Davidson,Nashville,3/30/2019 3:35:00 PM,2,0,0,36.136940,-86.726770,I 24,,,,0.00,,,,,,,52.30,N,Not at Intersection, ,,None,,,         ,Darci,Stechman,,,no,no,no,no,no,False
102345678,METROPOLITAN NASHVILLE POLICE DEPT,20190246342,Davidson,Nashville,3/30/2019 3:00:00 PM,3,6,0,36.207680,-86.690510,BRILEY PKWYS,,,,478.00,Feet,West,OPRYLAND DR,,,,0.00,N,Not at Intersection,N,Non-Junction,None,,,         ,Alexander,Spradling,Cloudy,Front to Rear,no,no,no,no,no,False
102345718,METROPOLITAN NASHVILLE POLICE DEPT,20190246497,Davidson,Nashville,3/30/2019 4:20:00 PM,2,1,0,36.169330,-86.766440,I 24,,,,0.00,,,,,,,48.75,N,Not at Intersection,N,Non-Junction,None,,,         ,Riley,Brewer,Cloudy,Front to Rear,no,no,no,no,no,False
102345720,METROPOLITAN NASHVILLE POLICE DEPT,20190246446,Davidson,Nashville,3/30/2019 3:45:00 PM,2,0,0,36.181520,-86.749330,GALLATIN AV,,,,70.00,Feet,South,CALVIN AV,,,,0.00,N,Not at Intersection, ,,None,,,         ,Wade,Johnson,,,no,no,no,no,no,False
102345721,VANDERBILT UNIVERSITY POLICE,20190244681,Davidson,Nashville,3/29/2019 7:33:00 PM,2,0,0,36.142520,-86.811230,VANDERBILT PL,,,,0.00,,,,,,,0.00,,, ,Non-Junction,None,,,         ,Christopher,Dion,Cloudy,Angle,no,no,no,yes,no,Campus
102345723,METROPOLITAN NASHVILLE POLICE DEPT,20190246309,Davidson,Nashville,3/30/2019 2:42:00 PM,3,1,0,36.102880,-86.714200,I 24,,,,0.00,,,,,,,54.35,N,Not at Intersection,N,Non-Junction,None,,,         ,Ciarra,Rench,Clear,Angle,no,no,no,no,yes,False
102345725,METROPOLITAN NASHVILLE POLICE DEPT,20190246310,Davidson,Nashville,3/30/2019 2:48:00 PM,2,0,0,36.172980,-86.601020,CENTRAL PKE,,,,28.00,Feet,West,BURNING TREE DR,,,,0.00,N,Not at Intersection, ,Non-Junction,None,,,         ,Ricki,Armstrong,Clear,Front to Rear,no,no,no,no,no,False
102345730,METROPOLITAN NASHVILLE POLICE DEPT,20190246453,Davidson,Nashville,3/30/2019 2:00:00 PM,2,1,0,36.176320,-86.779000,JEFFERSON ST,,,,196.00,Feet,West,OLDHAM ST PVTDR,,,,0.00,N,Not at Intersection,N,Non-Junction,None,,,         ,Brent,Morris,Cloudy,"Sideswipe, Same Direction",no,no,no,no,yes,False
102345732,METROPOLITAN NASHVILLE POLICE DEPT,20190246469,Davidson,Nashville,3/30/2019 3:48:00 PM,2,2,0,36.213710,-86.845170,CREEKWAY CT,,,,163.00,Feet,West,TIMOTHY DR,,,,0.00,N,Not at Intersection,N,Non-Junction,None,,,         ,Amery,Milligan,Cloudy,Angle,no,no,no,no,yes,False
102345735,METROPOLITAN NASHVILLE POLICE DEPT,20190246520,Davidson,Nashville,3/30/2019 4:50:00 PM,1,0,0,36.118200,-86.767920,I 440,,,,0.00,,,,,,,5.25,N,Not at Intersection,N,Non-Junction,None,,,         ,Brandon,Harbaugh,Clear,Not Collision with Motor Vehicle in Transport,no,no,no,no,no,False
102345739,METROPOLITAN NASHVILLE POLICE DEPT,20190246517,Davidson,Nashville,3/30/2019 4:40:00 PM,2,2,0,36.206740,-86.792930,W TRINITY LN,,,,404.00,Feet,West,WHITES CREEK PKE,,,,0.00,N,Not at Intersection,N,Non-Junction,None,,,         ,Fabjan,Llukaj,Cloudy,Angle,no,no,no,no,no,False
102345741,METROPOLITAN NASHVILLE POLICE DEPT,20190246448,Davidson,Nashville,3/30/2019 3:49:00 PM,1,0,0,36.141140,-86.721930,I40 W EXT RAMP,,,,0.00,Feet,,I 40,,,,0.00,Y,T-Intersection, ,,None,,,         ,Trenton,Searcy,,,no,no,no,no,no,False
102345751,METROPOLITAN NASHVILLE POLICE DEPT,20190246486,Davidson,Nashville,3/30/2019 4:30:00 PM,2,0,0,36.142740,-86.707210,I 40,,,,0.00,,,,,,,214.35,N,Not at Intersection,N,Non-Junction,None,,,         ,Brady,Reynolds,Clear,Front to Rear,no,no,no,no,no,False
102345752,METROPOLITAN NASHVILLE POLICE DEPT,20190246477,Davidson,Nashville,3/30/2019 5:05:00 PM,3,0,0,36.144040,-86.698730,I 40,,,,0.00,,,,,,,214.80,N,Not at Intersection,N,Non-Junction,None,,,         ,Brady,Reynolds,Clear,Angle,no,no,no,no,yes,False
102345756,METROPOLITAN NASHVILLE POLICE DEPT,20190246503,Davidson,Nashville,3/30/2019 4:38:00 PM,2,0,0,36.244190,-86.767630,CHESAPEAKE DR,,,,0.00,Feet,East,TRAILWAY CIR,,,,0.00,N,Not at Intersection, ,Non-Junction,None,,,         ,Peter,Vaught,Clear,Rear to Side,no,no,no,no,no,False
102345771,METROPOLITAN NASHVILLE POLICE DEPT,20190246649,Davidson,Nashville,3/30/2019 5:59:00 PM,1,0,0,36.118100,-86.800560,I 440,,,,0.00,,,,,,,3.20,N,Not at Intersection, ,Non-Junction,Construction Zone,,,         ,Jed,Baldoni,Clear,Not Collision with Motor Vehicle in Transport,no,no,no,no,no,False
102345780,METROPOLITAN NASHVILLE POLICE DEPT,20190246589,Davidson,Nashville,3/30/2019 3:32:00 PM,2,0,0,36.067410,-86.631250,MURFREESBORO PKE,,,,0.00,,,FOREST VIEW DR,,,,0.00,Y,Four-Way,Y,Intersection-Related,None,,,         ,Steven,Powers,Cloudy,Angle,no,no,no,no,yes,False
102345782,METROPOLITAN NASHVILLE POLICE DEPT,20190246549,Davidson,Nashville,3/30/2019 4:23:00 PM,2,0,0,36.253020,-86.716940,GALLATIN PKES,,,,81.00,Feet,South,MADISON SQ,,,,0.00,N,Not at Intersection, ,Non-Junction,None,,,         ,DuJuan,Kendrick,Clear,"Sideswipe, Same Direction",no,no,no,no,no,False
102345783,METROPOLITAN NASHVILLE POLICE DEPT,20190246452,Davidson,Nashville,3/30/2019 3:20:00 PM,2,0,0,36.164780,-86.795120,CLINTON ST,,,,90.00,Feet,West,12TH AVN,,,,0.00,N,Not at Intersection,N,Non-Junction,None,,,         ,Gardiner,Bradley,Clear,"Sideswipe, Same Direction",no,no,no,no,yes,False
102345784,METROPOLITAN NASHVILLE POLICE DEPT,20190246592,Davidson,Nashville,3/30/2019 4:40:00 PM,2,0,0,36.116710,-86.923250,CHARLOTTE PKE,,,,0.00,,,OLD HICKORY BLVD,,,,0.00,Y,Four-Way,N,Intersection,None,,,         ,Robert,Crow,Cloudy,HeadOn,no,no,no,no,no,False
102345787,METROPOLITAN NASHVILLE POLICE DEPT,20190246369,Davidson,Nashville,3/30/2019 2:01:00 PM,2,0,0,36.182460,-86.748940,GALLATIN AV,,,,89.00,Feet,South,STRATTON AV,,,,0.00,N,Not at Intersection, ,Non-Junction,None,,,         ,Brynn,Cellan,Cloudy,Angle,no,no,no,no,no,False
102345803,METROPOLITAN NASHVILLE POLICE DEPT,20190246718,Davidson,Nashville,3/30/2019 6:50:00 PM,1,0,0,36.045230,-86.658620,I 24,,,,0.00,,,,,,,59.45,N,Not at Intersection,N,Non-Junction,None,,,         ,Eric,Wegener,Rain,Not Collision with Motor Vehicle in Transport,no,no,no,no,no,False
102345805,METROPOLITAN NASHVILLE POLICE DEPT,20190246741,Davidson,Nashville,3/30/2019 6:20:00 PM,1,0,0,36.237560,-86.757880,I65 N ENT RAMP,,,,1.00,Feet,North,DICKERSON PKE,,,,0.00,N,Not at Intersection,Y,Non-Junction,None,,,         ,Kevin,Clausius,Rain,Not Collision with Motor Vehicle in Transport,no,no,no,no,no,False
102345824,METROPOLITAN NASHVILLE POLICE DEPT,20190246711,Davidson,Nashville,3/30/2019 6:04:00 PM,2,0,0,36.059050,-86.716270,TUSCULUM RD,,,,15.00,Feet,West,NOLENSVILLE PKE,,,,0.00,N,Not at Intersection,N,Non-Junction,None,,,         ,Ryan,Coll,Rain,Front to Rear,no,no,no,no,yes,False
102345833,METROPOLITAN NASHVILLE POLICE DEPT,20190246717,Davidson,Nashville,3/30/2019 6:52:00 PM,1,0,0,36.172850,-86.869460,BRILEY PKWYS,,,,150.00,Feet,South,BRILEY PKWY S EXT RAMP,,,,0.00,N,Not at Intersection,N,Non-Junction,None,,,         ,Justin,Coyle,Rain,Not Collision with Motor Vehicle in Transport,no,no,no,no,no,False
102345836,METROPOLITAN NASHVILLE POLICE DEPT,20190246557,Davidson,Nashville,3/30/2019 4:48:00 PM,2,0,0,36.187920,-86.798480,DOMINICAN DR,,,,0.00,,,ROSA L PARKS BLVD,,,,0.00,Y,Four-Way, ,Intersection-Related,None,,,         ,Jonathan,Sharp,Clear,Front to Rear,no,no,no,no,no,False
102345844,METROPOLITAN NASHVILLE POLICE DEPT,20190246835,Davidson,Nashville,3/30/2019 7:50:00 PM,2,0,0,36.167310,-86.776530,WOODLAND ST,,,,122.00,Feet,East,GAY ST,,,,0.00,N,Not at Intersection,N,Non-Junction,None,,,         ,Riley,Brewer,Rain,Front to Rear,no,no,no,no,yes,False
102345860,METROPOLITAN NASHVILLE POLICE DEPT,20190243886,Davidson,Nashville,3/29/2019 1:36:00 PM,2,0,0,36.161200,-86.792680,CHARLOTTE AV,,,,0.00,,,GEORGE L DAVIS BLVD,,,,0.00,Y,Four-Way,N,Intersection,None,,,         ,Wesley,Henderson,Clear,Angle,no,no,no,no,no,False
102345871,METROPOLITAN NASHVILLE POLICE DEPT,20190244155,Davidson,Nashville,3/29/2019 3:28:00 PM,2,0,0,36.158240,-86.790960,CHURCH ST,,,,0.00,,,CHURCH ST,,,,0.00,Y,T-Intersection, ,,None,,,         ,Michael,Douglas,,,no,no,no,no,no,False
102345873,METROPOLITAN NASHVILLE POLICE DEPT,20190246897,Davidson,Nashville,3/30/2019 8:12:00 PM,2,0,0,36.054410,-86.715250,NOLENSVILLE PKE,,,,282.00,Feet,North,BREWER DR,,,,0.00,N,Not at Intersection,N,Non-Junction,None,,,         ,Ryan,Coll,Rain,Front to Rear,no,no,no,no,yes,False
102345878,METROPOLITAN NASHVILLE POLICE DEPT,20190246873,Davidson,Nashville,3/30/2019 7:20:00 PM,2,2,0,36.153160,-86.761840,GREEN ST,,,,0.00,,,CHARLES E DAVIS BLVD,,,,0.00,Y,T-Intersection,N,Intersection,None,,,         ,Darci,Stechman,Cloudy,Angle,no,no,no,no,yes,False
102345880,METROPOLITAN NASHVILLE POLICE DEPT,20190246736,Davidson,Nashville,3/30/2019 6:40:00 PM,2,0,0,36.192530,-86.776730,I 65,,,,0.00,,,,,,,86.50,N,Not at Intersection,N,Non-Junction,None,,,         ,Chase,Harriman,Rain,Front to Rear,no,no,no,no,no,False
102345911,METROPOLITAN NASHVILLE POLICE DEPT,20190246807,Davidson,Nashville,3/30/2019 7:25:00 PM,2,1,0,36.185650,-86.747570,GALLATIN AV,,,,0.00,,,SEYMOUR AV,,,,0.00,Y,Four-Way,N,Non-Junction,None,,,         ,Christopher,Butner,Rain,Angle,no,no,no,no,no,False
102345912,METROPOLITAN NASHVILLE POLICE DEPT,20190246922,Davidson,Nashville,3/30/2019 8:31:00 PM,2,0,0,36.193480,-86.775550,I 24,,,,0.00,,,,,,,46.65,N,Not at Intersection, ,,None,,,         ,Wade,Johnson,,,no,no,no,no,no,False
102345922,METROPOLITAN NASHVILLE POLICE DEPT,20190246886,Davidson,Nashville,3/30/2019 8:20:00 PM,2,1,0,36.069780,-86.663260,UNA ANTIOCH PKE,,,,467.00,Feet,East,STREAMFIELD PASS,,,,0.00,N,Not at Intersection,N,Non-Junction,None,,,         ,Taylor,Hurley,Rain,Angle,no,no,no,no,no,False
102345929,METROPOLITAN NASHVILLE POLICE DEPT,20190246992,Davidson,Nashville,3/30/2019 12:00:00 AM,2,0,0,36.177730,-86.797690,9TH AVN,,,,338.00,Feet,East,GARFIELD ST,,,,0.00,N,Not at Intersection,N,Non-Junction,None,,,         ,Amery,Milligan,,Unknown,no,no,no,no,yes,False
102345932,METROPOLITAN NASHVILLE POLICE DEPT,20190246987,Davidson,Nashville,3/30/2019 9:31:00 PM,2,1,0,36.163700,-86.819780,28TH AVN,,,,199.00,Feet,South,ALBION ST,,,,0.00,N,Not at Intersection, ,Non-Junction,None,,,         ,Eric,McCoy,Rain,Front to Rear,no,no,no,no,no,False
102345940,METROPOLITAN NASHVILLE POLICE DEPT,20190246932,Davidson,Not in City Limit,3/30/2019 8:19:00 PM,1,0,0,35.990860,-86.643070,BURKITT RD,,,,0.66,Miles,East,WHITTEMORE LN,,,,0.00,N,Not at Intersection,N,Non-Junction,None,,,         ,John,Roberson,Rain,Not Collision with Motor Vehicle in Transport,no,no,no,no,no,False
102345944,METROPOLITAN NASHVILLE POLICE DEPT,20190247034,Davidson,Nashville,3/30/2019 9:50:00 PM,2,0,0,36.109140,-86.811880,HILLSBORO PKE,,,,0.00,Feet,East,CRESTMOOR RD,,,,0.00,N,Not at Intersection, ,Non-Junction,None,,,         ,Conor,Cronin,Rain,Angle,no,no,no,no,no,False
102345977,METROPOLITAN NASHVILLE POLICE DEPT,20190246872,Davidson,Nashville,3/30/2019 7:10:00 PM,3,0,0,36.197360,-86.608570,ANDREW JACKSON PKWY,,,,0.00,Feet,East,TYLER DR,,,,0.00,N,Not at Intersection,N,Non-Junction,None,,,         ,Tyler,Hall,Rain,Front to Rear,no,no,no,no,no,False
102345983,GOODLETTSVILLE POLICE DEPT,19-11565,Davidson,Goodlettsville,3/30/2019 5:25:00 AM,2,0,0,36.332370,-86.709100,I 65,,,,0.00,,,,,,,97.55,N,Not at Intersection, ,Non-Junction,None,,,         ,Kenneth,Parks,Clear,Front to Rear,no,no,no,no,no,False
102345989,METROPOLITAN NASHVILLE POLICE DEPT,20190247052,Davidson,Not in City Limit,3/30/2019 10:26:00 PM,1,1,0,36.049700,-86.952640,OLD HARDING PKE,,,,8.00,Feet,South,POPLAR CREEK TRC,,,,0.00,N,Not at Intersection,N,Non-Junction,None,,,         ,Cesar,Rocha,Cloudy,Not Collision with Motor Vehicle in Transport,no,no,no,no,no,False
102345991,METROPOLITAN NASHVILLE POLICE DEPT,20190247082,Davidson,Goodlettsville,3/30/2019 8:58:00 PM,2,0,0,36.296910,-86.699160,GALLATIN PKEN,,,,0.00,,,RIVERGATE PKWY,,,,0.00,Y,Four-Way, ,Intersection,None,,,         ,Patrick,McGinnis,Rain,Front to Rear,no,no,no,no,no,False
102345992,METROPOLITAN NASHVILLE POLICE DEPT,20190247081,Davidson,Nashville,3/30/2019 12:00:00 AM,2,0,0,36.174930,-86.756630,WOODLAND ST,,,,0.00,Feet,,S 9TH ST,,,,0.00,Y,Four-Way,N,Intersection,None,,,         ,Colin,Bleem,Rain,Angle,no,no,no,no,no,False
102345993,METROPOLITAN NASHVILLE POLICE DEPT,20190246974,Davidson,Nashville,3/30/2019 9:20:00 PM,2,1,0,36.152740,-86.771830,4TH AVS,,,,164.00,Feet,North,ASH ST,,,,0.00,N,Not at Intersection,N,Non-Junction,None,,,         ,Hunter,Fikes,Rain,"Sideswipe, Same Direction",no,no,no,no,no,False
102345996,METROPOLITAN NASHVILLE POLICE DEPT,20190247057,Davidson,Nashville,3/30/2019 10:40:00 PM,2,0,0,36.097530,-86.823450,BURTON HILLS BLVD,,,,0.00,Feet,,HILLSBORO PKE,,,,0.00,Y,T-Intersection,N,Intersection,None,,,         ,Randy,Puckett,Rain,Front to Rear,no,no,no,no,no,False
102346014,METROPOLITAN NASHVILLE POLICE DEPT,20190246942,Davidson,Antioch,3/30/2019 12:00:00 AM,3,2,0,36.042850,-86.606550,MURFREESBORO PKE,,,,0.00,Feet,East,HOBSON PKE,,,,0.00,N,Not at Intersection,N,Non-Junction,None,,,         ,Wesley,Carver,Rain,Front to Rear,no,no,no,no,yes,False
102346015,METROPOLITAN NASHVILLE POLICE DEPT,20190247050,Davidson,Nashville,3/30/2019 10:35:00 PM,1,1,0,36.160720,-86.793780,CHARLOTTE AV,,,,32.00,Feet,West,14TH AVN,,,,0.00,N,Not at Intersection,N,Non-Junction,None,,,         ,Brian,Warstadt,Cloudy,Not Collision with Motor Vehicle in Transport,yes,no,no,no,no,False
102346017,METROPOLITAN NASHVILLE POLICE DEPT,20190247140,Davidson,Madison,3/30/2019 10:20:00 PM,2,0,0,36.275380,-86.721230,HIGHLAND CIR,,,,41.00,Feet,North,E CAMPBELL RD,,,,0.00,N,Not at Intersection,N,Non-Junction,None,,,         ,Corey,Ethridge,Cloudy,Front to Rear,no,no,no,no,no,False
102346018,METROPOLITAN NASHVILLE POLICE DEPT,20190247187,Davidson,Nashville,3/30/2019 11:38:00 PM,1,0,0,36.142960,-86.650390,I 40,,,,0.00,,,,,,,217.45,N,Not at Intersection, ,Non-Junction,None,,,         ,Bradley,Pope,Clear,Not Collision with Motor Vehicle in Transport,no,no,no,no,no,False
102346027,METROPOLITAN NASHVILLE POLICE DEPT,20190247191,Davidson,Nashville,3/30/2019 11:20:00 PM,2,0,0,36.167890,-86.777960,JAMES ROBERTSON PKWY,,,,0.00,,,PUBLIC SQ,,,,0.00,Y,OTHER, ,Intersection,None,,,         ,William,Erickson,Cloudy,"Sideswipe, Same Direction",no,no,no,no,no,False
102346066,METROPOLITAN NASHVILLE POLICE DEPT,20190247435,Davidson,Not in City Limit,3/31/2019 12:00:00 AM,1,0,0,36.324680,-86.870540,I 24,,,,0.00,,,,,,,34.80,N,Not at Intersection,N,Non-Junction,None,,,         ,Abigail,Malone,Clear,Not Collision with Motor Vehicle in Transport,no,no,no,no,yes,False
102346067,METROPOLITAN NASHVILLE POLICE DEPT,20190247382,Davidson,Nashville,3/31/2019 1:20:00 AM,2,0,0,36.156810,-86.771900,2ND AVS,,,,0.00,,,PEABODY ST,,,,0.00,Y,OTHER, ,Intersection,None,,,         ,John,Anderson,Clear,HeadOn,no,no,no,no,no,False
102346085,METROPOLITAN NASHVILLE POLICE DEPT,20190247266,Davidson,Nashville,3/31/2019 12:15:00 AM,2,0,0,36.229110,-86.725140,GALLATIN PKE,,,,0.00,,,BROADMOOR DR,,,,0.00,Y,Four-Way, ,Intersection,None,,,         ,Carlos,Urrutia,Clear,"Sideswipe, Opposite Direction",no,no,no,no,yes,False